reference	verse	book
Genesis 24:20	So Rebekah quickly poured all the water [that was in  Rebekah's jar] into the trough for the camels. Then Rebekah repeatedly ran to the well. And Rebekah brought water from the well to the camels [until all the camels finished drinking water].	Genesis
Genesis 29:30	Then Jacob sexed Rachel. Jacob loved Rachel [more-than Jacob loved Leah]. Then Jacob worked for Laban for 7 more years.	Genesis
Genesis 47:4	Then These 5 brothers said to the king, ["We(brothers) came to Egypt [in-order-to live in this country]].  There is no grass in Canaan now.  So our(brothers') animals do not have the food [that our(brothers') animals eat]. All the people [who live in Canaan] and all the animals [that live in Canaan] are very hungry. Therefore please you(king) (imp) allow [us(brothers) to live in Goshen]."	Genesis
Titus 1:10	Paul (title) warns Titus about people [who teach people false things]. Many people oppose God's message. Those people say many things. But those things are not valuable. Those people deceive people. Most  of those people teach people [that all men should allow a priest [to cut off the foreskins of those men]].	Titus
Genesis 11:10	-Title Shem has a family. After the flood -quantity two years Shem was 100 years old. At-that-time Shem had a son named Arphaxad.	Genesis
Mark 6:13	The followers/disciples forced [many demons to leave people]. The followers/disciples also put oil/oil-olive on many sick people . And the followers/disciples healed those sick people.	Mark
Genesis 5:1	-Title Adam has a family.  This story is about Adam's family.  [When God created people] (footnote) the people were like God.	Genesis
2 Samuel 4:5	Rekab and Baanah started walking to Ish-Bosheth's house.  Rekab and Baanah were Rimmon's sons. Rimmon was from Beeroth. Those two men arrived at Ish-Bosheth's house in the afternoon.  At that time Ish-Bosheth was sleeping/napping.	2_Samuel
1 Samuel 30:14	We(men) attacked the southern towns [that the Kerethites live in]. And we(men) attacked some places [that are in Judah] and the southern region [that belongs to Caleb]. And we(men) also burned Ziklag."	1_Samuel
Matthew 16:14	_paragraph Those followers/disciples answered, ["Some people say [that you(Jesus) _implicitNecessary are _implicitNecessary John the Baptist]]. Other people say [that you(Jesus) _implicitNecessary are _implicitNecessary Elijah named the prophet _implicitExplainName]. And other people say _implicitNecesssary [that you(Jesus) _implicitNecessary are _implicitNecessary Jeremiah or one of the other _implicit prophets]."	Matthew
1 Samuel 3:18	So Samuel told Eli about all of the things [that Yahweh said to Samuel]. Then Eli said, ["Yahweh is Yahweh]. Yahweh may do all of the things [that Yahweh wants [to do]]."	1_Samuel
Genesis 33:1	-Title Jacob meets Esau. Then Jacob saw [Esau walking towards Jacob].  and 400 men were with Esau. So Jacob divided the wives of Jacob and the children of Jacob into 3 groups.	Genesis
Acts 16:34	Then the  chief guard of the prison led Paul and Silas to the house of the chief guard of the prison. And the chief guard of the prison gave some food to Paul and Silas. All the people [who were in that place] were very happy [because all the people [who were in that place] now believed in God].	Acts
Acts 16:24	[When the chief guard of the prison heard this command], the chief guard of the prison tied Paul and Silas' legs to a piece of wood with chains.	Acts
Nehemiah 11:26	Jeshua, Moladah, Beth-Pelet,	Nehemiah
Esther 5:11	Haman said to Haman's friends and to Haman's wife, ["I(Haman) have a lot of money]. And I(Haman) have many sons. The king honors me(Haman). The king caused [me(Haman) to be more important than the other officials]."	Esther
2 Samuel 19:31	Barzillai was from Gilead. Barzillai came from Rogelim [in order to go across the Jordan River with the king].	2_Samuel
Genesis 5:32	Noah became the father of Shem, Ham and Japheth [when Noah was 500 years old].	Genesis
Genesis 39:1	-Title Potiphar buys Joseph.  At-that-time the people [who bought Joseph from Joseph's brothers] took Joseph to Egypt. An Egyptian man named Potiphar was an officer [who served the king of Egypt]. Potiphar was the captain of the soldiers [who guarded the king's palace]. Potiphar bought Joseph from the people [who brought Joseph to Egypt].	Genesis
Joshua 22:13	So the Israelites sent a man named Phinehas to Gilead.  Phinehas was the son of Eleazar [who was the priest].  Gilead was the region [that the tribes named Reuben, Gad, and Manasseh were living in].	Joshua
Genesis 11:9	The people called that place Babel [because Yahweh confused the people [that lived in that place]]. Babel means to confuse. And Yahweh caused [the people to move from that place to many different places [that are on the earth]].	Genesis
Matthew 27:38	_paragraph The soldiers also hung on crosses _dual 2 thieves beside Jesus. One thief was on-C Jesus's right side. And the other thief was on Jesus's left side.	Matthew
Nehemiah 9:33	Many things happened to us(people). But you(God) always treated us(people) fairly. You(Yahweh) are always faithful to us(people). But we(people) acted badly_morally/wickedly.	Nehemiah
Joshua 19:37	The tribe named Naphtali also owned the towns named Kedesh, Edrei, and En-Hazor.	Joshua
Joshua 10:12	On that day Yahweh caused [the Israelites to defeat the Amorites]. So on that day Joshua stood in-front-of all of the Israelites.  And Joshua said, ["Sun, (imp) you(sun) stay over Gibeon]. Moon, (imp) you(moon) stay over the valley-Aijalon."	Joshua
Mark 4:13	Then Jesus said to those people [(implicit-situational) who asked about the stories/parables], [(rhetorical) "[If you(people) do not understand this story/parable,] then-D how will you(people) understand all the other stories/parables?"] [(statement) "[If you(people) do not understand this story/parable,] then you(people) certainly will not understand all the other stories/parables"].	Mark
Genesis 38:7	But Yahweh killed Er [because Er was evil].	Genesis
Nehemiah 7:2	I(Nehemiah) also chose two men [that will rule the people [that are living in Jerusalem]]. One man was my(Nehemiah's) brother named Hanani. The other man was Hananiah [who was the leader/commander of the soldiers [that protect the city]]. Hananiah was an honest man. (alt) Hananiah did not lie to people. And Hananiah feared/respected God [more than most people].	Nehemiah
Acts 20:21	I(Paul) told Jews and Greeks [that Jews and Greeks must stop sinning] [and that Jews and Greeks must obey God]. And Jews and Greeks must believe in our(Christians) Lord Jesus.	Acts
Acts 17:2	Paul always went inside the Jewish church on the seventh day of the week. So Paul went into the Jewish church [that was in that city] for three weeks on the seventh day of the week. In that place, Paul and the Jews discussed the message [that the scriptures say].	Acts
Matthew 22:41	(title) Jesus teaches-A people about the Christ. _paragraph Jesus asked the group of Pharisees a question.	Matthew
Genesis 39:15	[When that slave heard [me(wife) screaming]] that slave became afraid. Then that slave ran from this house. but that slave left the slave's coat."	Genesis
Mark 2:1	Jesus (title) causes [a man [who is not able [to move that man's legs]] to become healthy]. (paragraph) After a few days, Jesus returned to Capernaum . And people _implicitNecessary heard [Jesus was at a house in that place _implicit] .	Mark
Mark 9:23	(paragraph) (yesrhetorical) Jesus asked that father , ["Do you(father) _implicitNecessary think _implicitNecessary [I(Jesus) might not be able [(implicit-situational) to do a thing for your(father's) son]]?] (statement) Jesus said to that father, ["You(father) _implicitNecessary should not think [I(Jesus) might not be able [(implicit-situational) to do a thing for your(father's) son]]!] I(Jesus) _implicitNecessary am able [to do all things] [if a person believes in me(Jesus) _implicit]."	Mark
Acts 21:34	Then some people [who were in the crowd] shouted an answer to the man [who ruled the soldiers]. But some other people [who were in the crowd] shouted a different answer. The man [who ruled the soldiers] could not understand the things [that the people were shouting] [because the crowd made much noise]. So the man [who ruled the soldiers] commanded the soldiers [to take Paul into the building [where soldiers sleep]].	Acts
Esther 2:15	One day Hegai [who cared for the king's women [that did not sex a man]] told [Esther to go to the king]. Esther was the daughter of Abihail. Abihail was Mordecai's uncle. [Before Esther went to the king] Esther did not ask [Hegai to give special things to Esther]. Hegai chose the clothes [that Esther wore]. And Hegai chose the perfume for Esther. All the people [that saw Esther] thought [that Esther was very beautiful].	Esther
1 Samuel 19:24	Saul take-off Saul's robe.  And Saul was naked.  Then Saul started telling/prophesying God's messages to people in-front-of Samuel.  And Saul lie down on the ground without clothes during the day and during the night. So people asked, ["Is Saul also a prophet?"]	1_Samuel
Esther 7:8	[When the king returned from the garden to the palace] the king saw [Haman falling on the couch [that Esther was lying on]]. The king shouted, ["Will you(Haman) attack the queen [while I(king) am with the queen in the palace]?"] [After the king said these words] the king's servants entered the room. Then the servants took Haman from the palace [in order to kill Haman].	Esther
Genesis 34:9	The people of you(brothers) may marry the people of me(Hamor). The women of you(brothers) may marry the men of me(Hamor). And the women of me(Hamor) may marry the men of you(brothers).	Genesis
Matthew 24:37	At the time [that the Son-of-man _1stAs3rd will come again _implicit at] people will be acting [just-like people were acting in the days [that Noah lived in]].	Matthew
Daniel 7:21	I(Daniel) continued to watch the small horn. This horn fought against the people [that were faithful to God]. The small horn defeated those people.	Daniel
Mark 11:23	I(Jesus) tell the truth to you(followers). A person might say to this mountain _frameInferable, ["You(mountain) (imp) go from this place ]. And you(mountain) (imp) jump-A into the sea." [If that person does not doubt [that thing-B will happen] in that person's heart] [and if that person believes [that thing-B will happen],] that thing will be done by God _implicitActiveAgent for that person.	Mark
2 Samuel 8:10	Then Tou sent Tou's son named Joram to King David. Joram greeted David. And Joram praised King David [because David defeated King Hadadezer]. [Before David fought Hadadezer] Hadadezer was fighting Tou. Joram brought things made of silver, gold and bronze to David.	2_Samuel
Nehemiah 7:46	And other men [that served in the temple] returned. The temple servants were descendants of Ziha, Hasupha, and Tabbaoth.	Nehemiah
Genesis 6:3	Then God said, ["The spirit of me(God) will not stay in a person forever].  People should not live for a long time.  I(God) will allow [people to live for only 120 years]. -Alternate I(God) will destroy these people in 120 years."    People are made of bones and muscles.	Genesis
2 Samuel 9:6	Jonathan’s son’s name was Mephibosheth. [When Mephibosheth came to David] Mephibosheth bowed to David [in order to honor David].David said, ["Mephibosheth!"]Mephibosheth said, ["I(Mephibosheth) am your(David's) servant."]	2_Samuel
Nehemiah 5:7	I(Nehemiah) thought about those things. Then I(Nehemiah) accused [the leaders/nobles and officials of doing bad things]. I(Nehemiah) said to those leaders/nobles and officials, ["You(leaders) loaned money and food to people]. But now you(leaders) are making [those people pay extra money and extra food to you(leaders)]!" Then I(Nehemiah) called many leaders.	Nehemiah
Mark 14:61	But [(implicit-situational) even-though Jesus was not guilty-A,] Jesus did not speak. And Jesus did not answer the chief priest's questions _implicit. (paragraph) Then the chief priest asked Jesus, ["Are you(Jesus) the Christ?] Are you(Jesus) the Son of the Lord-A, [whom we(Jews) praise]?"	Mark
Genesis 20:14	Then Abimelech gave sheep, cattle, male slaves and female slaves to Abraham. Abimelech also returned Abraham's wife named Sarah to Abraham.	Genesis
Joshua 22:30	Phinehas [who was the priest] and the leaders of the tribes of Israel listened to the people [who were in the tribes named Reuben, Gad, and Manasseh]. Then Phinehas and the leaders were pleased with those people.	Joshua
Ruth 4:13	So Boaz married Ruth. [When Boaz sexed Ruth] Yahweh caused [Ruth to become pregnant]. Then Ruth gave birth to a son.	Ruth
Matthew 5:48	(literal) Therefore, you(people) (imp) be perfect [just-like your(people's) Father [who is in heaven] is perfect]. (dynamic) Therefore, you(people) (imp) be completely good [just-like your(people's) Father [who is in heaven] is completely good].	Matthew
Acts 19:13	Some Jews went to many different places [in order to tell [evil spirits to leave people]. And [when some of those Jews said the Lord Jesus' name] God caused [the evil spirits [to leave those people]. Those Jews said to the evil spirits, ["We(Jews) say the name of Jesus [about whom Paul preaches]. So you(demons) must leave this person.”]	Acts
2 Samuel 19:15	Then the king started walking toward Jerusalem. The king came to the Jordan River. The men [that were in the tribe named Judah] came to Gilgal [in order to meet the king]. Those men wanted [to help [the king go across the Jordan River]].	2_Samuel
Mark 14:57	(paragraph) Then some people stand-up-A in-front-of the Sanhedrin _implicit. And those people said a false thing [that was about Jesus].	Mark
Daniel 7:10	A river of fire flowed in front of this person. Thousands of people served this person. Many thousands of people stood in front of this person. Another person opened some books. And the court began.	Daniel
Genesis 31:48	Then Laban said to Jacob, ["These stones will remind us(Laban) [that I(Laban) allowed [you(Jacob) to leave]] [and that you(Jacob) promised [to treat my(Laban's) daughters kindly]]]."	Genesis
Genesis 17:8	Now you(Abram) are a foreigner [that is living in Canaan]. but I(God) will give this land to you(Abram) and to your(Abram's) descendants. You(Abraham) will own this land forever.  And I(God) will be the God of your(Abram's) descendants.	Genesis
Matthew 5:26	I(Jesus) tell you(people) the truth. You(person) will not come-out from that prison _implicit [until you(person) pay all of the money [that you(person) must pay] ].	Matthew
2 Samuel 12:14	But [because you(David) did not respect Yahweh] your(David's) son [who was born] will die."	2_Samuel
Acts 16:26	Suddenly, the ground shook very strongly. And the floor of the prison also shook. So all of the doors of the prison opened. And the chains [that tied the people [who were in prison]] became loose.	Acts
Joshua 21:34	The Israelites also gave towns to the families [that were Merar's descendants]. ( Those families were the last families [that were in the tribe named Levi]. ) The tribe named Zebulun gave the towns named Jokneam and Kartah to those families.	Joshua
Matthew 15:23	_paragraph Jesus did not answer. So Jesus's followers/disciples came to Jesus _implicit. And Jesus's followers/disciples said/urge to Jesus, ["You(Jesus) (imp) tell that woman [that woman to leave]]. For that woman is repeatedly cry-out to us(followers) _incl."	Matthew
1 Samuel 12:24	But you(Israelites) must always fear Yahweh. And you(Israelites) must always serve Yahweh faithfully with all your(Israelites’) heart. You(Israelites) (imp) remember the great things [that Yahweh did for you(Israelites)].	1_Samuel
Matthew 26:19	So the followers/disciples did the things-B [that Jesus told [the followers/disciples to do]]. And those followers/disciples prepared the Passover of the meal _metonymy in that house _implicit.	Matthew
Genesis 37:2	The following story is about Jacob's family. [One day when Joseph was 17 years old] Joseph and Joseph's brothers were caring for Joseph's father's sheep. The brothers of Joseph were the sons of Bilhah and Zilpah. Bilhah and Zilpah were the wives of Joseph's father. -implicit Rachel [who had died] was the mother of Joseph.  But [While Joseph and Joseph's brothers were caring for the sheep] Joseph told Joseph's father named Jacob [that Joseph's brothers were acting badly].	Genesis
Matthew 13:57	_paragraph And those people were upset with Jesus. _paragraph Jesus said to those people, ["A prophet is honored-A by people _implicitActiveAgent]. But a prophet is not honored by the people [who are in that person/prophet's town and in that person/prophet's house]."	Matthew
Matthew 12:46	(title) Jesus talks about Jesus's mother and Jesus's brothers. _paragraph [While Jesus was still talking to the crowd,] Jesus's mother and Jesus's brothers were standing outside the house _implicitNecessary [that (implicit-situational) Jesus was in]. For Jesus's mother and Jesus's brothers wanted [to talk to Jesus].	Matthew
Genesis 7:13	On the day [that the weather started to be rain] Noah, the wife of Noah, the sons of Noah named Shem, Ham, and Japheth, and the wives of Noah's sons entered the boat.	Genesis
2 Samuel 8:3	David also defeated Hadadezer [who was the king of Zobah].  Hadadezer was Rehob’s son. Hadadezer was trying [to defeat the people [who were living near the Euphrates river]].  But David killed Hadadezer near the river.	2_Samuel
1 Samuel 9:14	(title) Saul meets Samuel.  So Saul and the servant went into the town. [After Saul entered the town] Saul saw Samuel. Samuel was walking to the place [that the people worship God at]. And Samuel was walking toward Saul.	1_Samuel
Daniel 2:32	The head of the statue was pure gold. The chest of the statue and the arms of the statue were silver. The stomach of the statue was bronze.	Daniel
2 John 1:10	So [if a person comes to you(people)] [and if that person says [that that person is teaching the things [that that person received from God]]], [and if that person is teaching things [that are different from the things [that Christ taught to us(people)]]] you(people) (imp) do not invite that person [to come into your(people's) house]. You(people) (imp) do not even greet that person [like you(people) greet other Christians].	2_John
Genesis 48:14	But Jacob put Jacob's right hand on Ephraim's head. Ephraim was younger than Manasseh. And Jacob put Jacob's left hand on Manasseh's head. Manasseh was Joseph's oldest son.	Genesis
1 Samuel 25:19	Then Abigail told Abigail's servants, ["You(servants) (imp) go to David]. And I(Abigail) will follow you(servants)." But Abigail did not tell Abigail's husband [that Abigail will go to David].	1_Samuel
2 Samuel 5:2	Previously Saul was our(people's) king. But you(David) were our(people's) leader [when we(people) fought our(people's) enemies]. Yahweh said to you(David), ["You(David) will take care of my(Yahweh's) people].  The Israelites are my(Yahweh's) people. And you(David) will become the Israelite's king.""	2_Samuel
1 Samuel 18:28	Then Saul knew/realized [that Yahweh was with David].  And Saul knew [that Saul's daughter named Michal loved David].	1_Samuel
Matthew 28:18	Then Jesus came to those followers/disciples. And Jesus said, ["All authority was given to me(Jesus) by the Father _implicitActiveAgent [so-B I(Jesus) rule all heaven of servants/angel _metonymy and of evil spirits _metonymy and the all the earth of people _metonymy]].	Matthew
2 Samuel 14:12	Then that woman said, ["My(woman's) king, I(woman) am your(David's) servant].  Please (imp) you(David) let [me(woman) talk to you(David)]." Then the king said, ["You(woman) may talk]."	2_Samuel
Matthew 8:1	(title) Jesus heals a man [who has a skin disease]. (paragraph) [When Jesus come-down from the mountain _frameInferable of the side _implicitType ,] a big crowd followed-A Jesus.	Matthew
Acts 16:2	Those people [who believe in Jesus] [and who live in Lystra and Iconium] said good things about Timothy to Paul.	Acts
Joshua 11:12	Joshua defeated all of the people [who lived in those cities].  And Joshua killed all of the kings [who ruled those cities]. Joshua completely destroyed all of those people.  So Joshua obeyed Moses. Previously Moses commanded [Joshua to destroy all of those cities].	Joshua
Genesis 14:21	The king of Sodom said to Abram, ["you(Abram) (imp) give only my(king's) people [who were captured by the four kings] to me(king)]. But You(Abram) may keep all these other things."	Genesis
Genesis 43:25	Then the brothers heard [that Joseph will eat with the brothers in that house]. So Joseph's brothers prepared the gifts [that the brothers wanted [to give to Joseph]].	Genesis
Mark 6:48	Jesus saw [those followers/disciples trying hard _adverb [to move/row the boat]]. But the wind was blowing from the place [that was in front of the boat]. (literalunits) At about the fourth period/watch _PeriodinLDV of the night, Jesus came toward those followers/disciples [by walking on the lake]. (modernunits) At about 3AM, Jesus came toward those followers/disciples [by walking on the lake]. And Jesus planned [to walk past those followers/disciples].	Mark
Genesis 2:3	Therefore God blessed the seventh day of every week.  God caused [the seventh day of every week to be holy] [because God rested on the seventh day].  God did not work on the seventh day.	Genesis
Genesis 1:30	And I(God) created all the green plants for the animals.  All the birds [that are in the sky], all the wild animals and all the small animals will eat the green plants."  Thus God created all the things [that are on the earth].  All the things [that God had created] were good.	Genesis
Acts 20:23	I(Paul) only know [that the Holy Spirit warns me(Paul) [that people will put me(Paul) into prison] [and people will hurt me(Paul) in every city [that I(Paul) am traveling to]]].	Acts
Genesis 48:5	I(Jacob) declare [that the 2 sons of you(Joseph) [who were born in Egypt [before I(Jacob) arrived]] are my(Jacob's) sons.] Ephraim and Manasseh will be my(Jacob's) sons [just-like Reuben and Simeon are my(Jacob's) sons].	Genesis
Nehemiah 4:2	Sanballat said to Sanballat's friends and the soldiers [that were from Samaria], ["Those weak Jews are doing which thing?] Will those Jews repair the Jews’ wall?  Will those Jews give gifts/sacrifices to God? Will those Jews finish building that wall in one day? Those Jews are using stones [that were burned by fire]. Will those Jews use those stones again?"	Nehemiah
Genesis 41:48	So Joseph gathered much food [that the people harvested].  And Joseph stored that food in the cities. For each city [that was in Egypt] Joseph stored grain [that the people harvested in the fields [that were near that city]] in that city.	Genesis
Genesis 37:35	Jacob's sons and Jacob's daughters tried [to comfort Jacob]. but Jacob continued being sad. Jacob said, ["I(Jacob) will be sad about Joseph [until I(Jacob) die]]." Thus Jacob cried [because Jacob's son named Joseph died].	Genesis
Mark 3:29	But [if a person much insults the Holy-Spirit,] that person will never be forgiven-C by God _implicitActiveAgent. That person is forever/eternally guilty-B [person doing a sin ]."	Mark
Mark 9:48	(implicit-situational) For people never stop suffering in hell-A. The Scriptures _implicitNecessary say, _implicitNecessary ["Hell-A is the place [where the worms [that eat people] never die] [and where the fire always burns]"]. (footnote) You(people) (imp) see Isaiah 66:24.	Mark
Genesis 24:49	Therefore I(servant) ask you(Laban), ["Will you(Laban) be kind to my(servant's) master?]  Will you(Laban) be faithful to my(servant's) master? Will you(Laban) allow [Rebekah to return with me(servant) to my(servant’s) master]? You(Laban) (imp) answer me(servant) now.  Then I(servant) will know the things [that I(servant) must do].	Genesis
Daniel 7:25	That king will say evil things about God. And that king will punish the people [who are faithful to God]. That king will try [to change the times and the law]. That king will rule God's people for three and a half years.	Daniel
1 Samuel 2:14	Then that servant pushed the fork inside the pot. [When the servant pulled the fork out of the pot] the servant kept the meat [that was on that fork]. And the servant gave that meat to Eli's sons. So Eli’s sons treated the people [who came to Shiloh] badly.	1_Samuel
Mark 1:6	John wore clothes of _madeOf animal’s/camel’s hair. And John wore a belt of _madeOf leather around John’s waist. John ate insects/locusts and wild honey. (implicit-situational) This food was food [that John could find in the desert/wilderness].	Mark
Mark 4:23	You(people) [who have ears [in-order-to hear things _implicit ]], you(people) (imp) listen to these words."	Mark
2 Samuel 1:14	Then David said to that man, ["You(man) should not have killed Saul]. Yahweh chose [Saul to be our(Israelites’) king]. "	2_Samuel
Matthew 4:13	Jesus left Nazareth. And Jesus went to Capernaum named the town [in order to live at that place [ _descriptive which was by the big _implicit lake in the region named Zebulun and Naphtali]].	Matthew
2 Samuel 16:2	Then David asked Ziba, ["Why did you(Ziba) bring these things?"]Ziba answered David, ["Your(David's) family may ride these donkeys]. And your(David's) servants may eat the bread and the cakes. [If people become tired in the desert]those people may drink the wine."	2_Samuel
2 Samuel 8:13	Later David killed 18000 Edomites in the valley named Salt. [After David killed those people] many   people heard about the things [that David did].	2_Samuel
1 Samuel 2:22	Eli became very old. Eli heard about all of the bad things [that Eli's sons were doing to the Israelites]. Eli also knew [that Eli's sons often sexed the women [who served Yahweh near the tabernacle]].	1_Samuel
Genesis 2:5	-title Adam and Eve live in Eden. At that time there were no plants on the earth.  At that time God did not cause [the weather to be rain].  And God did not create people [who would care for the plants].	Genesis
Matthew 25:23	_paragraph That servant's master-A said, ["Good and faithful-A servant-B, you(servant) did your(servant's) work well!] I(master) _implicitNecessary gave/entrust _implicitNecessary to you(servant) few _adj things. And you(servant) were faithful-A to me(master) _implicit. Therefore _implicit I(master) will allow you(servant) to manage many things. You(servant) (imp) come. And you(servant) (imp) be happy/joyful with your(servant's) master _1stAs3rd exclamation."	Matthew
1 Samuel 6:14	The cows pulled that wagon to a field [that a man named Joshua owned]. The cows stopped walking in that field near a big rock. Then the people [who lived in Beth-Shemesh] cut the wagon’s wood. And the people killed those cows.  Then those people gave/sacrificed those cows to Yahweh.	1_Samuel
2 Samuel 18:12	But that man said to Joab, ["[Even if you(Joab) gave 12 kilograms of silver to me(soldier)] I(soldier) would not hurt the king's son]. We(soldiers) heard [the king commanding you(Joab), Abishai, and Ittai]. The king commanded you(Joab), ["(imp) You(Joab) (imp) protect the young man named Absalom for me(David)."]	2_Samuel
Genesis 42:2	I(Jacob) heard [that There is food in Egypt]. You(sons) (imp) go to Egypt. and you(sons) (imp) buy grain [so that we(Jacob) could eat grain]. Then we(Jacob) will not die.”	Genesis
2 Samuel 23:14	David was inside that cave. Many Philistine soldiers were near Bethlehem.	2_Samuel
Genesis 49:28	All of these men were the ancestors of the twelve tribes of Israel. And Israel said these things to these men [when Israel blessed these men].   Israel told each son about the things [that will happen to that son].	Genesis
2 Samuel 15:35	Zadok and Abiathar are priests. Zadok and Abiathar will be with you(Hushai). You(Hushai) (imp) tell Zadok and Abiathar about all of the things[that you(Hushai) hear in the king’s palace].	2_Samuel
Genesis 48:6	But [if you(Joseph) have other children] those children will belong to you(Joseph).  You(Joseph) must give some of the land [that I(Jacob) will give to Ephraim and to Manasseh] to those children.	Genesis
Acts 21:20	[After those leaders heard Paul's message] those leaders praised God. Then those leaders said to Paul, ["Brother., You(Paul) know [that thousands of Jews have begun to believe in Jesus]. But all of those Jews believe hard [that those Jews must continue [to follow Moses' law]].	Acts
Joshua 7:19	Then Joshua said to Achan, ["My(Joshua's) son, you(Achan) (imp) praise Yahweh [who is the God of Israel]]. (imp) You(Achan) tell me(Joshua) about the wicked thing [that you(Achan) did]. (imp) You(Achan) do not hide a thing from me(Joshua)."	Joshua
Nehemiah 10:19	Hariph, Anathoth, Nebai,	Nehemiah
Esther 8:2	[When Mordecai came to the palace] the king gave the king's ring to Mordecai.  Then Esther told [Mordecai to care for the things [that Haman had owned]].	Esther
Genesis 1:11	Then God said, ["Let plants grow on the earth].  Let all these plants produce seeds.  Some plants will produce seeds [that are grain].  Other plants will produce seeds [that are inside the fruit of the plant].  But every seed will produce another plant [that is the same kind of plant]."  Thus God created plants. And that plant will be the same kind of plant [that the seed was in].	Genesis
Genesis 34:20	So Hamor and Shechem went to the gate of the city. and Shechem spoke to the men [who lived in that city].	Genesis
2 Samuel 19:3	Those soldiers entered the city quietly. Those soldiers looked like people [that were ashamed [because those people run-away from the enemy during a battle]].	2_Samuel
Acts 18:25	People had already told Apollos about the Lord Jesus. And Apollos talked to people about Jesus sincerely. And Apollos taught people correctly about Jesus. But Apollos only knew about the baptism [that John the Baptist had instructed people to do].	Acts
Matthew 17:7	But Jesus came. And Jesus touched the followers/disciples. Jesus said, ["You(followers) (imp) get-up]. You(followers) (imp) do not be afraid."	Matthew
Matthew 9:10	_paragraph [While Jesus was eating a meal _implicit at the house of Matthew _implicit,] many people [who collect taxes] and many people [who do _routinely sins] came to that place. And those people ate that meal _implicit with Jesus and Jesus’s followers/disciples.	Matthew
Esther 1:9	Queen Vashti also had a special party. The queen invited all the women [that lived in the king's palace] [to come to this party].	Esther
Mark 15:1	(title) Pilate judges Jesus. (paragraph) Early in the morning, the chief priests planned with the older leaders, the scribes, and all the Sanhedrin of the people _implicitType the things [that those priests, those older leaders, those people/scribes, and all the Sanhedrin will do]. Then those people _newNounIndex of the servants/guards _metonymy tied Jesus. Those people of the servants/guards _metonymy take-away Jesus from the chief priest's house _implicit. And those people of the servants/guards _metonymy brought-B Jesus to Pilate named the Roman ruler/governor _implicitType.	Mark
2 Samuel 22:41	You(Yahweh) caused [my(David's) enemies to run-away from me(David)]. And  I(David) destroyed the people [who fought me(David)].	2_Samuel
Matthew 7:18	A good tree is not able [to produce bad fruit]. And a bad tree is not able [to produce good fruit].	Matthew
Joshua 23:15	Yahweh kept every good promise [that Yahweh made to you(Israelites)]. But Yahweh also promised [to destroy you(people)] [if you(people) do not obey Yahweh]. So [if you(people) do not continue obeying Yahweh] Yahweh will certainly destroy you(people). And Yahweh will certainly take you(Israelites) away from this good land [that Yahweh gave to you(Israelites)].	Joshua
Genesis 21:22	-Title Abraham makes a treaty with king Abimelech.  Then king Abimelech and a man named Phicol [who was the commander of  the army of Abimelech] came to Abraham. and Abimelech said to Abraham, ["God cares for you(Abraham)].	Genesis
Genesis 9:28	After the flood Noah lived 350 years.	Genesis
Genesis 25:21	Isaac's wife was not able [to become pregnant]. so Isaac prayed to Yahweh for Rebekah. Then Yahweh answered the prayer of Isaac. Thus Rebekah became pregnant.	Genesis
1 Samuel 18:20	But Saul’s daughter named Michal loved David. [When Saul heard [that Michal loved David]] Saul became happy.	1_Samuel
Genesis 21:19	Then God showed a well to Hagar. So Hagar went to the well. and Hagar filled the bag with water. and Hagar gave the water to the boy.  And the boy drank the water.	Genesis
Esther 8:12	On March seven the Jews were able [to do all these things].	Esther
Matthew 17:15	That man said to Jesus _implicit, ["Lord, you(Lord) (imp) pity my(man's) son]. Sometimes _implicit my(man's) son shakes violently. And my(man's) son much suffers. My(man's) son often falls into fire or into water.	Matthew
Genesis 3:17	Then God said to the man, ["[Because you(Adam) listened to the wife of you(Adam)] [and because You(Adam) ate the fruit [that I(God) forbid [you(Adam) to  eat]]] I(God) will curse the ground].  You(Adam) will work hard [in-order-to obtain food] [until you(Adam) die].	Genesis
Joshua 12:6	Moses [who served Yahweh] and the Israelites defeated/conquered those kings. And Moses gave that land to the tribe named Reuben and the tribe named Gad. And Moses also gave that land to half of the people [who were in the tribe named Manasseh].	Joshua
1 Samuel 5:7	[When the people [who were living in Ashdod] realized [that Yahweh was punishing the people]] those people said, ["The Ark-of-the-Covenant must not stay at this place]. God is punishing us(people) and our(people's) god named Dagon."	1_Samuel
Mark 4:25	(literal) Every person [who has some things] will be given more things by God _implicitActiveAgent . (dynamic) Every person [who understands my(Jesus's) words] will be able [to understand more things]. (literal) But [if a person has only very few things], even those things will be take-away by God _implicitActiveAgent from that person. (dynamic) But [if a person does not understand my(Jesus's) words] that person will even stop understanding the words [that that person previously understood].	Mark
Genesis 36:1	-Title Esau has a family. The following people are the wives of Esau and the sons of Esau. Esau was also called Edom by people.	Genesis
Genesis 36:9	The following people are the descendants of Esau. Esau is the ancestor of the Edomites [who lived in the hills [that are in Edom]].	Genesis
Matthew 12:27	And [if I(Jesus) use the power of Beelzebul [in order to force [demons to leave people _implicit]],] which person's power do your(Pharisees') people use [in order to force [demons to leave people _implicit]]? Those people _Pharisees'People will judge you(Pharisees).	Matthew
Genesis 36:28	Dishan had sons named Uz and named Aran.	Genesis
Matthew 12:35	(literal) A good person pull-out _present good things from the good things/treasure [that that person stored in that person's heart]. (dynamic) A good person does good-B things. (literal) And an evil person pull-out evil things from the evil things/treasure [that that person stored in that person's heart]. (dynamic) And an evil person does evil things.	Matthew
Mark 10:43	But you(followers) should act differently. Instead, [if a person wants [to become a great person among you(followers)],] a person must become your(followers') servant.	Mark
Esther 5:9	[when Haman left the palace] Haman was very happy. But then Haman saw [Mordecai standing at the gate]. Then Haman became angry. [When Haman walked near Mordecai] Mordecai did not bow to Haman. And Mordecai did not honor Haman. So Haman became very angry with Mordecai.	Esther
Genesis 41:57	And people [who lived in the other countries [that were near Egypt]] also came to Joseph [because the famine was in those countries also].	Genesis
2 Samuel 13:30	[While the king’s sons were riding to David's house], a messenger came to David. That messenger said to David, ["Absalom killed all of the king’s sons.] All of the king’s sons are dead."	2_Samuel
Daniel 4:3	The things [that God does] are wonderful. The kingdom of God will exist forever. God  always rules the whole earth.	Daniel
Genesis 31:46	And Jacob said to Jacob's relatives, ["You(relatives) (imp) gather some stones"]. So Jacob's relatives gathered some stones.  And Jacob's relatives put those stones on that big stone.  Then Jacob, Laban, and the relatives ate beside those stones.	Genesis
1 Samuel 23:13	So David and the men [who were with David] left Keilah. At that time about 600 men were with David.  Then David and those men moved to other places often. [After Saul heard [that David left Keilah]] Saul did not go to that place.	1_Samuel
Mark 3:12	But Jesus much warned those spirits [those spirits must not tell other _implicit people about Jesus].	Mark
Matthew 21:12	(title) Jesus enters the big building of Jerusalem [that Jews worship God in]. _paragraph Jesus entered the yard/courtyard of the big building of Jerusalem [that Jews worship God in]. Jesus started forcing [the people [who were buying animals/sacrifice _implicit] and the people [who were selling animals/sacrifices _implicit] to leave that building/temple]. Jesus knock-over the tables of the people [who were selling/trade _routinely money] and the seats of the people [who were selling _routinely birds/dove [ that (implicit-situational) people gave/sacrifice to God]].	Matthew
Nehemiah 10:31	[When people [who are from other countries] bring goods or grain to us(people) [in order to sell those goods or grain] on the seventh day of the week] we(people) will not buy those things on the seventh day of the week or on a special/holy day. And we(people) will not plant crops on every seventh year.  And we(people) will forgive/cancel all of the debts on every seventh year.	Nehemiah
Daniel 9:10	We(people) have not done all the things [that the Lord [who is our(people's) God] said]. God sent the prophets [who were served God] [in order to give laws to us(people)]. But we(people) have not done all the things [that the laws of God said].	Daniel
Joshua 22:25	The river-Jordan is a border [that is between us(Israelites) and you(people)]. Therefore the people [who are in the tribes named Reuben and Gad] may not worship Yahweh." So your(Israelites') descendants might cause [our(people's) descendants to stop worshiping Yahweh].	Joshua
1 Samuel 20:5	Then David said to Jonathan, ["Tomorrow the king will eat the New-Moon feast]. The king wants [me(David) to eat with the king]. But I(David) will hide in the field tomorrow and the next day.	1_Samuel
Nehemiah 12:2	Amariah, Malluk, Hattush,	Nehemiah
1 Samuel 19:22	So Saul started walking to Ramah. Saul came to the big well [that was at Seku]. Then Saul asked the people [who were at that well], ["Where are Samuel and David?"] The people answered, ["Samuel and David are in Naioth [which is in Ramah]]."	1_Samuel
Joshua 4:13	About 40000 soldiers carried weapons across the river. Those soldiers went to the plain [that was near Jericho] [in-order-to fight].	Joshua
Genesis 19:29	Thus God destroyed the cities [that were in the valley]. but God remembered [that Abraham asked God [to save Lot]]. So God saved Lot. but God completely destroyed the cities [where Lot lived].	Genesis
Genesis 37:9	Then Joseph dreamed again. and Joseph told Joseph's brothers about that dream also. Joseph said, ["You(brothers) listen to me(Joseph)]. I(Joseph) dreamed again. I(Joseph) saw [the sun, moon, and 11 stars bowing to me(Joseph)]."	Genesis
Genesis 25:6	But [before Abraham died] Abraham gave gifts to the sons of the concubines of Abraham. Then Abraham forced [those sons to live in the eastern region] [so that the sons would be far-from Isaac].	Genesis
Genesis 10:6	Ham had sons named Cush, named Mizraim, named Put, and named Canaan.	Genesis
Joshua 9:10	We(men) also heard [that Yahweh defeated the two kings of the Amorites]. Those kings lived on the eastern side of the river-Jordan. King Sihon ruled Heshbon. And King Og ruled Bashan. King Og was living in Ashtaroth.	Joshua
Genesis 29:32	So Leah became pregnant. and Leah birthed a son. Leah named this son Reuben. Leah said, ["Yahweh sees [that I(Leah) am sad]]. Now my(Leah's) husband certainly will love me(Leah)". -Footnote Reuben means [Yahweh sees [that I(Leah) am sad]].	Genesis
2 Samuel 15:3	Then Absalom said to that person, ["I(Absalom) agree with you(person).] But the king’s officials will not listen to you(person)."	2_Samuel
1 Samuel 24:1	(title) David treats Saul kindly. [After Saul finished chasing the Philistines] Saul returned to Saul’s house. Then a person told Saul, ["David is in the Desert named En-Gedi."]	1_Samuel
Daniel 10:3	[Because I(Daniel) was sad] I(Daniel) did not eat good food. And I(Daniel) did not eat meat. And I(Daniel) did not drink wine. I(Daniel) did not wash my(Daniel's) body. And I(Daniel) did not comb my(Daniel's) hair for three weeks.	Daniel
Matthew 14:25	_paragraph Very early in the morning, Jesus came toward those followers/disciples [by walking on the lake]. (footnote) The Greek copies/manuscripts say, ["fourth period _LDV"]. That period is the time [that is between 3AM and 6AM].	Matthew
Daniel 6:25	[After the king punished Daniel's enemies] King Darius wrote a letter to all the people [that live on the earth]. The king wrote, ["I(king) hope [that all of you(people) have happy and prosperous lives]].	Daniel
Genesis 34:31	But the brothers said to Jacob, ["We(brothers) will not allow [these people to treat the sister of us(brothers) [just like these people treat a prostitute]]]."	Genesis
Nehemiah 9:31	But [because you(Yahweh) are very kind/merciful] you(Yahweh) did not destroy your(Yahweh’s) people. And You(Yahweh) did not leave/abandon your(Yahweh’s) people. You(Yahweh) are a kind and merciful God.	Nehemiah
Acts 15:40	But Paul chose Silas. So the people [who believe in Jesus] asked Ruler Jesus to show the Ruler Jesus' goodness [by helping Paul and Silas]. Then Paul and Silas left Antioch.	Acts
1 Samuel 20:16	So Jonathan promised David [that Jonathan would always be David's friend]. Jonathan said to David, ["I(Jonathan) hope [that Yahweh will punish David's enemies]]." (alt) I(Jonathan) hope [that Yahweh will punish David's family [if David does not treat me(Jonathan) kindly]].	1_Samuel
1 Samuel 14:42	Then Saul said, ["You(soldiers) (imp) use the lots again]. Did I(Saul) sin? Or did Jonathan sin?" Then the lots chose Jonathan.	1_Samuel
Joshua 24:26	And Joshua wrote these things in the Book-of-the-Law-of-God. Then Joshua put a large stone under the tree-oak [that was near Yahweh's tabernacle].	Joshua
Daniel 8:1	[When King Belshazzar had been the king of Babylon for about 3 years] God showed another vision to me(Daniel), Daniel.	Daniel
Acts 15:34	But Silas (questionable text) decided to remain in Antioch.	Acts
Joshua 13:30	Moses gave the land [that was between Mahanaim and Bashan] to those people. A man named Og was the king of Bashan.  All of Bashan and the land [that Og ruled] were in that region. And Moses gave all of the towns of Jair to those people. 60 towns were in that region.	Joshua
Nehemiah 1:7	We(Nehemiah) acted very badly to you(Yahweh). We(Nehemiah) did not obey you(Yahweh). You(Yahweh) gave your(Yahweh's) commands, your(Yahweh's) rules/decrees, and your(Yahweh's) laws to Moses. But we(Nehemiah) did not obey those commands, those rules/decrees, and those laws.	Nehemiah
Esther 1:20	We(men) must tell all of the people [that live in your(king's) kingdom] about this new law. Then all the women [that live in your(king's) kingdom] will do all the things [that the women's husbands say]. The important women will do all the things [that the women's husbands say]. And the women [who are not important] will do all the things [that the women's husbands say]."	Esther
Daniel 11:15	Then the king of the north region will attack a strong city [that is in the south region]. That king will put dirt against the walls of that strong city. Then the king will be able [to defeat the city]. The army of the king of the south region will not be able [to defeat this king]. The best soldiers will not be able [to defeat the king of the north region] [because the king of the north region will be very strong].	Daniel
Ruth 2:20	Naomi said to Naomi's daughter-in-law, ["I(Naomi) will pray [that Yahweh will do good things for Boaz]]! Yahweh continues to be kind to alive people and dead people."  Naomi also said to Ruth, ["Boaz is our(Naomi's) close relative].  Boaz is one of our(Naomi's) kinsman-redeemers. Boaz is one of the people [that must protect our(Naomi's) land and our(Naomi's) family]."	Ruth
Nehemiah 11:13	Other priests [who worked with Adaiah] were the leaders of the priests’ families. 242 men [who were the leaders of the priests’ families] lived in Jerusalem. The following priests also lived in Jerusalem. Amashsai [who was a son of Azarel].  Azarel was a son of Ahzai. Ahzai was a son of Meshillemoth. And Meshillemoth was a son of Immer.	Nehemiah
2 Samuel 22:40	You(Yahweh) gave strength to me(David) [so that I(David) could fight my(David's) enemies].    You(Yahweh) caused  [my(David's) enemies to bow to me(David)].	2_Samuel
Nehemiah 12:19	Mattenai was the leader of Joiarib’s family. Uzzi was the leader of Jedaiah’s family.	Nehemiah
Mark 12:36	King _implicit David _emphasized said through the Holy-Spirit, ["The Lord-A said to my(David's) master/Lord-C, ["You(master) (imp) sit at my(Lord's) right side [(implicit-situational) which is a place of honor] [(literal) until I(Lord) put your(master's) enemies under your(master's) feet]"]" [(dynamic) until I(Lord) defeat-A your(master's) enemies completely"]"]. (footnote) You(people) (imp) see Psalms 110:1.	Mark
Joshua 22:34	The people [who were in the tribes named Reuben and of Gad] named that altar [You(Israelites) and we(people) know [that Yahweh Is God]].	Joshua
1 Samuel 13:9	So Saul said, ["I(Saul) (implicit-info) will not continue waiting for Samuel]. You(soldiers) (imp) bring gifts/offerings to me(Saul)." Then Saul gave/sacrificed those gifts/offerings to God.	1_Samuel
2 Samuel 19:19	And Shimei said to the king, ["My(Shimei's) master, (imp) you(David) do not punish me(Shimei)]. (imp) You(David) do not remember the bad things [that I(Shimei) did to you(David) [when you(David) left Jerusalem]].	2_Samuel
Matthew 5:31	(title) Jesus talks about men [who divorce those men's wives]. (paragraph) You(people) heard [that our(Jesus's) people/ancestors were told _distantPast by the religious _implicit laws/Law _implicit, ["A man [who divorces a woman] must give to that woman a letter [that was written by a priest]]]. That letter says [that that woman will not continue to be that man's wife]". (footnote) You(people) (imp) see Deuteronomy 24:1.	Matthew
Matthew 27:59	Joseph took the body . And Joseph wrapped the body with clean good and light cloth.	Matthew
Genesis 16:8	The angel said, ["Hagar, you(Hagar) are Sarai’s servant.]  where did you(Hagar) come from? Where are you(Hagar) going?"  Hagar answered, ["I(Hagar) am running from my(Hagar's) master named Sarai."]	Genesis
Matthew 23:12	For God will cause [the people [who show other people [that those people _firstNounIndex are extremely great]] to know [that those people are not more important than other people]]. And God will show people [that the people [who think [that those people are not more important than other people]] are extremely great].	Matthew
Matthew 9:17	And similarly _implicit people _generic should not pour new wine into old wineskins. For [if a person does that thing,] that wine will cause [those containers/wineskins to burst]. And that wine will flow from those containers/wineskins. And the containers/wineskins will be ruined by that person _implicit. Instead, people pour new wine into new containers/wineskins [so that that wine and those containers/wineskins continue to be good]."	Matthew
Matthew 27:48	_paragraph Immediately one of those people ran [in order to get a cloth/sponge]. That person put that cloth/sponge in sour wine. And that person put that cloth/sponge on a stick. Then that person put that cloth/sponge beside Jesus's mouth [so that Jesus could drink that sour wine].	Matthew
Matthew 14:4	John had repeatedly _implicit said to Herod, ["The religious laws do not allow [you(Herod) to marry your(Herod's) brother's wife]."]	Matthew
Mark 15:29	And people [who walked by Jesus] were insulting Jesus. Those people shook those people's heads [(implicit-cultural) in-order-to show [those people did not respect Jesus]]. And those people said, [" You(Jesus) said [you(Jesus) will destroy the temple] [and you(Jesus) will build the temple again [before 3 days pass]]].	Mark
Nehemiah 7:20	655 men [that were from Adin] returned.	Nehemiah
Daniel 1:10	But the chief official said to Daniel, ["I(official) am afraid of the king [who is giving food and wine to you(Daniel)]]. The king might see [that you(Daniel) are less healthy than the other young men]. And then the king will kill me(official)."	Daniel
Nehemiah 2:19	But Sanballat [who was from Horon], the official named Tobiah [who was from Ammon], and a man named Geshem [who was from Arabia] heard about these things.  Then Sanballat, Tobiah, and Geshem laughed at us(Nehemiah). And Sanballat, Tobiah, and Geshem insulted us(Nehemiah). Sanballat, Tobiah, and Geshem asked, ["Which thing are you(people) doing?] Are you(people) not obeying/rebelling  the king?"	Nehemiah
Joshua 24:29	Later Joshua [who was the son of Nun] died. Joshua was 110 years old. Joshua served Yahweh.	Joshua
Daniel 5:11	A man [who has the spirit of the holy gods] is living in your(king's) kingdom. [When your(king's) father ruled Babylon] this man was very wise. This man was wise [like the gods are wise]. Your(king's) father gave authority to this man. This man was the leader of the magicians and astrologers.	Daniel
Genesis 1:22	Then God blessed these animals [and God said to these animals, ["You(animals) (imp) have many children]]."	Genesis
Esther 2:23	[After the king heard about the men's plan] the king ordered [the king's servants to hang the two guards]. So the king's servants hung the two guards. The king's secretaries wrote about all the things [that the king did]. So the secretaries wrote about this event in the king's book.	Esther
2 Samuel 17:21	[After Absalom’s servants left that house] Jonathan and Ahimaaz climbed out of the well. Then Jonathan and Ahimaaz went to King David. Jonathan said to David, ["(imp) You(David) quickly go across the river]. Ahithophel advised[Absalom to attack you(David)]."	2_Samuel
Nehemiah 9:38	The people (title) promise [to obey God’s commands]. we(people) are making an agreement because of all of these things. And we(people) are writing down this agreement. Our(people’s) leaders, our(people’s) people [that are in the tribe named Levi], and our(people’s) priests are putting the marks/seals of those people on this agreement.”	Nehemiah
Matthew 9:8	[When the crowd saw this event,] the crowd was very surprised/amazed. And the crowd praised God [because God allowed [a person to do that miracle]].	Matthew
1 Samuel 19:11	So Saul sent some men to David’s house. Those men watched David’s house.  Those men planned [to kill David in the morning]. But David’s wife named Michal warned David. Michal said, ["[If you(David) do not run from this place tonight] then Saul’s men will kill you(David) tomorrow."]	1_Samuel
Matthew 11:15	You(people) [who have ears [in-order-to hear things _implicit]], you(people) (imp) listen to these words.	Matthew
Ruth 3:9	Boaz asked that woman, ["Who are you(Ruth)?"] Ruth said, ["I(Ruth) am your(Boaz's) servant named Ruth]. You(Boaz) (imp) please cover me(Ruth) with the edge of your(Boaz's) robe [because you(Boaz) are our(Ruth's) family's kinsman-redeemer]." You(Boaz) (imp) please cover me(Ruth) with the edge of your(Boaz's) robe [because you(Boaz) must protect our(Ruth's) family and our(Ruth's) family's property]."	Ruth
1 Samuel 2:10	But Yahweh will break the people [who fight Yahweh] into many pieces. Yahweh’s voice will sound like thunder in heaven [when Yahweh fights Yahweh’s enemies]. Yahweh will judge all of the people [who are on the earth]. Yahweh will give power to Yahweh's king. And the man [who Yahweh chose/appointed to be king] will become powerful.”	1_Samuel
Genesis 16:13	Then Hagar gave a new name to Yahweh.  Hagar named Yahweh God [that you(God) sees me(Hagar)]. Hagar said to Hagar, ["I(Hagar) saw the God [who sees me(Hagar)]]."	Genesis
Acts 21:2	At that place, we(disciples) found a ship [that was traveling to the region named Phoenicia.] So we(disciples) entered that ship. Then that ship started to travel.	Acts
Mark 6:14	(title) John the Baptist is killed by Herod of the soldiers _metonymy. (paragraph) King Herod named Antipas _implicit heard about Jesus [(literal) because Jesus's name was known by many people ] [(dynamic) because many people were talking about Jesus]. Some people were saying, ["John the Baptist was caused by God _implicitNecessary [to become alive again]]. (implicit-situational) This man is John the Baptist. So this man is able [to do these actions [by using God's power]]."	Mark
Matthew 8:29	(rhetorical) Those evil spirits/demons shouted through those men _ImplicitDual, ["Son-of-God, why do you(Jesus) come to us(spirits)?] (statement) Those evil spirits/demons shouted through those men _ImplicitDual, ["We(spirits) do not want [you(Jesus) to come to us(spirits)]]. (rhetorical) Did you(Jesus) come here [in order to cause [us(spirits) to much suffer] [before the time [that God chose]]]? (statement) You(Jesus) (imp) do not cause [us(spirits) to much suffer] [before the time [that God chose]]!"	Matthew
Matthew 15:26	_paragraph Jesus said to that woman _implicit, ["People should not take-away bread from children [in order to give that bread to dogs]"].	Matthew
Matthew 18:9	And [if your(follower's) eye causes [you(follower) to sin],] you(follower) (imp) take-out that eye. And you(followers) (imp) throw-away that eye. It is-V bad-A [you(follower) take-out that eye]. But it is-V extremely worse-A [you(follower) be thrown by God _implicitActiveAgent into hell-A _implicitNecessary [where fire always burns] [because you(follower) did not take-out that eye]].	Matthew
Genesis 34:12	You(brothers) (imp) tell me(Shechem) how much money [I(Shechem) should pay to you(brothers)] [so that I(Shechem) could marry Dinah].  And you(brothers) (imp) ask me(Shechem) for a very expensive gift [that you(brothers) want]. And I(Shechem) will give that gift to you(brothers). But you(brothers) let [me(Shechem) marry the young woman]".	Genesis
Genesis 11:25	Nahor lived for 119 years [after Terah was born]. and Nahor had other children.	Genesis
1 Samuel 20:6	Your(Jonathan's) father might notice [that I(David) am not at the feast]. So your(Jonathan’s) father might talk to you(Jonathan) about me(David). Then you(Jonathan) (imp) say to your(Jonathan’s) father, ["David asked/begged [me(Jonathan) to allow [David to go quickly to David's father’s house]]]. David's father’s house is in Bethlehem. And David's family gives/offers a gift/sacrifice each year for David’s family."	1_Samuel
Genesis 41:50	Joseph's wife was a woman named Asenath.  Asenath was the daughter of Potiphera [who was the priest of On]. [Before the famine started] Joseph and Asenath had 2 sons.	Genesis
1 Samuel 3:8	Then Yahweh called Samuel again. Yahweh said, ["Samuel!"] So Samuel stood up. And Samuel went to Eli. Samuel said, ["I(Samuel) am at this place]. You(Eli) called me(Samuel)." Then Eli realized [that Yahweh was calling the boy].	1_Samuel
Genesis 27:31	Then Esau cooked the animal [that Esau killed]. and Esau brought that food to the father of Esau. Then Esau said to Isaac, ["Father, you(Isaac) sit-up.] and you(Isaac) eat the food [that I(Esau) killed for you(Isaac)]. then you(Isaac) (imp) bless me(Esau)".	Genesis
Genesis 32:9	Then Jacob prayed to God, ["God of my(Jacob's) ancestor named Abraham, and of my(Jacob's) father named Isaac, you(God) told me(Jacob) [to return to my(Jacob's) country and to my(Jacob's) family]]. Yahweh, you(God) said [that you(God) will treat me(Jacob) well].	Genesis
Matthew 4:18	(title) Jesus calls Jesus’s first disciples. (paragraph) [While Jesus was walking by the sea-Galilee named big lake _implicit,] Jesus saw two men . Those men were Simon [who was called by people _implicitActiveAgent Peter] and Simon’s brother named Andrew. And Simon and Andrew were people [who catch fish _generic [in order to earn money]]. Simon and Andrew were throwing a net into the lake.	Matthew
Genesis 10:29	And Joktan was also the father of Ophir, Havilah, and Jobab. All these people were the sons of Joktan.	Genesis
Esther 1:3	[When King Xerxes had been the king for about three years] King Xerxes invited all the rulers and all the officials [to come to a feast]. King Xerxes also invited all of the princes and all of the important people [that lived in Xerxes' kingdom] [to come to this feast].	Esther
Acts 20:4	Certain people traveled with Paul. A man named Sopater [who was the son of Pyrrhus] [and who was born in the city named Berea] traveled with Paul. And a man named Aristarchus and another man named Secundus traveled with Paul. Those two men were from the city named Thessalonica. And a man named Gaius [who was from the town named Derbe] traveled with Paul. And Timothy also traveled with Paul. And a man named Tychicus and another man named Trophimus traveled with Paul.  These two men were from the province named Asia.	Acts
Daniel 8:13	Then I(Daniel) heard [a holy angel speaking].  And another holy angel asked that angel, ["How long will these things happen]? When will this vision become true?  This vision is about people [who give sacrifices to God each day], people [who refuse [to continue obeying the LORD]], and people [who give the LORD's temple to other people]. And this vision is about the horn [that is walking on the LORD's people]."	Daniel
Matthew 5:30	And [if your(person's) right hand causes [you(person) to sin],] you(person) (imp) cut-off that hand. And you(person) (imp) throw-away that hand. [You(person) lose one part of your(person's) body] is bad. But [your(person's) whole body is thrown by God _implicit into hell] is more bad.	Matthew
Genesis 36:26	Dishon had sons named Hemdan, named Eshban, named Ithran, and named Keran.	Genesis
Mark 15:6	(paragraph) During every holiday/feast of Passover _implicit Pilate freed for-C the people 1 prisoner [that the people chose] .	Mark
Matthew 26:24	The Son-of-man _1stas3rd will die [just-like the Scriptures say [the Son-of-man _1stas3rd will die]]. But the man [who gives the Son-of-man _1stas3rd to the Son-of-man's _1stas3rd enemies] will much suffer! [That man was born] is-V bad for _beneficiary that man."	Matthew
Joshua 10:20	So Joshua and the Israelites completely defeated the Amorites. But a few of the Amorite soldiers ran/escaped to the soldiers' cities [which had very big walls].	Joshua
Joshua 19:27	Then the border went to Beth-Dagon and Zebulun.  Then the border went to the valley-Iphtah-El. Then the border went to Beth-Emek, Neiel, and Kabul.	Joshua
Daniel 7:2	Daniel wrote, ["[While I(Daniel) was sleeping] God showed a vision to me(Daniel)]. I(Daniel) saw [the four winds of heaven making big waves in the great sea].	Daniel
Genesis 1:1	God started creating the heavens and the earth.	Genesis
Mark 1:20	Jesus immediately called James and John. James and John left-B the father of James and John named Zebedee [who stayed in the boat with the men [whom Zebedee employed ]]. And James and John followed-B Jesus.	Mark
Esther 2:4	Then you(king) will choose the woman [that you(king) like most]. That woman will become the queen. Then Vashti will not be the queen." The king liked this plan. So the king told [officials [that were in each country] to bring beautiful young women [that did not sex a man] to the palace].	Esther
Joshua 16:7	Then the border went from Janoah to Ataroth.  Then the border went to Naarah and Jericho. Then the border went to the river-Jordan.	Joshua
1 Samuel 14:21	Previously some Israelites went to the Philistines’ camp [in order to join the Philistine soldiers].  But now those Israelites also started helping Saul and Jonathan [fight the Philistines].	1_Samuel
2 Samuel 1:4	David asked that man, ["Which thing happened at the Israelite's camp]?  (imp) you(man) tell me(David)!"The man said, ["The Israelites run-away from the enemy's soldiers]. The Philistines killed many Israelites. Saul and Saul's son named Jonathan are dead."	2_Samuel
Genesis 42:3	So 10 of Joseph's brothers went to Egypt [in-order-to buy grain].	Genesis
2 Samuel 1:6	The young man answered, ["I(man) was on mount-Gilboa]. And I(man) saw Saul. Saul was standing at that place. And Saul was leaning on Saul's spear. Philistine soldiers [that were riding chariots] were close to Saul.	2_Samuel
Ruth 4:6	The man/kinsman-redeemer said, ["Then I(man) am not able [to buy/redeem that land]]. [If I(man) marry Ruth] [and if Ruth gives birth to a son] my(man’s) sons might receive/inherit less land from me(man). So you(Boaz) (imp) buy/redeem that land for yourself(Boaz). I(man) an not able [to buy/redeem that land"].	Ruth
Joshua 11:5	All of those kings met at a place named the Waters-of-Merom.  And those kings agreed [to fight the Israelites].	Joshua
Mark 2:18	(title) People ask Jesus about people [who do not eat food [in order to pray]] . (paragraph) The people [who followed _routinely John the Baptist ] and the Pharisees were not eating food [in order to pray]. Some people came to Jesus. And those people said to Jesus, ["The people [who follow _routinely John] and the people [who follow _routinely the Pharisees] are not eating food [in order to pray ]]. (rhetorical) Why do the people [who follow _routinely you(Jesus)] not stop eating food [in order to pray]? (statement) The people [who follow _routinely you(Jesus)] should also not eat food [in order to pray]".	Mark
Joshua 13:10	A man named Sihon was the king of the Amorites. Sihon was ruling all of the people [who were living in the towns [that were in that region]].  King Sihon was living in the city named Heshbon. And King Sihon ruled the region [that was next to the Ammonites].	Joshua
1 Samuel 21:2	David answered Ahimelek, ["The king told [me(David) to do a certain thing for the king]]. The king said to me(David), ["You(David) (imp) do not tell people about the thing [that you(David) will do for me(Saul)]"]. And I(David) told [my(David's) soldiers to meet me(David) at a certain place].	1_Samuel
2 Samuel 15:5	And [whenever a person came near Absalom [in order to bow to Absalom]] Absalom held that person's hand.  And Absalom greeted that person.	2_Samuel
Mark 9:22	The spirit often caused [the boy to fall into fire and water] [in-order-to kill the boy]. But [if you(Jesus) are able [to do a thing for the boy _implicit],] you(Jesus) (imp) pity us(father) _excl. And you(Jesus) (imp) help us(father) _excl."	Mark
Joshua 5:12	[After the Israelites ate that food] Yahweh stopped giving manna to the Israelites. The Israelites stopped receiving manna on that day. That year the Israelites ate the food [that people grew in Canaan].	Joshua
1 Samuel 10:3	Then you(Saul) will continue walking [until you(Saul) arrive at the big tree [that is at Tabor]]. 3 other men will meet you(Saul) near that tree. Those men will be walking to Bethel [in-order-to worship God].  One of those men will be carrying 3 young goats.  Another man will be carrying 3 loaves of bread. And the other man will be carrying a bag [that contains wine].	1_Samuel
Joshua 24:14	Now (imp) you(Israelites) fear Yahweh. And (imp) you(Israelites) serve Yahweh faithfully. (imp) You(Israelites) throw-away the gods [that your(Israelites') ancestors worshiped]. Your(Israelites') ancestors worshiped those gods [when your(Israelites') ancestors lived on the other side of the river-Euphrates and in Egypt]. Now you(Israelites) (imp) serve Yahweh.	Joshua
Genesis 27:35	But Isaac said to Esau, ["The brother of you(Esau) tricked me(Isaac)!]  Jacob caused [me(Isaac) to bless Jacob instead-of you(Esau).]"	Genesis
Matthew 7:27	Then _implicit the rain _frameInferable fell-A. The rivers [(implicit-situational) that were by that house] became deep. And the winds blew-A much on that house. So that house fell. And that house was completely destroyed by the rain, the rivers and the winds _allThreeImplicitActiveAgents."	Matthew
Mark 10:11	Jesus said to those followers/disciples, ["A man [who ended that man's marriage [that is with that man's wife]] [and who marries another woman] does a bad-B thing to that man's previous wife [by not being faithful to that man's previous wife]].	Mark
Joshua 14:6	(title) Joshua gives land to Caleb.  One day [when Joshua was in Gilgal] Caleb and several other men [who were in the tribe named Judah] came to Joshua.  Caleb was the son of Jephunneh [who was a Kenizzite]. Caleb said to Joshua, [“Do you(Joshua) remember the things [that Yahweh said to Moses at Kadesh-Barnea]]?  Yahweh spoke to Moses about you(Joshua) and me(Caleb).	Joshua
1 Samuel 10:13	[After Saul stopped speaking the words of Yahweh], Saul went to the mountain [that people worship God at].	1_Samuel
Mark 2:28	(literal) So the Son-of-man is Lord of the seventh day of the week. (dynamic) So I(Jesus) [who am the Son-of-man] have authority [in-order-to choose the things [that people may _permissive do on the seventh day of the week]]."	Mark
Genesis 12:19	Why did you(Abram) say, ["Sarai is my(Abram's) sister"]? [Because you(Abram) told me(king) [that Sarai is your(Abram's) sister]] I(king) married Sarai. You(Abram) (imp) take Sarai. and you(Abram) (imp) leave this place!"	Genesis
1 Samuel 24:6	David said to those men, ["I(David) should not have treated Saul badly]. Saul is my(David’s) master.  Yahweh chose/anointed [Saul to be our(David's) king]."	1_Samuel
Genesis 6:12	God saw [that the people were evil].  All the people [who lived on the earth] except Noah sinned often.	Genesis
Matthew 7:24	(title) Jesus says [there are wise people and stupid/foolish people]. (paragraph) Therefore, every person [who hears my(Jesus's) words] [and who does those things [that I(Jesus) am saying]] be-U like a wise person _otherThingList [who built that person’s house on stone].	Matthew
Mark 6:49	But [when those followers/disciples saw [Jesus walking on the lake],] those followers/disciples thought [Jesus was a spirit/ghost]. And those followers/disciples cry-out/screamed.	Mark
Daniel 8:8	The goat became very great. But [when the goat was great] the goat's big horn broke. Then four big horns grew. One horn pointed to the north. One horn pointed to the south. One horn pointed to the west. And one horn pointed to the east.	Daniel
Ruth 4:20	Amminadab had a son named Nahshon. Nahshon had a son named Salmon.	Ruth
Matthew 14:33	Then the followers/disciples [who were in the boat] honored/worship Jesus. Those followers/disciples said, ["It is-V true [you(Jesus) are the Son-of-God]"].	Matthew
Genesis 1:8	God called this place the sky.  God did these things on the second day.	Genesis
Daniel 11:27	These two kings will want [to do evil things]. These two kings will sit at a table. But these two kings will say false things to each-other(kings). The plans of these two kings will fail. God has already chosen the time [that these two kings will die].	Daniel
Genesis 28:14	There are many pieces of dust on the earth.  The number of the descendants of you(Jacob) will be like the number of pieces of dust. The descendants of you(Jacob) will live in all places [that are on the earth].  The descendants of you(Jacob) will live in the western region, and in the eastern region, and in the northern region, and in the southern region. and all the families [who live on the earth] will be blessed by me(Yahweh) through you(Jacob) and through the descendants of you(Jacob).	Genesis
Acts 20:36	Then Paul stopped talking. And Paul knelt with all those people. And all those people prayed.	Acts
Matthew 25:18	(literalunits) But the servant-B [who received 1 talent] left. (modernunits) But the servant-B [who received 1 bag left]. And [after digging a hole in the ground,] that servant-B hid the money of that servant's master-A.	Matthew
Matthew 8:34	Then all _hyperbolic the people go-out of the city [in order to meet Jesus]. And [when those people saw Jesus,] those people asked/beg Jesus much [to leave those people's area/region].	Matthew
Matthew 7:10	(rhetorical) Or, [if that son asks that person _implicit for a fish,] will that person give a snake to that person’s son? (statement) Or, [if that son asks that person _implicit for a fish,] that person will not give a snake to that person’s son.	Matthew
Genesis 37:16	Joseph answered, ["I(Joseph) am looking for my(Joseph's) brothers]. My(Joseph's) brothers brought our(Joseph) livestock to this region [so that the livestock could eat the grass].  Did you(man) see my(Joseph's) brothers?"	Genesis
2 Samuel 12:4	One day a friend visited the rich man. The rich man (implicit-info) wanted [to feed that friend]. But that rich man did not want [to kill one of the rich man's sheep or one of the rich man's cows]. Instead that rich man take-away the female lamb from the poor man. Then that rich man killed that lamb. And that rich man cooked that lamb for the friend."	2_Samuel
2 Samuel 23:9	The second powerful soldier was a man named Eleazar.  Eleazar was the son of Dodai. And Dodai was the son of Ahohi.  Eleazar and 2 other strong soldiers were with David [when David called/taunted the Philistines at Pas-Dammim]. The Philistines were preparing to fight the Israelites.  But Israel's soldiers run-away/retreated.	2_Samuel
1 Samuel 4:21	That daughter-in-law named that baby Ichabod.  That daughter-in-law said, ["Israel's glory left us(Israelites)."] That daughter-in-law said those words [because the Philistines captured the Ark-of-the-Covenant]. And that daughter-in-law said those words [because that daughter-in-law's father-in-law and husband were dead]. Ichabod (footnote) means no glory.	1_Samuel
Genesis 15:20	And the Hittite, Perizzite and Rephaite live in this land also.	Genesis
2 Samuel 15:20	You(Ittai) came a few days ago. Why should you(Ittai) go with us(David) to a different place? I(David) do not know the place [that I(David) will go to]. So (imp) you(Ittai) return to Jerusalem. And (imp) you(Ittai) take the other people [who came from Gath] to Jerusalem. I(David) hope [that God will be kind to you(Ittai)]."	2_Samuel
1 Samuel 14:30	[If the soldiers had eaten the food [that the soldiers took from the soldiers’ enemy today]] the soldiers would have killed more Philistines!"	1_Samuel
Acts 17:15	The men [who walked with Paul to the coast] led Paul to the city named Athens. Then Paul instructed the people [who believe in Jesus] to tell Silas and Timothy [that Silas and Timothy should come quickly to the place [where Paul was staying].	Acts
Matthew 12:36	But I(Jesus) tell you(Pharisees) [on the day [when God will judge all the people of the earth ] every person will certainly need [to explain that person's words]]. Every person will explain the reason [why that person said every word [that that person said]] [even-though that person said that word carelessly].	Matthew
Genesis 37:15	[After Joseph arrived in Shechem] a man saw [Joseph wandering in the field]. Then the man asked Joseph, ["What are you(Joseph) looking for?"]	Genesis
Matthew 24:14	(complex) And the Good-News of the kingdom-B of God _GodImplicit will be taught/preached by followers/disciples _implicitActiveAgent to the whole world of the people _metonymy [so that all the nations will hear that Good-News]. (simple) And the Good-News of God [who rules people] will be taught/preached by followers/disciples _implicitActiveAgent to the whole world of the people _metonymy [so that all the nations will hear that Good-News]. Then-A the end-A of the world _implicit will come.	Matthew
Mark 8:14	(title) Jesus warns-C Jesus's followers/disciples about the Pharisees and Herod. (paragraph) Jesus's followers/disciples forgot-B [those followers/disciples to bring enough _implicit bread]. But those followers/disciples had 1 piece/loaf in the boat.	Mark
1 Samuel 17:43	Goliath said to David, ["Am I(Goliath) a dog]? Will you(David) fight me(Goliath) with a stick [like people fight dogs]?" Then Goliath called the gods of the Philistines. And Goliath cursed David.	1_Samuel
Titus 2:12	God teaches us(Paul) [that we(Paul) should please God] [by treating us(Paul) kindly] . And God teaches us(Paul) [that we(Paul) should not greatly want the things [that people [who do not follow  Christ Jesus] want]]. And God teaches us(Paul) [that we(Paul) should act wisely]. God teaches us(Paul) [that we(Paul) should act now [so that we(Paul) would please God]].	Titus
Genesis 3:12	Then the man said, ["The woman [that you(God) gave to me(Adam)] gave the fruit to me(Adam)]. and I(Adam) ate the fruit."	Genesis
1 Samuel 14:50	Saul's wife's name was Ahinoam.  Ahinoam was the daughter of Ahimaaz. A man named Abner was the leader/commander of Saul's army. Abner was the son of Ner. And Ner was Saul's uncle.	1_Samuel
Matthew 12:41	The people of Nineveh named the city _implicitType will stand-up-A with this group/generation of people [who (implicit-situational) live now] on the day [when God will judge all people of the earth]. And those people of Nineveh will condemn this group/generation. For those people repented [when Jonah teach/preach those people]. And you(people) (imp) listen/behold. A person [who is greater than Jonah] is here.	Matthew
Genesis 18:22	The 2 men were angels. So the 2 angels started walking toward Sodom. but Abraham stood in-front-of Yahweh.	Genesis
1 Samuel 22:12	Saul said to Ahimelek, ["Ahitub’s son, you(Ahimelek) (imp) listen to me(Saul)]." Ahimelek said, ["You(Saul) are my(Ahimelek's) master]."	1_Samuel
Joshua 7:21	[While we(Israelites) were attacking the city] I(Achan) saw a beautiful robe [that a person made in Babylonia]. And I(Achan) saw silver -quantity about 2 kilograms.  And I(Achan) also saw gold -quantity about .5 kilograms. I(Achan) wanted those things. So I(Achan) took those things. You(Joshua) will find those things under my(Achan's) tent. I(Achan) buried those things under my(Achan's) tent. The silver is under the other things."	Joshua
2 Samuel 9:5	So King David’s servants brought Jonathan’s son from Makir’s house to David. Makir’s house was in Lo-Debar. Makir was Ammiel’s son.	2_Samuel
Mark 6:20	For Herod was afraid-B of John [because Herod knew [John was a good/righteous and special/holy man]]. So Herod protected John. [Whenever Herod listened to John,] Herod was very upset/troubled. But Herod enjoyed [Herod listening to John].	Mark
Genesis 47:13	-Title Joseph buys land for the king. Later the famine became very bad. The people [who lived in Egypt and in Canaan] became very poor [because people were not able [to harvest crops]].	Genesis
Joshua 12:17	The Israelites defeated the king of Tappuah and the king of Hepher.	Joshua
Joshua 4:14	On that day Yahweh caused [all of the Israelites to think [that Joshua was a great man]]. After that day the Israelites respected Joshua [just-like the Israelites previously respected Moses].	Joshua
Daniel 1:5	The king allowed [these young men to eat the king's food]. And the king allowed [these young men to drink the king's wine]. These young men studied for three years [in order to serve the king].	Daniel
Joshua 8:6	Those soldiers will chase us(Israelites). And we(Israelites) will continue running from those soldiers [until all of those soldiers are away from the city]. Those soldiers will think [that we(Israelites) are afraid of those soldiers [just-like we(Israelites) were afraid of those soldiers a few days ago]].	Joshua
Joshua 4:6	Yahweh will use those 12 stones [to remind you(people) [that Yahweh caused [the Jordan River to stop flowing]]]. After many years your(people's) children will ask you(men), ["Why are these stones at this place?"]	Joshua
Joshua 15:20	So Yahweh gave land to the tribe named Judah. Each group of families owned a part of that land.	Joshua
Matthew 20:12	Those people/workers said to that man _implicit, ["The people/workers [who began to work last] worked for only 1 hour]. But you(man) gave to those people/workers the same money/wages [that you(man) gave to us(workers)]. We(workers) worked for the whole day [when the weather was hot]."	Matthew
Genesis 30:14	Later [when wheat was being harvested by people] Reuben went to a field. and Reuben found some mandrake. and Reuben brought those mandrake to Reuben's mother named Leah. Then Rachel said to Leah, ["Please give some mandrake [that your(Leah's) son found] to me(Rachel)."]	Genesis
Matthew 15:9	These people honor/worship me(God) without a reason. For these people teach-B religious _implicit customs/traditions [that people made]. (footnote) You(people) (imp) see Isaiah 29:13.	Matthew
1 Samuel 3:5	Then Samuel ran to Eli. And Samuel said, ["I(Samuel) am at this place]. You(Eli) called me(Samuel)." But Eli said to Samuel, ["I(Eli) did not call you(Samuel)]. You(Samuel) (imp) return to your(Samuel's) bed. And you(Samuel) (imp) lie down." So Samuel returned to Samuel's bed. And Samuel lay down.	1_Samuel
2 Samuel 17:18	But a certain young man saw Jonathan and Ahimaaz. That man told Absalom [that Jonathan and Ahimaaz were waiting outside the city]. So Jonathan and Ahimaaz run-away quickly. Then Jonathan and Ahimaaz went to a man's house [that was in Bahurim]. There was a well near that man's house. So Jonathan and Ahimaaz climbed into that well.	2_Samuel
Genesis 9:19	These three men were Noah's sons. All the people [that live on earth today] are descendants of these three sons.	Genesis
Matthew 20:34	_paragraph Jesus pitied those men _dual. And Jesus touched those men's _dual eyes. Immediately those men became able [to see]. And those men _dual followed-A Jesus.	Matthew
Matthew 11:29	(complex) You(people) (imp) put on you(people) the yoke [that I(Jesus) give you(people)]. (simple) You(people) (imp) obey my(Jesus's) commands. And you(people) (imp) learn things _implicit from me(Jesus). For I(Jesus) am gentle. And I(Jesus) am not proud in my(Jesus's) heart-A. (complex) Then-D your(people's) souls will rest peacefully _implicit. (simple) Then-D you(people) will rest peacefully _implicit.	Matthew
Matthew 3:6	Those people admitted/confess [those people sinned ]. Then those people were dipped/baptized by John in the river-Jordan .	Matthew
Mark 8:36	(literal) (rhetorical) What does a person gain [by owning the whole earth] [if a person loses that person's soul]? (literal) (statement) A person does not gain a thing [by owning the whole earth] [if a person loses that person's soul]. (dynamic) (rhetorical) What does a person gain [by owning the whole earth] [if that person will not live forever _implicit with God _implicit]? (dynamic) (statement) A person does not gain a thing [by owning the whole earth] [if a person will not live forever _implicit with God _implicit].	Mark
Genesis 29:27	You(Jacob) should stay with Leah for 1 week.  Then I(Laban) will allow [you(Jacob) to marry Rachel also]. But you(Jacob) must work for me(Laban) for 7 more years."	Genesis
Mark 15:37	(paragraph) Then Jesus shouted loudly. And Jesus died.	Mark
Genesis 34:13	Then the sons of Jacob lied to Shechem and the father of Shechem [because Shechem attacked Dinah].	Genesis
Mark 10:44	And [if a person wants [to become the most important person among you(followers)],] a person must become the servant/slave of all of you(followers).	Mark
Matthew 8:20	(paragraph) But Jesus said, ["Foxes have holes [(implicit-situational) that those foxes live in]]. And birds have nests _inLDV. But the Son-of-man does not have a place [that the Son-of-man is able [to rest] at]".	Matthew
Matthew 9:34	_paragraph But the Pharisees said to those people _implicit, ["Jesus forces [evil spirits/demon to leave people] [by using the power of the leader/prince of evil spirits/demon]."]	Matthew
Matthew 13:24	(title) Jesus tells a story/parable [that is about plants [that people do not want]] . _paragraph Jesus told Jesus's followers/disciples another parable. (complex) Jesus _implicitNecessary said _implicitNecessary, ["The kingdom-B of heaven is-U like a man [who scattered good seeds in that man's field]]. (simple) Jesus _implicitNecessary said _implicitNecessary, ["God rules the world [just-like a man [who had good seeds] scattered good seeds in that man's field]].	Matthew
Nehemiah 6:7	And those people say [that you(Nehemiah) also chose people/prophets [that will help you(Nehemiah)]].  Those people/prophets will announce/proclaim in Jerusalem, ["There is a king in Judah!"]. The king will certainly hear about these things. So you(Nehemiah) (imp) come to us(Sanballat).  Let us(Sanballat) meet."	Nehemiah
Genesis 43:1	So the brothers stayed in Canaan.  But there was still a famine in Canaan.	Genesis
1 Samuel 15:8	Saul captured Agag [who was the king of the Amalekites]. Saul did not kill Agag.  But Saul killed all of the people [that Agag ruled].	1_Samuel
Matthew 24:42	_paragraph (literal) Therefore you(followers) (imp) be awake . (dynamic) Therefore you(followers) (imp) be ready-A. For you(followers) do not know the day [that the Son-of-man _1stAs3rd will return-B on].	Matthew
Joshua 8:12	On the previous day Joshua sent about 5000 men [to hide in a certain place [that was between Bethel and Ai]].  That place was on the western side of Ai. (footnote) Those 5000 men were probably some of the 30000 men [that Joshua sent to that place].	Joshua
Nehemiah 7:73	So the priests and the people [that were in the tribe named Levi] went to those people's towns. And the people [that sang songs], the people [that worked in the temple], and the people [that guarded the gates] went to those people's towns.  And all of the other people of Israel went to those people's towns.  The people of Israel made the Israelites' houses in the Israelites' town.	Nehemiah
Mark 9:9	(paragraph) [While Jesus and those followers/disciples come-down from the mountain,] Jesus commanded those followers/disciples [those followers/disciples not to tell-C people yet _implicit about the things [that those followers/disciples saw], [until the Son-of-man _1stas3rd becomes alive again [after the Son-of-man _1stas3rd dies]]].	Mark
Genesis 20:17	Then Abraham prayed to God. and God healed Abimelech. and God healed Abimelech's wife and Abimelech's female servants. Then these woman were able [to birth children].	Genesis
2 Samuel 22:26	You(Yahweh) are faithful to people [who are faithful to you(Yahweh)].    You(Yahweh) are good to people [who are good].	2_Samuel
Acts 16:14	One of those women [who was listening to us(disciples) speak] was named Lydia. Lydia bought purple cloth from people who lived in a city named Thyatira.  And Lydia sold that purple cloth to the people who lived in Philippi.  Lydia was a person [who believed in God].  God caused [Lydia to believe the message [that Paul said]].	Acts
Ruth 3:6	So Ruth went to the place [that people separate grain/barley from the plants at].  And Ruth did all of the things [that Ruth’s mother-in-law told [Ruth to do]].	Ruth
Genesis 18:5	and I(Abraham) will bring bread to you(men). you(men) will feel strong again [after you(men) eat]. Then you(men) may continue traveling."  The 3 men said, ["Yes, you(Abraham) (imp) bring the bread to us(men)].  We(men) will rest."	Genesis
Genesis 11:19	Peleg lived for 209 years [after Reu was born]. and Peleg had other children.	Genesis
Esther 5:4	Then Esther said to the king, ["I(Esther) prepared a feast for you(king)]. Will you(king) and Haman come to this feast?"	Esther
2 Samuel 15:2	On each day Absalom woke up early. And Absalom stood near the gate of the city.  People [who had problems] often came to Jerusalem [in order to talk to King David]. Those people wanted [the king to help those people]. [Whenever a person [who had a problem] came to the city], Absalom called that person. And Absalom asked that person, ["Which town are you(person) from?"] The person answered, ["I(person) am from one of Israel's tribes."]	2_Samuel
Genesis 36:15	The leaders of the Edomites were descendants of Esau. The following men were the leaders of the people [that were descendants of Esau]. Esau's first son was Eliphaz. Teman, Omar, Zepho, Kenaz, Korah, Gatam, and Amalek were the leaders [who were sons of Eliphaz].	Genesis
Joshua 10:31	Then Joshua and all of the Israelites traveled from Libnah to Lachish.  And the Israelites camped near Lachish. Then the Israelites attacked that city.	Joshua
Genesis 40:1	-Title Joseph explains 2 dreams. Later 2 officers of the king caused [the king to become angry].  These 2 officers were the man [who made wine for the king] and the man [who baked bread for the king].	Genesis
Matthew 4:16	The people [who were living in darkness] in this land _implicit saw a great light. (literal) A light started to shine on the people [who were living in the land of the shadow of death]. (dynamic) A light started to shine on the people [who were living [just-like those people were not alive]]." (footnote) You(people) (imp) see Isaiah 9:1 and 9:2.	Matthew
Nehemiah 3:18	Other people [who were in the tribe named Levi] repaired the next part of the wall. A man named Binnui [who was a son of Henadad] led those people. Binnui ruled the people [who were in the other half of the region named Keilah].	Nehemiah
Esther 4:1	[when Mordecai heard about the new law] Mordecai was very sad. Mordecai tore Mordecai's clothes. Then Mordecai put on clothes [that were made of sackcloth]. and Mordecai put ashes on Mordecai's body. Then Mordecai went to the city. Mordecai cried loudly [because Mordecai was very sad].	Esther
Matthew 26:66	What do you(priests) think-A?" _paragraph The priests _frameInferable answered, ["This man deserves [to die]"].	Matthew
Genesis 42:35	[After the brothers told Jacob about all these things] the brothers took out the grain from the brothers' bags.  Then the brothers found money in all the bags. Then the brothers and Jacob became very afraid.	Genesis
Matthew 10:19	But [when those people take-away/arrest you(disciples),] you(disciples) (imp) do not worry about the words [that you(disciples) will say]. (literal) At-that-time you(disciples) will receive from the Holy-Spirit _implicit the words [that you(disciples) should say]. (dynamic) At-that-time the Holy-Spirit _implicitNecessary will cause [you(disciples) to know the words [that you(disciples) should say]].	Matthew
Joshua 19:38	The tribe named Naphtali also owned the towns named Iron, Migdal-El, Horem, Beth-Anath, and Beth-Shemesh. Therefore the tribe named Naphtali owned 19 towns. And the tribe named Naphtali also owned the villages [that were near those towns].	Joshua
Joshua 17:12	But the people [that were in the tribe named Manasseh] were not able [to defeat the people [who were living in those cities]]. So the Canaanites continued living in those cities.	Joshua
Nehemiah 9:9	You(Yahweh) saw [our(Israelites’) people/ancestors suffering in Egypt]. And you(Yahweh) heard [those people cry to you(Yahweh)  at the sea-Red].	Nehemiah
1 Samuel 14:17	(implicit-info) Saul's soldiers told Saul [that the Philistine soldiers were run-away].  So Saul said to Saul's soldiers, ["You(soldiers) (imp) call all of the soldiers].  And you(soldiers) (imp) find out [who left our(Israelites') camp]."  So the soldiers found out [that Jonathan and the soldier [that carried Jonathan's shield] left the camp].	1_Samuel
Daniel 5:6	The face of the king became very white. And the king was afraid. The king's knees and the king's legs began to shake.	Daniel
Mark 11:29	(paragraph) But Jesus said to those chief priests, those people/scribes and those older leaders, ["I(Jesus) will ask you(priests) 1 question]. You(priests) (imp) first _implicit tell-D to me(Jesus) the answer of my(Jesus's) question _implicit. Then-D I(Jesus) will tell-C to you(priests) about the authority [that I(Jesus) have [in-order-to do these things]].	Mark
Matthew 17:22	(title) Jesus talks about Jesus's death again. _paragraph Then Jesus and the followers/disciples met-C in Galilee. Jesus said to those followers/disciples, ["The Son-of-Man _1stAs3rd will soon _implicit be given to the Son-of-Man's enemies by a person _implicitActiveAgent].	Matthew
Matthew 1:4	Ram became the father of Amminadab. Amminadab became the father of Nahshon. And Nahshon became the father of Salmon.	Matthew
Daniel 6:3	The work [that Daniel did] was better than the work [that the other officials did]. The king knew [that Daniel did Daniel's work very well]. So the king wanted [Daniel to oversee the entire kingdom].	Daniel
Matthew 14:10	So Herod of a soldier _metonymy cut-off John's head in the prison.	Matthew
2 Samuel 2:30	[After Joab stopped chasing Abner] Joab returned to Joab's soldiers. Then Joab counted the soldiers.  Only Asahel and 19 of David’s other soldiers were dead.	2_Samuel
Matthew 16:28	_paragraph I(Jesus) am telling you(followers) the truth. (complex) Some of the people [who are standing here] will not die [until those people see [the Son-of-Man _1stAs3rd coming in the Son-of-Man's _1stAs3rd kingdom]]. (simple) Some of the people [who are standing here] will not die [until those people see [the Son-of-Man _1stAs3rd ruling people with power _inLDV]].	Matthew
Genesis 13:10	Lot looked at all the places [that were in that region]. and Lot saw that [much water was in the plain [where the Jordan is]]. That place was like Yahweh's garden. That place was like the beautiful places in Egypt. -Footnote At that time Yahweh had not destroyed Sodom and Gomorrah [which are two cities [that were in this plain]].	Genesis
Joshua 3:15	During the season [when people harvest crops] the Jordan River is very deep. The priests [who were carrying the ark-of-the-covenant] stepped into the water.	Joshua
Matthew 3:11	(paragraph) I(John) wash/baptize you(people) [who repent] with water . But a person [who is greater than me(John)] will come soon. [Because I(John) am much less good/worthy than that person,] I(John) should not even carry that person’s shoes/sandals. That person will wash/baptize you(people) with the Holy-Spirit and fire.	Matthew
Joshua 19:15	And the tribe named Zebulun owned the towns named Kattath, Nahalal, Shimron, Idalah, and Bethlehem. Therefore the tribe named Zebulun owned 12 towns.  And the tribe named Zebulun also owned the villages [that were near those towns].	Joshua
Matthew 26:37	Jesus walk-away with Peter and the 2 sons of Zebedee. (implicit-situational) Those 2 sons were James and John. And Jesus became very sad and upset/troubled.	Matthew
Genesis 24:19	[After the servant finished drinking water] Rebekah said, ["I(Rebekah) will also pour some water into the trough [so that your(servant's) camels could drink water]."]	Genesis
1 Samuel 17:17	One day Jesse said to Jesse's son named David, ["You(David) (imp) take this grain [that I(Jesse) roasted] and these ten loaves of bread to your(David's) brothers]. You(David) (imp) go quickly to the place [that your(David's) brothers are camping at].	1_Samuel
Matthew 20:16	_paragraph (literal) So the people [who are last now _implicit] will be first in the future _implicit. (dynamic) So the people [who are least important now _implicit] will be most important in the future _implicit. (literal) And the people [who are first now _implicit] will be last in the future _implicit. (dynamic) And the people [who are most important now _implicit] will be least important in the future _implicit."	Matthew
Genesis 17:17	Then Abraham bowed to God. But Abram laughed. Abraham said to Abraham, ["Is a man [that is 100 years old] able [to have a child]?] Is Sarah [who is 90 years old] able [to birth a child]?"	Genesis
Joshua 21:23	The Israelites also gave towns [that the tribe named Dan owned] to the other families [that were Kohath’s descendants]. The tribe named Dan gave the towns named Eltekeh and Gibbethon to those families.	Joshua
Nehemiah 3:28	A group of priests repaired the wall [that led to the gate-Horse]. Each priest repaired the part of the wall [that was in-front-of that priest’s house].	Nehemiah
1 Samuel 25:15	Those men treated us(servants) very kindly. Those men did not hurt us(servants).  And those men did not steal things from us(servants) [while  we(servants) were in the fields with those men].	1_Samuel
Matthew 13:8	Other seeds fell on good soil. Those seeds produced many plants. Some plants produced 100 new seeds. Some plants produced 60 new seeds. And some plants produced 30 new seeds.	Matthew
Genesis 50:15	(title) Joseph's brothers are afraid of Joseph. [when Joseph's brothers saw [that Joseph's brothers' father was dead]] Joseph's brothers said to each-other(brothers), ["Joseph might be very angry at us(brothers) [because we(brothers) treated Joseph badly]]. So Joseph might want [to punish us(brothers)]. What should we(brothers) do?"	Genesis
2 Samuel 12:3	But the poor man did not have many things. That man had one little female lamb [that that man bought]. The poor man took care of that lamb. And that lamb grew up. The poor man's children loved that lamb. That lamb ate the man's food. And that lamb drank water from that man's cup.  That lamb slept with the man. That man took care of that lamb [just-like that man took care of that man's daughter].	2_Samuel
Genesis 30:11	And Leah said, ["I(Leah) am lucky."] So Leah named that child Gad. -Footnote Gad means lucky.	Genesis
Genesis 44:29	Now you(Judah) want [to take Rachel's other son from me(Jacob) also]. But some terrible thing might happen to this boy. Then I(Jacob) will be very sad [until I(Jacob) die]."	Genesis
Nehemiah 6:2	Sanballat and Geshem sent a message to me(Nehemiah). That message said, ["You(Nehemiah) (imp) come to us(Sanballat)]. Let us(Sanballat) meet in one of the villages [that is on the plain named Ono]." But I(Nehemiah) knew [that Sanballat and Geshem wanted [to hurt me(Nehemiah)]].	Nehemiah
1 Samuel 31:12	Then all of the brave soldiers [that lived in Jabesh-Gilead] walked/marched to Beth-Shan during the night.  And those soldiers took Saul’s body and Saul's sons’ bodies from the wall. Then those soldiers took those bodies to Jabesh. And those soldiers burned those bodies.	1_Samuel
Joshua 17:10	The tribe named Ephraim owned the land [that was on the southern side of that valley]. And the tribe named Manasseh owned the land [that was on the northern side of that valley]. The tribe named Manasseh also owned the land [that was between that valley and the sea-Mediterranean].  The tribe named Asher owned the land [that was on the northern side of the land that [the tribe named Manasseh owned]]. And the tribe named Issachar owned the land [that was on the western side of the land that [the tribe named Manasseh owned]].	Joshua
Matthew 13:35	Jesus _implicitNecessary said _implicitNecessary these things _implicitNecessary [so that the things [that God _implicitNecessary said through the prophet _frameInferable] happened/be-fulfilled]. That prophet said, ["I(God) will speak [by telling parables]]. I(God) will say things [that were hidden by me(God) _implicitActiveAgent [since the earth was made/created by me(God) _implicitActiveAgent]]." (footnote) You(people) (imp) see Psalms 78:2.	Matthew
Genesis 31:8	On one day Laban said to me(Jacob), ["[After the animals birth the animals' babies] I(Laban) will give all the babies of the animals [that have black marks] to you(Jacob)"]. [After Laban said those words] the animals birthed babies [that had black marks]. But then Laban said, ["[After the animals birth the animals' babies] I(Laban) will give all the babies of the animals [that have stripe] to you(Jacob)”]. Then all the animals birthed babies [that had stripe].	Genesis
Matthew 27:3	_paragraph [When Judas saw [Pilate _implicitNecessary decided [to punish Jesus]],] Judas was extremely sorry [because Judas betrayed Jesus]. And Judas returned-E the 30 silver coins _frameInferable to the chief priests and the old leaders in the big building _implicit [that Jews honor/worship God in].	Matthew
Mark 8:22	(title) Jesus heals a man [who is not able [to see]] in Bethsaida. (paragraph) Jesus and Jesus's disciples came to Bethsaida. And some people brought a man [who was not able [to see]] to Jesus. Those people asked/beg [Jesus to touch that man [(implicit-situational) in-order-to heal that man]].	Mark
Mark 1:14	(title) Jesus tells the Good-News to people. (paragraph) King Herod (implicit-subaction) take-away/arrested John. [While John was in a prison,] Jesus went to Galilee named the region _implicit. And Jesus taught/preach God's Good-News in that place.	Mark
Joshua 12:2	A man named Sihon was the king of the Amorites.  Sihon lived/reigned in the city named Heshbon.  Sihon ruled all of the people [who lived between the city named Aroer and the river-Jabbok].  Aroer was near the valley-Arnon.  And the river-Jabbok was the Ammonites' border.  So Sihon's land was beside the Ammonites' land.  And Sihon ruled half of Gilead.	Joshua
Genesis 15:3	And Abram said, ["[because You(Yahweh) did not give me(Abram) a son] a slave [who was born in my(Abram's) house] will inherit all my(Abram's) things"].	Genesis
1 Samuel 19:14	Then the men entered the house [in-order-to capture David]. But Michal said to those men, ["David is sick."]	1_Samuel
1 Samuel 26:20	You(Saul) (imp) do not let [me(David) die in a place [that is far from Yahweh]]. You(Saul) are a great king. So why are you(Saul) looking for me(David)?  I(David) am like a small insect/flea. You(Saul) are hunting me(David) [just-like a man hunts a bird in the mountains]."	1_Samuel
Matthew 12:43	_paragraph [When an evil/unclean spirit leaves a person,] that evil/unclean spirit travels much through dry places. That spirit tries [to find a place [where that spirit is able [to rest]]]. But that spirit does not find a place [where that spirit is able [to rest]].	Matthew
1 Samuel 25:3	That man’s name was Nabal.  And that man's wife’s name was Abigail. Abigail was wise and very beautiful. But Nabal was cruel to people. Nabal was a descendant of Caleb.	1_Samuel
2 Samuel 24:13	So Gad went to David. And Gad said to David, ["(imp) You(David) choose the thing [that Yahweh will do to Israel [in order to punish you(David)]]]. Should Yahweh cause [the people to be hungry for 3 years]? There will not be enough food in Israel for 3 years.  Or should Yahweh cause [your(David's) enemies to chase you(David) for 3 months]? Or should Yahweh cause [people [that are in your(David's) country] to become sick for 3 days]? You(David) must choose the thing [that Yahweh will do].  Yahweh sent me(Gad) to you(David). I(Gad) will tell Yahweh the answer [that you(David) say to me(Gad)]."	2_Samuel
1 Samuel 3:13	Previously I(Yahweh) told Eli [that I(Yahweh) will punish Eli's family forever]. Eli's sons sinned against me(Yahweh). And Eli knew [that Eli's sons were evil]. But Eli did not punish Eli’s sons.	1_Samuel
Genesis 18:19	I(Yahweh) have chosen Abraham [so that Abraham will teach the descendants of Abraham]. Then the descendants of Abraham will act good [just-like I(Yahweh) want [the descendants of Abraham to act good]]. Abraham's descendants will be righteous. Then I(Yahweh) will give the things [that I(Yahweh) promised to give] to Abraham."	Genesis
2 Samuel 2:17	[After those men died] the other men started fighting. Those men fought each-other(men) very hard. But David's soldiers defeated Abner and the Israelites' soldiers.	2_Samuel
1 Samuel 18:27	So David and David's soldiers went to a place [that some Philistines were at]. And David and David’s soldiers killed 200 Philistines. Then David brought the foreskins of those Philistines to Saul.  The king’s servants counted the foreskins [so that David could become the king’s son-in-law]. Then Saul allowed [David to marry Saul's daughter named Michal].	1_Samuel
Nehemiah 12:22	[When Eliashib, Joiada, Johanan and Jaddu were living] the names of the leaders of the families of the people [who were in the tribe named Levi] and the names of the priests were written in a book _implicit by people _implicit. Those names were written by people _implicit during the time [when Darius [who was from Persia] was ruling people _implicit].	Nehemiah
2 Samuel 3:34	A person did not tie Abner's hands.  A person did not put chains on Abner's feet.Abner died [like a person [that evil men kill] dies]."Then all of the people cried/mounred again for Abner.	2_Samuel
Nehemiah 11:25	The other people [who lived in Judah] lived in the towns and in the fields [that were near those towns]. Those people lived in the following towns. Kiriath Arba, the villages [that were near Kiriath Arba], Dibon, the villages [that were near Dibon], Jekabzeel, the villages [that were near Jekabzeel],	Nehemiah
Daniel 11:7	Later a man [who comes from the daughter's family] will become the king. That king will attack the army of the king of the north region. And that king will enter the palace of the king of the north region. The king of the south region will fight the king of the north region. And the king of the south region will defeat the king of the north region.	Daniel
Genesis 37:13	After a few days Israel said to Joseph, ["Your(Joseph's) brothers took the sheep to the fields [that are near Shechem] [so that the sheep could eat the grass at that place]].  You(Joseph) (imp) go to your(Joseph's) brothers." Joseph said, ["I(Joseph) will go"].	Genesis
Jonah 3:10	God saw the things [that those people did]. God saw [that those people stopped doing evil things].  So God pitied those people.  And God did not destroy those people.	Jonah
Genesis 2:18	-title God creates the first woman.  Then God said, ["[The man is alone] is not good].  I(God) will create a person [that will help the man]."	Genesis
Acts 2:4	But the leaders of Jerusalem did not agree with Jesus' disciples. So the leaders ordered [people to start killing the Christians]. But [when the leaders started killing Christians], the Spirit caused [the Jews [who were living in Jerusalem] to leave Jerusalem]. Then people [who were not Jews] started believing in Jesus.	Acts
1 Samuel 19:4	So Jonathan talked to Jonathan's father named Saul about David. Jonathan told Saul [that David was a good man]. Jonathan said, ["You(Saul) are the king]. And David is your(Saul's) servant. So you(Saul) should not treat David badly. David did not treat you(Saul) badly. David helped you(Saul) greatly.	1_Samuel
2 Samuel 9:7	David said to Mephibosheth, ["(imp) You(Mephibosheth) do not be afraid.] I(David) will treat you(Mephibosheth) kindly [because I(David) loved your(Mephibosheth's) father named Jonathan]. Your(Mephibosheth's) grandfather named Saul owned much-many land. I(David) will give all of that land to you(Mephibosheth). And you(Mephibosheth) will always eat with me(David)."	2_Samuel
2 Samuel 15:36	Zadok's son named Ahimaaz and Abiathar's son named Jonathan are with Zadok and Abiathar. [Whenever you(Hushai) hear about Absalom's plans] (imp) you(Hushai) send Ahimaaz and Jonathan to me(David). Then (implicit-info) Ahimaaz and Jonathan will tell me(David) about the things[that you(Hushai) heard]."	2_Samuel
Nehemiah 10:8	Maaziah, Bilgai and Shemaiah. Those people were priests.	Nehemiah
Matthew 24:36	(title) Jesus tells-B Jesus's followers/disciples [to be ready-C [the Son-of-man to return]]. _paragraph But no person knows-C the day [that (implicit-situational) the Son-of-man _1stAs3rd will return-B on] or the hour [that (implicit-situational) the Son-of-man _1stAs3rd will return-B at]. The servants/messenger [who come from God] [and that are in heaven] and the Son _1stAs3rd do not know that day or that hour. Only-B the Father-A knows that day and that hour. (footnote) Some copies/manuscripts of this part of the Scriptures do not include the words "and the Son".	Matthew
Joshua 15:50	And the tribe named Judah owned the towns named Anab, Eshtemoh, and Anim.	Joshua
Matthew 26:51	Immediately one man [who was there _implicit with Jesus] pull-out that man's sword. And that man hit-A the chiefest priest's servant-B with that sword _implicit [so that that sword cut-off that servant's ear].	Matthew
Genesis 1:19	God did these things on the fourth day.	Genesis
2 Samuel 19:4	The king covered the king's face with the king’s hands. And the king cried loudly, ["My(David's) son Absalom]! Absalom, my(David's) son, my(David's) son!"	2_Samuel
2 Samuel 3:10	I(Abner) will take away the kingdom from Saul’s family. Then I(Abner) will cause [David to become the king of Israel and Judah]. Then David will rule all of the people [that are between Dan and Beersheba]."	2_Samuel
Matthew 26:22	_paragraph So the followers/disciples became very sad. (norhetorical) And each follower/disciple asked Jesus, ["Lord-B, am I(follower) the follower/disciple [who will give you(Lord) to your(Lord's) enemies]?"] (statement) And each follower/disciple said to Jesus, ["Lord-B, I(follower) am certainly not the follower/disciple [who will give you(Lord) to your(Lord's) enemies]!"]	Matthew
Joshua 14:3	Earlier Moses gave land [that was on the eastern side of the Jordan River] to the tribe named Reuben, the tribe named Gad, and to half of the families [that were in the tribe named Manasseh]. But Moses did not give land to the tribe named Levi.	Joshua
2 Samuel 23:16	So the 3 important officers fought the Philistine soldiers[that were near Bethlehem]. Then those 3 officers took/drew water from the well [that was near Bethlehem’s gate]. Then those 3 officers brought that water to David. But David refused [to drink that water]. Instead David poured that water on the ground in front of Yahweh.	2_Samuel
2 Samuel 22:37	You(Yahweh) show a wide path to me(David).  Therefore my(David's) ankles do not break.	2_Samuel
Matthew 22:30	After the time [that dead people will become alive again at] men _generic will not marry women _implicit. (literal) And women _generic will not be given-B to men by those women's families _implicitActiveAgent [so that those women would marry those men]. (dynamic) And women _generic will not marry men _implicit. Instead, those people will be-U like the servants/messenger [_restrictive who come from God] _frameInferable [_descriptive who are in heaven] [(implicit-situational) _descriptive and who do not marry other servants/messenger [who come from God]].	Matthew
Nehemiah 4:17	The people [that carried stones to the wall] carried those stones with one hand. And those people held a weapon in the other hand.	Nehemiah
2 Samuel 6:6	[When the wagon came near the place [where Nakon threshed Nakon's grain]] the oxen tripped. The Ark of the Covenant (implicit-info) started falling from the wagon. So Uzzah grabbed God's Ark of the Covenant with Uzzah's hand. Uzzah (implicit-info) did not want [the Ark of the Covenant to fall].	2_Samuel
Nehemiah 13:16	People [who came from Tyre] [and who lived in Jerusalem] were bringing fish and many other kinds of things to Jerusalem. And those people were selling those things in Jerusalem to the people [that lived in Judah] on the seventh day of the week.	Nehemiah
1 Samuel 12:8	[After Jacob went to Egypt] Jacob's descendants cried out to Yahweh. Jacob’s descendants asked [Yahweh to help the descendants]. So Yahweh sent Moses and Aaron [in order to help the descendants]. Then Moses and Aaron led your(Israelites’) ancestors from Egypt.  And Moses and Aaron brought your(Israelites’) ancestors to this place [so that your(Israelites’) ancestors could live at this place].	1_Samuel
Nehemiah 7:39	The following people are the priests [that returned to Judah]. 973 descendants of Jedaiah returned. (Those priests were descendants of Jeshua.)	Nehemiah
Mark 5:37	(paragraph) Jesus went with Jairus _implicit, Peter, James, and John [who was the brother-C of James] to Jairus's house _implicit. But Jesus did not allow [other people to follow-A Jesus to Jairus's house _implicit ].	Mark
Genesis 26:18	[When Abraham was living] the servants of Abraham had dug many wells in that region. But [after Abraham died] the Philistines filled those wells with dirt. So Isaac dug those wells again. Isaac named each well the same name [that Abraham had named the well].	Genesis
Genesis 50:23	[Before Joseph died]  Ephraim had children and grandchildren. and Joseph's son named Manasseh had a son named Makir. Makir also had children.  Joseph loved these children and grandchildren.	Genesis
Joshua 11:18	Joshua fought those kings for many years.	Joshua
1 Samuel 11:8	So Saul lead all of the people to Bezek. 300000 men came from Israel. And 30000 men came from Judah.	1_Samuel
Joshua 4:15	Then Yahweh spoke to Joshua.	Joshua
1 Samuel 25:4	At that time David was in the desert.  And David heard [that Nabal was cutting Nabal's sheep’s hair/wool].	1_Samuel
Ruth 1:22	So Naomi and Ruth returned to Bethlehem from Moab. Naomi and Ruth arrived in Bethlehem during the season [that people harvest barley].	Ruth
Genesis 45:21	So Israel's sons did those things. Joseph gave wagons to Joseph's brothers [like the king commanded].  and Joseph also gave food to Joseph's brothers [so that Joseph's brothers could eat [while Joseph's brothers were traveling]].	Genesis
Matthew 14:35	[When the people [who lived at that place] recognized Jesus,] those people started telling other people throughout the whole area/region [Jesus was there]. People brought all those people's sick people to Jesus.	Matthew
Matthew 28:12	Then those chief priests met-B with the old leaders. And those chief priests and those old leaders planned the action [that those old leaders and those chief priests should do]. Those old leaders and those chief priests gave a big amount of money to those soldiers.	Matthew
Genesis 41:42	Then the king took off the king's ring.  That ring had the king's mark on the ring. Then the king put that ring on Joseph's finger. The king also gave expensive clothes to Joseph. and the king put a gold chain around Joseph's neck.	Genesis
Daniel 2:13	The king ordered [the king's guards to kill all the astrologers and all the magicians [that live in Babylon]]. So some of the king's guards went to Daniel's house [in order to kill Daniel and Daniel's friends].	Daniel
Matthew 26:21	And [while Jesus and the followers/disciples were eating,] Jesus said, ["I(Jesus) am telling you(followers) the truth]. One of you(followers) will give me(Jesus) to my(Jesus's) enemies."	Matthew
1 Samuel 6:19	But 70 men [who were from Beth-Shemesh] looked into the Ark-of-the-Covenant. So God killed those men. Then the people [who were from Beth-Shemesh] cried/mourned [because Yahweh punished those men].	1_Samuel
Joshua 19:4	And the tribe named Benjamin owned the towns named Eltolad, Bethul, and Hormah.	Joshua
Genesis 17:26	Abraham and Abraham's son were circumcised by a person on the same day.	Genesis
Matthew 2:20	That servant/angel said to Joseph _implicit, ["You(Joseph) (imp) get-up]. You(Joseph) (imp) take the child and the child’s mother. And you(Joseph) (imp) go to the land of Israel with the child _implicit and the child’s mother _implicit. For the people [who were trying [to kill the child]] are dead."	Matthew
Ruth 4:16	Then Naomi cared for the boy [like Naomi cared for Naomi's sons].	Ruth
2 Samuel 11:21	Do you(messenger) remember the person [that killed Abimelek]? Abimelek was Jerub-Besheth's son.  A woman [who was standing on the wall of the city]dropped a large stone on Abimelek. Then Abimelek died in Thebez. Why did you(soldiers) go near the wall?" [If King David says those things], then you(messenger) (imp) say to King David, ["Your(David's) servant named Uriah is dead]. Uriah was a Hittite.""	2_Samuel
Mark 6:26	(paragraph) The king became very sorry. But because of the king's promises/oaths and the king's guests [(implicit-situational) who heard [the king make those promises/oaths]], the king did not want [to refuse [to do the thing [that that girl asked-B Herod for]]].	Mark
1 Samuel 18:29	So Saul became more afraid of David. And David became Saul’s enemy. Saul continuously hated David [until Saul died].	1_Samuel
2 Samuel 5:10	David became very strong. David's (implicit-info) army had many soldiers. So (implicit-info) David's enemies were not able [to attack David]. David was strong [because God-Almighty was with David]. God-Almighty (implicit-info) rules all people and all things.	2_Samuel
Matthew 14:2	And Herod said to Herod's officials, ["This man is John the Baptist]. This man was caused by God _implicitActiveAgent [to become alive again]! So this man is able [to do actions through God's power]."	Matthew
Matthew 11:27	_paragraph All things were given to me(Jesus) by my(Jesus's) Father. No person knows the Son _1stAs3rd except the Father. And no person knows the Father except the Son _1stAs3rd and the people [whom the Son _1stAs3rd chooses-C [to show/reveal the Father to]].	Matthew
1 Samuel 20:17	Then Jonathan asked [David to promise [to always love Jonathan]]. Jonathan loved David very much.	1_Samuel
1 Samuel 24:7	Then David scolded those men. And David did not allow [those men to attack Saul]. Then Saul left that cave. And Saul started walk-away from that cave.	1_Samuel
Acts 20:35	All of those things [that I(Paul) did] show you(leaders) [that you(leaders) must work hard [in order to earn money [so that you(leaders) could give money to poor people]]. We(Christians) must remember [that our(Christians') Lord Jesus said, ['People [who give things] receive more blessings than people [who receive things'].]"]	Acts
Matthew 8:21	(paragraph) And another follower/disciple of Jesus _implicit said to Jesus, ["Lord-B, first you(Jesus) (imp) let [me(follower) go [so that I(follower) could bury-A my(follower’s) father]]."]	Matthew
Genesis 28:13	Then Jacob saw [Yahweh standing above the ladder]. and Yahweh said to Jacob, ["I(Yahweh) am Yahweh].  I(Yahweh) am the God of the grandfather of you(Jacob) named Abraham. and I(Yahweh) am the God of Isaac. I(Yahweh) will give the land [that you(Jacob) are sleeping on] to you(Jacob) and to the descendants of you(Jacob).	Genesis
Genesis 10:27	Joktan was also the father of Hadoram, Uzal, and Diklah.	Genesis
2 Samuel 12:17	The old people [that worked in David's palace] came to David. And those people encouraged [David to get up from the ground]. But David refused [to stand up]. And David did not eat food with those people.	2_Samuel
Acts 21:13	Then Paul said, [“Please stop crying].  [When you cry] you cause [me to feel sad].  [When I go to Jerusalem] [if people put me in prison [because I tell people about the Lord Jesus]] I will be happy.  And [if people kill me [because I tell people about the Lord Jesus]] I will be happy.	Acts
Daniel 11:39	People [who honor another country's god] will help [that king attack strong cities]. Then that king will reward the people [who honor that king]. That king will make [those people rule many other people]. And that king will sell the land to those people.	Daniel
Mark 12:31	The following command/commandment is the second most important command/commandment: You(person) (imp) love the person [who lives near you(person)] [just-like you(person) love yourself(person)]. These 2 commands/commandments are greater than all other commands/commandments." (footnote) You(people) (imp) see Leviticus 19:18.	Mark
Mark 13:5	(paragraph) Then Jesus said to Peter, James, John, and Andrew, ["You(followers) (imp) watch-out [so that a person will not deceive you(followers) ]].	Mark
Genesis 32:19	Then Jacob also said to the second servant, the third servant, and all of the other servants, ["[When you(servants) meet Esau] you(servants) must say the same things to Esau].	Genesis
Genesis 19:12	Then the 2 angels said to Lot, ["Do you(Lot) have relatives [who live in this city]?] Do you(Lot) have son-in-law, sons, daughters or other relatives? [If you(Lot) have relatives [who live in this city]] you(Lot) (imp) tell those relatives [to leave the city now].	Genesis
Mark 15:40	(paragraph) Some _implicit women were also watching these events _implicit from a place [that was far from that cross _implicit]. 3 of those women were Mary-Magdalene, Mary, [who was the mother of young James and Joseph], and Salome.	Mark
Mark 13:7	And you(followers) will hear-D about wars. And you(followers) will hear-A reports [that are about wars]. But you(followers) (imp) do not become upset/troubled . These events must happen. But the end-A of all things _implicit will not happen yet.	Mark
