reference	verse	book
2 Samuel 14:13	Then that woman said, ["You(David) are the king]. Why did you(David) do things [that cause [God's people to be sad]]? You(David) sinned against God's people. [When you(David) say those words] you(David) prove [that you(David) are guilty]. You(David) caused [your(David's) son to leave].  And now you(David) will not let [your(David's) son return].	2_Samuel
Mark 10:36	(paragraph) And Jesus asked James and John, ["What do you(James) _dual want [me(Jesus) to do for you(James) _dual]?"]	Mark
Genesis 35:7	Jacob built an altar in Luz. and Jacob named that place Bethel [because God appeared to Jacob at that place [while Jacob was running away from Jacob's brother]]. -footnote Bethel means the house of God.	Genesis
Genesis 44:5	This cup is not the cup [that my(servant's) master drinks wine from] [and my(servant's) master uses [in order to understand dreams]]? This cup is the cup [that my(servant's) master drinks wine from] [and my(servant's) master uses [in order to understand dreams]]. You(brothers) did a wicked thing.""	Genesis
Genesis 47:28	Jacob lived in Egypt for 17 years. Therefore Jacob lived for 147 years.	Genesis
Mark 6:15	(paragraph) Other people said, ["This man is Elijah"]. (paragraph) And other people said, ["This man is a prophet [that is like one of the prophets [(implicit-situational) who lived-B many years ago] of God _implicit]"].	Mark
Genesis 44:15	Joseph said to the brothers, ["Why did you(brothers) steal my(Joseph's) cup?] Did you(brothers) not know [that I(Joseph) am able [to find out [that people did certain things] [by using signs and dreams]]]?"	Genesis
Nehemiah 7:21	98 men [that were from Ater] returned. (These men were descendants of Hezekiah.)	Nehemiah
Joshua 13:13	But the Israelites did not force [the people of Geshur and the people of Maacah to leave]. So those people continue living among the Israelites today.	Joshua
Genesis 11:17	Eber lived for 430 years [after Peleg was born]. and Eber had other children.	Genesis
Daniel 3:29	So I(Nebuchadnezzar) order [all people to do all the things [that my(Nebuchadnezzar's) new command says]]. People must not say bad things about the God of Shadrach, Meshach, and Abednego. My(Nebuchadnezzar's) servants will kill all people [who do not do all the things [that this command says]]. My(Nebuchadnezzar's) servants will also destroy the houses of the people [who do not do all the things [that this command says]]. No god is able [to save people [like God saves people]]."	Daniel
Genesis 35:12	I(God) will give the same land [that I(God) gave to Abraham and to Isaac] to you(Israel) and to your(Israel's) descendants."	Genesis
Genesis 25:11	[After Abraham died] God blessed the son of Abraham named Isaac. Isaac was living near Beer-Lahai-Roi.	Genesis
Genesis 11:29	Abram married a woman named Sarai. And Nahor married a woman named Milcah. Milcah was the daughter of Haran. Haran had another daughter named Iscah.	Genesis
Daniel 7:4	The first animal looked like a lion. But that animal had wings [like an eagle has wings]. [While I(Daniel) watched this animal] a person pulled off the wings from this lion. Then the person lifted the lion. And the lion stood on two feet [like a man stands on two feet]. Then that person caused [the lion to think [like a man thinks]].	Daniel
2 Samuel 17:9	Your(Absalom's) father is probably hiding in a cave. [If your(Absalom's) father attacks your(Absalom's) soldiers] people will hear about that battle. And those people will say, ["David's soldiers killed many of Absalom's soldiers"].	2_Samuel
Nehemiah 12:33	The following men also followed Hoshaiah and those leaders. Azariah, Ezra, Meshullam,	Nehemiah
Matthew 17:12	But I(Jesus) tell you(followers) [Elijah has already come]. And people did not realize the person [who Elijah was]. Instead, people did all the evil _implicit things [that those people wanted [to do to Elijah]]. Similarly, the Son-of-Man _1stAs3rd will suffer [because those people will treat the Son-of-Man _1stAs3rd cruelly]."	Matthew
2 Samuel 19:10	And we(people) chose/appointed/anointed Absalom [to rule us(people)]. But Absalom died in a battle. So we(people) should ask[David to become our(people's) king again]."	2_Samuel
2 Samuel 3:13	Then David said to those messengers, ["I(David) will make a promise/covenant to you(Abner)].  But I(David) want [you(Abner) to do a certain thing for me(David)]. You(Abner) (imp) bring Saul's daughter named Michal to me(David).  You(Abner) (imp) do not  come to me(David) [unless you(Abner) bring Michal]."	2_Samuel
2 Samuel 21:6	(imp) you(David) bring 7 of Saul’s male descendants to us(people). Then we(people) will kill those male descendants.  And we(people) will hang the bodies of those male descendants on poles. Then we(people) will take those bodies to Gibeah. And we(people) will put those bodies in front of Yahweh. Gibeah is the place [where Saul was born]. And Yahweh chose Saul [to become the king of Israel]."The king said to those people, ["I(David) will give seven of Saul’s male descendants to you(people)]."	2_Samuel
Genesis 39:11	One day Joseph entered the house [in-order-to Joseph work]. At that time Joseph was the only man [who was in the house].	Genesis
Genesis 17:22	[After God finished talking with Abraham] God left Abraham.	Genesis
Genesis 21:4	Abraham circumcised Isaac [when Isaac was 8 days old]. Thus Abraham obeyed God.	Genesis
2 Samuel 20:21	But a man named Sheba is in your(woman's) city. Sheba is Bikri’s son. Sheba lives in the mountains of the tribe named Ephraim. Sheba is an enemy of King David. You(woman) (imp) bring Sheba to me(Joab).Then we(Joab) will leave this city."That woman said to Joab, ["We(people) will throw that man's head to you(Joab) from the wall]."	2_Samuel
Joshua 24:22	Then Joshua said, ["All of you(people) see/witness [that each person promises [to serve Yahweh]]]." Then all of the people answered, ["Yes!] We(people) see/witness [that all of us(people) promised [to serve Yahweh]]."	Joshua
1 Samuel 29:9	But Achish said to David, ["I(Achish) am pleased with you(David)]. You(David) are like one of God’s angels. But the officers of the Philistines said to me(Achish), ["David must not fight the Israelites with us(officers)]."	1_Samuel
Nehemiah 5:19	My(Nehemiah's) God, I(Nehemiah) am doing many things for these people. So you(God) (imp) remember me(Nehemiah). And you(God) (imp) treat me(Nehemiah) kindly.	Nehemiah
Matthew 13:50	Those messengers [who come from God] will throw the evil people into the big container _frameInferable [that contains a very hot fire]. (implicit-situational) That container/furnace is-X the place [where evil people are punished by God _implicit [after those people die]]. The people [who are in that place] will cry/weep. And those people will bite/gnash those people's teeth [because (implicit-situational) those people will suffer much]."	Matthew
Genesis 25:23	then Yahweh said to Rebekah, ["2 nations are in the womb of you(Rebekah)].  You(Rebekah) will birth 2 sons.  And each son will lead a group of people.  One group will be stronger than the other group.  and the older son will serve the younger son."	Genesis
Genesis 24:31	Laban said, ["You(servant) (imp) come into our(Laban's) house]. You(servant) (imp) do not  stand outside. I(Laban) know [that God blessed you(servant) much]. We(Laban) have a room [where you(servant) may stay.] and we(Laban) also have a place [where your(servant's) camels may stay]".	Genesis
2 Samuel 8:17	A man named Zadok was the son of Ahitub. And a man named  Ahimelek was the son of Abiathar. Zadok and Ahimelek  were priests. A man named Seraiah was David’s secretary.	2_Samuel
Genesis 33:13	But Jacob said to Esau, ["My(Jacob's) master, you(Esau) know [that the children are weak]]. And I(Jacob) must travel slowly with my(Jacob's) animals and the babies of the animals. [If I(Jacob) force these animals [to walk quickly]] the animals will die.	Genesis
Joshua 15:7	Then the northern border went from the valley-Achor to Debir. Then the northern border of Judah's land went to Gilgal. Gilgal was near the road [that goes to the mount-Adummim]. Gilgal was on the southern side of that valley. Then the border went to the water [that was in En-Shemesh]. Then the  border went to En-Rogel.	Joshua
Daniel 9:21	Then [while I(Daniel) was still praying] a man named Gabriel came to me(Daniel). Gabriel was the man [that I(Daniel) had seen in the first vision]. Gabriel flew quickly to me(Daniel). The time was about 4pm.	Daniel
Daniel 8:2	In this vision I(Daniel) was in a big house [that was in Susa]. Susa is in a region named Elam. I(Daniel) was standing near a stream named Ulai.	Daniel
2 Samuel 2:11	David ruled the people [who were living in Judah] for seven years and six months.  At that time David was living in Hebron.	2_Samuel
Daniel 5:28	Peres means [that God has divided your(Belshazzar's) kingdom]. God has given this kingdom to the people [who live in Media and Persia]."	Daniel
2 Samuel 11:20	The king might become angry [because several soldiers died]. King David might ask you(soldiers), ["Why did you(soldiers) go close to the city]? You(soldiers) knew [that the enemies' soldiers would stand on the wall of the city]. And you(soldiers) knew [that those soldiers would shoot arrows at you(soldiers)].	2_Samuel
Mark 6:25	(paragraph) That girl immediately and quickly returned to the king . That girl said to the king _implicit, ["I(girl) want [you(king) to immediately give the head of John the Baptist to me(girl) on a plate/platter]"].	Mark
Genesis 36:33	[After Bela died] Jobab [who was the son of Zerah] became the king. Jobab was born in a city named Bozrah.	Genesis
Genesis 43:27	Then Joseph asked the brothers about the brothers' father. Joseph said, ["Is your(brother's) father still living?]  Is your(brothers') father healthy?"	Genesis
1 Samuel 10:7	[After those things happen], God will be with you(Saul). And God will help you(Saul). So you(Saul) (imp) do the things [that you(Saul) must do].	1_Samuel
2 Samuel 3:39	[Although  I(David) am the king [that Samuel anointed]] I(David) am weak today. Zeruiah's  sons are very strong. I(David) am not able [to fight those sons]. I(David) hope [that Yahweh will punish the son [that killed Abner]]."	2_Samuel
2 Samuel 23:11	The third powerful soldier was a man named Shammah.  Shammah was the son of Agee. Shammah was from Harar.  One day the Philistines prepared [in order to fight the Israelites in a field [that peas were growing in]]. But Israel's soldiers run-away from the Philistines.	2_Samuel
Esther 9:18	The Jews [that lived in Susa] had killed the Jews' enemies on March 7 and on March 8. Then those Jews rested on March 9. So the Jews [that lived in Susa] celebrated with a feast on March 9.	Esther
Genesis 38:13	Tamar found out [that Tamar's father-in-law named Judah was going to Timnah [in-order-to cut the hair of Judah's sheep]].	Genesis
Genesis 46:18	Zilpah birthed sons named Gad and named Asher for Jacob.  Zilpah was the female slave [that Laban gave to Laban's daughter named Leah]. Thus 16 people [who were descendants of Jacob and Zilpah] went to Egypt.	Genesis
Genesis 26:28	Abimelech answered Isaac, ["Now we(Abimelech) know [that Yahweh blessed you(Isaac)]]. We(Abimelech) want [to make a treaty with you(Isaac)].	Genesis
Genesis 5:24	Enoch regularly walked with God.  Then people were not able [to find Enoch] [because God took Enoch to heaven].	Genesis
1 Samuel 23:1	(title) David fights the Philistines at Keilah. A person told David, ["The Philistines are fighting the people [who are living in Keilah]]. The Philistines are stealing grain from those people."	1_Samuel
2 Samuel 9:13	Mephibosheth lived in Jerusalem. And Mephibosheth always ate with the king. Mephibosheth’s feet were hurt/injured. So Mephibosheth was not able [to walk].	2_Samuel
Mark 9:4	Then Elijah and Moses appeared-C in-front-of Peter, James, and John . And Elijah, Moses, and Jesus started talking to each-other(Elijah) .	Mark
Matthew 9:38	Therefore you(disciples) (imp) earnestly ask God [_descriptive who owns the crops] [God to send people [who do God's work] into God's field]	Matthew
Matthew 12:30	_paragraph A person [who does not work with me(Jesus)] opposes me(Jesus). (literal) And a person [who does not gather my(Jesus's) sheep _implicit] scatters my(Jesus's) sheep _implicit. (dynamic) And a person [who does not call-A people _implicitNecessary for me(Jesus) ] causes [people _implicitNecessary to not follow-B me(Jesus) ].	Matthew
Matthew 10:10	And you(disciples) (imp) do not bring a bag, another shirt, sandals, or a stick/staff [when (implicit-situational) you(disciples) leave this place]. For the person [who works _routinely] deserves [the person to receive the person’s money/wages].	Matthew
Acts 19:28	[When the men heard these words,] the men became very angry]. The men shouted, ["Artemis is great. We(people) worship Artemis great!"]	Acts
2 Samuel 3:9	I(Abner) (implicit-info) will stop helping you(Ish-Bosheth). Now I(Abner) will help David. I(Abner) will serve Yahweh. Yahweh promised David [that David will become the king]. [If I(Abner) do  not help David] I(Abner)  hope [that  Yahweh will punish me(Abner) greatly].	2_Samuel
Joshua 2:6	But earlier Rahab took those men to the roof of Rahab’s house. And Rahab hid those 2 men under some crops [that were on the roof]. Rahab put those crops on the roof [so that the crops would become dry].	Joshua
Genesis 31:40	[While I(Jacob) was working for you(Laban)] I(Jacob) became weak [because the weather was hot during the day] [and because the weather was cold during the night].  I(Jacob) was not able [to sleep].	Genesis
Genesis 38:16	So Judah went to Tamar. and Judah said, ["You(Tamar) (imp) sex me(Judah)]." At that time Judah did not recognize Judah's daughter-in-law named Tamar.  Tamar asked Judah, ["What will you(Judah) give to me(Tamar) [if I(Tamar) sex you(Judah)]?]"	Genesis
Genesis 43:3	But Judah said to Jacob, ["The chief official of that country said to us(brothers), ["[if you(brothers) do not bring your(brothers') youngest brother to me(official)] I(Joseph) will not talk to you(brothers)"]."]	Genesis
Joshua 15:31	And the tribe named Judah owned the towns named Ziklag, Madmannah, and Sansannah.	Joshua
Genesis 26:10	Abimelech said, ["You(Isaac) treat us(Abimelech) badly!]  [If a man [who lives in this place] had sexed the wife of you(Isaac)] we(Abimelech) would have sinned."	Genesis
Genesis 21:9	But Sarah saw [Ishmael act  badly to Isaac]. Ishmael was the son of Abraham and of Hagar [who was the female slave of Sarah].	Genesis
2 Samuel 6:3	David's soldiers put God's Ark of the Covenant on a new wagon. Then those men brought the Ark of the Covenant out of Abinadab's house. That house was on a hill. Two men named Uzzah and Ahio were leading that wagon. Uzzah and Ahio were Abinadab's sons.	2_Samuel
Joshua 4:18	Then the priests carried the ark-of-the-covenant from the river to the land. [When the feet of the priests touched the dry land] the water began flowing again. The water became very deep again [just-like the water was very deep [before the Israelites went across the river]].	Joshua
Mark 11:31	(paragraph) Those chief priests, those people/scribes, and those old leaders talked about this question to each-other(priests). And those chief priests, those people/scribes, and those old leaders said, ["we(priests) might say [that John's authority _implicitNecessary came _implicitNecessary from heaven]]. Then Jesus will ask-D us(priests), ["Why did you(priests) not believe John?"] (implicit-situational) So we(priests) should not say [that John's authority came from heaven].	Mark
Joshua 21:32	The tribe named Naphtali gave towns to the families [that were Gershon's descendants]. The tribe named Naphtali gave the towns named Kedesh, Hammoth-Dor, and Kartan to those families.  Kedesh was in Galilee. ( A person [who lived near Kedesh] might accidentally kill another person. Then that person should run to Kedesh. )  So the tribe named Naphtali gave 3 towns to the families [that were Gershon's descendants]. And the tribe named Naphtali also gave the fields [that were near those 3 towns] to those families.	Joshua
Matthew 1:8	Asa became the father of Jehoshaphat. Jehoshaphat became the father of Jehoram. And Jehoram became the father of Uzziah.	Matthew
Matthew 26:48	Judas _implicitNecessary, [_descriptive who was the man [who was giving/betraying Jesus],] previously told those people about a thing [that Judas will do] [ so that (implicit-situational) those people would know the man [whom those people should take-away/arrest]]. Judas previously said, ["The man [whom I(Judas) will kiss] is the man]. You(people) (imp) take-away/arrest that man."	Matthew
Matthew 24:9	_paragraph Then you(followers) will be taken by your(followers's) enemies _implicitActiveAgent to the courts _implicit [so that you(followers) will be beaten/persecuted by people _implicitActiveAgent] [and so that you(followers) will be killed by people _implicitActiveAgent]. (literal) You(followers) will be hated by all _hyperbolic nations of people _metonymy because of me(Jesus). (dynamic) You(followers) will be hated by all _hyperbolic nations of people _metonymy [because you(followers) follow-B _routinely me(Jesus)].	Matthew
Nahum 3:4	Yahweh did these things [because the people [who live in Nineveh] are like a prostitute]. Those people want [to do evil things].  The people [who live in Nineveh] do witchcraft. Those people used witchcraft [in order to become powerful]. And those people forced [people [who live in other countries] to become slaves]. Those people worshiped evil spirits [in order to capture other countries].	Nahum
Joshua 10:10	Yahweh caused [those armies to become confused] [when the Israelites attacked those armies]. So Joshua and the Israelites completely defeated those armies at Gibeon. The Israelite soldiers chased those soldiers. Those soldiers started running on the road [that goes from Gibeon to Beth-Horon]. But Israel's soldiers killed those men [while those men were running to Azekah and Makkedah].	Joshua
Matthew 26:64	_paragraph Jesus answered, ["You(priest) _emphasized said [I(Jesus) am the Christ]]. But I(Jesus) say to all of you(priests) [in the future you(priests) will see the Son-of-man _1stAs3rd [sitting at the right side of powerful-A God ] [and coming to earth _implicit on the clouds [that are in the sky]]]." (footnote) You(people) (imp) see Psalms 110:1 and Daniel 7:13.	Matthew
Matthew 13:14	The things [that were said by God _implicitActiveAgent through the prophet named Isaiah] are happening/be-fulfilled. The Scriptures _implicitNecessary say _implicitNecessary, ["You(people) will hear-A things [that (implicit-situational) God does]]. But you(people) will never understand those things. You(people) will see-A things [that (implicit-situational) God does]. But you(people) will never understand those things.	Matthew
Matthew 10:35	For I(Jesus) came [in-order-to cause [a man to oppose that man’s father]]. I(Jesus) came [in-order-to cause [a daughter to oppose that daughter’s mother]]. I(Jesus) came [in-order-to cause [a daughter-in-law to oppose that daughter-in-law’s mother-in-law]].	Matthew
Mark 10:9	Therefore [because God joined-B that man to that man's wife,] you(Pharisees) (imp) do not let [a person separate that man from that man's wife]."	Mark
2 Samuel 13:36	Then the king’s sons came into the palace. Those sons were crying loudly. David and all of David's servants also started crying/weeping. All of those men cried/wept much.	2_Samuel
Matthew 16:27	(complex) For the Son-of-Man _1stAs3rd will come in-H the glory of the Son-of-Man's _1stAs3rd Father with _relationNotArgument the Son-of-Man's _1stAs3rd angels. (simple) For the Son-of-Man _1stAs3rd will come in-H the great/glorious power of the Son-of-Man's _1stAs3rd Father with _relationNotArgument the Son-of-Man's _1stAs3rd angels. Then the Son-of-Man _1stAs3rd will reward each person for the good actions [that each person] did. And the Son-of-Man _1stAs3rd will punish each person for the bad actions [that each person did].	Matthew
Nehemiah 9:23	You(Yahweh) caused [your(Yahweh's) people to have many children]. The number of those children was like the number of stars [that are in the sky]. Previously you(Yahweh) told those people's parents [to enter this land] [and to own this land]. Then you(Yahweh) brought your(Yahweh's) people into this land.	Nehemiah
1 Samuel 14:15	Then all of the Philistine soldiers became very afraid. The soldiers [that were in the camp], the soldiers [that were in the fields], and the soldiers [who were attacking the Israelites] became very afraid.  And the ground shook.  God caused [the Philistines to become very confused and afraid].	1_Samuel
Genesis 41:37	-Title The king causes [Joseph to become a ruler in Egypt].  The king thought [that Joseph explained the dreams correctly].  And the king and the king's officers agreed with Joseph's plan.	Genesis
Matthew 13:1	(title) Jesus tells a story/parable [that is about a farmer [who scattered seeds]]. _paragraph On that same day, Jesus left the house [that (implicit-situational) Jesus was staying in]. And Jesus sit-down by the lake _frameInferable.	Matthew
Joshua 7:11	The Israelites sinned. The Israelites did not obey me(Yahweh). The Israelites took some of the things [that were in Jericho]. But I(Yahweh) commanded [you(Israelites) to destroy those things]. The Israelites stole things from me(Yahweh). And the Israelites lied to me(Yahweh). The Israelites put those things in the Israelites’ tents.	Joshua
Mark 13:1	(title) Jesus talks about the time [when the temple will be destroyed by enemies]. (paragraph) [While Jesus was leaving the temple _frameInferable of the courtyard _implicitType with Jesus's disciples _implicit,] one of Jesus's disciples said to Jesus, ["Master/Teacher, you(Jesus) (imp) look at these wonderful stones [(implicit-situational) that the people built this temple with]!] And you(Jesus) (imp) look at these wonderful buildings!"	Mark
2 Samuel 16:13	So David and the people [who were following David]continued walking on the road. But Shimei continued following David. Shimei was walking on the hills [that were near David]. And Shimei continued cursing David. And Shimei continued throwing stones and dirt at David.	2_Samuel
2 Samuel 21:3	David said to those people, ["Which thing should I(David) do for you(people)]?The Israelites treated you(people) very badly. But I(David) want [you(people) to bless Yahweh’s people]."	2_Samuel
Matthew 2:22	(implicit-situational) Joseph wanted [to live in Judea]. But [when Joseph heard [that Archelaus was ruling Judea instead of Archelaus's father named Herod ],] Joseph was afraid [to go to that place]. Joseph was warned-A by God _implicit in a dream [that Joseph should not (implicit-situational) go to that place] . So Joseph and Joseph's family _implicit went to the region/province of Galilee [(implicit-situational) instead of returning to Judea].	Matthew
Genesis 32:18	Then you(servant) (imp) answer Esau, [“These animals belong to your(Esau's) servant named Jacob.] My(servant's) master named Esau, Jacob is giving these animals to you(Esau).  Jacob will arrive at this place tomorrow””.	Genesis
1 Samuel 1:13	[Although Hannah was praying to Yahweh] Hannah did not speak. Hannah's lips were moving. But Eli did not hear Hannah's voice.  So Eli thought [that Hannah was drunk].	1_Samuel
Daniel 7:22	But then the Ancient-of-Days came. The Ancient-of-Days was the judge. The Ancient-of-Days declared [that the people [who were faithful to the Ancient-of-Days] were just]. Then the Ancient-of-Days gave the kingdom to those people."	Daniel
Nehemiah 9:36	You(Yahweh) (imp) look at us(people) _implicitArgument. We(people) are slaves today. We(people) are slaves in the land [that you(God) gave to our(people’s) ancestors]. You(God) gave this land to our(people’s) ancestors [so that our(people’s) ancestors could eat the fruit [that grows in this land] and the other good things [that grow in this land]].	Nehemiah
Nahum 2:13	But Yahweh, [who rules all people,] says to the people [who live in Nineveh], ["I(Yahweh) will fight you(people)].  I(Yahweh) will burn your(people's) chariots with fire. I(Yahweh) will kill your(people's) children with swords. You(people) will not have food. People will not hear the voices of your(people's) messengers."	Nahum
Genesis 43:12	You(sons) (imp) take also the money [that you(sons) found in your(son's) bags] to that man. And you(sons) (imp) take more money [in-order-to you(sons) pay for more grain.]	Genesis
1 Samuel 29:3	Then the Philistines’ officers asked Achish, ["Why are these Israelites marching with us(Philistines)]?" Achish answered those officers, ["This man is David]. David was an officer of Saul [who is the king of Israel]. But David lived with me(Achish) for one year. And David always treated me(Achish) well [since David left Saul]."	1_Samuel
Genesis 20:7	You(Abimelech) (imp) return Sarah to Sarah's husband named Abraham. Abraham is a prophet. Abraham will pray for you(Abimelech). Then you(Abimelech) will not die. But [if you(Abimelech) do not return Sarah to Abraham] you(Abimelech) and all your(Abimelech's) family will certainly die.	Genesis
Joshua 4:16	Yahweh said, ["You(Joshua) (imp) command the priests [to bring the ark-of-the-covenant from the Jordan river to the land]]."	Joshua
2 Samuel 1:7	Then Saul turned around.  And Saul saw me(man). Then Saul called me(man). So I(man) said to Saul, ["You(Saul) want [me(man) to do  which thing]?"].	2_Samuel
Genesis 4:19	Lamech married two women.  The name of Lamech's first wife was Adah.  And the name of Lamech's second wife was Zillah.	Genesis
Mark 9:19	(paragraph) (rhetorical) Jesus asked the crowd, ["You(people), people/generation [that do not believe-B in God _implicit], how-long will I(Jesus) continue to be with you(people)?] (statement) Jesus said to the crowd, ["You(people), people/generation [that do not believe in God _implicit], I(Jesus) do not want [to continue staying with you(people) ]]. (rhetorical) How-long must I(Jesus) continue to be patient-B with you(people)? (statement) [I(Jesus) continue to be patient-B with you(people)] is hard-B . You(people) (imp) bring the boy _frameInferable to me(Jesus)."	Mark
Mark 5:9	(paragraph) Then Jesus asked that spirit, ["What is your(spirit's) name?"] (paragraph) The spirit answered Jesus, ["My(spirit's) name is Legion [because we(Legion) are many spirits _implicitNecessary ]"].	Mark
Genesis 31:15	Our(Rachel's) father treats us(Rachel) [just-like our(Rachel's) father treats foreigners]. Our(Rachel's) father sold us(Rachel) to you(Jacob). Then our(Rachels) father spend all the money [that you(Jacob) gave to father].	Genesis
Genesis 46:20	Joseph and Joseph's wife named Asenath had sons named Manasseh and Ephraim in Egypt.  Asenath was the daughter of Potiphera, [who was On's priest].	Genesis
Nehemiah 9:1	The (title) people of Israel admit/confess the bad _morally things [that those people did]. On the 24th day of the same month the people of Israel met again. Those people did not eat [in order to pray to God_implicit]. Those people wore clothes made of rough cloth. And those people put dust on the heads of those people. Those people (implicit-info) did those things [in order to show God [that those people were sad]].	Nehemiah
Mark 10:15	I(Jesus) tell the truth to you(followers). A person must become like a child [so that God would rule that person]. (complex) [If a person does not become like a child,] that person will never enter the kingdom-B of God. (simple) [If a person does not become like a child,] that person will never become one of the people of God."	Mark
Nehemiah 2:10	But a man named Sanballat [who was from Horon] and an official named Tobiah [who was from Ammon] heard about these things. Then Sanballat and Tobiah became very upset.  Sanballat and Tobiah did not want [me(Nehemiah) to help the people of Israel].	Nehemiah
Nehemiah 9:8	You(Yahweh) knew [that Abraham was faithful]. So you(Yahweh) made a special agreement/covenant with Abraham. You(Yahweh) promised Abraham [that you(Yahweh) would give to Abraham's descendants the land [that the Canaanites, Hittites, Amorites, Perizzites, Jebusites, and Girgashites lived in]]. You(Yahweh) kept your(Yahweh's) promise [because you(Yahweh) are good/righteous].	Nehemiah
2 Samuel 18:9	Absalom met a group of David's soldiers.Absalom was riding Absalom's mule. [When Absalom's mule went under a large oak tree]those branches caught Absalom's hair. So Absalom was hanging from that tree. And Absalom's mule continued running.	2_Samuel
Mark 12:8	So those people/farmers took/grab that son. And those people/farmers killed that son. Then those people/farmers threw-B that son of the dead body _implicitType out of that garden/vineyard.	Mark
Nehemiah 1:8	You(Yahweh) (imp) remember the things [that you(Yahweh) taught to Moses]. Moses was your(Yahweh's) servant.  You(Yahweh) said to Moses, ["[If you(people) are not faithful to me(Yahweh)] I(Yahweh) will take away you(people) from your(people's) land]. You(people) will be taken to other countries by soldiers.	Nehemiah
Genesis 45:2	Then Joseph cried very loudly. the Egyptians [who had left that room] heard [Joseph crying]. And those servants told the people [who were in the king's palace] [that Joseph was crying].	Genesis
Joshua 17:13	But [after the Israelites became stronger] the Israelites forced [the Canaanites to work for the Israelites]. But the Israelites did not force [the Canaanites to leave that land].	Joshua
Mark 14:69	(paragraph) That girl saw Peter again . And that girl said to the other people [who were standing at that place], ["This man is one of the followers of Jesus"].	Mark
2 Samuel 6:15	David was dancing [while the people were bringing Yahweh’s Ark of the Covenant to Jerusalem].  Many Israelites were with David. The Israelites were shouting. The people (implicit-info) were very happy! And people were playing trumpets [while the men (implicit-info) carried the Ark of the Covenant to the city].	2_Samuel
Genesis 37:24	Then the brothers threw Joseph into a well. That well was empty. There was not water in that well.	Genesis
Mark 4:12	I(Jesus) teach-B these things [by telling stories/parables] for this reason. The Scripture _implicitNecessary says _implicitNecessary , ["Those people will see-A things]. But those people will not understand those things. Those people will hear-A things. But those people will not understand those things. (literal) [If those people understood these things,] those people might return to me(God) _implicit. (dynamic) [If those people understood these things,] those people might repent. Then those people will be forgiven by me(God) _implicitActiveAgent." (footnote) You(people) (imp) see Isaiah 6:9-10.	Mark
2 Samuel 13:27	But Absalom continued begging/urging[David to allow [Amnon to go]]. So David allowed [Amnon and all of the king’s sons to go to the feast with Absalom].	2_Samuel
2 Samuel 15:12	[While Absalom was giving/offering gifts/sacrifices in Hebron] Absalom sent a messenger to Ahithophel. Ahithophel was from Giloh. Ahithophel advised King David often. Absalom asked [Ahithophel to come from Giloh to Hebron]. So (implicit-info) Ahithophel went to Hebron. Then many people started following Absalom.	2_Samuel
Genesis 27:40	You(Esau) will need the sword of you(Esau) [in-order-to you(Esau) fight many people]. and you(Esau) will be the slave of the brother of you(Esau).  But [when you(Esau) want [to leave Jacob]] you(Esau) will throw-away the chains of Jacob".	Genesis
2 Samuel 14:33	So Joab went to the king. And Joab told the king about all of the things [that Absalom said]. Then the king called Absalom. So Absalom went to the king. And Absalom bowed to the king. Then the king kissed Absalom.	2_Samuel
2 Samuel 7:5	Yahweh said, ["You(Nathan) (imp) go to David]. And (imp) you(Nathan) say to David, ["Yahweh said, ["You(David) will not build a house for me(Yahweh)]].	2_Samuel
Nehemiah 7:12	1254 men [that were from Elam] returned.	Nehemiah
Matthew 19:28	_paragraph Jesus said to the followers/disciples, ["I(Jesus) am telling you(followers) the truth]. [When all things will be restored by God _implicitActiveAgent] [and when the Son-of-man _1stAs3rd will sit on the Son-of-man's _1stAs3rd great/glorious throne,] you(followers) [who have followed-B me(Jesus)] will also sit on 12 thrones. And you(followers) will judge the 12 tribes of Israel-A.	Matthew
2 Samuel 7:19	Yahweh-Almighty, you(Yahweh) promised me(David) [that you(Yahweh) will bless my(David's) descendants]. I(David) am your(Yahweh's) servant. But Yahweh-Almighty, you(Yahweh) are treating me(David) very kindly!	2_Samuel
Matthew 12:44	(literal) Then that spirit says, ["I(spirit) will return to the house [that I(spirit) come-out from ]"]. (dynamic) Then that spirit says, ["I(spirit) will return to the person [that I(spirit) come-out from]]. (dynamic) That person is like a house [that I(spirit) will be able [to live in]]". [When that spirit arrives,] that house is empty and clean.	Matthew
Nehemiah 13:31	I(Nehemiah) also made [people bring wood to the temple at certain times]. And I(Nehemiah) caused [people to bring to the temple the first food [that those people gathered/harvested]]. My(Nehemiah's) God, you(God) (imp) remember me(Nehemiah).  And you(God) (imp) treat me(Nehemiah) kindly.	Nehemiah
Genesis 30:18	Then Leah said, ["God gave  the son [that I(Leah) bought] to me(Leah) [because I(Leah) gave the female slave of me(Leah) to my(Leah's) husband]."] So Leah named this son Issachar. -Footnote Issachar means [to pay].	Genesis
1 Samuel 17:29	David asked Eliab, ["Did I(David) do a bad thing]? You(Eliab) (imp) let [me(David) talk to people]."	1_Samuel
Matthew 17:19	_paragraph Then [when no other people were at that place,] the followers/disciples came to Jesus. And those followers/disciples asked, ["Why were we(followers) _excl not able [to force [that demon to leave that boy _implicit]]?"]	Matthew
2 Samuel 5:20	So David went to a place named Baal-Perazim.  That place was near (implicit-info) the valley-Rephaim. Then David defeated the Philistines. David said, ["[When I(David) attacked my(David's) enemies] Yahweh broke my(David's) enemies]. And Yahweh (implicit-info) defeated my(David's) enemies. Yahweh broke my(David's) enemies [like water breaks a wall]." So people called that place Baal-Perazim. Baal-Perazim (footnote) means The God who breaks people.	2_Samuel
1 Samuel 17:54	David took Goliath’s head to Jerusalem. And David put Goliath’s weapons inside David's tent.	1_Samuel
Nehemiah 2:17	But then I(Nehemiah) said to those people, ["You(people) know [that we(Nehemiah) have much trouble]]. Our(Nehemiah's) enemies destroyed this city. And our(Nehemiah's) enemies burned the gates of the city with fire. Let us(Nehemiah) build the wall of Jerusalem again. Then we(Nehemiah) will not  be ashamed."	Nehemiah
Daniel 2:17	Then Daniel went to Daniel's house. And Daniel explained the problem to Hananiah, Mishael, and Azariah.	Daniel
Acts 17:6	But those people didn't find Paul and Silas at Jason’s house. So those people dragged Jason and some other people [who believe in Jesus] to the officials [who rule that city.] And those people shouted, ["Those men [who have caused trouble in all the places [where those men go]] have now come to this place.	Acts
Daniel 2:9	[If you(astrologers) do not tell me(king) about the dream] some soldiers will kill you(astrologers). I(king) know [that you(astrologers) will continue saying false things to me(king)]. And I(king) know [that you(astrologers) will continue saying evil things to me(king)]. You(astrologers) hope [that I(king) will change my(king's) mind]. But I(king) will not change my(king's) mind. So (imp) you(astrologers) tell me(king) about the dream. Then I(king) will know [that you(astrologers) are also able [to explain the meaning of the dream to me(king)]]."	Daniel
2 Samuel 7:26	Then people will honor you(Yahweh) forever. People will say, ["Yahweh-Almighty is Israel's God!"] And my(David's) family will continue serving you(Yahweh) forever.	2_Samuel
Titus 2:4	Those women should help [young women to love the husbands of those young women and the children of those young women].	Titus
Joshua 15:9	Then the northern border went to the spring [that was at the Waters-of-Nephtoah]. Then the northern border went to the cities [that were near mount-Ephron]. Then the border went to Baalah. (People called Baalah Kiriath-Jearim.)	Joshua
Joshua 13:26	That region was between Heshbon, Ramath-Mizpah, and Betonim. And that region was between Mahanaim and Debir.	Joshua
Matthew 21:38	_paragraph But [when the people/farmers saw that son [who (implicit-situational) was arriving at the vineyard],] those people/farmers said to each-other(people), ["This person will receive/inherit this garden/vineyard [after this person's father dies]]. You(people) (imp) come. You(people) kill _suggestiveLets this person [so that this person's garden/vineyard will become our(people's) garden/vineyard]."	Matthew
Esther 4:6	So Hathach went to Mordecai. Mordecai was standing at the gate of the king's palace.	Esther
Nehemiah 9:22	You(Yahweh) gave to your(Yahweh’s) people countries/kingdoms [that (implicit) other kings ruled] and nations. You(Yahweh) also gave to your(Yahweh’s) people land [that was far from your(Yahweh’s) people]. Your(Yahweh’s) people defeated Sihon’s country.  Sihon was the king of Heshbon.  And Your(Yahweh’s) people also defeated Og’s country.  Og was the king of Bashan.	Nehemiah
Mark 9:45	And [if your(follower's) foot causes [you(follower) to do bad _morally actions],] you(follower) (imp) cut-off that foot. [You(follower) live-B forever/eternally _implicit [because you(follower) cut-off that foot]] will be good. But [you(follower) are thrown-B into hell-A by God _implicitActiveAgent [because you(follower) did not cut-off that foot]] will be extremely bad.	Mark
2 Samuel 20:9	Joab asked Amasa, ["My(Joab’s) brother, are you(Amasa) well]?" Then Joab grabbed Amasa’s beard with Joab’s right hand. Joab pretended [to kiss Amasa].	2_Samuel
2 Samuel 3:32	Then those servants buried Abner in Hebron. David and all of the people cried at Abner’s tomb.	2_Samuel
1 Samuel 18:3	Jonathan promised David [that Jonathan would always be David’s friend] [because Jonathan loved David very much].	1_Samuel
Joshua 13:2	You(Joshua) still must defeat the people [who are living in Philistia] and the people [who are living in Geshur].	Joshua
Genesis 38:1	-Title Tamar tricks Judah. Later Judah left Judah's brothers. Then Judah moved to a town named Adullam.  And Judah lived in a house [that was owned by a man named Hirah].	Genesis
Mark 7:3	(comment-begin) The Pharisees and all _hyperbolic of the other _implicit Jews do not eat food _implicit [unless those Pharisees and those Jews wash those Pharisees's and those Jews's hands religiously/ritually]. Those Pharisees and those Jews carefully obey the customs [that those Pharisees' and those Jews' older leaders taught-B to those Pharisees and those Jews].	Mark
Genesis 12:13	So You(Sarai) (imp) tell the Egyptians [that you(Sarai) are my(Abram's) sister]. Then the Egyptians will be kind to me(Abram). and the Egyptians will not kill me(Abram) [because the Egyptians will want [to please you(Sarai)]]."	Genesis
Genesis 42:25	Then Joseph told [some servants to fill the brothers' bags with grain]. and Joseph told [those servants to put the money [that the brothers paid for the grain] in the brother's bags]. And Joseph also told [those servants to give food and other things [that the brothers will need [while the brothers traveled to Canaan]] to Joseph's brothers].	Genesis
Joshua 8:25	12000 men and women died on that day. All of the people [that were from Ai] died on that day.	Joshua
1 Samuel 2:28	But I(Yahweh) chose your(Eli's) ancestor from all of the tribes of Israel. And I(Yahweh) appointed [your(Eli's) ancestor to be my(Yahweh's) priest]. Your(Eli's) ancestor went to my(Yahweh's) altar. And your(Eli's) ancestor burned incense for me(Yahweh). And your(Eli's) ancestor wore the special clothes [that I(Yahweh) told [the priests to wear]]. I(Yahweh) also gave all of the food offerings [that the Israelites gave/sacrificed to me(Yahweh)] to your(Eli's) ancestor's family.	1_Samuel
Daniel 2:25	Then Arioch quickly took Daniel to the king. Arioch said to the king, ["I(Arioch) have found a man]. This man is able [to explain the meaning of your(king's) dream to you(king)]. This man is one of the people [that you(king) brought from Judah]."	Daniel
Joshua 19:17	(title) Yahweh gives land to the tribe named Issachar. [After the Israelites used the lots again] Yahweh gave the fourth region to the tribe named Issachar. Each group of families [that were in that tribe] received land.	Joshua
Matthew 17:18	Jesus spoke/rebuke to the demon. And that demon come-out from that boy. Immediately that boy was healed by Jesus _implicitActiveAgent.	Matthew
Matthew 5:32	But I(Jesus) tell you(people) [that a man [who divorces a woman] causes [that woman to do adultery later _implicit]]. But a man [who leaves/divorce a woman [who already _implicit did adultery]] does not cause [that woman to do adultery]. And a man [who marries a woman [whom a man left/divorce]] does adultery.	Matthew
2 Samuel 18:19	David (title) mourns. Ahimaaz [who was Zadok's son] said to Joab, ["(imp) You(Joab) let [me(Ahimaaz) run to King David]]. Then I(Ahimaaz) will tell David about Absalom. And I(Ahimaaz) will tell David [that Yahweh destroyed David's enemies]."	2_Samuel
1 Samuel 25:40	So David's servants went to Carmel [in order to talk to Abigail]. Those servants said to Abigail, ["David sent us(servants) to you(Abigail)]. David wants [you(Abigail) to marry David]."	1_Samuel
Genesis 19:20	You(angels) (imp) look at that small town.  That town is near this place.  I(Lot) am able [to run to that town].  You(angels) (imp) allow [me(Lot) to run to that town]. That town is very small.  I(Lot) will be safe [when I(Lot) arrive in that town]."	Genesis
Joshua 15:57	And the tribe named Judah owned the towns named Kain, Gibeah, and Timnah. Therefore the tribe named Judah owned 10 towns [that were in that region].  And the tribe named Judah also owned the villages [that were near those towns].	Joshua
Joshua 15:59	And the tribe named Judah owned the towns named Maarath, Beth-Anoth, and Eltekon. Therefore the tribe named Judah owned 6 towns [that were in that region].  And the tribe named Judah also owned the villages [that were near those towns].	Joshua
Titus 3:3	Previously  we(Paul) were foolish [just like other people are foolish]. We(Paul) did not obey God. And we(Paul) were deceived by people. We(Paul) were like slaves [because we(Paul) were not  able [to control ourselves(Paul)]]. We(Paul) wanted [to do many kinds of things [in order to please ourselves(Paul)]]. And many of those things were bad. We(Paul) were jealous of other people. And we(Paul)  wanted [to do bad things to people]. Other people hated us(Paul). And we(Paul) hated those people.	Titus
Matthew 27:4	Judas said to those chief priests _implicit and those old leaders _implicit, ["I(Judas) did a bad _morally action]. For I(Judas) gave a man [who was not guilty] to that man's enemies." _paragraph (rhetorical) Those chief priests and those old leaders asked, ["Why should we(priests) care-B about your(Judas's) actions _implicit?] (statement) Those chief priests and those old leaders said, ["We(priests) do not care-B about your(Judas's) actions _implicit]. You(Judas) are responsible for your(Judas's) actions."	Matthew
Mark 14:63	(paragraph) Then [(implicit-situational) after the chief priest heard Jesus,] the chief priest tore the chief priest's clothes [(implicit-situational) in-order-to show the people [the chief priest was angry]]. (rhetorical) And the chief priest asked, ["Why do we(leaders) need [more people to say bad things about Jesus]?] (statement) And the chief priest said, ["We(leaders) do not need [more people to say bad things about Jesus]].	Mark
1 Samuel 25:16	Those men protected us(servants) during the night and during the day. Those men were like a wall [that was around us(servant)] [while we(servants) were caring for our(men’s) sheep].	1_Samuel
Nehemiah 7:67	But 7337 male slaves and female slaves also came with those people.  And 245 men [that sang] and women [that sang] also came with those people.	Nehemiah
Ruth 4:7	(At that time the people [that lived in Israel] had a custom. [If one person allowed [another person to buy/redeem land]] [or if one person gave/transferred land to another person] that person took off that person’s shoe/sandal. And that person gave that shoe/sandal to the other person. Then other people knew [that the other person owned that land].)	Ruth
1 Samuel 9:13	[After you(Saul) enter the town] you(Saul) will find that man/seer. That man/seer will soon go to the place [that we(women) worship God at]. The people will not start eating [until that man/seer arrives]. That man/seer must thank God for the sacrifice. Then the people [that the man/seer invites] will eat food. So you(Saul) (imp) go now. And you(Saul) will find that man/seer."	1_Samuel
Genesis 26:1	–Title Isaac lies to Abimelech. Later there was another famine in that region.  –Footnote [While Abraham was living] there was also a famine in that region. So Isaac went to Gerar [in-order-to talk to the king of the Philistines named Abimelech].	Genesis
Titus 3:13	[When Apollos and the lawyer named Zenas go] you(Titus) (imp) help Apollos and Zenas. You(Titus) (imp) give to Apollos and Zenas the things [that Apollos and Zenas need].	Titus
2 Samuel 21:8	But the king took two of Saul's sons named Armoni and Mephibosheth.  The mother of those two sons was Rizpah [who was the daughter of Aiah]. Rizpah birthed those sons for Saul.  And the king also took Adriel's five sons. Adriel [who was the son of Barzillai] was from Meholah.  The mother of those sons was Merab [who was Saul's daughter].	2_Samuel
Genesis 40:7	So Joseph asked these 2 officers, ["Why are you(officers) sad today?"]	Genesis
Genesis 18:2	[When Abraham looked outside the tent] Abraham saw [3 men standing near the tent]. Abraham ran from Abraham's tent [in-order-to Abraham meet the 3 men]. Then Abraham bowed to the 3 men.	Genesis
Nehemiah 6:1	Nehemiah (title) has more problems. Then Sanballat, Tobiah, Geshem [who was from Arabia], and our(Nehemiah's) other enemies heard [that I(Nehemiah) finished repairing the wall]. The wall did not have a hole/gap. But I(Nehemiah) did not yet put the doors in the gates.	Nehemiah
Matthew 9:26	(literal) This news spread through that whole area/region. (dynamic) Very many people [who lived in that area/region] heard-D this news.	Matthew
1 Samuel 9:25	[After Samuel and Saul finished eating] Samuel and Saul left the place [that the people worship God at]. Then Samuel and Saul went to the town. Then Samuel talked to Saul on the roof of Samuel’s house.	1_Samuel
Nehemiah 12:25	Mattaniah, Bakbukiah, Obadiah, Meshullam, Talmon and Akkub guarded the rooms [where people stored things] at the gates.	Nehemiah
Genesis 40:4	Then The chief guard told [Joseph to care for these 2 men]. Thus these 2 men stayed in the prison.	Genesis
Genesis 1:18	These lights will shine during the day and during the night.  God created these lights [in-order-to separate the light from the darkness].   God saw these lights.  And these lights were good.	Genesis
Ruth 2:18	Then Ruth carried the grain/barley to the town. And Ruth’s mother-in-law saw the grain/barley [that Ruth gathered]. Ruth also showed Naomi the extra food [that Ruth did not eat earlier]. And Ruth gave that food to Naomi.	Ruth
Genesis 47:9	Jacob said to the king, ["I(Jacob) traveled from one place to another place during my(Jacob's) life.] [While I(Jacob) traveled] I(Jacob) had much trouble.  I(Jacob) am 130 years old.  My(Jacob's) ancestors lived for more years [than I(Jacob) will live].	Genesis
Joshua 15:58	Yahweh also gave other towns [that were in the mountains] to the tribe named Judah. So the tribe named Judah owned the towns named Halhul, Beth-Zur, and Gedor.	Joshua
Genesis 36:31	The following men were the kings [who ruled the people [who lived in Edom]] [before the Israelites had a king].	Genesis
Matthew 9:22	_paragraph Then Jesus turn-around. And Jesus saw that woman. Jesus said to that woman _implicit, ["Daughter, you(woman) (imp) do not worry]. (complex) Your(woman's) faith healed you(woman). (simple) You(woman) were healed by me(Jesus) _implicitActiveAgent [because you(woman) believed in me(Jesus) _implicit]." And that woman was healed immediately by Jesus _implicitActiveAgent.	Matthew
Joshua 13:14	Joshua did not give land to the tribe named Levi.  But the people [who were in the other tribes] gave food-offerings to Yahweh.  And the people [who were in the tribe named Levi] ate those food-offerings.  Earlier Yahweh promised the people [that were in the tribe named Levi] [that Yahweh would let [those people eat those food-offerings]].	Joshua
Nehemiah 10:17	Ater, Hezekiah, Azzur,	Nehemiah
Genesis 20:10	Why did you(Abraham) lie to me(Abimelech)?	Genesis
Genesis 44:2	And you(servant) (imp) also put my(Joseph's) silver cup into the bag [that belongs to the youngest brother]." Then that servant obeyed Joseph.	Genesis
Matthew 15:39	[After Jesus sent that crowd from that place,] Jesus entered a boat. And Jesus went to the area/region named Magadan.	Matthew
Matthew 22:44	_paragraph ["The Lord-A said to my(David's) master/Lord-C, ["You(master) (imp) sit at my(Lord's) right-B side [ _descriptive (implicit-situational) which is a place of honor] [until I(Lord) put your(master's) enemies under your(master's) feet]"]"]. (dynamic) ["The Lord-A said to my(David's) master/Lord-C, ["You(master) (imp) sit at my(Lord's) right-B side [ _descriptive (implicit-situational) which is a place of honor] [until I(Lord) defeat-A your(master's) enemies completely]"]"]. (footnote) You(people) (imp) see Psalms 110:1.	Matthew
Matthew 28:16	(title) Jesus gives important commands to Jesus's followers/disciples. _paragraph Then the 11 followers/disciples _frameInferable went to Galilee to the mountain [that Jesus told [the followers/disciples to go to]].	Matthew
Acts 20:27	I(Paul) say this message [because I(Paul) know [that I(Paul) told you(leaders) about all the things [that God wants.]]]	Acts
2 Samuel 24:3	But Joab said to the king, ["I(Joab) will pray [that Yahweh [who is your(David's) God]will give many people to you(David)]]. And I(Joab) will pray [that you(David) see those people]. But (implicit-info) you(David) should not count the people. Why do you(David) want [to count the people]?"	2_Samuel
Nehemiah 10:6	Daniel, Ginnethon, Baruch,	Nehemiah
2 Samuel 23:24	(title) The following 30 soldiers were very important.  The following 30 men were important soldiers in David's army.Asahel was the brother of Joab.Elhanan was the son of Dodo. Elhanan was from Bethlehem.	2_Samuel
Nehemiah 5:8	And I(Nehemiah) said to those leaders, ["Our(Nehemiah’s) Jewish brothers and sisters were sold to people [who are not Jews]]. Those Jews became slaves. But we(Nehemiah)  freed those people [by buying those people from the people [who are not Jews]].  And we(Nehemiah) brought our(Nehemiah’s) brothers and sisters to this place. But now you(leaders) are selling your(leaders’) people. So we(Nehemiah) must buy those people again!" Those leaders and officials did not say words [because the things [that I(Nehemiah) said] were true].	Nehemiah
Genesis 44:34	[If the boy is not with me(Judah)] how will I(Judah) return to my(Judah's) father? [If the boy is not with me(Judah)] I(Judah) will not return to my(Judah's) father. No!  You(Joseph) (imp) do not let [me(Judah) see [my(Judah's) father become very sad]]."	Genesis
1 Samuel 7:7	But the Philistines heard [that all of the Israelites were at Mizpah]. So the kings of the Philistines and the Philistine soldiers came to Mizpah [in order to attack the Israelites]. [When the Israelites heard [that the Philistines were coming]], the Israelites became afraid.	1_Samuel
Genesis 3:18	You(Adam) will eat the plants [that are in the field]. but there will be many thorns and many weeds in the field.	Genesis
Mark 1:11	A voice spoke from heaven. And that voice said, ["You(Jesus) are my(God’s) Son, [ _descriptive whom I(God) love very much]]. I(God) am very pleased with you(Jesus)."	Mark
1 Samuel 28:16	Then Samuel said, ["Why do you(Saul) call me(Samuel)]? Yahweh left you(Saul). And Yahweh became your(Saul's) enemy.	1_Samuel
2 Samuel 16:6	Then Shimei started throwing stones at David and at David's officials. But David's soldiers and David's guards were standing around David.	2_Samuel
Esther 2:5	A Jew named Mordecai lived in the palace [that was in Susa]. Mordecai was in a tribe named Benjamin. The name of Mordecai's father was Jair. And the name of Jair's father was Shimei. The name of Shimei's father was Kish.	Esther
2 Samuel 22:1	(title) David praises Yahweh.  David sang this song to Yahweh. [After Yahweh saved/rescued David from all of David's enemies and from Saul] David sang this song.	2_Samuel
1 Samuel 7:11	The Israelites ran out of Mizpah. And the Israelites chased the Philistines to Beth-Kar. And the Israelites killed many of the Philistines.	1_Samuel
Matthew 13:7	Other seeds fell among plants [that had sharp points]. Those plants [that had sharp points] grew. And those plants [that had sharp points] surrounded the plants [that grew from those seeds]. And the plants [that had sharp points] caused [the plants [that grew from those seeds] to die].	Matthew
Acts 17:30	In the past, God did not think [that people [who did not know God] are bad]. But now God commands [all people [who are in every place] to stop doing things [which are bad.]]	Acts
Joshua 19:7	And the tribe named Benjamin also owned the towns named Ain, Rimmon, Ether, and Ashan. Therefore the tribe named Benjamin owned 4 towns.  And the tribe named Benjamin also owned the villages [that were near those towns].	Joshua
Daniel 11:8	The king of the south region will take the idols of the king of the north region to Egypt. The king of the south region will also take valuable gold plates from the king of the north region. For some years the king of the south region will not attack the king of the north region.	Daniel
2 Samuel 23:5	All of the people [who are in my(David’s) family] obey God. So God made a promise/covenant to me(David). God will keep that promise/covenant forever. God planned that promise/covenant.  And that promise/covenant is strong.  That promise/covenant saves me(David).    I(David) do not want other things.	2_Samuel
1 Samuel 6:12	Then the cows started walking toward Beth-Shemesh.  Those cows walked on that road.  The cows did not leave that road.  [While the cows were walking] the cows were shouting.  The rulers of the Philistines followed those cows to the border of Beth-Shemesh.	1_Samuel
Genesis 34:28	Thus the brothers of Dinah stole all animals [that were in the fields] and all things [that were in that city].	Genesis
Matthew 12:37	For God will say/declare [you(people) are innocent] because of the words [that you(people) said]. Or God will say/declare [you(people) are guilty] because of the words [that you(people) said]."	Matthew
Genesis 4:21	The name of Jabal's brother was Jubal.  Jubal was the first person [who played a harp and a flute].	Genesis
Daniel 4:17	This command is for all the holy angels. The angels have told all the people about the plan of God. So now all people will know [that God rules the kingdoms of men]. God is able [to give kingdoms to any person]. And God is able [to make [men [who are not important] become kings]].	Daniel
Matthew 18:33	(yesrhetorical) Should you(servant) pity the other servant [just-like I(king) pitied you(servant)]?" (statement) You(servant) should pity the other servant [just-like I(king) pitied you(servant)]."	Matthew
Titus 3:12	[Before Paul finishes writing Paul's letter] Paul (title) tells more things to Titus. I(Paul) will send Artemis or Tychicus to you(Titus). I(Paul) have decided [to stay in Nicopolis during the winter]. [After Artemis  or Tychicus arrives] you(Titus) (imp) quickly come to Nicopolis [so that you(Titus) could meet me(Paul)].	Titus
1 Samuel 16:9	Then Jesse told [Jesse's son named Shammah to walk in-front-of Samuel]. But Samuel said, ["Yahweh did not choose this man]."	1_Samuel
Acts 19:9	But some of those people did not change those people’s minds. And those people refused [to believe Paul's message]. And those people said bad things about God's Way to other people. So Paul left those people. And Paul led the people [who believe in Jesus] to the school named Tyrannus. In that place, every day Paul talked with those people [who believe in Jesus].	Acts
Genesis 41:28	God is telling you(king) about the things [that God will do soon].	Genesis
Genesis 46:23	Dan had a son named Hushim.	Genesis
2 Samuel 23:28	Zalmon was from Ahoh.Maharai was from Netophath.	2_Samuel
Joshua 7:2	Joshua sent some men from Jericho to a town named Ai. Ai was near Beth-Aven. And Ai was on the eastern side of Bethel. Joshua told those men, ["(imp) You(men) go to Ai]. And (imp) you(men) look at that region and at the people [who are living in Ai]." So those men went to Ai.	Joshua
Mark 9:11	(paragraph) Those followers/disciples asked Jesus, ["Why do the people [who teach the religious _implicit laws/Law] say [Elijah must come first _Adv [(implicit-situational) before the Christ comes]]?"]	Mark
Daniel 4:15	But you(angels) (imp) allow [the roots of the tree to be in the ground]. You(angels) (imp) tie the tree with chains of iron and chains of bronze. You(angels) (imp) allow [the dew [that comes from the sky] to be on the tree]. You(angels) (imp) make [the tree live in a field with animals].	Daniel
Mark 3:13	(title) Jesus chooses the twelve leaders/apostles. (paragraph) One day _implicit Jesus go-up a mountain. And Jesus called the people [whom Jesus wanted [to come to Jesus]]. And those people came to Jesus.	Mark
Daniel 11:28	The king of the north region will return to the king's country with great wealth. But that king will hate the people [who worship God]. That king will do all the things [that that king wants [to do]]. Then that king will continue returning to that king's country.	Daniel
Matthew 23:7	[Whenever those people are in the markets,] those people like-C [people _generic to greet those people respectfully]. And those people like-C [other people _generic to call-C those people Rabbi]. (footnote) Rabbi named the word _ExplainName of Hebrew means-C teacher.	Matthew
Nehemiah 7:6	Nebuchadnezzar [who was the king of Babylon] captured many people. And Nebuchadnezzar took those people from Judah to Babylon. The following people returned to Jerusalem and Judah. Each person returned to that person's town.	Nehemiah
Ruth 1:6	[while Naomi was living in Moab] a person told Naomi [that God was caring for God's people in Bethlehem]. God had given food to those people. So Naomi prepared [to return to Bethlehem]. Naomi's daughters-in-law also prepared [to return to Bethlehem with Naomi].	Ruth
2 Samuel 3:16	Those men took Michal to Bahurim.  But Paltiel followed Michal. And Paltiel was crying[while Paltiel followed Michal]. But Abner said to Paltiel, ["You(Paltiel) (imp) return to your(Paltiel's) house."] So Paltiel returned to Paltiel's house.	2_Samuel
Matthew 18:31	[After the other servants-B _differentNounIndex saw the thing [that the first servant did],] the other servants became very upset. So those servants went to the king [_descriptive who was those servants' master] [in order to tell the king [_descriptive who was those servants' master] about the event [that happened]].	Matthew
Genesis 44:9	[If you(servant) find that silver cup in one of our(brothers') bags] then you(servant) may kill the man [who stole that cup]. and the other brothers will become slaves of you(servant)."	Genesis
Nehemiah 12:47	So [when Zerubbabel was living] [and when Nehemiah was living] all of the people of Israel brought things for the people [who sang] and for the people [who guarded the gates]. And those people also brought things for the other people [that were in the tribe named Levi]. And the people [who were in the tribe named Levi] gave things to the son’s/descendants of Aaron.	Nehemiah
Genesis 42:22	Then Reuben said to the other brothers, ["I(Reuben) told [you(brothers) to not hurt that boy]]. but you(brothers) did not obey me(Reuben). Therefore God is punishing us(brothers) now."	Genesis
Matthew 6:33	(complex) Instead, you(people) (imp) first search/seek _routinely the kingdom-B of God . (simple) Instead, you(people) (imp) first try _routinely [to act [just-like people [whom God rules] act]]. (complex) And you(people) (imp) first search/seek _routinely God's righteousness. (simple) And you(people) (imp) first try _routinely [ to do the good/righteous things [that God wants [you(people) to do]]]. And all of those other _implicit things [(implicit-situational) that you(people) need] will also be given by God _implicitActiveAgent to you(people).	Matthew
Mark 4:22	For things are hidden by God _implicitActiveAgent [so that those things might be shown/revealed to people by God _implicitActiveAgent later _implicit]. (literal) And things [that are secrets now _implicit] will be brought by God _implicitActiveAgent into the light. (dynamic) And things [that are secrets now _implicit] will be explained by God _implicitActiveAgent.	Mark
Joshua 6:16	[After the Israelites walked around the city -iteration 7 times] the priests played the priests' trumpets loudly. Then Joshua said to the people ["Now (imp) you(people) shout!] Yahweh already gave this city to you(people)!	Joshua
Mark 10:33	Jesus _implicitNecessary said _implicitNecessary, ["You(followers) look/behold]. We(Jesus) _incl are going to Jerusalem. And the Son-of-man _1stas3rd will be given-B to the chief priests and the scribes by a person _implicitActiveAgent. Those priests and those people/scribes will judge the Son-of-man _1stas3rd. And those priests and those people/scribes will decide [the Son-of-man _1stas3rd must die]. Then those priests and those people/scribes will give-B the Son-of-Man _1stas3rd to the people [who are not Jews].	Mark
2 Samuel 3:4	David's fourth son’s name was Adonijah. Adonijah's mother’s  name was Haggith. David's fifth son’s  name was Shephatiah. Shephatiah's mother’s  name was Abital.	2_Samuel
1 Samuel 28:20	Then Saul fell on the ground immediately. And Saul lay on the ground. Saul was very afraid because of the things [that Samuel said]. Saul was also very weak [because Saul did not eat food during that day and during that night].	1_Samuel
Genesis 26:9	Then Abimelech called Isaac. and Abimelech said to Isaac, ["This woman is the wife of you(Isaac)!] Why did you(Isaac) tell me(Abimelech) [this woman is the sister of you(Isaac)]?" Isaac answered Abimelech, ["I(Isaac) was afraid [you(Abimelech) would kill me(Isaac)] [in order to marry Rebekah]]."	Genesis
Genesis 9:17	Then God said to Noah, ["The rainbow is a sign]. The rainbow will remind me(God) and all people [that I(God) made this covenant with all things [that live on the earth]]."	Genesis
Joshua 24:10	But I(Yahweh) did not listen to Balaam. So Balaam blessed you(Israelites) many times.  And I(Yahweh) saved you(Israelites) from Balaam.	Joshua
Joshua 9:19	So all of the leaders said, ["We(Israelites) made a promise to the Gibeonites in-front-of the God of Israel named Yahweh].  So we(Israelites) must not attack the Gibeonites now.	Joshua
Acts 15:17	Then (consequently) all the other people [who are in the world], even all those people [who are from other countries] [and who are also my(God's) people] will look for me(God). I(God) am God. I rule all things. I(God) am saying these words, and I am the person [who will do all these things]. (Amos 9:11-12)	Acts
Genesis 11:27	-Title Terah has a family. Terah was the father of Abram, Nahor, and Haran. And Haran was the father of Lot.	Genesis
1 Samuel 16:1	(title) God chooses David [to become the new king of Israel].  One day Yahweh said to Samuel, ["How long will you(Samuel) cry/mourn for Saul]?  I(Yahweh) will not allow [Saul to be the king of Israel]. You(Samuel) (imp) fill your(Samuel's) horn with oil. And you(Samuel) (imp) start walking. I(Yahweh) am sending you(Samuel) to Jesse [who lives in Bethlehem]. I(Yahweh) chose one of Jesse's sons [to become the new king]."	1_Samuel
Matthew 1:25	But Joseph did not sex Mary [until Mary birthed a son]. Then Joseph named that son Jesus.	Matthew
2 Samuel 7:28	Yahweh-Almighty, you(Yahweh) are God!  I(David) believe [that you(Yahweh) will do these things]. And you(Yahweh) promised [to do these good things for me(David)]. I(David) am your(Yahweh's) servant.	2_Samuel
Mark 15:30	You(Jesus) (imp) save-A yourself(Jesus) [by you(Jesus) come-down from that cross]!"	Mark
Acts 18:20	When those Jews asked Paul [to stay with those Jews], Paul said [no].	Acts
1 Samuel 7:14	Previously the Philistines defeated the Israelites. And the Philistines captured the towns [that were between Ekron and Gath]. But [while Samuel was living] the Israelites defeated the Philistines. And the Israelites captured those cities again. And the Israelites also owned the fields [that were near those towns] again. And the Israelites were not fighting the Amorites at that time.	1_Samuel
Mark 1:12	Satan (title) tells Jesus [to do bad-B things _generic]. (paragraph) And immediately the Holy-Spirit sent Jesus into the desert/wilderness from the river-Jordan _implicit.	Mark
Esther 9:29	Then Queen Esther [who was Abihail's daughter] and Mordecai wrote another letter. This letter told [the Jews to celebrate on these two days]. Then Esther put the sign of the king's ring on this letter.	Esther
1 Samuel 18:19	So Saul allowed [a man named Adriel to marry Merab].  Adriel was the son of a man named Meholah.	1_Samuel
1 Samuel 12:18	Then Samuel prayed to Yahweh. On that same day Yahweh sent thunder and rain. Then the people became very afraid of Yahweh and Samuel.	1_Samuel
Matthew 25:43	[When I(king) was from another country,] you(people) did not invite [me(king) to enter your(people's) houses _implicit]. (literal) [When I(king) was not wearing clothes,] you(people) did not put clothes on me(king). (dynamic) [When I(king) needed clothes,] you(people) did not give clothes to me(king). [When I(king) was sick] [and when I(king) was in prison,] you(people) did not care-A for me(king)."	Matthew
1 Samuel 2:26	Samuel continued to grow. And Samuel pleased Yahweh and the people.	1_Samuel
1 Samuel 3:4	Then Yahweh called Samuel. And Samuel answered, ["I(Samuel) am at this place."]	1_Samuel
2 Samuel 11:8	Then David said to Uriah, ["(imp) You(Uriah) go to your(Uriah's) house]. And (imp) you(Uriah) wash your(Uriah's) feet." David (implicit-info) wanted [Uriah to sex Uriah's wife [so that Uriah would think [that Uriah was the father of Bathsheba's baby]]].So Uriah left the palace. And the king sent a gift to Uriah.	2_Samuel
1 Samuel 22:18	Then the king ordered Doeg, ["You(Doeg) (imp) kill the priests]." So Doeg [who was from Edom] killed the priests. On that day Doeg killed 85 men [who were priests].	1_Samuel
2 Samuel 19:40	[When the king went across the Jordan River] Kimham went with the king. All of the soldiers [that were from Judah]and half of the soldiers [that were from Israel] took the king to the other side of the Jordan river.	2_Samuel
Matthew 23:10	And you(followers) should not be called masters-B by other people _implicitActiveAgent. For you(followers) have 1 master [_descriptive who is the Christ].	Matthew
Matthew 11:19	[When the Son-of-Man _1stAs3rd came,] the Son-of-Man _1stAs3rd was eating good food _implicit. And the Son-of-Man _1stAs3rd was drinking alcohol _implicit. So the people _frameInferable say, ["This man eats too much food]. And this man drinks too much alcohol. And this man is a friend of tax collectors and of sinners". But [when a person is wise,] the things [that a person does] show to people _implicit that person's wisdom _inLDV.	Matthew
Genesis 33:11	So (imp) please you(Esau) accept the gift [that I(Jacob) brought to you(Esau)]. God blessed me(Jacob). I(Jacob) have all of the animals [that I(Jacob) need]". So Esau accepted the gift [because Jacob insisted [that Esau take the animals]] .	Genesis
Matthew 10:27	(literal) You(followers) tell in the light to people _implicit the things [that I(Jesus) tell you(followers) in the darkness]. (dynamic) You(followers) (imp) speak publicly about the things [that I(Jesus) tell you(followers) secretly]. And you(followers) (imp) stand on the roofs [in-order-to shout the things [that I(Jesus) whisper to you(followers) in your(followers’) ears]].	Matthew
Daniel 3:23	So Shadrach, Meshach, and Abednego fell into the extremely hot fire. Shadrach, Meshach, and Abednego  were tied with ropes.	Daniel
1 Samuel 26:4	David sent some spies [to look for Saul]. Those spies find-out [that Saul was at the hill named Hakilah].	1_Samuel
Matthew 12:24	_paragraph But [when the Pharisees heard these words _implicit,] the Pharisees said, ["This man uses the power of Beelzebul [who is the ruler of demons] [in order to force [demons to leave people _implicit]]"].	Matthew
Mark 6:40	(implicit-subaction) Jesus's followers/disciples told [the people to sit-down]. So the people sit-down in groups of 100 people or groups of 50 people.	Mark
Matthew 15:30	Big crowds came to Jesus. Those people brought to Jesus _implicit lame people, blind people, people [who had parts of those people's bodies [that were damaged by things-B _implicitActiveAgent]], mute people and many other sick people. And those sick people were put by those people _implicitActiveAgent in-front-of Jesus. And Jesus healed those sick people.	Matthew
Matthew 14:24	The boat [that (implicit-situational) Jesus's followers/disciples were in] was already far-away-from the land. The waves were hitting the boat. (implicit-situational) And the followers/disciples were not able [to much move/row the boat]. For the wind was blowing from the shore.	Matthew
Joshua 13:15	Earlier Moses gave land to each group of families [that were in the tribe named Reuben].	Joshua
1 Samuel 8:14	The king will take your(people's) best fields, your(people's) best vineyards, and your(people's) best olive trees. Then the king will give those fields, vineyards, and olive trees to the king's servants.	1_Samuel
2 Samuel 7:22	Yahweh-Almighty, you(Yahweh) are great! No person is like you(Yahweh). You(Yahweh) are the only God. There are not other gods. We(Israelites) know [that you(Yahweh) are the only God].	2_Samuel
Nehemiah 2:9	So I(Nehemiah) went to the rulers [that were on the western side of the Euphrates river]. And I(Nehemiah) gave the letters [that the king wrote] to those rulers. The king also sent officers of the army and soldiers [that rode horses] with me(Nehemiah).	Nehemiah
2 Samuel 23:15	David (implicit-info) was very thirsty.  David wanted [to drink water]. So David said, ["I(David) wish [that a person would bring water to me(David)]]. There is a well [that is near the gate of Bethlehem]. I(David) want [to drink water [that is from that well]]!”	2_Samuel
Matthew 9:15	_paragraph (rhetorical) Jesus said, ["Should the guests of the man [who is marrying a woman] cry/mourn [while the man [who is marrying a woman] is with the guests of the man [who is marrying a woman]]]? (statement) Jesus said, ["The guests of the man [who is marrying a woman] should not cry/mourn [while the man [who is marrying a woman] is with the guests of the man [who is marrying a woman]]]. There will be a time [that that man/bridegroom will be take-away by people _implicitActiveAgent from those guests at]. Then those guests will fast.	Matthew
1 Samuel 19:15	So (implicit) those men returned to Saul.  But Saul sent those men to David’s house again. Saul told those men, ["You(men) (imp) bring David to me(Saul) [while David is on David's bed]]. Then I(Saul) will kill David."	1_Samuel
2 Samuel 6:5	David and the Israelites were dancing in front of Yahweh wholeheartedly. And the people were singing songs. Those people were playing castanets, harps, lyres, tambourines, rattles, and cymbals.	2_Samuel
Joshua 6:23	So those 2 young men went into Rahab's house. And those 2 men brought Rahab outside the city. Those 2 men also brought Rahab's father, Rahab's mother, Rahab’s brothers, and all of the people [that were with Rahab] outside the city. Those 2 men took Rahab and Rahab’s family to a place [that was outside the camp of Israel].	Joshua
Nahum 2:3	The soldiers’ shields are red.  And the soldiers are wearing bright red clothes. The metal [that is on the soldiers' chariots] is very bright. The soldiers are ready [to use the soldiers' spears].	Nahum
Mark 6:47	(paragraph) During that evening, the boat [(implicit-situational) that Jesus's followers/disciples were in] was in the middle of the lake. And Jesus was alone on the land.	Mark
Genesis 29:1	-Title Jacob travels to northwest Mesopotamia.  Then Jacob continued traveling. and Jacob arrived in the eastern region.	Genesis
Joshua 9:3	The people [who were living in Gibeon] also heard [that Joshua defeated the people [who were living in Jericho] and the people [who were living in Ai]].	Joshua
Mark 10:25	[A big _implicit animal/camel goes through the hole of a needle] is hard-B. But [(complex) a rich person enters the kingdom of God] [(simple) a rich person lets [God lead-B that person]] is extremely hard-B."	Mark
Mark 9:14	(title) Jesus forces [an evil/unclean spirit to leave a boy]. (paragraph) [When Jesus and the 3 disciples returned to the other disciples,] Jesus and the 3 followers/disciples saw [a big crowd surrounding the other followers/disciples]. And some _implicit people [who teach the religious _implicit laws/Law] were arguing with those followers/disciples [(implicit-situational) that were in the crowd].	Mark
Mark 8:26	Jesus told that man [that man to go to that man's house]. And Jesus said to that man, ["You(man) (imp) do not go into the village"].	Mark
Genesis 50:4	[After the people finished mourning Jacob] Joseph spoke to the king's officers. Joseph said to those officers, ["[If you(officers) are pleased with me(Joseph)] then you(officers) (imp) speak to the king for me(Joseph)].	Genesis
Genesis 42:26	Then the brothers put the bags [that contained grain] on the brothers' donkeys. and the brothers left that place.	Genesis
Matthew 1:16	Jacob became the father of Joseph, [who was the husband of Mary]. And Mary birthed Jesus [ _descriptive whom people call _present Christ]. People (implicit-background) call Jesus Christ [because God chose/anointed Jesus [to save God's people]].	Matthew
Matthew 17:4	_paragraph Peter said to Jesus, ["Lord-B, [we(followers) _incl are here] is-V good]. I(Peter) will set-up 3 shelters [if you(Jesus) want [me(Peter) to set-up shelters]]. 1 shelter will be for you(Jesus). 1 shelter _otherThingList will be for Moses. And 1 shelter _otherThingList will be for Elijah."	Matthew
Genesis 32:10	You(God) were kind to me(Jacob). I(Jacob) do not deserve [to receive all the things [that you(God) gave to me(Jacob)]]. [When I(Jacob) traveled across the Jordan river 20 years ago] I(Jacob) had only a stick [that I(Jacob) used [in order to help me(Jacob) [to walk]]]. but now I(Jacob) own many animals and many servants.  I(Jacob) have 2 groups of people and of animals.	Genesis
Esther 3:6	Then the officials told Haman [that Mordecai was a Jew]. So Haman wanted [to kill all the Jews [that lived in Xerxes' kingdom]] [because Haman was very angry] .	Esther
Joshua 21:14	The tribes named Judah and Simeon also gave the towns named Jattir and Eshtemoa to Aaron’s descendants.	Joshua
Nehemiah 7:27	128 men [that were from Anathoth] returned.	Nehemiah
Genesis 50:11	The people [who lived in Canaan] saw [these people mourning at the place [where Atad threshed grain]]. The Canaanites said, ["Those Egyptians are sad!"] Therefore people now call that place "the Egyptians are sad".	Genesis
Genesis 25:34	Then Jacob gave bread and the food [that Jacob prepared] to Esau. and Esau ate the food.  and Esau drank water. then Esau left that place. Thus Esau did not act wisely. Esau sold all the things [that Esau will inherit from the father of Esau] to Jacob.	Genesis
Jonah 4:2	Jonah prayed to Yahweh. And Jonah said, ["Yahweh, [while I(Jonah) was at my(Jonah's) house,] I(Jonah) thought [that you(Yahweh) will forgive the people [who are in Nineveh]]].  I(Jonah) tried [to prevent [you(Yahweh) from forgiving these people]] [by running to Tarshish].  I(Jonah) knew [that you(Yahweh)  forgive people].  And I(Jonah) knew [that you(Yahweh) love people].  And I(Jonah) knew [that you(Yahweh) are kind]. You(Yahweh) do not become angry quickly. You(Yahweh) love people wholeheartedly.   You(Yahweh) are a God [that pities people].  You(Yahweh) do not want [to destroy people].	Jonah
Matthew 17:1	(title) Jesus is changed-D by God _implicitActiveAgent on a mountain. _paragraph After 6 days Jesus led Peter, James and John to a tall mountain. And Jesus, Peter, James and John, _implicitNecessary [_descriptive who was James's brother,] go-up that mountain [_descriptive where there were not other people].	Matthew
Matthew 6:34	(literal) Therefore, you(people) (imp) do not worry today _implicit about tomorrow. (dynamic) Therefore, you(people) (imp) do not worry today _implicit about the things [that might happen tomorrow]. (literal) For tomorrow will worry about tomorrow. (dynamic) For tomorrow there will be tomorrow's problems . Each day has enough trouble.	Matthew
Genesis 35:18	Then Rachel gave birth to a son. but then Rachel immediately died. [Before Rachel died] Rachel named the boy Son of My(Rachel's) Suffering. but Jacob named the boy Benjamin. -Footnote Benjamin means the son of my(Israel's) right hand.	Genesis
Esther 8:15	Then Mordecai left the palace. Mordecai was wearing a special robe [that the king had given to Mordecai]. The robe was blue and white. Mordecai also wore a big gold crown and a purple coat. [When the Jews [that lived in Susa] heard about the new law] the Jews were very happy. So the Jews celebrated.	Esther
Matthew 6:23	(literal) But [if your(person’s) eyes are evil ,] your(person’s) whole body will be full of darkness. (dynamic) But [if your(person’s) eyes are bad ,] all of your(person’s) thoughts are evil. (literal) So [if the light [that shines in you(person)] be-X darkness,] the darkness [(implicit-situational) that is in you(person)] is very dark! (dynamic) You(person) might think [your(person's) thoughts are good [even-though those thoughts are actually evil]]. (dynamic) Then-D your(person's) mind is very evil!	Matthew
1 Samuel 14:24	(title) Jonathan eats honey.  Saul said to the soldiers, ["You(soldiers) must not eat food until this evening].   [After I(Saul) finish defeating my(Saul's) enemies] you(soldiers) may eat food." So the soldiers did not eat food on that day.  And the soldiers became very hungry.	1_Samuel
Matthew 24:12	[Because more people _generic will be evil,] many people will love each-other(people) _implicit and me(Jesus) _implicit less.	Matthew
Genesis 19:6	Lot went outside the house [in-order-to speak to those men]. Lot closed the door of Lot's house.	Genesis
2 Samuel 19:26	Mephibosheth answered David, ["My(Mephibosheth's) master, my(Mephibosheth) servant named Ziba tricked me(Mephibosheth)]. I(Mephibosheth) said to Ziba, ["I(Mephibosheth) am not able [to walk]]. So (imp) you(Ziba) prepare a donkey for me(Mephibosheth). Then I(Mephibosheth) will ride that donkey. And I(Mephibosheth) will go with the king."	2_Samuel
Genesis 22:16	and the angel said, ["[Because you(Abraham) were willing [to give your(Abraham's) only son to me(Yahweh)]] I(Yahweh) make this promise in my(Yahweh's) name].	Genesis
Mark 4:8	Some other seeds fell on good soil. Plants grew from those seeds. And those plants produced many seeds. Some plants produced 30 new seeds. Some plants produced 60 new seeds. And some plants produced 100 new seeds.	Mark
Genesis 49:21	Naphtali is like a female deer [that runs very quickly].  No person is able [to catch Naphtali].  The deer named Naphtali runs through the fields.  This deer's babies are beautiful.	Genesis
1 Samuel 6:18	And the Philistines also sent five gold rats to the Israelites. The five Philistine rulers owned five towns.  Those towns had strong walls.  And villages were near those towns. So each town sent one gold rat to the Israelites.  The Israelites put the Ark-of-the-Covenant on the big rock.  That rock is still at that place today. That rock is in the field of Joshua [who lived in Beth-Shemesh].	1_Samuel
Genesis 13:4	And previously Abram had built an altar at that place. Then Abram worshiped Yahweh again.	Genesis
Mark 16:19	(paragraph) Then [after the Lord-B named Jesus said these things _implicit to those followers/disciples,] the Lord-B named Jesus was taken by God _implicitActiveAgent into heaven. And the Lord-B named Jesus sat at God's right side, [(implicit-situational) _descriptive that is a place [that God honors]].	Mark
Nehemiah 11:1	More people (title) move to Jerusalem. The leaders of the people lived in Jerusalem. The other people used stones [that had marks] [in order to choose the families [that will live in Jerusalem]]. Those people chose one family from each group of 10 families [to live in Jerusalem [which was the special/holy city]]. The other nine families stayed in the families’ towns.	Nehemiah
2 Samuel 2:6	And David hopes [that Yahweh will be kind to you(men)]. David also will be kind to you(men) [because you(men) buried Saul’s  body].	2_Samuel
Matthew 14:28	_paragraph Peter said to Jesus _implicit, ["Lord-B, [if-A you(Jesus) are Jesus _implicitNecessary,] you(Jesus) (imp) tell [me(Peter) to walk to you(Jesus) on the water]."]	Matthew
Esther 8:10	Then the secretaries wrote the king's name on the letters. And Mordecai put the sign of the king's ring on the letters. Then Mordecai gave the letters to messengers. The messengers rode very fast horses. These horses were special horses for the king.	Esther
Genesis 21:8	-Title Hagar and Ishmael leave Abraham.  Isaac grew. and [when Isaac was able [to eat food]] Abraham prepared a feast for Isaac.	Genesis
Genesis 36:27	Ezer had sons named Bilhan, named Zaavan, and named Akan.	Genesis
1 Samuel 26:17	Saul recognized David’s voice.  So Saul said, ["Are you(David) David?]  Are you(David) my(Saul's) son?" David answered, ["Yes.] I(David) am David. And you(Saul) are my(David's) king."	1_Samuel
Acts 15:14	Simon Peter told us(Christians) [that God showed everyone [that God loves people [who are not Jews]]]. That time was the first time [that God accepted people [who are not Jews]]. And God caused those people [who are not Jews] to become God's people].	Acts
Acts 1:11	These men said, ["Men [who are from Galilee], why are you(men) standing here?]  Why are you(men) looking at the sky?  You(men) saw [Jesus carried into heaven by God].  Jesus will return to the earth from the sky.	Acts
Genesis 49:8	Judah, your(Judah's) brothers will praise you(Judah).  You(Judah) will defeat your(Judah's) enemies. and your(Judah's) brothers will bow to you(Judah).	Genesis
Acts 17:1	Paul and Silas (title) told the people [who live in Thessalonica] about Jesus. Then Paul and Silas passed through two cities. One city was named Amphipolis. And the other city was named Apollonia. And then Paul and Silas arrived in the city named Thessalonica. There was A building [where Jewish people worship God] in that city.	Acts
Joshua 17:17	Then Joshua spoke to descendants of Joseph.  Joshua spoke to the families [that were in the tribes named Ephraim and Manasseh]. Joshua said, ["Many people are in your(people's) tribes]. And your(people's) soldiers fight well. So you(people) should have more land.	Joshua
Mark 2:27	(paragraph) Then Jesus said to those Pharisees, ["The seventh day of the week was made by God _implicit [in-order-to help _implicitNecessary people]]. People were not made by God _implicit [in-order-to help _implicitNecessary the seventh day of the week].	Mark
2 Samuel 22:47	Yahweh lives! I(David) praise my(David's) Rock!  My(David's) God is important. God is the Rock [that saves me(David)]!	2_Samuel
Genesis 31:24	But [Before Laban found Jacob] God spoke to Laban in a dream. God said, ["You(Laban) (imp) do not treat Jacob badly].  -implicit [If you(Laban) hurt Jacob] I(God) will punish you(Laban)."	Genesis
Matthew 10:8	You(disciples) (imp) heal the sick people. You(disciples) (imp) cause [the dead people to become alive again]. You(disciples) (imp) cause [the people [who have leprosy] to become religiously clean]. You(disciples) (imp) force [evil spirits/demon to leave people]. You(disciples) received the Good-News _implicit. But you(disciples) did not pay for the Good-News _implicit. So you(disciples) (imp) give the Good-News _implicit to people _implicit. And you(disciples) (imp) do not ask [people to pay for the Good-News _implicit].	Matthew
Mark 5:23	And Jairus earnestly said/beg to Jesus, ["My(Jairus's) daughter will die very soon] . You(Jesus) (imp) please come to my(Jairus's) house _implicit. And you(Jesus) (imp) put your(Jesus's) hands on my(Jairus's) daughter [so that my(Jairus's) daughter will be caused by you(Jesus) _implicitActiveAgent [to become healthy]]. Then-D my(Jairus's) daughter will live."	Mark
1 Samuel 26:22	Then David said, ["This spear belongs to you(Saul)]. You(Saul) (imp) let [one of your(Saul’s) young soldiers come to me(David)].  And I(David) will give this spear to that soldier.	1_Samuel
Mark 3:30	(paragraph) Jesus said these things [because the scribes were saying, ["Jesus has an evil/unclean spirit in Jesus _implicit"]].	Mark
1 Samuel 6:7	So you(Philistines) (imp) build a new wagon. And you(Philistines) (imp) get two cows [that recently birthed baby cows]. People must not have previously put yokes on the necks of those cows. Then you(Philistines) (imp) tie the wagon to those cows. And you(Philistines) (imp) take away the baby cows from those cows. And you(Philistines) (imp) put those baby cows in a pen [so that the baby cows could not follow the baby cows' mothers (implicit-info)].	1_Samuel
Mark 3:9	Then because of the crowd Jesus told Jesus's disciples [to prepare-C a small boat for Jesus] [so that those people would not push against Jesus]. (implicit-situational) Jesus wanted [to sit in the boat] [while Jesus was teaching-B God's message to the people [who were on the shore]].	Mark
1 Samuel 16:15	Saul’s servants said to Saul, ["An evil spirit [that came from God] is causing [you(Saul) to be afraid]].	1_Samuel
Joshua 1:11	Joshua said to the leaders, ["You(leaders) (imp) go through the camp].  And you(leaders) (imp) say to the people, ["You(people) (imp) prepare [to travel]]. You(people) (imp) gather all of the things [that you(people) own]. After 3 days we(people) will go across the Jordan River. We(people) will take the land [that our(people's) God named Yahweh is giving to us(people)]. We(people) will own that land.""	Joshua
Matthew 26:6	(title) A woman puts oil on Jesus in Bethany . _paragraph Jesus was in Bethany at the house of Simon [who previously had a terrible skin disease].	Matthew
Daniel 4:19	Daniel [whom the king called Belteshazzar] became sad. Daniel began to worry about the king. The king said to Daniel, ["Belteshazzar, you(Belteshazzar) (imp) do not worry about the meaning of the dream"]. Daniel said to the king, ["King, I(Daniel) wish [that this dream were about your(Nebuchadnezzar's) enemies]]. And I(Daniel) wish [that this dream was not about you(king)].	Daniel
2 Samuel 20:22	Then that woman talked to all of the people [who were in that city]. Then those people cut off Sheba's head. And those people threw that head to Joab. Then Joab played Joab's trumpet. So all of the soldiers left that city. And each soldier returned to that soldier's house. Then Joab went to the king [who was in Jerusalem].	2_Samuel
Genesis 9:21	-Begin-episode Noah drank wine [that Noah made with Noah's grapes]. Then Noah became drunk. and Noah lay in Noah's tent.  Noah was not wearing clothes.	Genesis
Matthew 8:31	Those evil spirits/demon said/beg to Jesus, ["[If-A you(Jesus) will command [us(spirits) to leave this man],] you(Jesus) (imp) send us(spirits) into those pigs].	Matthew
Genesis 27:25	Then Isaac said, ["You(Esau) (imp) bring the food to me(Isaac).] I(Isaac) will eat the food. Then I(Isaac) will bless you(Esau)."  So Jacob gave the food to Isaac. and Isaac ate that food. Jacob also gave some wine to Isaac. and Isaac drank that wine.	Genesis
1 Samuel 3:2	One night Eli was lying on Eli’s bed. Eli was not able [to see well].	1_Samuel
2 Samuel 3:35	Then all of those people asked/begged/urged [David to eat food [before the sun  set]]. But David promised those people [that David would not eat food on that day].  David said, ["[If I(David) eat food [before the sun sets]] I(David) hope [that God will punish me(David) greatly]]!"	2_Samuel
2 Samuel 14:11	Then that woman said, ["Please (imp) you(David) promise me(woman) [that people will not kill my(woman's) son]]. (imp) You(David) do not allow [a person to destroy me(woman)]."David said, ["I(David) promise Yahweh [that people will definitely not hurt your(woman's) son]]."	2_Samuel
Genesis 29:11	Then Jacob greeted Rachel.  Jacob was very happy.	Genesis
1 Samuel 17:25	The Israelite soldiers said to each other, ["You(soldier) (imp) look at that man]! Goliath laughs at us(Israelites) every day. The king will give much money to the man [who will kill Goliath]. And the king will also allow [that man to marry the king's daughter]. And that man’s family will not pay taxes in Israel."	1_Samuel
Joshua 6:3	Today (imp) you(Joshua) walk/march around the city with all of your(Joshua's) soldiers -iteration 1 time.  You(Joshua) and your(Joshua’s) soldiers must walk/march around the city 1 time for 6 days.	Joshua
2 Samuel 13:34	Then Absalom run-away/fled.The guard [that was protecting the city] saw [many people coming toward the city].  So the guard went to the king.  And the guard said to the king, ["I(guard) see [men coming from Horonaim].] Those men are on the side of the hill."	2_Samuel
Mark 1:36	Then Simon and the people [who were with Simon] searched for Jesus.	Mark
Acts 17:7	And Jason welcomed those men. And Jason let those men stay in Jason's house. Those men are breaking Caesar's laws. Those men are saying [that there is another king]. Those people say [that this king is named Jesus]."]  Caesar  (footnote) is the title for the king of Rome. At that time, the King of Rome was named Claudius.	Acts
Matthew 25:6	_paragraph At 12PM a person shouted, ["You(people) (imp) look/behold!] The man/bridegroom is here! You(women) (imp) come [in order to meet the man/bridegroom]!"	Matthew
Genesis 4:13	Then Cain said to God, ["You(God) are punishing me(Cain) too much!]  I(Cain) will not be able [to live]!	Genesis
Genesis 38:10	But Yahweh knew [that Onan did this wicked thing]. So [because Onan did not please Yahweh] Yahweh killed Onan also.	Genesis
Mark 5:36	(paragraph) Jesus heard the thing [that those people said to that leader _implicit of the Jewish church]. And Jesus said to that leader of the Jewish church , ["You(Jairus) (imp) do not be afraid]. Instead, you(Jairus) (imp) believe [(implicit-situational) I(Jesus) am able [to save-A your(Jairus's) daughter]]."	Mark
1 Samuel 26:24	I(David) let [you(Saul) live] today. And I(David) hope [that Yahweh will let [me(David) live]] [because  I(David) let [you(Saul) live]]. Yahweh will protect me(David) from people [who want to hurt me(David)]."	1_Samuel
Matthew 13:18	_paragraph You(followers) (imp) listen to the following meaning of the story/parable [that was about the farmer [who scattered seeds]].	Matthew
Nahum 1:6	[When Yahweh is angry at a person,] no person is able [to stand in front of Yahweh]. [When Yahweh is very angry with a person,] that person will die. [When Yahweh is angry,] Yahweh destroys all things [like fire destroys all things]. Yahweh breaks the stones into pieces.	Nahum
Matthew 13:43	(complex) Then the good/righteous people will shine [just-like the sun shines] in the kingdom-B of those people's Father. (simple) Then the good/righteous people will shine [just-like the sun shines] in the place [where those people's Father rules those people]. You(people) [who have ears], you(people) (imp) listen to these words.	Matthew
Genesis 43:10	[If you(Jacob) had not prevented [us(brothers) from going again to Egypt]] we(brothers) would have traveled to Egypt 2 times."	Genesis
Esther 2:21	There were two guards [that protected the king's rooms]. One guard's name was Bigthana. and the other guard's name was Teresh. These two guards became angry with the king. So these guards decided [to kill the king].	Esther
Acts 17:11	The people [who were from Berea] were better people than the people [who were from Thessalonica] because the people [who were from Berea] were eager to hear the message [which Paul preached to the people [who were from Berea]]. And all the time the people [who were from Berea] examined the scriptures so that the people [who were from Berea] could determine [if the message [which Paul preached] was true].	Acts
Genesis 16:3	Abram had lived in Canaan for 10 years [when Sarai told Abraham [to sex Hagar]]. Hagar was Sarai's female slave from Egypt.	Genesis
Mark 15:32	[If this man is the Christ] [and if this man is the king of Israel _RegionofAuthority,] this man should come-down from that cross now. Then-D we(people) will see-B [(implicit-situational) this man come-down from that cross]. And we(people) will believe-B in this man _implicit." The men _dual [who were on crosses near Jesus ] were also insulting Jesus.	Mark
Joshua 12:13	The Israelites defeated the king of Debir and the king of Geder.	Joshua
Genesis 27:34	[When Esau heard these words] Esau became very troubled.  And Esau cried loudly. Then Esau said to the father of Esau, ["Father, you(Isaac) (imp) bless me(Esau) also!]	Genesis
Daniel 11:1	The Lord said, ["I(Lord) helped Michael during the first year [when Darius ruled Media]].	Daniel
Genesis 42:24	Then Joseph left Joseph's brothers. and Joseph cried. Later Joseph returned to Joseph's brothers. and Joseph spoke to Joseph's brothers again. Then Joseph ordered [a guard to tie Simeon with ropes]. The other brothers watched [the guard tying Simeon with ropes].	Genesis
Daniel 4:24	Daniel said to the king, ["Now I(Daniel) will tell you(king) about the meaning of this dream]. God has commanded [the angels to do certain things to you(king)].	Daniel
Matthew 7:19	Every tree [that does not produce good fruit] is cut-down by people _implicitActiveAgent. And that tree is thrown by people _implicitActiveAgent into fire.	Matthew
Matthew 10:14	[If a person refuses [to accept/welcome you(disciples) in that house _implicit or in that town _implicit],] [or if a person refuses [to listen to your(disciples') message],] you(disciples) (imp) leave that house or that town. And you(disciples) (imp) shake your(disciples') feet [so that the dust would fall]. (footnote) The followers/disciples did this action [in order to show to the people [that the followers/disciples rejected those people [because those people rejected those followers/disciples]]].	Matthew
Acts 18:16	So Gallio commanded [some guards to take those Jewish leaders away from the court].	Acts
Matthew 27:50	_paragraph Then Jesus cry-out again loudly. (literal) And Jesus gave Jesus's spirit-A to God _implicit. (dynamic) And Jesus died.	Matthew
Genesis 2:8	God created a garden in the eastern region [before God created the man].  This garden was in Eden.  God put the man [that God created] in this garden.	Genesis
Matthew 10:12	[When you(disciples) enter the house of that person _implicit,] you(disciples) (imp) greet that house of the people _implicitType.	Matthew
Mark 12:7	(paragraph) But [(implicit-subaction) after that son arrived at the garden/vineyard] those people/farmers said to each-other(people), ["This person will receive/inherit this garden/vineyard [after this person's father dies]]. You(people) (imp) come. You(people) kill _suggestiveLets this person. Then this garden/vineyard will be our(people's) garden/vineyard."	Mark
Genesis 24:50	Then Laban and Bethuel said to the servant, ["Yahweh certainly wants [Isaac to marry Rebekah].] Therefore we(Laban) will not prevent [Isaac marrying Rebekah]].	Genesis
Joshua 2:24	Those 2 men said to Joshua, ["Yahweh will certainly give this land to us(people)]. All of the people [who are living in this land] are very afraid of us(people)."	Joshua
Genesis 8:4	The boat stopped floating on the 17th day of the seventh month. The boat was on a mountain [that was in a region named Ararat].	Genesis
Nehemiah 12:31	I(Nehemiah) told [the leaders of Judah to go-up to the top of the wall]. I(Nehemiah) also chose/appointed two large groups of people [who sang] [to thank God].  One of those groups/choirs go-up to the top of the wall on the right side [which went to the gate-Dung].	Nehemiah
Joshua 4:9	Joshua also told [the 12 men to put 12 large stones in the middle of the Jordan River]. The men put those stones at the place [where the priests stood].  The priests were carrying the ark-of-the-covenant. Those stones are still at that place.	Joshua
Nahum 3:12	The walls of your(people's) city are like ripe figs [that are on a fig tree]. [When a person shakes the fig tree,] the ripe figs fall into the person's mouth. [When the soldiers attack you(people),] the walls of your(people's) city will fall to the ground.	Nahum
Genesis 46:2	That night God spoke to Jacob.  And God showed a vision to Jacob. God seek-attention Jacob.  Then Jacob said, ["I(Jacob) am here."]	Genesis
Nehemiah 1:4	[After I(Nehemiah) heard these things] I(Nehemiah) sat down. And I(Nehemiah) cried/wept.  I(Nehemiah) mourned for (complex) many days. I(Nehemiah) was very sad for (simple) many days . And I(Nehemiah) did not eat food [so that I(Nehemiah) could pray to God].	Nehemiah
Matthew 14:27	_paragraph But immediately Jesus said to those followers/disciples, ["You(followers) (imp) be brave!] I(Jesus) am Jesus _implicitNecessary. You(followers) (imp) do not be afraid."	Matthew
Genesis 44:18	Then Judah stood near Joseph. and Judah said to Joseph, ["Master, please you(Joseph) (imp) allow [me(Judah) to speak to you(Joseph)]]. Please you(Joseph) (imp) do not be angry at me(Judah). I(Judah) know [that you(Joseph) are very powerful].  You(Joseph) are like the king of Egypt.	Genesis
1 Samuel 14:39	We(Israelites) must kill the person [who did not obey God]. [Even if my(Saul's) son named Jonathan did not obey God,] we(Israelites) must kill my(Saul’s) son."  But the soldiers did not say a thing to Saul.	1_Samuel
Matthew 17:9	_paragraph [While Jesus and the followers/disciples come-down from the mountain _frameInferable,] Jesus commanded the followers/disciples, ["You(followers) (imp) do not tell-C people about the thing [that you(followers) saw on that mountain _implicit] [until the Son-of-Man _1stAs3rd is raised from the dead by God _implicitActiveAgent]"].	Matthew
1 Samuel 6:15	Then the priests took the Ark-of-the-Covenant of Yahweh off of the wagon.  The priests also took the box [that contained the gold objects] off of the wagon.  The people put the Ark-of-the-Covenant and the box on the big rock. On that day the people [who lived in Beth-Shemesh] gave gifts/offerings to Yahweh.	1_Samuel
Joshua 11:11	The Israelites killed all of the people [who were living in Hazor]. The Israelites completely destroyed those people. No person was still alive [after the Israelites defeated those people]. Then the Israelites burned that city.	Joshua
Genesis 37:12	One day Joseph's brothers went to Shechem [so that the livestock could eat the grass [that was near Shechem]].	Genesis
Joshua 18:17	Then the border went to En-Shemesh.  Then the border went to Geliloth [which was near the pass-Adummim]. Then the border went to the Stone-of-Bohan. Bohan was the son of Reuben.	Joshua
Matthew 12:39	_paragraph Jesus answered, ["Evil people and people [who are not faithful to God _implicit ] want [to see a miracle]!] But a miracle will not be shown by me(Jesus) _implicitActiveAgent to these people _implicit except the miracle [that was done by God _implicitActiveAgent for the prophet named Jonah].	Matthew
Esther 4:9	So Hathach took the letter to Esther. and Hathach told Esther about the new law. Hathach told Esther about all the things [that Mordecai said].	Esther
Matthew 17:25	_paragraph Peter answered those tax collectors _implicit, ["Yes."] _paragraph [When Peter entered the house [where (implicit-situational) Jesus was staying],] Jesus spoke first _adv. Jesus said, ["Simon, do you(Simon) think [the earth's kings of the tax collectors _metonymy collect taxes from those kings' children or from other people]?"]	Matthew
1 Samuel 19:23	So Saul started walking to Naioth. But the Spirit of God entered Saul also.  Then Saul started telling/prophesying God’s messages to people [while Saul was walking toward Naioth]. Then Saul arrived at Naioth.	1_Samuel
Matthew 27:39	The people [who walked past Jesus] much insulted Jesus. Those people shook those people's heads [in order to (implicit-situational) show people _implicitGenericOtherNounIndex [those people did not respect Jesus]].	Matthew
Genesis 38:30	Then Tamar birthed the baby [who had the red string on the baby's hand]. and Tamar named that baby Zerah. -footnote Zerah means red.	Genesis
Genesis 3:8	Then the man and the woman heard [God walking in the garden].  The weather was cool in the garden.  The man and the woman hid from God.  The man and the woman hid  behind some trees [that were in the garden].	Genesis
2 Samuel 17:22	So David and all of the people [who were with David] went across the Jordan River. All of the people went across the Jordan River [before the sun started rising].	2_Samuel
Genesis 1:9	And God said, ["Gather the water [that is under the sky] [with-the-result-that a dry places appear]]."  Thus God caused [dry places to appear].	Genesis
Titus 2:15	You(Titus) (imp) tell these things to people. You(Titus) (imp) tell [those people to do these things]. And you(Titus) (imp) tell those people [that those people are wrong] [when those people are not  doing these things]. You(Titus) have authority [to tell these things to people]. You(Titus) (imp) do not allow [people to ignore you(Titus)].	Titus
Matthew 17:10	_paragraph The followers/disciples asked Jesus, ["Why do the scribes say [Elijah must come first _adv [before (implicit-situational) the Christ comes]]?"]	Matthew
Matthew 21:28	(title) Jesus tells a story/parable [that is about 2 sons]. _paragraph Jesus _implicitNecessary said _implicitNecessary, ["You(priests) (imp) think carefully about the story/parable [that I(Jesus) will tell-D you(priests)]]. There was a man [who had 2 sons]. That man went to the first son. And that man said, ["Son, you(son) (imp) go]. And you(son) work today in the vineyard."	Matthew
2 Samuel 16:1	(title) Ziba meets David.  David started walking down the Mount of Olives.  A man named Ziba was waiting [to meet David].  Ziba was Mephibosheth’s servant. Ziba had several donkeys [that were carrying 200 loaves of bread, 100 raisin cakes, and 100 fig cakes]. Those donkeys also carried a bag [that contained wine].	2_Samuel
Matthew 12:17	These events happened [so that the words [that God spoke through the prophet named Isaiah] would happen/be-fulfilled].	Matthew
Matthew 26:20	_paragraph (implicit-subaction) Later Jesus and Jesus's 12 followers/disciples were in the room [that the followers/disciples prepared the meal in]. (literal) In the evening, Jesus and the 12 followers/disciples were lying/reclining at the table _frameInferable [in order to (implicit-situational) eat that Passover meal]. (dynamic) In the evening, Jesus and the 12 followers/disciples were eating that Passover meal _implicit.	Matthew
Joshua 10:18	So Joshua said to the soldiers, ["(imp) You(soldiers) put large stones in front of that cave.] And (imp) you(soldiers) guard that cave.	Joshua
Joshua 23:3	You(Israelites) recently saw all of the things [that Yahweh did to our(Israelites') enemies]. Yahweh defeated these nations for you(Israelites). Your(Israelites') God named Yahweh fought for you(Israelites).	Joshua
2 Samuel 21:15	(title) The Israelites fight the Philistines.  Then the Philistines started attacking the Israelites again. So David and David's soldiers went [in order to fight the Philistines]. But David became extremely tired.	2_Samuel
1 Samuel 12:12	But then you(Israelites) saw Nahash [who was the king of the Ammonites].  Nahash was coming to you(Israelites) [in-order-to fight you(Israelites)]. So you(Israelites) said to me(Samuel), ["We(Israelites) want a king [who will rule us(Israelites)]."] But Yahweh [who was your(Israelites’) God] was your(Israelites’) king.	1_Samuel
Matthew 21:44	[If a person falls on this stone,] a person will break-D into pieces. [If this stone falls on a person,] a person will be crushed by that stone _implicitActiveAgent." (footnote) [When Jesus says the word named stone _inQuotesPreferred] Jesus is talking about Jesus. (footnote) Some copies/manuscripts of this part of the Scriptures do not have verse 44.	Matthew
1 Samuel 16:17	So Saul said to Saul's servants, ["You(servants) (imp) Go]. And you(servants) (imp) find a person [who plays the harp well]. Then you(servants) (imp) bring that person to me(Saul)."	1_Samuel
Joshua 18:3	So Joshua said to the Israelites, ["Why are you(Israelites) waiting?] You(Israelites) (imp) start taking the land [that Yahweh gave to you(people)]. The God of your(Israelites') fathers named Yahweh gave this land to you(Israelites).	Joshua
Daniel 3:11	You(king) said [that you(king) will punish all people [who did not do all the things [that this command says]]]. You(king) will throw those people into a very hot fire.	Daniel
Genesis 27:44	You(Jacob) (imp) stay with Laban [until the brother you(Jacob) stops being angry].	Genesis
Titus 2:11	God (title) saves people from bad things and death. God has treated us(Paul) kindly now. Now God is able [to save all people from bad things and death].	Titus
Daniel 2:16	So Daniel went to the palace [in order to talk to the king]. Daniel asked [the king to wait for a short time]. Then Daniel will be able [to tell the king about the meaning of the dream].	Daniel
Joshua 22:24	We(people) built this altar for your(Israelites’) descendants and our(people’s) descendants. In the future your(Israelites') descendants might think [that our(people’s) descendants are not part of your(Israelites') nation]. Then your(Israelites’) descendants might say to our(people’s) descendants, ["You(people) must not worship the God of the Israelites named Yahweh].	Joshua
Genesis 24:6	Abraham answered the servant, ["No!] You(servant) (imp) do not take my(Abraham's) son to that place.	Genesis
2 Samuel 13:8	So Tamar went to the house of Tamar's brother named Amnon. Amnon was lying on Amnon's bed. Tamar used dough [in order to make bread]. Tamar made that bread in front of Amnon. Then Tamar baked that bread.	2_Samuel
1 Samuel 21:4	But the priest said to David, ["I(Ahimelek) do not have bread [that is for people].]  But I(Ahimelek) have special/consecrated bread [that is for Yahweh]. [If your(David's) soldiers did not sex women today] then I(Ahimelek) will give that bread to you(David)."	1_Samuel
Genesis 45:18	Then you(brothers) (imp) bring your(brother's) father and your(brother's) families to me(king). I(king) will give the best land [that is in Egypt] to your(brother's) relatives. and your(brother's) relatives will eat the best food [that we(king) have].	Genesis
Matthew 4:10	(paragraph) Then Jesus said to the devil, ["Satan, you(Satan) (imp) leave me(Jesus)!] (implicit-situational) I(Jesus) will not do the thing [that you(Satan) tell me(Jesus) [to do]]. For the Scriptures say, ["You(people) (imp) honor/worship only the Lord [ _descriptive who is your(people’s) God]]. And you(people) (imp) serve only the Lord."" (footnote) You(people) (imp) see Deuteronomy 6:13.	Matthew
Acts 21:32	The man [who ruled the soldiers] called some officers and soldiers. Then the man [who ruled the soldiers] and the officers and soldiers ran to the crowd. [When the people [who were making much noise] saw that man [who ruled the soldiers] and those soldiers], those people [who were making much noise] stopped beating Paul.	Acts
1 Samuel 22:3	Then David went to Mizpah [which was in Moab]. And David said to the king of Moab, ["You(king) please (imp) let [my(David's) father and my(David's) mother stay with you(king) [until God helps me(David)]]]."	1_Samuel
Matthew 14:12	[After (implicit-situational) John's followers/disciples heard [John was dead],] John's followers/disciples came. And those followers/disciples took John's body. Those followers/disciples put John's body in a hole/cave [where people put dead bodies]. Then those followers/disciples left. And those followers/disciples told Jesus about John's death _implicit.	Matthew
2 Samuel 12:24	Then David comforted Bathsheba. And David sexed Bathsheba. Then (implicit-info) Bathsheba became pregnant again. Then Bathsheba birthed another son. David named that boy Solomon. Yahweh loved Solomon.	2_Samuel
Genesis 31:34	Rachel had hidden the idols inside Rachel's saddle. and Rachel  was sitting on that saddle. Then Laban looked for the idols in Rachel's tent. but Laban did not find the idols in Rachel's tent.	Genesis
Matthew 11:14	And [although some people are not willing [to accept these words],] John the Baptist is the person [who is _be-U like Elijah] [and whom you(people) were expecting [to come]].	Matthew
Genesis 36:18	Esau's wife named Oholibamah birthed the leaders named Jeush, named Jalam, and named Korah. These men were the leaders [who were the sons of Esau's wife named Oholibamah].  Oholibamah was the daughter of Anah.	Genesis
2 Samuel 22:43	I(David) beat my(David's) enemies [until my(David's) enemies became like the earth's dust]. I(David) walked on those enemies [just like I(David) walk on wet dirt [that is on the streets]].	2_Samuel
Joshua 7:16	The next morning Joshua called all of the tribes of Israel. Then each tribe stood in-front-of Yahweh. And Yahweh chose the tribe named Judah.	Joshua
Mark 8:16	(paragraph) Those followers/disciples started to talk/discuss with each-other(followers) [because those followers/disciples did not bring bread]. (implicit-situational) Those followers/disciples thought [Jesus was talking about bread _generic].	Mark
Genesis 14:22	But Abram said to the king of Sodom, ["I(Abram) make a promise to Yahweh [who is God-Most-High]]. Yahweh created the heaven and the earth.	Genesis
Genesis 42:7	[When Joseph saw Joseph's brothers] Joseph recognized Joseph's brothers.  But Joseph pretended [that Joseph did not know Joseph's brothers]. Joseph spoke cruelly to Joseph's brothers.  Joseph said to Joseph's brothers, ["Where do you(brothers) live?]”  The brothers answered Joseph, ["We(brothers) live in Canaan].  We(brothers) came to Egypt [in-order-to to buy food]."	Genesis
Genesis 12:7	One day Yahweh appeared to Abram. and Yahweh said, ["I(Yahweh) will give this land to your(Abram's) descendants]." So Abram built an altar at that place for Yahweh.	Genesis
1 Samuel 28:10	Then Saul said, ["I(Saul) promise you(woman) [that soldiers will not punish you(woman)]]." (promise "by Yahweh"?)	1_Samuel
Genesis 6:13	So God said to Noah, ["I(God) am going to destroy all the people [that live on the earth] [because the people are evil] [and because the people are violent]].	Genesis
Matthew 8:3	(paragraph) Then Jesus moved Jesus's hand toward that man _implicit. And Jesus touched that man. Jesus said, ["I(Jesus) am willing [(implicit-info) to heal you(man)]]. You(man) (imp) become religiously/ritually _implicit clean/clean-B!" (implicit-situational) Then that man became healthy. And immediately that man became religiously/ritually _implicit clean/clean-B.	Matthew
Genesis 6:15	The boat must be very big.  The boat must be 140 meters long.  The boat must be 23 meters wide.  The boat must be 14 meters high.	Genesis
2 John 1:13	The children of your(people's) sister [whom God also chose [to be among God's people]] are greeting you(sister).	2_John
Philemon 1:20	Friend, I(Paul) want [you(Philemon) to welcome Onesimus].  We(Paul) are united to the Lord by God. You(Philemon) (imp) welcome Onesimus. Then you(Philemon) will cause [me(Paul) to be happy].	Philemon
Joshua 2:13	You(men/spies) (imp) promise me(Rahab) [that you(men/spies) will protect my(Rahab's) father, my(Rahab's) mother, my(Rahab's) brothers, my(Rahab's) sisters, and our(people's) families]. You(men/spies) (imp) promise me(Rahab) [that you(men/spies) will save us(people)]."	Joshua
Genesis 46:24	Naphtali had sons named Jahziel, named Guni, named Jezer, and named Shillem.	Genesis
Matthew 18:23	_paragraph (complex) Therefore, I(Jesus) _implicitNecessary will compare the kingdom-B of heaven to a king [who wanted [to collect the money [that that king's servants-B owed that king]]]. (simple) Therefore, I(Jesus) will compare God [who rules God's people] to a king [who wanted [to collect the money [that that king's servants-B owed that king]]].	Matthew
Genesis 30:6	Then Rachel said, ["God judged me(Rachel)]. And God decided [that I(Rachel) am innocent]. God answered my(Rachel's) prayer [by God giving a son to me(Rachel)]". So Rachel named that child Dan. Dan means [to judge].	Genesis
Genesis 13:2	Abram was very rich.  Abram had many cattle.  and Abram had much silver and much gold.	Genesis
Mark 1:4	That person/messenger (implicit-info) [that Isaiah talked about] was John the Baptist. John the Baptist came to the desert/wilderness. John told/preached to people [those people should let [John dip/baptize those people into water]]. [When a person is dipped/baptized into water,] people know [that person decided [to change-D that person's thoughts and that person's actions [so that that person's thoughts and that person's actions please God]]]. Then God will forgive that person's sins.	Mark
1 Samuel 12:25	But [if you(Israelites) continue doing evil things,] Yahweh will destroy you(Israelites) and your(Israelites') king."	1_Samuel
Genesis 31:20	But Jacob did not tell Laban [that Jacob was leaving].  Thus Jacob tricked Laban.	Genesis
2 Samuel 5:8	[While David was preparing [to attack the Jebusites]], David said to David's soldiers, ["[If we(David) crawl through the  water tunnels] we(David) will be able [to enter  this city]]. Then we(David) will defeat these enemies [that are not able [to see things]]. And we(David) will kill these people [that are not able [to walk]]." Later people often said, ["People [who are not able [to see things]] and people [who are not able [to walk]] will not enter the palace]."	2_Samuel
Genesis 18:26	Then Yahweh answered Abraham, ["[If I(Yahweh) find 50 righteous people in Sodom] I(Yahweh) will not destroy the city because of the 50 people."]	Genesis
Joshua 7:6	Then Joshua tore Joshua's clothes [in-order-to show people [that Joshua was upset]]. And Joshua fell on the ground [that was in-front-of the ark-of-the-covenant]. Joshua stayed at that place until the evening. And the other leaders of the Israelites did the same thing. Those leaders threw dirt on the leaders' heads [in-order-to show people [that the leaders were upset]].	Joshua
Genesis 5:6	Seth had a son [when Seth was 105 years old].  Seth named this son Enosh.	Genesis
Matthew 11:16	_paragraph (rhetorical) To which thing should I(Jesus) compare the people [who are living now]? (statement) I(Jesus) will compare the people [who are living now] to something. Those people are like children [who are sitting in the markets] [and shouting to other children].	Matthew
Joshua 1:6	Then Yahweh said to Joshua, ["You(Joshua) (imp) be strong!] And you(Joshua) (imp) be brave! You(Joshua) must lead these people [so that these people could defeat the nations [that are living in this land]]. I(Yahweh) promised the people's fathers [that I(Yahweh) would give this land to the fathers].	Joshua
Genesis 30:16	[After Jacob returned from the field that evening] Leah said to Jacob, ["You(Jacob) must sex me(Leah) tonight [because I(Leah) paid the mandrake [that my(Leah's) son found] to Rachel]]". So Jacob sexed Leah that night.	Genesis
Genesis 33:6	Then the 2 female slaves and the children of the slaves came to Esau. and the female slaves and the children bowed to Esau.	Genesis
1 Samuel 8:11	Samuel said to those leaders, ["[If a king rules you(people)] that king will take away your(people's) sons from you(people)]. And the king will force [your(people's) sons to become soldiers for the king's army]. Your(people's) sons will take care of the king's chariots and the king's horses. And your(people's) sons will run in front of the king's chariots.	1_Samuel
Matthew 24:30	_paragraph Then the sign-B [that shows [the Son-of-man _1stAs3rd is coming]] will appear in the sky. And all the groups of people [_restrictive who are on the earth] will cry/mourn [when all the groups of people [_restrictive who are on the earth] see [the Son-of-man _1stas3rd coming on the clouds of the sky]]. (complex) For the Son-of-man _1stAs3rd will come with-A great power and glory. (simple) For the Son-of-man _1stAs3rd will be very powerful and very great/glorious. (footnote) You(followers) (imp) see Daniel 7:13-14.	Matthew
Mark 1:23	Then suddenly in the Jewish church of those people a man [who was controlled by an evil/unclean spirit ] cry-out-B,	Mark
Acts 19:36	No person is able [to say that I(official) am lying]. So you(people) should be calm. Do not (imp) act badly.	Acts
Genesis 21:34	Abraham was a foreigner in the land of the Philistines.  Abraham lived in that place for many years.	Genesis
Nehemiah 6:16	Our(Nehemiah’s) enemies [that were in the countries [that were near us(Nehemiah)]] heard [that we(Nehemiah) finished building the wall]. Then those enemies became afraid. Those enemies realized [that God helped [us(Nehemiah) repair the wall]].	Nehemiah
Mark 14:45	And [after Judas and those people came to that place _implicit], Judas immediately went to Jesus. And Judas said, ["Rabbi!"] And Judas kissed Jesus.	Mark
Esther 4:8	Then Mordecai showed the letter [that Haman wrote] to Hathach. The letter commanded [people to kill all the Jews]. Mordecai asked [Hathach to show the letter to Esther]. Mordecai told [Hathach to explain the new law to Esther]. Mordecai also told Hathach [that Esther must ask [the king to save the Jews]].	Esther
Genesis 44:8	We(brothers) brought to you(servant) from Canaan the silver [that we(brothers) found in our(brothers') bags]. So why would we(brothers) steal silver or gold from your(servant's) master's house? We(brothers) certainly did not steal silver or gold from your(servant's) master's house.	Genesis
Joshua 19:11	Then the border went to Maralah and Dabbesheth. Then the border went to the valley [that was near Jokneam].	Joshua
Genesis 23:13	Then Abraham said to Ephron, ["You(Ephron) (imp) allow [me(Abraham) to buy the land from you(Ephron)]]. You(Ephron) (imp) accept my(Abraham's) silver. Then I(Abraham) will bury my(Abraham's) wife in that cave."  All the Hittites heard Abraham speak to Ephron.	Genesis
1 Samuel 21:11	But the servants of Achish said to Achish, ["This man is David]. David is the king of the Israelites.  The Israelite women sing songs [that are about David] [when the Israelite women dance]. Those women say, ["Saul killed 1000 enemies]. But David killed 10000 enemies!""	1_Samuel
Joshua 14:2	Previously Yahweh commanded [Moses to give land to each tribe].  So the leaders used lots [in order to divide the land of Canaan].  [After the leaders used lots] the people [who were in the 9 tribes] and the other families [that were in the tribe named Manasseh] received land.	Joshua
Genesis 8:20	Then Noah built an altar for God.  Noah killed some clean birds and some clean animals.  Then Noah put those birds and animals on the altar.  Then Noah burned those birds and animals on the altar [in-order-to worship God with an offering].	Genesis
2 Samuel 8:16	A man named Joab was the son of Zeruiah. Joab was the leader of Israel’s army. A man named Jehoshaphat was the son of Ahilud.  Jehoshaphat wrote in a book about all of the things[that David did].	2_Samuel
Mark 13:17	Women [who have a baby in those women's bodies/wombs ] and women [who are giving milk [that is from those women's breasts] to those women's babies] will be extremely upset/troubled in those days!	Mark
Genesis 4:24	God will punish the person [who kills Cain] 7 times.  But I(Lamech) hope [that God punish the person [who kills me(Lamech)] 77 times]."	Genesis
Mark 8:12	Jesus breathed very loudly/deeply . And Jesus said, ["(rhetorical) Why do the people of this time/generation _frameInferable continue asking for a sign-B [(implicit-situational) that shows to the people of this time/generation [my(Jesus's) power comes from heaven]]?] ["(statement) The people of this time/generation _frameInferable should not continue asking for a sign-B [(implicit-situational) that shows to the people of this time/generation [my(Jesus's) power comes from heaven]]]. I(Jesus) tell the truth to you(Pharisees). A sign will not be shown by me(Jesus) _implicitActiveAgent to these people."	Mark
1 Samuel 3:21	And Yahweh continued speaking to Samuel at Shiloh. And Samuel learned about God [by listening to God's words].	1_Samuel
1 Samuel 28:14	Saul asked that woman, ["Who is the spirit]?" The woman answered, ["The spirit is an old man [who is wearing a robe]].  And the spirit is coming up." Then Saul knew [that the spirit was Samuel]. So Saul bowed. And Saul lay down on the ground.  And Saul put Saul's face on the ground.	1_Samuel
1 Samuel 21:3	Do you(Ahimelek) have food? You(Ahimelek) (imp) give five loaves of bread to me(David). Or you(Ahimelek) (imp) give other food [that you(Ahimelek) have] to me(David)."	1_Samuel
Daniel 2:34	[While you(king) were looking at the statue] God cut a big stone from a mountain. Then God threw the stone at the feet of the statue. And the stone broke the statue's feet.	Daniel
Matthew 25:24	_paragraph (literalunits) Then the servant-B [who received 1 talent] came to the master-A. (modernunits) Then the servant-B [who received 1 bag] came to the master-A. That servant-B said, ["Master-A, I(servant) knew [that you(master) are a strict man]]. You(master) gather/harvest crops _implicit [where you(master) did not plant seeds _implicit]. You(master) gather crops _implicit [where you(master) did not scatter seeds]. (implicit-situational) You(master) expect [to receive things-A from the work of other people].	Matthew
Genesis 49:7	God will curse you(Simeon) [because you(Simeon) are violent]. God will curse you(Simeon) [because you(Simeon) are cruel]. God will scatter your(Simeon's) descendants among Jacob's tribes. God will cause [your(Simeon's) descendants to wander among Israel's people].	Genesis
2 Samuel 10:12	(imp) You(Abishai) be strong and brave.  Let us(Joab) fight for our(Joab's) people and for our(Joab's) God's cities. Yahweh will do good things."	2_Samuel
Genesis 24:22	[After the camels finished drinking water] the servant gave a ring of gold and 2 bracelet of gold to Rebekah.  The ring and the bracelet were very big.  The ring weighed about 6 gram. and the 2 bracelet weighed about 220 gram.	Genesis
2 Samuel 7:14	I(Yahweh) will be that son's father. And that son will be my(Yahweh's) son. [When that son sins], I(Yahweh) will punish that son. I(Yahweh) will send other people [that will attack that son]. Those people will punish your(David's) son [like people punish a bad person with a whip].	2_Samuel
1 Samuel 20:22	But I(Jonathan) might say to that boy, ["The arrows are in front of you(boy)."] [If I(Jonathan) say those words] you(David) must leave. [If I(Jonathan) say those words] Yahweh will send you(David) to another place.	1_Samuel
Matthew 26:27	_paragraph Then Jesus pick-up a cup [that (implicit-situational) contained wine]. And Jesus thanked God _implicitNecessary for the wine _implicit [that was in that cup]. Then Jesus gave that cup to those followers/disciples. And Jesus said, ["All of you(followers), you(followers) (imp) drink wine _implicit from that cup]. “	Matthew
1 Samuel 28:15	Then Samuel asked Saul, ["Why did you(Saul) call/disturb me(Samuel)]? Why did you(Saul) bring me(Samuel) to this place?" Saul said, ["I(Saul) am very afraid]. The Philistines are fighting me(Saul). But God left me(Saul). God does not answer me(Saul) [when I(Saul) pray]. And God does not talk to me(Saul) through the prophets or through dreams.  So I(Saul) called you(Samuel). I(Saul) want [you(Samuel) to help me(Saul)]. You(Samuel) (imp) tell me(Saul) the thing [that I(Saul) should do]."	1_Samuel
Genesis 6:14	You(Noah) (imp) build a very big boat with wood from a Cypress.  You(Noah) (imp) build rooms [that are inside the boat].  You(Noah) (imp) put tar on the inside of the boat. And you(Noah) (imp) put tar on the outside of the boat.  You(Noah) (imp) cover the boat with tar.	Genesis
Genesis 23:17	Thus Ephron sold the field [that is in Machpelah [which is east of Mamre]] to Abraham. Abraham bought the field, the cave, and the trees [that were in the field].	Genesis
2 Samuel 13:7	Then David sent a messenger to Tamar [who was in the palace]. That messenger said to Tamar, ["(imp) You(Tamar) go to the house of your(Tamar's) brother named Amnon]. And (imp) you(Tamar) prepare food for Amnon."	2_Samuel
Joshua 21:8	So the Israelites gave those towns and those fields to the people [who were in the tribe named Levi]. Previously Yahweh commanded [Moses to give towns to the people [who were in the tribe named Levi]].	Joshua
Matthew 18:19	_paragraph I(Jesus) am telling you(followers) the truth. [If 2 of you(followers) [who are on earth] agree [to pray about a thing],] a thing-B will be done for 2 of you(followers) [who are on earth] by my(Jesus') Father [who is in heaven].	Matthew
Joshua 10:21	[After the Israelites finished fighting the Amorites] Joshua’s soldiers returned to Joshua at Makkedah.  People did not criticize the Israelites after that battle.  All of the people [who were living in that region] were afraid of the Israelites.	Joshua
Mark 13:18	You(followers) (imp) pray-B [this event will not happen in-E winter].	Mark
