reference	verse	book
Genesis 39:5	[While Joseph was the leader of all the people [who worked in Potiphar's house]] [and while Joseph was taking care of all the things [that Potiphar owned]] Yahweh blessed the people [who were in Potiphar's house] because of Joseph. Yahweh blessed all the things [that were in Potiphar's house and  in Potiphar's fields].	Genesis
2 Samuel 3:36	All of those people heard [David make that promise]. And that promise pleased those people. All of the things [that David did] pleased those people.	2_Samuel
2 Samuel 22:18	Yahweh saved/rescued me(David) from my(David's) powerful enemy.Yahweh saved/rescued me(David) from the people [who fight me(David)].  Those people were too strong. I(David) (implicit-info) was not able [to defeat those people].	2_Samuel
Acts 18:5	[When Silas and Timothy arrived at that place from the nation named Macedonia,] Paul preached [about Jesus] all the time. So Paul told those people [that Jesus is the Christ].	Acts
Nehemiah 9:17	Our(Nehemiah’s) ancestors refused [to listen to you(Yahweh)]. And our(Nehemiah’s) ancestors forgot all of the things [that only you(Yahweh) are able [to do]] [that you(Yahweh) did for our(Nehemiah’s) ancestors]. Our(Nehemiah’s) ancestors chose [to do things [that you(Yahweh) told [those people not to do]]]. Our(Nehemiah’s) ancestors refused [to continue obeying you(Yahweh)]. Our(Nehemiah’s) ancestors chose a leader [to take our(Nehemiah’s) ancestors to Egypt [so that our(Nehemiah’s) ancestors could become slaves again]]. But you(Yahweh) forgive people often. You(Yahweh) are kind and merciful. You(Yahweh) do not quickly become angry. And you(Yahweh) love your(people’s) much. So you(Yahweh) did not leave/abandon your(Yahweh’s) people.	Nehemiah
Genesis 31:21	So Jacob and Jacob's family left quickly. Jacob traveled across the Euphrates. Then Jacob traveled toward the mountains [that are in Gilead].	Genesis
Nahum 2:2	The people [who live in Assyria] took all of the valuable things from Yahweh’s people. Those people's army destroyed the people's vines. But Yahweh will cause [Israel and Jacob to become great again].	Nahum
2 Samuel 5:13	At that time (implicit-info) important people often had many wives.  [After David left Hebron] David married other women in Jerusalem. And David also had slaves [that David sexed]. Those women birthed more sons and daughters for David in Jerusalem.	2_Samuel
Matthew 23:39	(literal) For I(Jesus) tell you(Jerusalem) [that you(Jerusalem) will not see me(Jesus) again [until you(Jerusalem) say again _implicit, ["God _implicitNecessary does _implicitNecessary good things for the person [who comes in-H the name of the Lord]]]"]. (dynamic) For I(Jesus) tell you(Jerusalem) [that you(Jerusalem) will not see me(Jesus) again [until you(Jerusalem) say again _implicit, ["God _implicitNecessary does _implicitNecessary good things for the person [who comes with God's authority]]]"]". (footnote) You(people) (imp) see Psalms 118:26 and Matthew 21:9.	Matthew
Genesis 7:16	For all kinds of animals one male animal and one female animal  entered the boat [just-like God promised Noah].  Then God closed the door of the boat.	Genesis
2 Samuel 18:10	One of David’s soldiers saw [Absalom hanging in that tree]. So that soldier said to Joab, ["I(soldier) saw [Absalom hanging in an oak tree].]"	2_Samuel
Mark 16:7	So you(women) (imp) go. And you(women) (imp) tell Jesus's disciples and Peter, ["Jesus is going to Galilee in front of you(disciples)]. You(disciples) will see Jesus at that place [just-like Jesus told you(disciples) [you(disciples) will see Jesus]].""	Mark
Nehemiah 4:14	[After I(Nehemiah) looked at all of the parts of the wall], I(Nehemiah) stand-up in front of the people. And I(Nehemiah) said to the leaders, the officials, and all of the other people, ["You(people) (imp) do not be afraid of our(Nehemiah's) enemies]. You(people) (imp) remember [that Yahweh is great and powerful]. You(people) (imp) fight for your(people's) families, for your(people's) sons, for your(people's) daughters, for your(people's) wives, and for your(people's) houses."	Nehemiah
2 Samuel 13:24	Then Absalom went to David. And Absalom said to David, ["I(Absalom) will pay certain men [in order to cut the fur from my(Absalom's) sheep]].  Will you(David) and your(David's) servants please come to my(Absalom's) feast?"	2_Samuel
Joshua 22:26	So we(people) decided [to build this altar]. But we(people) did not build this altar [to burn sacrifices on this altar]. And we(people) will not give/sacrifice offerings to Yahweh on this altar.	Joshua
1 Samuel 28:1	(title) Saul talks to a woman/witch at Endor.  The Philistines started preparing [in order to fight the Israelites]. At that time Achish said to David, ["[When we(Philistines) attack Israel] you(David) and your(David's) soldiers will join me(Achish) in the army.]"	1_Samuel
Genesis 24:4	You(servant) (imp) return to the country [where my(Abraham's) relatives live]. then you(servant) search for the wife of the son of me(Abraham) in that place."	Genesis
Genesis 45:5	But you(brothers) (imp) do not be afraid.  And You(brothers) (imp) do not be angry with yourselves(brothers) [because you(brothers) sold me(Joseph)]. God sent me(Joseph) to this place [in-order-to save people].	Genesis
Joshua 7:14	In the morning all of you(people) must stand in-front-of Yahweh. All of the tribes will stand in-front-of Yahweh. Then Yahweh will choose one tribe. Then that tribe must stand in-front-of Yahweh. Then Yahweh will choose one group of families from that tribe. Then that group must stand in-front-of Yahweh. Then Yahweh will choose one family from that group. Then that family must stand in-front-of Yahweh. And Yahweh will look at each man [that is in that family].	Joshua
Mark 6:53	(paragraph) [After Jesus and Jesus's followers/disciples went across the lake _implicitNecessary,] Jesus and those followers/disciples came to the shore at Gennesaret named the region _implicitType. And Jesus and those followers/disciples tied the boat at that place.	Mark
Acts 15:12	Then all those people stopped talking. And all those people listened to Paul and Barnabas. Paul and Barnabas told those people [that God helped [Paul and Barnabas do things [while Paul and Barnabas were with those people [who are not Jews]]]].	Acts
Acts 17:22	Then Paul stood among those people [who were at the place named Areopagus]. And Paul said, ["People [who are from Athens!]" I(Paul) know that you(Athenians) really worship many gods.	Acts
Esther 8:4	So the king raised the king's gold scepter for Esther. Then Esther stood up. and Esther stood in front of the king.	Esther
Nehemiah 13:18	Did your(rulers’) ancestors not do the same thing? Your(rulers') ancestors did the same thing. So God caused [us(people) and our(people's) city to have much trouble]. Now you(rulers) are causing [God to become more angry with us(people) again] [by not honoring the seventh day of the week]."	Nehemiah
Ruth 3:4	[When Boaz lies down] you(Ruth) (imp) watch Boaz carefully [so that you(Ruth) could see the place [that Boaz is lying at]]. Later you(Ruth) (imp) go to Boaz. And you(Ruth) (imp) lift the blanket [that is on Boaz's feet].  Then you(Ruth) (imp) lie down.  Boaz (implicit-info) will know [that you(Ruth) want [Boaz to take care of you(Ruth)]].  Then Boaz will tell [you(Ruth) to do certain things]."	Ruth
1 Samuel 18:15	[When Saul saw [that David did things very well]] Saul became more afraid of David.	1_Samuel
Genesis 10:18	Canaan was also the ancestor of the Arvadite, Zemarite, and Hamathite. The descendants of Canaan moved to many different places.	Genesis
Matthew 21:46	Those chief priests and those Pharisees wanted [to take-away/arrest Jesus]. But those chief priests and those Pharisees were afraid of the crowd [because the people _frameInferable thought [Jesus was a prophet]].	Matthew
Acts 16:38	So the soldiers returned to the officials.  And the soldiers told the officials about the message [that Paul spoke]. [When the officials heard [that Paul and Silas were citizens of Rome]], the officials were shocked.	Acts
1 Samuel 4:13	[When that man arrived in Shiloh] Eli was sitting on a chair [that was near the road]. Eli was worrying about the Ark-of-the-Covenant. [When that man entered Shiloh] that man told the people about the battle. Then all of the people [who were in that town] started crying loudly.	1_Samuel
Mark 4:34	Jesus always used parables [when Jesus taught the people]. But [when Jesus was alone with Jesus's disciples] Jesus explained the meaning of each story/parable to those disciples.	Mark
1 Samuel 19:8	Later the Philistines started attacking the Israelites again. So David fought the Philistines. David killed many Philistines.  So the Philistines ran from David.	1_Samuel
Genesis 35:27	Jacob went to Jacob's father named Isaac [who was at Mamre [which is near Hebron]]. Earlier Abraham and Isaac had lived in Hebron.	Genesis
Ruth 1:21	Naomi said, ["[when I(Naomi) left Bethlehem] I(Naomi) had many things]. But Yahweh took those things from me(Naomi). So You(people) (imp) do not call me(Naomi) Naomi [because Yahweh caused [me(Naomi) to suffer]]."	Ruth
Acts 15:10	So you(Jews) do not (imp) cause [God to be angry] [by putting a heavy burden on people [who believe in Jesus] [and who are not Jews]. Even we(Jews) and our (Jews') parents were not able to carry that burden]. So (alt) you (Jews) do not (imp) cause [God to be angry] [by giving a difficult rule to people [who believe in Jesus] [and who are not Jews]. Even we (Jews) and our (Jews') parents were not able to follow those rules!]	Acts
Joshua 10:19	But (imp) you(soldiers) do not stay at that cave. You(soldiers) (imp) continue chasing your(soldiers') enemies.  You(soldiers) (imp) attack those soldiers [while those soldiers are running from you(soldiers)]. (imp) You(soldiers) do not let [those soldiers go to the soldiers' cities]. Your(soldiers') God named Yahweh will cause [you(soldiers) to defeat your(soldiers') enemies]."	Joshua
Matthew 20:24	_paragraph [When the 10 other _implicit followers/disciples heard-D about the thing [that James and John asked-B Jesus for],] the 10 other _implicit followers/disciples became angry-B with the 2 brothers.	Matthew
Mark 5:34	Jesus said to the woman, (complex) ["Daughter, your(woman's) faith healed you(woman)]. (simple) ["Daughter, you(woman) were healed by me(Jesus) _implicitActiveAgent [because you(woman) believed in me(Jesus) _implicit]]. You(woman) may go to your(woman's) house _implicit now _implicit. (literal) And I(Jesus) pray/pray-hope [you(woman) are in peace]. (dynamic) And I(Jesus) pray/pray-hope [God causes you(woman) [to be peaceful]]. And you(woman) (imp) be healthy now [(implicit-situational) because you(woman) believed in me(Jesus)]."	Mark
Joshua 15:47	Yahweh gave Ashdod and all of the small towns [that were near Ashdod] to the tribe named Judah. Yahweh also gave the fields and towns [that were near Gaza] to the tribe named Judah. The stream-Egypt and the sea-Mediterranean were that region's borders.	Joshua
1 Samuel 17:49	David took a stone from David's bag. Then David put that stone into David's sling. And David threw/slung that stone at Goliath with the sling. The stone hit Goliath’s forehead. Then Goliath fell to the ground.	1_Samuel
Nehemiah 3:24	A man named Binnui [who was a son of Henadad] repaired the next part of the wall. That part of the wall led from Azariah's house to the corner of the wall. Binnui also repaired the corner of the wall.	Nehemiah
Genesis 31:18	Then Jacob and Jacob's family began traveling to the house of Jacob's father named Isaac [who lived in Canaan]. All the animals [that Jacob owned] walked in-front-of Jacob. Jacob brought all the things [that Jacob had obtained [while Jacob lived in northwest Mesopotamia]].	Genesis
Genesis 10:24	Arphaxad was the father of Shelah [who was the father of Eber].	Genesis
Genesis 47:15	Later these people were not able [to pay Joseph for grain] [because these people did not have money].  So these people went to Joseph. and the people said to Joseph, ["Please you(Joseph) (imp) give food to us(people) [although We(people) do not have money]]. [if we(people) do not eat] we(people) will die in-front-of you(Joseph)."	Genesis
Acts 15:27	We(leaders) are also sending Judas and Silas to you(Gentiles). Judas and Silas will tell you(Gentiles) about the same things [that we(leaders) wrote about].	Acts
2 Samuel 20:17	So Joab went to that woman. That woman asked Joab, ["Are you(Joab) Joab]?"Joab answered, ["Yes.] I(Joab) am Joab."Then that woman said, ["(imp) You(Joab) listen to me(woman)]."Then Joab said, ["I(Joab) will listen to you(woman)]."	2_Samuel
Genesis 37:30	Then Reuben went to the other brothers. and Reuben said, ["The boy is not in the well!] What will I(Reuben) do?"	Genesis
2 Samuel 13:12	Tamar said to Amnon, ["My(Tamar’s) brother, no!]  (imp) You(Amnon) do not force [me(Tamar) to sex you(Amnon)]! People [who live in Israel] should not do this evil thing.  You(Amnon) (imp) do not do this wicked thing!	2_Samuel
Genesis 26:22	Then Isaac went to a different place. and the servants of Isaac dug another well. The men [who lived in Gerar] did not argue with Isaac about that well. so Isaac named that well Rehoboth.  –Footnote Rehoboth means enough land. Isaac said, ["Now Yahweh has given enough land to us(Isaac)]. and we(Isaac) will be prosperous in this place."	Genesis
Genesis 2:10	There was a river in Eden.  This river carried water to all the plants in the garden.  [After the river flowed through Eden] the river divided into 4 rivers.	Genesis
1 Samuel 19:19	But a person told Saul, ["David is in Naioth [which is in Ramah]"].	1_Samuel
Acts 21:38	Are you(Paul) that man [who is from Egypt] [and who caused [people to fight against the government]] [and who led four thousand men [who often hurt people] into the desert?]"]	Acts
1 Samuel 8:4	So all of the leaders of the Israelites came to Samuel at Ramah.	1_Samuel
Mark 7:1	(title) Jesus explains the things-C [that cause [a person to become religious dirty/unclean]]. (paragraph) The Pharisees and some of the people [who teach the religious _implicit laws/Law] came from Jerusalem. And those Pharisees and those people/scribes gathered-C near Jesus.	Mark
Nehemiah 13:21	But I(Nehemiah) warned those people. I(Nehemiah) said, ["Why do you(people) stay near the wall during the night?] [If you(people) stay near the wall again] I(Nehemiah) will arrest you(people)." Then those people stopped coming to Jerusalem on the seventh day of the week.	Nehemiah
Esther 2:8	[After the king wrote the new law] the king's officials brought many young girls to the palace [that was in Susa]. Hegai cared for those girls. The officials also brought Esther to the king's palace. Then Hegai cared for Esther also.	Esther
Genesis 30:30	[Before I(Jacob) came to this place] you(Laban) had few things. but now you(Laban) have many things. Yahweh blessed you(Laban) [while I(Jacob) worked for you(Laban)]. But now I(Jacob) want [to obtain sheep and goats for my(Jacob's) family].	Genesis
Genesis 19:18	But Lot said to the angel, ["Lord, please you(angel) (imp) do not tell me(Lot) [to run to the mountains]!]	Genesis
1 Samuel 10:19	Then Samuel said, ["But you(Israelites) are leaving/rejecting your(Israelites') God now]. God saves you(Israelites) from your(Israelites') problems and your(Israelites') trouble.  But you(Israelites) said, ["We(Israelites) want a king [who will rule us(Israelites)]]." So you(Israelites) (imp) come now. And you(Israelites) (imp) stand in-front-of Yahweh. Each tribe and each group of families must stand in-front-of Yahweh.  And Yahweh (implicit-info) will choose a king for you(Israelites)."	1_Samuel
Acts 18:6	But the Jews disagreed with Paul. And the Jews insulted Paul. Then Paul shook his clothes to show those people [that Paul thought [that the Jews were wrong]]. And Paul said to the Jews, ["[If God says [that you(Jews) are guilty]], you(Jews) are responsible. I(Paul) am not responsible, [because I(Paul) have done the things [that God told me to do]]. Starting from now, I(Paul) will go to the places [where the people [who are not Jews] stay.]"]	Acts
Matthew 2:23	[After Joseph and Joseph's family _implicit came to Galilee _implicit,] Joseph and Joseph's family _implicit lived in a town named Nazareth . Thus the things [that were said by God through-B the prophets] happened/be-fulfilled . Those people/prophets said [Jesus would be called by people _implicit a person [who comes from Nazareth]].	Matthew
Genesis 22:2	Then God said to Abraham, ["You(Abraham) (imp) take your(Abraham's) only son named Isaac [who you(Abraham) love] to the region named Moriah]. You(Abraham) (imp) kill Isaac at that place. and you(Abraham) (imp) burn the body of Isaac. Thus you(Abraham) will sacrifice Isaac to me(God). I(God) will show you(Abraham) the mountain [where you(Abraham) should sacrifice Isaac]".	Genesis
Acts 20:10	Paul went to the place [where Eutychus was]. And Paul lay on Eutychus' body. And Paul wrapped Paul's arms around Eutychus. And Paul said to the people, ["You(people) don't (imp) worry! Now Eutychus is alive."]	Acts
Genesis 12:14	[When Abram and Sarai arrived in Egypt] the Egyptians thought [that Sarai was very beautiful].	Genesis
Matthew 27:33	The soldiers and the prisoners arrived at a place named Golgotha. (comment-begin) Golgotha means-C the place of the bones of a person's head. (comment-end)	Matthew
Daniel 2:24	So Daniel went to Arioch [because the king had commanded [Arioch to kill all the astrologers and all the magicians [that live in Babylon]]]. Daniel said to Arioch, ["You(Arioch) (imp) do not kill the astrologers and magicians [that live in Babylon]]. You(Arioch) (imp) take me(Daniel) to the king. Then I(Daniel) will tell the king about the king's dream. And I(Daniel) will explain the meaning of the dream to the king."	Daniel
Mark 7:7	These people honor/worship me(God) without a purpose _inLDV. For these people teach-B religious _implicit customs [that people made] [just-like these people teach-B laws [(implicit-situational) that I(God) made]]." (footnote) You(people) (imp) see Isaiah 29:13.	Mark
2 Samuel 6:16	The people brought the Ark of the Covenant into David’s City. At that time Saul’s daughter named Michal was watching the people through a window. Michal saw [the men carrying the Ark of the Covenant into the city]. And Michal saw [King David dancing in front of Yahweh]. Then Michal hated David.	2_Samuel
Acts 15:23	And this group of people wrote a letter.  Then this group of people gave this letter to these men [to carry this letter to Antioch]. This letter said, “We(leaders) are your(Gentiles) brothers.  We(leaders) greet you people [who believe in Jesus] [and who are not Jews] [and who live in Antioch, Syria and Cilicia].	Acts
Matthew 21:21	_paragraph Jesus answered, ["I(Jesus) am telling you(disciples) the truth]. (complex) [If you(disciples) have faith in God _implicit] [and if you(disciples) do not doubt], you(disciple) will be able [to do the thing [that was done by me(Jesus) _implicitActiveAgent to the tree-fig]]. (simple) [If you(disciples) believe in God _implicit] [and if you(disciples) do not doubt], you(disciple) will be able [to do the thing [that was done by me(Jesus) _implicitActiveAgent to the tree-fig]]. And [if you(disciples) tell this mountain [to jump into the sea],] this mountain will jump into the sea.	Matthew
Acts 1:24	Then the apostles prayed.  One of the apostles said, ["Lord, you(Lord) know all people's thoughts].  You(Lord) (imp) show the man [that you(Lord) choose] to us(apostles). Then that man will do this work.	Acts
Mark 9:20	(paragraph) So the people _frameInferable brought that boy to Jesus. [When that evil/unclean _implicit spirit saw Jesus,] that evil/unclean _implicit spirit immediately caused [that boy to shake much ]. Then that boy fell. And that boy rolled _inLDV on the ground. Saliva/foam come-out from that boy's mouth.	Mark
Genesis 20:2	[When Abraham arrived in Gerar] Abraham told the people [that Abraham's wife named Sarah was Abraham's sister]. Abimelech [who was the king of Gerar] heard about Sarah. so Abimelech commanded some servants [to bring Sarah to Abimelech].	Genesis
Esther 1:22	King Xerxes sent letters to all the people [that lived in Xerxes' kingdom]. The king's secretaries wrote these letters with many languages. The king's new law said [that every man must rule the man's family].	Esther
Matthew 9:14	(title) The followers/disciples ask Jesus about people [who fast]. _paragraph Then John the Baptist's followers/disciples came. And those followers/disciples said to Jesus, ["We(followers) _ofJohn and the Pharisees fast often]. (rhetorical) So _implicit why do your(Jesus's) followers/disciples not fast? (statement) So _implicit your(Jesus's) followers/disciples should also _implicit fast."	Matthew
1 Samuel 25:42	Then Abigail quickly got on Abigail’s donkey. And Abigail went to the place [where David was staying].  Abigail also brought 5 female servants.  And David married Abigail.	1_Samuel
Genesis 48:19	But Jacob did not obey Joseph. Jacob said, ["My(Jacob's) son, I(Jacob) know [that Manasseh is your(Joseph's) firstborn son]]. Manasseh will become great. and Manasseh will have many descendants. But Manasseh's younger brother will be greater than Manasseh.  Ephraim will have very many descendants.  The descendants of Ephraim will become many nations."	Genesis
Genesis 11:13	Arphaxad lived for 403 years [after Shelah was born].  and Arphaxad had other children.	Genesis
Joshua 8:3	So Joshua led the army to Ai. Then Joshua chose 30000 men.  Those men were very good soldiers. And Joshua sent those men to a certain place during the night.	Joshua
2 Samuel 3:22	(title) Abner dies. [Soon after Abner left David] Joab and David's soldiers came to David. Those soldiers had attacked Israel's enemies.  Those soldiers brought many valuable things [that those soldiers took from the enemies].  But Abner was not with David [because David let[Abner leave]].	2_Samuel
Mark 9:44	(footnote) Most manuscripts of this part of the Scriptures do not include verse 44. But some manuscripts of this part of the Scriptures include verse 44. Verse 44 says, ["Hell-A is the place [where the worms [that eat people] never die] [and where the fire always burns]"]. You(people) (imp) see verse 48.	Mark
Genesis 26:13	and Isaac became rich. Each year Isaac harvested many crops.  And Isaac bought many slaves.  and Isaac owned many animals also. Thus Isaac became very rich.	Genesis
Acts 21:17	Paul (title) arrived in Jerusalem. [When we(disciples) arrived in Jerusalem,] the people [who believe in Jesus] welcomed us(disciples).  Those people were very happy [when those people saw us(disciples)].	Acts
2 Samuel 22:21	Yahweh saved me(David) [because I(David) did good things].    Yahweh gave good things to me(David)[because I(David) did not do bad things].	2_Samuel
Nehemiah 12:21	Hashabiah was the leader of Hilkiah’s family. And Nethanel was the leader of Jedaiah’s family.	Nehemiah
Genesis 22:11	But the angel of Yahweh [who was in heaven] called Abraham. and the angel said, ["Abraham!] Abraham!"  then Abraham give-attention to the angel.	Genesis
Mark 2:23	(title) Jesus is Lord of the seventh day of the week. (paragraph) On one seventh day _significantTime of the week Jesus and Jesus's people _implicit [who followed _routinely Jesus] were going through fields of grain. And [while the people [who followed _routinely Jesus] were walking] those people began picking the grains [in-order-to (implicit-situational) eat those grains].	Mark
1 Samuel 28:9	But the woman said to Saul, ["You(Saul) certainly know about the thing [that Saul did]].  Saul forced [all of the people [who talk to spirits] to leave Israel]. Why are you(Saul) trying [to trick me(woman)]?  [If I(woman) talk to a spirit] soldiers will kill me(woman)."	1_Samuel
Matthew 18:16	But [if that person does not listen to you(follower),] you(follower) (imp) go again _implicit to that person with 1 or 2 other _implicit friends/brothers-D or sisters-D _implicit _dual. You(follower) (imp) go with those friends/brothers-D or sisters-D [so that 2 or 3 friends/brothers-D or sisters-D _trial would agree/witness [that person is sinning]]. Then-D those friends/brothers-D or sisters-D will be able [to tell/testify the church of the leaders _metonymy about the things [that that person did]]. (footnote) You(people) (imp) see Deuteronomy 19:15.	Matthew
Acts 19:15	One day, an evil spirit said to Sceva's sons, ["I(demon) know Jesus. And I(demon) know [about Paul]. But I do not know you(men)."]	Acts
Matthew 12:23	All the people [who were there] were extremely surprised/amazed. (rhetorical) Those people asked each-other(people) _implicit, ["Is-V it possible [this person is the Son-of-David [ _descriptive who (implicit-situational) is the Christ]]?"] (statement) Those people said to each-other(people) _implicit, ["Perhaps this person is the Son-of-David [ _descriptive who (implicit-situational) is the Christ]!"]	Matthew
Genesis 17:16	I(God) will bless Sarah. and I(God) will cause [Sarah to birth a son]. You(Abraham) will be the father. Sarah will become the mother of many nations. Some descendants of Sarah will be kings.	Genesis
2 Samuel 3:26	Then Joab left David.  And Joab sent soldiers [in order to find Abner]. Those soldiers found Abner at the well of Sirah. And those soldiers brought Abner  to Hebron. But David did not know [that Joab sent soldiers [in order to find Abner]].	2_Samuel
2 Samuel 5:25	So David obeyed Yahweh. And David defeated the Philistines. David killed the Philistines from Gibeon to Gezer.	2_Samuel
Mark 1:25	(paragraph) Jesus commanded that spirit, ["You(spirit) (literal) (imp) become quiet!] ["You(spirit) (dynamic) (imp) stop talking!] And you(spirit) (imp) come-out from this man!"	Mark
Genesis 4:11	Therefore I(God) will curse you(Cain).  You(Cain) will not be able [to  harvest many crops from the ground].  The blood of your(Cain's) brother is on the ground [because you(Cain) killed your(Cain's) brother].	Genesis
Matthew 15:35	_paragraph Jesus told the people [the people to sit-down on the ground].	Matthew
Genesis 21:27	Then Abraham gave sheep and cattle to Abimelech. and  Abraham and Abimelech made a treaty.	Genesis
Genesis 36:11	Eliphaz had 5 sons named Teman, named Omar, named Zepho, named Gatam, and named Kenaz.	Genesis
Daniel 3:27	The princes, rulers, and captains came [in order to see these three men]. These people saw [that the fire had not hurt Shadrach, Meshach, and Abednego]. The fire had not burned the clothes of these men or the coats of these men. These men did not smell like smoke.	Daniel
Mark 10:8	Those 2 people _frameInferable will become 1 body. Then-D those people are not 2 people. Those people are 1 body. (footnote) You(people) (imp) see Genesis 2:24.	Mark
Matthew 20:20	(title) The mother of 2 followers/disciples ask-C Jesus [to honor that mother's sons] _paragraph Then the mother of Zebedee's sons named James and John _implicit came to Jesus with that mother's sons. That mother knelt in-front-of Jesus. And that mother asked Jesus [to do a thing for that mother].	Matthew
Genesis 7:9	A male animal and a female animal entered the boat at the same time.  So all kinds of animals entered the boat [just-like God promised Noah].	Genesis
Mark 16:16	A person [who believes-B in me(Jesus) _implicit] [and who is dipped/baptize into water by a person _implicitActiveAgent _otherThingList] will be saved-A by God _implicitActiveAgent from bad-B actions and death. But a person [who does not believe-B in me(Jesus) _implicit] will be judged/condemn by God _implicitActiveAgent.	Mark
2 Samuel 19:35	I(Barzillai) am 80 years old. I(Barzillai) do not taste the food [that I(Barzillai) eat][because (implicit-info) I(Barzillai) am too old]. And I(Barzillai) do not taste the things [that I(Barzillai) drink].  I(Barzillai) do not hear the people [that sing]. So why should you(David) take care of me(Barzillai)?	2_Samuel
Genesis 19:37	The older daughter birthed a son.  That daughter named the daughter's son Moab. Moab is the ancestor of the Moabite [who are still living today].	Genesis
Joshua 8:13	So the Israelites prepared [to fight the soldiers of Ai]. Most of the Israelite soldiers were on the northern side of the city. The other Israelite soldiers were hiding at a place [that was on the western side of the city]. That night Joshua went into the valley.	Joshua
2 Samuel 16:8	Yahweh is punishing you(David) [because you(David) killed Saul's family]. You(David) were ruling Israel [instead of Saul ruling Israel]. But now Yahweh will let [your(David's) son named Absalom become the king]. God is destroying you(David) [because you(David) killed/murdered many people]!"	2_Samuel
Genesis 33:12	Then Esau said, ["We(Esau) should go to my(Esau's) house [which is in Edom].] I(Esau) will travel with you(Jacob)."	Genesis
Matthew 9:30	(literal) And those men's eyes were opened by Jesus _implicitActiveAgent. (dynamic) And those men became able [to see things] again. Jesus much warned those men, ["You(men) (imp) do not tell a person about the thing _implicit [that happened to you(men)]."]	Matthew
Esther 7:5	King Xerxes said to Queen Esther, ["Who is the man [that wants [to kill you(Esther) and your(Esther's) people]]?] Where is this man?"	Esther
Esther 4:11	And Esther told [Hathach to say to Mordecai, ["No person is able [to go to the king]]].  [Before a person goes to the king] the king must call the person. All of the people [that live in Xerxes' kingdom] know about this law. [If a person [that the king did not call] goes to the king] the king's guards will kill that person. But [if the king raises the king's gold scepter for that person] the guards will not kill that person. The king did not call me(Esther) for 30 days."	Esther
Joshua 13:4	The Avvites are living in the southern region. And you(Joshua) still must defeat the Canaanites [who are living between Arah, Aphek, and the Amorites].  The Sidonians own Arah.	Joshua
2 John 1:2	I(John) love you(people) [because we(John) know the true things [which God revealed]]. And we(John) will always know those things.	2_John
2 Samuel 23:7	A person [that touches thorns] uses an iron tool or a spear. And that person burns those thorns with fire."	2_Samuel
Mark 3:16	The following 12 men are the men [whom Jesus chose/appointed [to be people [who followed _routinely Jesus]]]. The name of one of those people/disciples was Simon. (comment-begin) Jesus named Simon Peter. (comment-end)	Mark
Genesis 38:28	[While Tamar was birthing the 2 babies] one baby put the baby's hand outside the womb. The nurse tied a red string on that baby's hand. and the nurse said, ["This baby came from the womb first]."	Genesis
Joshua 20:9	An Israelite or a foreigner [who was living among the Israelites] might accidentally kill a person. Then that Israelite or foreigner should run to one of those cities.  Then the relatives of the person [that the Israelite killed] must not kill that Israelite. But the judges [that were in those cities] must decide [whether that Israelite is guilty].	Joshua
Matthew 4:20	Immediately the brothers left those brothers’ nets. And those brothers followed Jesus.	Matthew
Genesis 41:20	Then the 7 thin cows ate the 7 fat cows.	Genesis
Nehemiah 10:25	Rehum, Hashabnah, Maaseiah,	Nehemiah
Esther 7:3	Then Queen Esther said to the king, ["I(Esther) hope [that I(Esther) please you(king)]]. You(king) (imp) allow [me(Esther) to live]. And you(king) (imp) allow [my(Esther's) people to live]. I(Esther) do not want other things.	Esther
Genesis 3:9	But God called the man.  God said, ["Where are you(Adam)?"]	Genesis
Nehemiah 10:36	The religious laws also say [that we(people) must bring our(people's) firstborn sons, our(people's) firstborn cows/cattle, our(people's) firstborn goats, and our(people's) firstborn sheep to God's house and to the priests [who serve in God's house]]. So we(people) will do these things.	Nehemiah
Genesis 42:14	But Joseph said to Joseph's brothers, ["I(Joseph) am correct]! You(brothers) are spies!	Genesis
Joshua 19:5	And the tribe named Benjamin owned the towns named Ziklag, Beth-Markaboth, and Hazar-Susah.	Joshua
Genesis 39:14	and Potiphar's wife said, ["You(servants) (imp) listen to me(wife)!] This Hebrew slave wants to [embarrass us(wife)]. This slave came in the house. and the slave tried [to sex me(wife)]. So I(wife) screamed.	Genesis
Esther 9:1	The new law [that Mordecai wrote] said [that the Jews should kill the Jews' enemies on March 7]. That day the Jews' enemies had hoped [to kill the Jews]. But that day the Jews killed the Jews' enemies [instead of the Jews' enemies killing the Jews].	Esther
Joshua 19:49	(title) The leaders of the Israelites give land to Joshua. The leaders of the Israelites finished dividing the land among the tribes. Then the Israelites gave land to Joshua [who was the son of Nun]. Earlier Yahweh promised [to give land to Joshua].	Joshua
Acts 2:3	The disciples will continue telling people about Jesus [until Jesus returns to the earth]. So the Spirit came to Jesus' disciples in Jerusalem. And the disciples became like a new temple. Earlier the prophets promised the Israelites [that these things will happen].	Acts
Matthew 21:26	But we(priests) should not say, ["John's authority _implicitNecessary came _implicitNecessary from people"] [because we(priests) are afraid of the crowd]. For all _hyperbolic the people _frameInferable think-C [John was a prophet]."	Matthew
Mark 15:18	Then those soldiers started to greet Jesus [(implicit-situational) just-like those soldiers might greet a king] [(implicit-situational) in-order-to laugh/mock at Jesus]. Those soldiers said, ["King of the Jews, we(soldiers) greet you(king)!"]	Mark
Daniel 2:11	You(king) are asking [us(astrologers) to do a difficult thing]. No man is able [to do this thing]. Only the gods are able [to tell you(king) about your(king's) dream]. And the gods do not live among men."	Daniel
Genesis 7:12	The weather was rain for 40 days and for 40 nights.	Genesis
Acts 19:38	We(people) have courts and judges. [If Demetrius and the people [who work with Demetrius] determine [that a person has done a bad thing],] Demetrius and those people should tell a judge about that bad thing.	Acts
Daniel 1:4	Nebuchadnezzar wanted [Ashpenaz to bring men [who were healthy and handsome]]. And Nebuchadnezzar wanted [Ashpenaz to bring men [who were wise] and men [who were able [to learn things quickly]]]. Nebuchadnezzar wanted [these young men to serve Nebuchadnezzar in the palace]. Nebuchadnezzar ordered [Ashpenaz to teach these young men about the language of Babylon]. Ashpenaz also taught these young men about the books [that were written by people [who lived in Babylon]].	Daniel
Genesis 41:16	Then Joseph said to the king, ["I(Joseph) am not able [to explain dreams]]. But God will explain your(king's) dream to you(king)."	Genesis
Joshua 8:9	Then Joshua told [those soldiers to go]. So those soldiers went to a place [that was between Bethel and Ai].  That place was on the western side of Ai. But Joshua stayed with the Israelites during the night.	Joshua
Daniel 11:23	That man will make covenants with other nations. But that man will say false things to those nations. [Although that man will not rule many people] that man will become strong.	Daniel
Genesis 25:5	[After Abraham died] Isaac inherited all the things of Abraham.	Genesis
Joshua 2:14	Those 2 men said to Rahab, ["[Because you(Rahab) protected us(men)] we(men) will protect you(Rahab)]. [If you(Rahab) do not tell people about the things [that we(men) are doing]] we(men) will be kind to you(Rahab). [When Yahweh gives this land to us(people)] we(people) will save you(Rahab)."	Joshua
1 Samuel 13:18	Another group of soldiers went on the road [that led to Beth-Horon]. And the third group of soldiers went on the road [that was near the border].  That road was on a mountain [that was above the valley-Zeboyim]. valley-Zeboyim was near the desert.	1_Samuel
Nehemiah 13:14	My(Nehemiah's) God, you(God) (imp) remember me(Nehemiah) [because I(Nehemiah) did these things]. And you(God) (imp) do not forget these things [that I(Nehemiah) did for my(Nehemiah’s) God’s house and for the people [that work in the house of God]]. I(Nehemiah) served you(God) faithfully.	Nehemiah
Matthew 10:42	And I(Jesus) am telling you(followers) the truth. [If a person gives a cup of cold water to one of my(Jesus's) least important followers/disciples for me(Jesus) ,] that person will certainly receive-A that person’s reward.	Matthew
Mark 10:42	Then Jesus called-A the 12 _implicit followers/disciples. And Jesus said to those followers/disciples, ["You(followers) know-B [the rulers of the people [who are not Jews] like-B [showing-B those people [those rulers have-D power]]]]. Those officials use those official's authority [in-order-to make [those people obey those officials]].	Mark
Matthew 26:23	_paragraph Jesus said, ["The follower/disciple [who dipped bread _implicit with that follower/disciple's hand into the bowl _frameInferable with me(Jesus)] _emphasized will give me(Jesus) to my(Jesus's) enemies].	Matthew
2 Samuel 8:18	A man named Benaiah was the son of Jehoiada. Benaiah was the leader of the Kerethites and Pelethites. And David's sons were priests.	2_Samuel
2 Samuel 14:15	My(woman's) king, I(woman) came to this place [in order to say these words to you(king)].  Some people caused [me(woman) to become afraid]. I(woman) thought, ["[If I(woman) talk to the king] then the king might help me(woman)].	2_Samuel
Mark 14:43	(title) Jesus's enemies take-away/arrest Jesus. (paragraph) [While Jesus was still speaking,] Judas [who was one of the 12 disciples _implicitNecessary] immediately arrived at the place _implicit [where Jesus was]. A crowd of people [who were carrying swords and short heavy sticks] were with Judas. Those people were sent by the chief priests, the scribes, and the old leaders of the Jews _implicit.	Mark
Nehemiah 3:5	The men [who lived in the town named Tekoa] repaired the next part of the wall. The boss/supervisor told [the leaders of Tekoa to help [repair the wall]]. But the leaders of Tekoa did not help [repair the wall].	Nehemiah
Acts 20:37	And all those people cried. And all those people hugged Paul. And all those people kissed Paul.	Acts
Mark 8:8	The people ate that food _implicit. And those people were satisfied _adj. Then those followers/disciples filled 7 baskets with the pieces of food _implicitNecessary [that the people did not eat].	Mark
Matthew 27:20	_paragraph But the chief priests and the old leaders persuaded-A the crowd [to ask Pilate _implicitNecessary [to free _implicitNecessary Barabbas] [and to command _implicitNecessary [Pilate's _implicitNecessary soldiers _implicitNecessary to kill Jesus]]].	Matthew
Mark 13:35	(paragraph) Therefore, you(followers) (imp) also _implicit be ready. For you(followers) do not know the time [that the master-A of the house will return]. That master might arrive in the evening. Or that master might arrive in the middle-C of the night . (literal) Or that master might arrive [when the male chicken shouts]. (dynamic) Or that master might arrive [while the sky is still dark ] in the early morning. Or that master might arrive [when the sun rises].	Mark
Genesis 41:12	A young Hebrew man [who was a servant of the chief guard] was in the prison with us(officers). [After we(officers) told our(officer's) dreams to that man] that man explained the dreams to us(officers).	Genesis
Mark 7:11	But (literal) you(Pharisees) say [that a person may say to that person's _implicit father or that person's _implicit mother, ["The things [that I(person) might give to you(father) [in-order-to help you(father)]] are Corban "]]. But (dynamic) you(Pharisees) say [that a person may say to that person's _implicit father or that person's _implicit mother, ["(dynamic) I(person) was able [to give things to you(parents) [in-order-to help you(parents)]]]].  But I(person) promised God [that  I(person) will give those things to God]." (comment-begin) Corban (implicit-situational) _descriptive is a Hebrew word. Corban means-C a gift [that is for God]. (comment-end) (dynamic)	Mark
Genesis 5:5	Therefore Adam lived for 930 years.  Then Adam died.	Genesis
Genesis 34:22	But these people insisted [that we(Shechem) be circumcised by a person [just-like these people were circumcised by a person]]. [After we(Shechem) are circumcised by a person] these people will agree [to live in the land of us(Shechem)] [and to become one group with us(Shechem)].	Genesis
Joshua 19:43	The tribe named Dan also owned the towns named Elon, Timnah, and Ekron.	Joshua
Nehemiah 11:28	Ziklag, Mekonah, the villages [that were near Mekonah],	Nehemiah
Joshua 12:16	The Israelites defeated the king of Makkedah and the king of Bethel.	Joshua
2 Samuel 23:10	But Eleazar did not run-away. Eleazar fought the Philistines [until Eleazar was extremely tired]. Eleazar (implicit-info) killed the Philistines [until Eleazar was not able [to lift Eleazar's sword]]. Yahweh caused [the Israelites to defeat the Philistines] on that day. The other soldiers [that run-away/retreated] returned to Eleazar.  But those soldiers came [in order to take-away the weapons from the dead soldiers].	2_Samuel
Mark 5:35	(paragraph) [While Jesus was still speaking to that woman _implicit,] people came from the house _implicitNecessary of Jairus _implicitNecessary [who was the leader of the Jewish church]. Those people said to that leader _implicit, ["Your(Jairus's) daughter died]. (rhetorical) Why should you(Jairus) continue to annoy/bother the teacher _frameInferable [(implicit-situational) by asking that person/teacher [that person/teacher to come to your(Jairus's) house]]?" (statement) You(Jairus) should not continue annoying/bother the teacher _frameInferable [(implicit-situational) by asking that person/teacher [that person/teacher to come to your(Jairus's) house]]."	Mark
Matthew 24:45	_paragraph (rhetorical) Who is a faithful and wise servant-A [whom a master might appoint]? (statement) A master might appoint a faithful and wise servant-A. That master-A will appoint that servant [so-that that servant would give food to the other servants [who are in that master's house] [whenever those servants need food]].	Matthew
Mark 15:17	Those soldiers put a purple coat/robe [(implicit-situational) that be-U like a king's robe] on Jesus . Then those soldiers made a royal hat from branches [that had sharp points ]. And those soldiers put that hat/crown on Jesus of the head _implicitType.	Mark
Matthew 19:4	_paragraph (yesrhetorical) Jesus answered, ["Did you(Pharisees) read in the Scriptures _implicit [[when God first made/created all things,] God made male people and female people]?] (statement) Jesus answered, ["You(Pharisees) read _past in the Scriptures _implicit [[when God first made/created all things,] God made male people and female people]]. (footnote) You(people) (imp) see Genesis 1:27.	Matthew
Genesis 45:15	Then Joseph kissed Joseph's brothers. Joseph cried [while Joseph was hugging Joseph's brothers]. Then Joseph's brothers spoke to Joseph.	Genesis
Matthew 24:18	A person [who is working _implicitNecessary in the field-A _frameInferable] must not return-A to that person's house _implicit [in order to get that person's coat]. (implicit-situational) Instead, that person must run-away quickly to the mountains.	Matthew
Nehemiah 2:2	So the king asked me(Nehemiah), ["Why does your(Nehemiah's) face look sad [although you(Nehemiah) are not sick]]? I(king) think [that you(Nehemiah) are very sad]." Then I(Nehemiah) became very afraid.	Nehemiah
Matthew 14:11	John's head was brought by that soldier _implicitActiveAgent on a big plate. And John's head was given by that soldier _implicitActiveAgent to that daughter. Then that daughter carried that head to that daughter's mother.	Matthew
1 Samuel 10:5	Then you(Saul) will go to a town named Gibeah-of-God. Some Philistine soldiers will be camping at that place. Then [while you(Saul) are walking toward that town], you(Saul) will meet a group of prophets.  Those prophets will be walking down from the mountain [that people worship God at]. Those prophets will be playing lyres, tambourines, flutes, and harps. And those prophets will be saying the words [that the Spirit of Yahweh tells [those prophets to say]].	1_Samuel
2 Samuel 1:22	Jonathan’s bow killed many enemies.   And Saul’s sword killed many people.   The blood of many enemies is on Jonathan’s bow and Saul’s sword.    Saul and Jonathan killed strong men.	2_Samuel
Acts 1:15	After a few days all the people [who believed in Jesus] met.  About 120 people came to this meeting.  Then Peter stood up.	Acts
Matthew 4:24	(literal) News [that was about Jesus] spread in all of Syria named the region _implicitType. (dynamic) People in all of Syria named the region _implicitType heard about Jesus. And people brought to Jesus all the people [who had different diseases], all the people [who had very much pain], all the people [who were controlled by demons], all the people [who were not able [to control the people's arms and legs]], and all the people [who were not able [to move those people's legs]]. And Jesus healed those people.	Matthew
Joshua 18:24	And the tribe named Benjamin owned the towns named Kephar-Ammoni, Ophni, and Geba. Therefore the tribe named Benjamin owned 12 towns. And the tribe named Benjamin also owned all of the villages [that were near those towns].	Joshua
Joshua 15:43	And the tribe named Judah owned the towns named Iphtah, Ashnah, and Nezib.	Joshua
Mark 10:19	You(man) know the commands/commandments of God _implicit. The Scriptures _frameInferable say, ["You(person) (imp) do not kill a person]. You(person) (imp) do not sex a person [who is not your(person's) husband or your(person's) wife]. You(person) (imp) do not steal things. You(person) (imp) do not say-B false things-C about people. You(person) (imp) do not cheat people. You(person) (imp) honor your(person's) father and your(person's) mother."" (footnote) You(people) (imp) see Exodus 20:12-16 and Deuteronomy 5:16-20.	Mark
1 Samuel 28:7	So Saul said to Saul's servants, ["You(servants) (imp) find a woman/witch [who talks to spirits]].  You(servants) (imp) find a woman/witch [who will tell me(Saul) about the future]. Then I(Saul) will talk to that woman."  Saul's servants said, ["There is a woman [who talks to spirits] in Endor].  That woman (implicit-info) is able [to tell you(Saul) about the future]."	1_Samuel
1 Samuel 25:31	[If you(David) do not (implicit-info) kill Nabal] you(David) will not feel bad. And you(David) will not be guilty. You(David) will not kill innocent people. You(David) please (imp) remember me(Abigail) [when Yahweh causes [you(David) to become the king of Israel]]."	1_Samuel
2 Samuel 20:26	And a man named Ira [who was from Jair] was David’s priest.	2_Samuel
Daniel 3:18	But [if God does not save us(men)] we(men) want [you(Nebuchadnezzar) to know [that we(men) will not worship your(Nebuchadnezzar's) gods]]. And we(men) will not worship the statue [that you(Nebuchadnezzar) have made]."	Daniel
Jonah 3:5	Then the people [who were living in Nineveh] believed God’s message. So those people decided [to not eat food [so that the people could pray]]. And all of the people put on sackcloth clothes. The least important people and the most important people did not eat food [so that the people could pray].  And the least important people and the most important people put on sackcloth clothes.	Jonah
Acts 17:32	[When those people heard the message [that God caused [a person to live again [after that person died]],]] some people laughed. But other people said, ["We(people) want to hear [you(Paul) speak more/again about this message]."]	Acts
1 Samuel 27:9	[Whenever David attacked/raided those people], David killed all of the men and women. Then David took those people's sheep, cows, donkeys, camels, and clothes. Then David returned to Achish.	1_Samuel
Genesis 18:33	[After Yahweh finished speaking to Abraham] Yahweh left that place. and Abraham returned to the house of Abraham.	Genesis
1 Samuel 8:22	So Yahweh said, ["You(Samuel) (imp) listen to the people]. And you(Samuel) (imp) give a king to the people." So Samuel said to the Israelites, ["You(Israelites) (imp) return to your(Israelites') towns]. I(Samuel) (implicit-info) will choose/annoint a king for you(people)."	1_Samuel
Genesis 31:9	Thus God take-away the animals from your(Rachel's) father. and God  gave those animals to me(Jacob).	Genesis
Genesis 33:2	Jacob put the female slaves and the children of the female slaves in the first group. Then Jacob put Leah and Leah's children in the second group. And Jacob put Rachel and Joseph in the third group.	Genesis
1 Samuel 12:2	Now you(Israelites) have a king [that will lead you(Israelites)]. I(Samuel) am old.  And my(Samuel's) hair is white. And my(Samuel's) sons are at this place with you(Israelites). I(Samuel) led you(Israelites’) [since I(Samuel) was a young man].	1_Samuel
1 Samuel 6:1	(title) The Philistines return the Ark-of-the-Covenant to Israel. The Ark-of-the-Covenant of Israel was in the Philistines’ region for seven months.	1_Samuel
Joshua 5:4	Joshua circumcised the Israelites [because all of the men [who came from Egypt] [and who were able [to fight]] died in the desert].  [After the Israelites left Egypt] those men died [while those men were traveling to the new land].	Joshua
2 Samuel 18:24	David was sitting near the gates of the city. A guard went up to the roof [that was near the gates]. That guard saw [a man running toward the city alone].	2_Samuel
Genesis 42:9	Then Joseph remembered Joseph's dream. Joseph had dreamed [that Joseph's brothers would bow to Joseph]. Then Joseph said to Joseph's brothers, ["You(brothers) are spies!] You(brothers) came to Egypt [in-order-to learn about our(Joseph's) secrets]!"	Genesis
Acts 17:17	So Paul went into the Jewish church. And Paul and the Jews and the Greeks [who followed God's laws] discussed many things. And Paul also went to the market every day. And Paul and the people [who were in that place] discussed many things.	Acts
1 Samuel 11:11	On the next day Saul divided Saul's soldiers into three groups. Then those three groups of soldiers entered the Ammonite's camp after midnight. And those soldiers killed many Ammonite soldiers [until the sun rose]. The Ammonites [who were not killed] run-away from the Israelites.	1_Samuel
2 Samuel 21:1	(title)  The people [who live in Gibeon] punish Saul's family.  [While David was ruling Israel] there was a famine for 3 years. So David prayed to Yahweh.Then Yahweh said to David, ["There is a famine [because Saul and Saul's family killed people]].  Saul killed many people [who were living in Gibeon]."	2_Samuel
1 Samuel 17:50	So David defeated Goliath with a sling and a stone. David threw/slung that stone at Goliath with the sling. And David killed Goliath without a sword.	1_Samuel
Titus 3:14	The other people [who believe in Christ Jesus] should also learn [how to do good things]. Those people should learn [how to give things to people [who need those things]]. Then those people will  be doing important things.	Titus
2 Samuel 15:24	Zadok was walking with David.  Zadok and all of the people [who were in tribe named Levi] [and who were with Zadok] were carrying God's Ark of the Covenant. Those men put the Ark of the Covenant on the ground. Then Abiathar gave/offered gifts/sacrifices to God [until all of the people left Jerusalem].	2_Samuel
Acts 15:18	I(God) showed these things to people long ago.']]"]	Acts
Genesis 25:2	Keturah birthed sons named Zimran, named Jokshan, named Medan, named Midian, named Ishbak, and named Shuah.	Genesis
Mark 8:15	Jesus warned-D those followers/disciples, ["You(followers) (imp) be careful]. You(followers) (imp) watch-out for the Pharisees's substance [that causes [bread to become big]] and for Herod's substance [that causes [bread to become big]]."	Mark
Genesis 43:7	The brothers said, ["That official asked us(brothers) about our(brothers') family]. That official asked us(brothers), ["Is your(brothers') father still living?] Do you(brothers) have another brother?" We(brothers) had to answer those questions. We(brothers) did not know [that that official would tell [us(brothers) to bring our(brothers') other brother to the official]]!"	Genesis
Nehemiah 2:1	The king (title) sends Nehemiah to Jerusalem. King Artaxerxes had ruled Persia for 20 years. A person brought wine to me(Nehemiah) for the king in the month named Nisan. So I(Nehemiah) took that wine to the king. And I(Nehemiah) gave that wine to the king. I(Nehemiah) (implicit-situational) was very sad. Previously I(Nehemiah) was not sad [while I(Nehemiah) was in-front-of the king].	Nehemiah
Joshua 2:11	[When we(people) heard about these things] we(people) became very afraid. Now our(people's) men are afraid [to fight you(people)]. We(people) believe that [your(people's) God named Yahweh rules all things [that are in the heavens] and all things [that are on the earth]]!	Joshua
1 Samuel 2:8	Yahweh lifts poor people from the dirt. And Yahweh picks up people [who need food] from the ashes. Yahweh causes [poor people to sit with princes].  And Yahweh gives thrones of honor to poor people. Yahweh owns the earth's pillars. And Yahweh put the earth on those pillars.	1_Samuel
Daniel 3:16	Shadrach, Meshach, and Abednego said to the king, ["King Nebuchadnezzar, we(men) know [that we(men) acted correctly]].	Daniel
Matthew 9:31	But those men left that place _implicit. And those men told people about the thing _implicit [that Jesus did] in many places [that were in that area/region].	Matthew
Acts 20:18	[When those church leaders came to Paul], Paul said to those church leaders, ["You(leaders) saw my(Paul's) actions [when we(Christians) lived together]. You(leaders) watched [my(Paul's) actions from the first day [that I(Paul) arrived in the region named Asia] until the day [that I(Paul) left].	Acts
1 Samuel 23:27	But then a person brought a message to Saul. That message said, ["You(Saul) (imp) come quickly!] The Philistines are attacking us(people)."	1_Samuel
Acts 15:37	Barnabas wanted to take John [whom people also called Mark].	Acts
Matthew 14:14	Jesus arrived onto land. [When Jesus saw a big crowd there _implicit,] Jesus pitied those people. And Jesus healed the sick people [who were among those people].	Matthew
Joshua 22:32	Then Phinehas and the other leaders left Gilead and the people [that were in the tribes named Reuben and Gad].  And Phinehas and the other leaders returned to Canaan. Then (implicit) those leaders told the Israelites [that those tribes did not sin/rebel against Yahweh].	Joshua
2 Samuel 16:10	But the king said to Abishai, ["Sons of Zeruiah, this man is not cursing you(sons)].Perhaps this man is cursing me(David) [because Yahweh told [this man to curse me(David)]]. Then  we(David) should not ask, [“Why are you(Shimei) cursing David?”]"	2_Samuel
Genesis 9:4	But you(Noah) must not eat meat [that still has blood in the meat] [because blood gives life to people and animals].	Genesis
Genesis 26:5	I(Yahweh) will give this land to you(Isaac) [because the father of you(Isaac) named Abraham obeyed me(Yahweh)]. Abraham obeyed the commands of me(Yahweh) and the laws of me(Yahweh).”	Genesis
Daniel 9:22	Gabriel spoke to me(Daniel). Gabriel said, ["Daniel, I(Gabriel) have come [in order to help [you(Daniel) understand the vision]]].	Daniel
2 Samuel 2:27	Then Joab said, ["I(Joab) am glad [because you(Abner) want [to stop fighting]]].  [If you(Abner) had not spoken to me(Joab)]  these soldiers certainly would have continued chasing the Israelites until the morning."	2_Samuel
2 Samuel 14:3	Then (imp) you(woman) go to the king. And (imp) you(woman) talk to the king." Then Joab told that woman the words [that that woman should say to David].	2_Samuel
Nehemiah 4:3	Tobiah [who was from Ammon] was standing beside Sanballat. And Tobiah said, ["The Jews are building which thing?] [If a fox climbs on that wall] that wall of stones will break! That wall (implicit-info) [that the Jews are building] is very weak."	Nehemiah
Joshua 19:46	The tribe named Dan also owned the towns named Me-Jarkon and Rakkon.  And the tribe named Dan also owned the region [that was near Joppa].	Joshua
Genesis 27:13	So Rebekah said to Jacob, ["[If the father of you(Jacob)curses you(Jacob)] the father of you(Jacob) will curse me(Rebekah) instead].  You(Jacob) will not be cursed by the father of you(Jacob). But you(Jacob) (imp) obey me(Rebekah) now. You(Jacob) (imp) go to the field [in-order-to you(Jacob) bring the goats to me(Rebekah)]".	Genesis
Daniel 12:5	Then I(Daniel), Daniel, saw two angels. One angel was on this side of the river. The other angel was on the other side of the river.	Daniel
Matthew 26:35	_paragraph But Peter said/declare, ["[Even-if I(Peter) must die with you(Jesus),] I(Peter) will not tell people [I(Peter) do not know you(Jesus)]"]. And all the other _implicit followers/disciples also said the same thing-C [that (implicit-situational) Peter said].	Matthew
2 Samuel 13:26	Then Absalom said, ["[If you(David) do not go] then please (imp) you(David) let [my(Absalom's) brother named Amnon go with us(Absalom)]]." King David asked Absalom, ["Why should Amnon go with you(Absalom)?"]	2_Samuel
Esther 3:2	Haman stood at the gate of the king's palace. All of the officials [that walked near the gate] bowed to Haman. The king commanded [all the officials to honor Haman]. But Mordecai did not honor Haman. Mordecai did not bow to Haman.	Esther
Nehemiah 2:15	So during the night I(Nehemiah) went up the valley. [While I(Nehemiah) was going up the valley] I(Nehemiah) was looking/examining at the wall. Then I(Nehemiah) turned around. And I(Nehemiah) entered the city through the gate-Valley.	Nehemiah
Matthew 25:13	_paragraph Therefore, you(followers) (imp) watch-out. For you(followers) do not know the day [that (implicit-situational) the Son-of-Man _1stAs3rd will return on] or the hour [that (implicit-situational) the Son-of-Man _1stAs3rd will return at].	Matthew
Jonah 3:7	Then the king sent a message to all of the people [who were living in Nineveh]. The king said, ["You(people) (imp) do not let [people or animals taste food]]. And you(people) (imp) do not let [your(people’s) cows or your(people’s) sheep taste food].  People and animals must not eat food. And people and animals must not drink water.	Jonah
Genesis 25:30	So Esau said to Jacob, ["You(Jacob) (imp) allow [me(Esau) to eat that food]].  I(Esau) am extremely hungry." The food [that Jacob was preparing] was red. Some people called Esau Edom [which means red] [because Esau liked [to eat red food]].	Genesis
Matthew 13:2	A very big crowd gather-C around Jesus. So Jesus went into a boat [that (implicit-situational) was on-B the lake]. And Jesus sat in that boat [while all the people stood on the shore].	Matthew
Genesis 41:3	Then 7 other cows came from the river. Those cows were thin and ugly. Those 7 thin cows stood beside the other healthy cows near the river.	Genesis
2 Samuel 18:16	Then Joab blew Joab’s trumpet. So David’s soldiers stopped chasing the Israelites.	2_Samuel
Acts 19:41	[After the official finished talking], the official told [the people to leave that place].	Acts
Nehemiah 6:15	The Jews (title) finish building the wall.  We(Nehemiah) finished building the wall on the 25th day of the month named Elul. We(Nehemiah) finished building the wall in 52 days.	Nehemiah
1 Samuel 27:1	(title) David lives with the Philistines.  [After (implicit-info) Saul left], David thought, ["Saul will continue trying [to kill me(David)]]. So I(David) must escape from Saul. I(David) will go to the Philistines' land. Then Saul will stop searching for me(David) in Israel.  And Saul will not capture me(David)."	1_Samuel
2 Samuel 7:3	Nathan said to the king, ["(imp) You(David) do the thing [that you(David) want  [to do]]]. Yahweh is with you(David)."	2_Samuel
Daniel 8:10	This horn became very great. Then this horn attacked the army of heaven. This horn threw some of the stars to the ground. And this horn walked on those stars.	Daniel
Matthew 13:49	The same thing will happen at the end of this period of time. The angels will come. And the angels will separate the evil people from the good/righteous people.	Matthew
Matthew 10:39	(literal) A person [who finds that person's life] will lose that person's life. (dynamic) A person [who wants [to protect that person's life]] will not receive-B eternal life. (literal) But a person [who loses that person's life for me(Jesus)] will find that person's life. (dynamic) But a person [who dies for me(Jesus)] will receive-B eternal life.	Matthew
Titus 2:1	Paul (title) explains [how certain groups of people should act [so that those people would please God]] to Titus. But you(Titus), you(Titus) (imp) tell true things [that those people need  [to know]] to people.	Titus
Matthew 9:1	(title) Jesus heals a man [who is paralyzed]. _paragraph Jesus entered a boat. And Jesus went to the other side of the lake _implicit. Jesus came to the town named Capernaum _implicit [that Jesus lived in] .	Matthew
2 Samuel 15:4	And Absalom also said to that person, ["I(Absalom) wish [that I(Absalom) were a judge]]! Then I(Absalom) would help all of the people[who have problems]!"	2_Samuel
Acts 3:24	And Samuel and all the prophets [who lived after Samuel lived] also spoke about these days.	Acts
Mark 11:26	(footnote) Most manuscripts _CopyinLDV of this part of the Scriptures do not include verse 26. But some manuscripts of this part of the Scriptures include verse 26. Verse 26 says, ["But [if you(followers) do not forgive-C other people _implicit,] your(followers') Father [ _descriptive who is in heaven] will also not forgive-B your(followers') bad-B _morally actions"].	Mark
1 Samuel 14:8	Then Jonathan said, ["Then you(soldier) (imp) come with me(Jonathan)]. We(Jonathan) will go across this valley. Then we(Jonathan) will let [the Philistines see us(Jonathan)].	1_Samuel
Joshua 7:25	Then Joshua said, ["Why did you(Achan) cause [us(Israelites) to have trouble]?] Today Yahweh will cause [you(Achan) to have trouble]." Then all of the people killed Achan [by throwing stones at Achan]. The people also killed Achan's family [by throwing stones at Achan's family]. Then the people burned Achan and Achan's family.	Joshua
Genesis 37:7	We(Joseph) were in a field.  And we(Joseph) were tying the wheat [that we(Joseph) harvested]. Then My(Joseph's) wheat stood up. Then your(brother's) wheat stood around my(Joseph's) wheat. Then your(brother's) wheat bowed to my(Joseph's) wheat."	Genesis
1 Samuel 20:1	(title) Jonathan warns David about King Saul again.  Then David run-away from Naioth [which was in Ramah]. And David went to Jonathan. David asked Jonathan, ["Did I(David) do a bad thing]? Did I(David) break a law? Did I(David) treat your(Jonathan's) father badly? Why is your(Jonathan's) father  trying [to kill me(David)]?"	1_Samuel
Genesis 24:40	Abraham answered me(servant), ["I(Abraham) serve Yahweh.] Yahweh will send Yahweh's angel with you(servant).  The angel will help you(servant). You(servant) will find a wife for my(Abraham's) son among the relatives of my(Abraham's) father.	Genesis
Genesis 24:53	Then the servant gave jewelry [that was made of gold and of silver] and clothes to Rebekah. The servant also gave valuable gifts to Rebekah's brother and to Rebekah's mother.	Genesis
Joshua 2:19	[If a person leaves your(Rahab's) house] we(men) will not protect that person. But we(men) will protect all of the people [who are in your(Rahab's) house].	Joshua
Joshua 8:18	Then Yahweh said to Joshua, ["(imp) You(Joshua) raise your(Joshua's) spear]. And (imp) you(Joshua) point your(Joshua's) spear at Ai. I(Yahweh) will give that city to you(Joshua)." So Joshua raised Joshua's spear. And Joshua pointed Joshua's spear at Ai.	Joshua
Genesis 6:8	But Noah pleased God.	Genesis
Esther 2:20	Esther still did not tell people about Esther's family. And Esther still did not tell people [that Esther was a Jew]. Esther had done all the things [that Mordecai said] [since Esther was a young girl]. And Esther continued to do all the things [that Mordecai said].	Esther
2 Samuel 1:18	David told [David's men to teach that song to all of the people [who were living in Judah]].  People called that song "The Bow." (Jashar wrote that song in Jashar's book.)	2_Samuel
Genesis 17:21	But I(God) will make my(God's) covenant with Isaac [who Sarah will birth next year]."	Genesis
Matthew 24:29	_paragraph The Scriptures talk about the time [that is immediately after the time [that people _generic much suffer at] in those days]. The Scriptures say, _indent1 ["The sun will become dark]. And the moon will stop shining-A. The stars will fall from the sky. And the powerful things [that are in the sky] will be shaken-B by God _implicitActiveAgent." (footnote) You(followers) (imp) see Isaiah 13:10 and Isaiah 34:4.	Matthew
Genesis 36:17	Nahath, Zerah, Shammah, and Mizzah were the leaders [who were sons of Esau's son named Reuel]. These men were the leaders [who were the sons of Reuel] [and who lived in Edom]. These men were the grandsons of Esau's wife named Basemath.	Genesis
Genesis 2:19	God had already created all the animals and the birds with the dust [that is on the ground].  So God brought all the animals and all the birds to the man [that God had created].  God called this man Adam.  Adam means person.  Then Adam named all of the animals and all of the birds [that God brought to Adam].	Genesis
Mark 16:13	[(implicit-situational) After those 2 followers/disciples recognized Jesus,] those 2 followers/disciples returned-A [in-order-to tell-A the other followers/disciples [(implicit-situational) those 2 followers/disciples saw Jesus]]. But these other followers/disciples also did not believe those 2 followers/disciples.	Mark
2 Samuel 1:25	Your(Israelites’) strong men died during the battle.   Jonathan died on Gilboa’s hills.	2_Samuel
Acts 1:14	All these apostles were in that room.  These apostles always prayed.  Certain women were also with these apostles.  And Mary [who was the mother of Jesus] and brothers of Jesus were also in that room with the apostles.	Acts
1 Samuel 13:3	One day Jonathan and the soldiers [that were with Jonathon] attacked the Philistines’ camp [that was at Geba]. And the other Philistines heard [that Jonathan attacked that camp]. Then Saul told [some men to walk throughout Israel]. And Saul told [those men to play trumpets [so that all of the people would hear those trumpets]].  Then Saul said, ["You(men) (imp) tell the Israelites [that we(Israelites) attacked the Philistines]]!"	1_Samuel
Genesis 5:2	God created a man and a woman.  And God blessed those people. and God called those people human.	Genesis
Genesis 40:23	But the officer [who made wine for the king] forgot [to tell the king about Joseph].	Genesis
2 Samuel 22:45	Foreigners are afraid of me(David).  [When foreigners hear about me(David)] the foreigners obey me(David).	2_Samuel
Genesis 4:2	Later Eve birthed another son named Abel.  [After Abel grew up] Abel became a shepherd.  [After Cain grew up] Cain became a farmer.	Genesis
Nahum 1:14	Yahweh says to the people [who live in Nineveh], ["You(people) will not have children]. There are idols [that are made of wood and metal] in the temples of your(people's) gods. I(Yahweh) will destroy those idols. I(Yahweh) will dig a grave for you(people) [because you(people) do evil things]."	Nahum
Genesis 25:18	The descendants of Ishmael lived in many places [that were between Havilah and Shur [which is east of Egypt]]. The descendants of Ishmael often attacked the descendants of the brothers of Ishmael.	Genesis
Joshua 9:27	But Joshua forced [the Gibeonites to cut wood for the Israelites]. And Joshua forced [the Gibeonites to carry water for the Israelites]. The Gibeonites also served Israel's priests [by cutting wood for the priests]. And the Gibeonites are still servants of the Israelites today.	Joshua
Genesis 30:31	So Laban asked Jacob, ["What should I(Laban) give to you(Jacob)?"] Jacob answered Laban, ["You(Laban) (imp) do not give any thing to me(Jacob).] But [if you(Laban) allow [me(Jacob) to do one thing]] I(Jacob) will stay in this place. and I(Jacob) will continue caring for your(Laban's) sheep.	Genesis
Joshua 22:10	The people [who were in the tribes named Reuben, Gad, and Manasseh] came to Geliloth. Geliloth was near the Jordan River in Canaan. Then those people built a very big altar by the Jordan river.	Joshua
2 Samuel 12:1	(title) David’s son dies.  Yahweh sent Nathan to David. So Nathan went to David. And Nathan said, ["There were 2 men in a certain town]. One man was rich.  And the other man was poor.	2_Samuel
2 Samuel 24:8	Joab and those officers went to all of the cities [that were in Israel]. Then Joab and those officers returned to Jerusalem after 9 months and 20 days.	2_Samuel
Joshua 10:41	Joshua defeated all of the people [who were living in the cities [that were between Kadesh-Barnea and Gaza]]. And Joshua captured all of the cities [that were between Goshen and Gibeon].	Joshua
Genesis 47:2	[Before Joseph went to the king] Joseph chose 5 of Joseph's brothers.  Joseph took those 5 brothers to the king.  And Joseph introduced those 5 five brothers to the king.	Genesis
Genesis 35:29	Then Isaac died. At that time Isaac was very old. and the sons of Isaac named Esau and named Jacob buried Isaac's body.	Genesis
Esther 2:14	Each girl went to the king's room in the evening. In the morning the girl went to another house [where the king's wives lived]. Another man [that did not have testicles] named Shaashgaz cared for the king's wives. [if the king did not like a girl] the girl did not go to the king again. [If the king liked a girl] the king told [Shaashgaz to bring the girl to the palace again].	Esther
Matthew 23:22	And a person [who promises/swear to God _implicit [that person will do an action] by heaven _instrument] promises/swear to God _implicit by God's chair/throne _instrument and by God _instrument [who sits on that chair/throne].	Matthew
Genesis 44:1	-Title Joseph tricks Joseph's brothers again. Then Joseph spoke to the chief servant [that worked in Joseph's house]. Joseph commanded that servant, ["You(servant) (imp) fill these men's bags with much grain.] Then you(servant) (imp) put the men's money into the men's bags.	Genesis
Titus 3:9	But some people argue with other people about foolish things. You(Titus) (imp) do not argue with people about those things. And you(Titus) (imp) do not argue with people about lists of ancestors' names.  And you(Titus) (imp) do not argue with people about the religious law. [You(Titus) arguing with people about these things] is not valuable. And [when you(Titus) argue with people about these things] you(Titus) are not helping people.	Titus
2 Samuel 13:33	My(Jonadab) master and my(Jonadab) king, (imp) you(David) do not think [that all of your(David's) sons are dead]. Only Amnon is dead."	2_Samuel
2 Samuel 6:12	People told King David, ["Yahweh is blessing Obed-Edom's  family]. And Yahweh blessed all of the things [that Obed-Edom owns]. Yahweh is blessing Obed-Edom [because God's Ark of the Covenant is in Obed-Edom's house]." So David went to Obed-Edom's house [in order to bring the Ark of the Covenant to Jerusalem]. All of the people were very happy.	2_Samuel
Mark 12:35	(title) Jesus teaches-A people about the Christ. (paragraph) Then [while Jesus was teaching-B God's message _implicit in the temple of the courtyard _implicitType,] Jesus asked, ["Why do the scribes say [the Christ is the son/descendant of King _implicit David]?]	Mark
2 Samuel 1:24	Daughters of Israel, you(daughters) (imp) cry/mourn for Saul. Saul gave the best clothes to you(daughters). And Saul put gold jewelry on your(daughters') clothes.	2_Samuel
Daniel 5:27	Tekel means [that God has weighed you(king)]. God knows [that you(king) are selfish].	Daniel
Daniel 7:9	Then I(Daniel) saw [a person bringing some thrones]. Then another person named Ancient-of-Days sat on one of the thrones. This person's clothes were white [like snow is white]. And this person's hair was white [like pure wool is white]. This person's throne had wheels. And the throne burned [like a fire burns].	Daniel
Genesis 50:26	Joseph died [when Joseph was 110 years old]. Joseph's doctors prepared Joseph's body.  Then the people [who lived in Egypt] put Joseph's body into a coffin.	Genesis
Genesis 46:13	Issachar had sons named Tola, named Puah, named Jashub, and named Shimron.	Genesis
Matthew 27:8	Therefore that field is still called by people _implicitActiveAgent the field of blood.	Matthew
Mark 14:21	The Son-of-man _1stas3rd will die [just-like the Scriptures say [the Son-of-man _1stas3rd will die]]. But the man [who gives the Son-of-man _1stas3rd to the Son-of-man's enemies] will much suffer! [That man was never born] is better for that man."	Mark
Mark 5:22	Then a man named Jairus [who was one of the leaders of the Jewish church [(implicit-situational) that was in that town]] came to Jesus _implicit. [When Jairus saw Jesus,] Jairus bowed in-front-of Jesus.	Mark
1 Samuel 27:6	So Achish gave the town named Ziklag to David.  The kings of Judah have owned Ziklag since that time.	1_Samuel
Joshua 16:1	(title) Joshua gives land to the descendants of Ephraim and the descendants of Manasseh. Joshua and the leaders of the Israelites gave land to the descendants of Joseph. That land's border went from the river-Jordan to the streams [that were near Jericho]. Then the border went through the desert to the mountains [that were near Bethel].	Joshua
Acts 15:15	This talk is like the talk [that those people [who told God's messages to people] wrote earlier].	Acts
2 Samuel 20:3	Then David arrived at David's palace in Jerusalem. Previously David left 10 female slaves in the palace [so that those female slaves could take care of the palace]. Now David put those female slaves in a house. And soldiers of David protected those female slaves. David gave food to those female slaves. But David did not sex those female slaves.  Those female slaves stayed in that house [until those female slaves died]. Those female slaves lived [just like a woman [that does not have a husband] lives].	2_Samuel
Matthew 5:17	(title) Jesus talks about the religious _implicit laws/Law. (paragraph) You(people) (imp) do not think [that I(Jesus) came [in order to end the religious _implicit laws/Law and the things [that the prophets said]]]. I(Jesus) did not come [in order to end those things _dual]. But I(Jesus) came [in order to fulfill those things _dual].	Matthew
Matthew 17:13	Then the followers/disciples understood [Jesus was talking to those followers/disciples about John the Baptist].	Matthew
Genesis 26:27	Isaac asked Abimelech, ["Why did you(Abimelech) come to this place?] You(Abimelech) treat me(Isaac) badly.  And you(Abimelech) forced [me(Isaac) to leave the country of you(Abimelech)]."	Genesis
Nehemiah 13:8	I(Nehemiah) was very upset. And I(Nehemiah) threw all of Tobiah's things out of that room.	Nehemiah
Genesis 37:11	Joseph's brothers were jealous of Joseph. but Joseph's father thought about these dreams.	Genesis
2 Samuel 23:32	Eliahba was from Shaalbon.The sons of Jashen were also important soldiers.	2_Samuel
Mark 16:14	(paragraph) (literal) And later Jesus appeared-C to the 11 followers/disciples _implicitNecessary [while the 11 followers/disciples _implicitNecessary were lying at the table _frameInferable _implicit [(implicit-situational) in-order-to eat a meal]]. (dynamic) And later, Jesus appeared-C to the 11 followers/disciples _implicitNecessary [while the 11 followers/disciples _implicitNecessary were eating a meal _implicit]. (complex) And Jesus told those followers/disciples [that the things [that those followers/disciples did] were bad-A [because those followers/disciples did not have faith] [and because those followers/disciples were stubborn]]. (simple) And Jesus told those followers/disciples [that the things [that those followers/disciples did] were bad-A [because those followers/disciples doubted [(implicit-situational) that Jesus was alive again]] [and because those followers/disciples were stubborn]]. For those followers/disciples did not believe-A the people [who saw Jesus [after Jesus became alive again]].	Mark
Matthew 13:56	(yesrhetorical) Are all of this man's sisters-B in this place _implicit with us(people)? (statement) All of this man's sisters-B are in this place _implicit with us(people). (rhetorical) So where did this man receive these things?" (statement) So we(people) do not know [where this man received these things]."	Matthew
Genesis 19:9	The men said to Lot, ["You(Lot) (imp) move-aside!"] Then the men said to each-other(men), ["This man named Lot is a foreigner]. But Lot is telling [us(men) to do things]!" Then the men said to Lot, ["We(men) will do a worse thing to you(Lot)!"] The men push-away Lot. and the men started hitting the door.	Genesis
Nehemiah 1:1	(title) Nehemiah prays for the Jews [that are in Judah]. This book was written by Nehemiah [who was the son of Hakaliah]. King Artaxerxes ruled the people [who lived in Persia] for 20 years. I(Nehemiah) was in the city named Susa in the month named Kislev.	Nehemiah
Titus 3:15	All the people [who are with me(Paul)] greet you(Titus). You(Titus) (imp) greet for me(Paul) the people [who believe in Christ Jesus] [and who love us(Paul)]. I(Paul) pray [that God will treat all of  you(Titus) kindly].	Titus
Genesis 5:22	Enoch walked with God for 300 years [after Methuselah was born].  Enoch also had other children.	Genesis
Joshua 5:11	The people ate food [that was growing in that land] on the day after the Passover.  The people also ate bread [that the Israelites made without yeast]. And the people ate grain [that the Israelites roasted].	Joshua
Acts 17:26	This God made all the different nations through one man. And this God made these nations [so that they would live all over the world]. And this God chose the time and places [where each of these nations will exist].	Acts
Acts 21:23	So you(Paul) should do the thing [that we(Jews) tell you(Paul  to do]. Four men [who are in with us(Jews)  have made a promise to God [that the four men will serve God].	Acts
Joshua 1:5	No person will be able [to defeat you(Joshua)]. I(Yahweh) will be with you(Joshua) [just-like I(Yahweh) was with Moses]. I(Yahweh) will not leave you(Joshua). So you(Joshua) will never be alone."	Joshua
Daniel 11:12	[After the king of the south region captures the big army [that came from the north region]] the king of the south region will become proud. That king will kill many thousands of people. But that king will not continue to succeed.	Daniel
Nehemiah 7:63	And some of the men [that returned] were priests. The priests [that returned] were descendants of Hobaiah, Hakkoz and Barzillai. (A man named Barzillai was from Gilead. Another man married one of Barzillai's daughters.  People called that man Barzillai.)	Nehemiah
Genesis 27:24	But Isaac asked Jacob, ["Are you(Esau) the son of me(Isaac) named Esau?]"  And Jacob answered Isaac, ["Yes.] I(Esau) am Esau."	Genesis
Acts 3:12	[When Peter saw all the people] Peter said to all the people, ["Men of Israel, why does this man surprise you(people)]? Why do you(people) look at us(Peter)? Do you(people) think [my(Peter's) power and John's power made [this man walk]]? Are we(Peter) able [to help [this man to walk]] [because we(Peter) are good]?"	Acts
Genesis 31:5	Then Jacob said to Rachel and Leah, ["Your(Rachel's) father stopped treating me(Jacob) kindly]. But the God of my(Jacob's) father is with me(Jacob).	Genesis
1 Samuel 25:22	God should punish me(David) much [if I(David) do not kill today all of the men [who are in Nabal's family] and all of the men [who work for Nabal]]!"	1_Samuel
2 Samuel 17:13	[If David runs into a city] the Israelites will bring ropes to that city. And we(Hushai) will pull that city into a valley. We(Hushai) will completely destroy that city."	2_Samuel
Nehemiah 10:24	Hallohesh, Pilha, Shobek,	Nehemiah
1 Samuel 8:9	But you(Samuel) must listen to these people.  You(Samuel) (implicit-info) must give a king to these people. But you(Samuel) (imp) warn the people [that the king will treat the people badly]."	1_Samuel
Acts 3:23	And God will cut-off all people [who do not listen to the prophet] from God's people. And God will completely destroy those people.	Acts
Matthew 27:15	_paragraph During the holiday/feast of Passover _implicit Pilate usually freed 1 prisoner [that the crowd chose].	Matthew
Nehemiah 11:5	Maaseiah [who was a son of Baruch].  Baruch was a son of Kol-Hozeh. Kol-Hozeh was a son of Hazaiah. Hazaiah was a son of Adaiah. Adaiah was a son of Joiarib. Joiarib was a son of Zechariah. And Zechariah was a person/descendant of Shelah.	Nehemiah
Esther 6:10	Then the king said to Haman, ["You(Haman) (imp) go to Mordecai quickly]. You(Haman) (imp) take one of my(king's) robes and one of my(king's) horses to Mordecai. You(Haman) (imp) do all of the things [that you(Haman) said] for Mordecai [who is a Jew]. Mordecai is sitting at the gate of the palace."	Esther
Matthew 18:15	(title) Jesus talks about friends/brothers-D [who sin] and sisters-D _implicit [who sin]. _paragraph [If your(follower's) friend/brother-D or your(follower's) sister-D _implicit sins,] you(follower) (imp) go alone _adv to that person. And you(follower) (imp) rebuke that person. (literal) [If that person listens to you(follower),] you(follower) helped that person. (dynamic) [If that person repents,] you(follower) have a good relationship with that person again.	Matthew
Matthew 23:8	_paragraph But you(followers) should not be called Rabbi by other people _implicitActiveAgent. For you(followers) have 1 master/teacher. And all of you(followers) are followers/brothers-D and sisters-D _implicit.	Matthew
Acts 19:19	Many people [who had practiced magic [that evil spirits do]] gathered their(magicians') books [about magic [that evil spirits do]]. And those people [who had practiced magic [that evil spirits do]] burned those books in front of people. People added the value of those books. And the value was 50,000 silver coins.	Acts
Matthew 15:18	(literal) But the things-C [that come-out from a person's mouth] come from that person's heart-A. (dynamic) But the words [that a person says] come from that person's heart-A. And those things cause [that person to become religiously/ritually dirty].	Matthew
Genesis 17:23	Then Abraham called Ishmael, all the other men, and all the slaves [that Abraham bought]. On that day Abraham obeyed God. and Abraham circumcised all these men.	Genesis
Esther 9:5	So the Jews attacked all the people [that hated the Jews]. The Jews killed the Jews' enemies with swords. That day the Jews did all of the things [that the Jews wanted [to do]].	Esther
Genesis 38:18	Judah asked Tamar, ["What should I(Judah) give to you(Tamar)?"]  Tamar answered, ["You(Judah) (imp) Give your(Judah's) special ring and your(Judah's) staff to me(Tamar)]." So Judah gave these things to Tamar. Then Judah sexed Tamar. And Tamar became pregnant.	Genesis
Matthew 5:27	(title) Jesus talks about relationships with a husband or wife. (paragraph) You(people) heard [that our(Jesus's) people/ancestors were told _distantPast by the religious _implicit laws/Law _implicitActiveAgent, ["You(person) (imp) do not do sex a person [that you(person) are not married to]"]]. (footnote) You(people) (imp) see Exodus 20:14.	Matthew
Genesis 27:23	So Isaac did not know [that this son was Jacob] [because the hands of Jacob were covered with the hair of the 2 goats]. So Isaac decided [to bless Jacob [who Isaac thought [was Esau]]].	Genesis
Daniel 8:5	[While I(Daniel) was thinking about this male sheep] a goat came from the west region. That goat went across the whole earth very quickly. That goat's feet did not touch the ground. The goat had a very big horn between the eyes of the goat.	Daniel
Genesis 14:14	-Title Abram saves Lot. [When Abram learned [that those 4 kings captured Lot]] Abram called the 318 men [who had worked for Abram for many years]. The parents of these men had worked for Abram. Abram had taught these men [how to fight].  Then Abram and these men chased the four kings and the armies of the four kings to the region named Dan.	Genesis
1 Samuel 5:2	Then the Philistines carried the Ark-of-the-Covenant into the temple of the Philistines’ god named Dagon. And the Philistines put the Ark-of-the-Covenant next to the idol of Dagon.	1_Samuel
Nehemiah 7:19	2067 men [that were from Bigvai] returned.	Nehemiah
Acts 21:28	Then those Jews shouted, ["People [who are from Israel], You(Jews) help (imp) us(Jews). This man is the man [who travels to all places]. Then this man causes [many people to be angry at us(Jews)]. And this man tells people [not to obey the law of Moses.] And this man causes [people to break laws [that are about the temple]]. And now this man led some Greek people   into the temple. So this man has broken laws [that are about the temple].	Acts
2 Samuel 22:44	You(Yahweh) saved me(David) [when people attacked me(David)].    You(Yahweh) let [me(David) continue being the leader of nations]. People [that I(David) did not know] serve me(David) now.	2_Samuel
Daniel 5:13	Then some people brought Daniel to the king. The king said to Daniel, ["Are you(Daniel) Daniel]? Are you(Daniel) one of the men [that my(king's) father brought from Judah]?	Daniel
Genesis 31:25	-Title Laban searches for the Idols of Laban. Later 1 day Laban found Jacob. Jacob had set-up the tents of Jacob at a place [that was in the mountains [that are in Gilead]]. So Laban and Laban's relatives set-up Laban's tents near Jacob.	Genesis
2 Samuel 12:11	Yahweh says, ["I(Yahweh) will cause [a person [that is in your(David's) family] to  make many  problems for  you(David)]]. I(Yahweh) will take away your(David's) wives from you(David). And I(Yahweh) will give those wives to a man [that is your(David's) relative]. That man will sex your(David's) wives in front of  the Israelites. All of the people [who are living in Israel] will know [that that man sexed your(David's) wives].	2_Samuel
Acts 19:26	And you(men) have heard about the things [that this man named Paul is doing]. And you(craftsmen) have heard [that Paul said [that gods [which people make] are not really gods.]] And you(craftsmen) have seen [that Paul has persuaded [many people [who live in Ephesus] and people [who live in other places in the province named Asia] to stop buying idols [that we(men) make].]	Acts
Philemon 1:18	[If Onesimus did a bad thing to you(Philemon)] I(Paul) will pay money to you(Philemon).  [If Onesimus owes money to you(Philemon)] I(Paul) will pay that money to you(Philemon).	Philemon
Matthew 24:7	Nations will fight-A each-other(nations). And countries/kingdoms-A will fight each-other(countries). The land will not produce enough food [so that many people will die/starve] in many places. And the ground will shake violently in different places.	Matthew
Genesis 31:4	So Jacob told Rachel and Leah [to meet Jacob in the field [that the animals of Jacob were in]].	Genesis
Mark 13:36	[If that master comes suddenly,] you(followers) should not be sleeping. (implicit-situational) A person [who is sleeping] is not ready .	Mark
Matthew 21:11	_paragraph The crowd answered, ["This man is Jesus]. Jesus is the prophet [who comes from Nazareth of Galilee _NormanGenitive]."	Matthew
Genesis 9:25	Then Noah said, ["I(Noah) pray [that God will curse Canaan]]! I(Noah) pray [that Canaan will be a slave for Canaan's brothers]."	Genesis
Joshua 1:3	I(Yahweh) promised Moses [that I(Yahweh) would give this land to you(people)]. So I(Yahweh) will give all of the land [that you(people) walk on] to you(people).	Joshua
Genesis 31:28	But you(Jacob) did not allow [me(Laban) to goodbye my(Laban's) grandchildren and my(Laban's) daughters]. You(Jacob) were very foolish!	Genesis
Nehemiah 4:18	Each man [that was building the wall] had a sword. But the man [who blew the trumpet [in order to warn (implicit-info) people about the enemy]] stayed with me(Nehemiah).	Nehemiah
Genesis 34:2	But [While (implicit-subaction) Dinah was walking to those women] a man named Shechem saw Dinah. Then Shechem grabbed Dinah.  And Shechem forced Dinah [to sex Shechem]. Shechem was the son of Hamor [who was the ruler of the Hivites].	Genesis
Genesis 11:28	[While Haran's father named Terah was still living] Haran died in Ur [which is in Babylonia]. Haran was born in that same city.	Genesis
Matthew 26:57	(title) Jesus is in front of the Sanhedrin of the court _implicitExplainName. _paragraph The people [who take-away/arrest Jesus] took Jesus to Caiaphas of the house _metonymy [who was the chiefest priest]. The people [who teach the religious laws] and the old leaders met-C at that place.	Matthew
Genesis 23:10	Ephron was sitting with other Hittites at the gate of the city. Then Ephron came to Abraham.	Genesis
Genesis 40:17	There were many kinds of bread in those baskets. That bread was for the king.  But birds were eating that bread."	Genesis
1 Samuel 11:7	So Saul brought Saul's 2 oxen. And Saul cut those oxen into pieces. Then Saul ordered [messengers to carry those pieces throughout Israel].  And Saul commanded [those messengers to say to the people, ["Saul will cut your(people's) oxen into pieces [if you(people) do not follow Saul and Samuel]]]." Then the people became very afraid of Yahweh. And all of the people came to Saul.	1_Samuel
Matthew 22:36	["Master/Teacher, which command/commandment [that is in the religious laws] is the most important command/commandment?"]	Matthew
Matthew 15:28	_paragraph (complex) Then Jesus said to that woman, ["Woman, you(woman) have much faith in me(Jesus) _implicit !] (simple) Then Jesus said to that woman, ["Woman, you(woman) believe much in me(Jesus) _implicit !] I(Jesus) will do the thing [that you(woman) asked [me(Jesus) to do]]." And that woman's daughter was immediately healed by Jesus _implicitActiveAgent.	Matthew
Matthew 6:25	(title) Jesus tells people [to not worry]. (paragraph) So I(Jesus) tell you(people) [to not worry about your(people's) lives]. You(people) (imp) do not worry [you(people) might not have enough food or drink]. And you(people) (imp) do not worry about the things [that your(people's) body needs]. You(people) (imp) do not worry about the clothes [that you(people) will wear]. (yesrhetorical) Is life-B more important than food ? (statement) Life-B is more important than food . (yesrhetorical) Is the body _frameInferable more important than clothes ? (statement) The body _frameInferable is more important than clothes.	Matthew
Matthew 22:21	_paragraph Those people answered, ["Caesar's picture and Caesar's name are _implicitNecessary on that coin/denarius _implicitNecessary"]. _paragraph Then Jesus said to those people, ["You(Jews) (imp) give to Caesar the things-A [that belong to Caesar]]. And you(Jews) (imp) give to God the things-A [that belong to God]."	Matthew
2 Samuel 12:31	David also forced [the people [who were living in that city] to work for David]. David made [those people work with saws, axes, and with other tools]. David also forced [those people to make bricks]. David forced[the people [who were living in all of the Ammonites' towns] to work for David]. Then David and David's army returned to Jerusalem.	2_Samuel
Joshua 22:21	The people [who were in the tribes named Reuben, Gad, and Manasseh] answered the leaders of Israel.	Joshua
Ruth 1:13	I(Naomi) am very sad  [because Yahweh caused [me(Naomi) to be sad]]."  [if you(daughters in law) come with me(Naomi)] you(daughters in law) also will be very sad.	Ruth
2 Samuel 1:8	Then Saul asked me(man), ["Who are you(man)?"] So I(man) said to Saul, ["I(man) am an Amalekite."]	2_Samuel
Matthew 24:16	In those days the people [who are in Judea] must run-away to the mountains [(implicit-situational) in-order-to hide].	Matthew
Genesis 35:9	-Title God names Jacob Israel. [After Jacob returned from northwest Mesopotamia to Bethel] God appeared to Jacob again. and God blessed Jacob.	Genesis
Acts 16:25	About midnight Paul and Silas were praying. And Paul and Silas were singing songs to God. And the other people [who were in that prison] were listening [to Paul and Silas sing].	Acts
Mark 13:6	For _implicit many people will come with my(Jesus's) name _InstrumentArg of the authority _implicitType. (dynamic) For _implicit many people will say [those people came with my(Jesus's) name of the authority _implicitType]. And those people will say, ["I(person) am the Christ _implicitNecessary"]. And those people will deceive many people.	Mark
Mark 9:40	For a person [who does not oppose us(Jesus) _incl] supports _implicitNecessary us(Jesus) _incl.	Mark
Matthew 22:23	(title) Some Sadducees ask Jesus about the time [that dead people will become alive again at]. _paragraph On that day some Sadducees came to Jesus [in order to ask Jesus a question]. (comment-begin) Sadducees _genericDifferentNounIndex believed [people [who die] will not become alive again]. (comment-end)	Matthew
Matthew 2:6	(paragraph) ["(literal) But Bethlehem of people _metonymy [which is in the land of Judah], you(Bethlehem) are not least important among the rulers of Judah]. ["(dynamic) But Bethlehem of people _metonymy [which is in the land of Judah], you(Bethlehem) are very important among the rulers of Judah]. For a ruler [who will shepherd my(God's) people named Israel _nation ] will come from you(Bethlehem)."" (footnote) That person/prophet was Micah. You(people) (imp) see Micah 5:1.	Matthew
Matthew 22:46	The people [who (implicit-situational) were listening to Jesus] were not able [to answer Jesus's question]. And after that day people [who (implicit-situational) wanted [to trick Jesus [by asking Jesus questions]]] stopped asking Jesus questions [because those people were afraid of Jesus's answers _implicit].	Matthew
Nehemiah 4:21	So we(Nehemiah) continued building the wall. Half of the men held spears. We(Nehemiah) worked from the time [when the sun rose] until the time [when the stars appeared].	Nehemiah
Nehemiah 10:39	The people of Israel and the people [who are in the tribe named Levi] will bring those gifts to the rooms/storerooms. Those gifts include grain, new wine, and oil-olive. Those people will store those things in the rooms [that the things/vessels [that the priests use [in order to serve/worship God]] are in]. The priests [who serve God], the people [who guard the gates], and the people [who sing] use certain things. And those things are stored in those rooms.  We(people) will take care of the house of our(people's) God."	Nehemiah
Ruth 4:5	Then Boaz said, ["On the day [that you(man) buy the land from Naomi on] you(man) must also marry Ruth [who is from Moab]]. Ruth was Elimelech's son's wife.  But Elimelech's son is dead.  You(man) will protect the dead man's name and the dead man's property [by marrying Ruth]. [When you(man) and Ruth have children for Elimelech] (implicit-info) Elimelech's family will continue owning that land."	Ruth
Mark 1:34	Then Jesus caused [many people [who had different kinds of diseases] to become healthy]. And Jesus forced [many evil spirits/demons to leave people _implicit]. But Jesus did not allow [the evil spirits/demons to speak] [because those evil spirits/demons knew Jesus] .	Mark
2 Samuel 22:27	You(Yahweh) do good things for people [who do good things] . But you(Yahweh) treat people [who do bad things] badly.	2_Samuel
Daniel 7:24	The 10 horns are like 10 kings [who will come from the fourth kingdom]. [After those 10 kings come] another king will come. That king will be different from the other kings. And that king will defeat three of the other kings.	Daniel
2 Samuel 9:11	Then Ziba said to King David, ["I(Ziba) am your(David's) servant]. I(Ziba) will do all of the things [that you(David) commanded [me(Ziba) to  do]]."So Mephibosheth ate with David [like the king's sons ate with David].	2_Samuel
Esther 3:15	The king commanded [the messengers to take the letters to the provinces quickly]. The king's officials also showed the letter to the people [that lived in Susa]. Then the king and Haman rested. And the king and Haman drank wine. But the people [that lived in Susa] were confused.	Esther
Mark 10:52	(paragraph) Then Jesus said to that man, ["You(man) (imp) go]. (complex) You(man's) are healed by me(Jesus) _implicitActiveAgent because of your(man's) faith. (simple) You(man) are healed by me(Jesus) _implicitActiveAgent [because you(man) believed in me(Jesus) _implicit]." Immediately Bartimaeus was able [to see again]. And that man followed-A Jesus on-D the road.	Mark
Genesis 6:20	I(God) will cause [these animals to come to you(Noah)] [so that these animals will live].  For all kinds of birds 2 birds will come to you(Noah).  And for all kinds of animals [that the animals live on the ground] 2 animals will come to you(Noah).	Genesis
Joshua 18:11	(title) Yahweh gives land to the tribe named Benjamin. Yahweh gave the first region to the tribe named Benjamin. Each group of families [that were in that tribe] received land. Yahweh gave the land [that was between the tribe named Judah's land and Joseph's descendants' land] to the tribe named Benjamin.	Joshua
Mark 6:4	(paragraph) Jesus said to those people, ["A prophet is honored by people _implicitActiveAgent in other places _implicit ]. But the people [who live in the place [that that prophet be-T from]], the people [who are that prophet's relatives], and the people [who are in that prophet's family] do not honor that prophet."	Mark
Mark 1:5	All _hyperbolic of the people [who lived in Judea named region _implicit] and all _hyperbolic of the people [who lived in Jerusalem named city _implicit] went to John. Those people (implicit-situational) wanted to hear the things [that John was saying]. Those people admitted/confessed [those people did bad _morally actions]. Then those people were dipped/baptized by John in the river-Jordan.	Mark
Acts 2:7	And on the fifth day God made all of the creatures [that are in the sea and in the air]. And on the sixth day God made all of the creatures [that walk on the ground].  And then God made us(people) [in order to live in a beautiful garden]. But Adam and Eve did not obey God. Adam and Eve ate the fruit [that God told [Adam and Eve to not eat]].	Acts
1 Samuel 13:5	So the Philistines prepared [to fight the Israelites].  The Philistines had 3000 chariots, 6000 men [who rode in the chariots], and many soldiers. People were not able [to count all of the Philistines' soldiers]. The Philistines went to Mikmash [which was on the eastern side of Beth-Aven]. And the Philistines camped at that place.	1_Samuel
Nehemiah 7:69	And those people brought 435 camels and 6720 donkeys.	Nehemiah
2 Samuel 21:10	Rizpah [who was Aiah's daughter] put sackcloth on a rock.  Rizpah protected those bodies from the time [when people started harvesting barley] until the time [when the weather was rain].  During the days Rizpah did not allow [the birds to touch the bodies of Rizpah's sons]. And during the nights Rizpah did not allow [the wild animals to touch those bodies].	2_Samuel
Matthew 10:34	_paragraph You(followers) (imp) do not think [that I(Jesus) came to the earth _implicit [in-order-to bring peace]]. I(Jesus) did not come [in-order-to bring peace]. (literal) Instead, I(Jesus) came [in order to bring a sword]. (dynamic) Instead, I(Jesus) came [in-order-to cause [people to oppose each-other(people)]].	Matthew
Nehemiah 11:3	The following leaders of the people [who lived in the land/provinces] moved to Jerusalem. _( Some Israelites, priests, people [who were in the tribe named Levi], people [who served God _implicit in the temple], and people/descendants of the servants of Solomon lived in the towns [that were in Judah]. Those people lived in the property [that those people owned].	Nehemiah
Mark 16:5	[When those women entered that hole/tomb,] those women saw a young man [who was sitting at the right side of that hole/tomb _implicit] [and who was wearing a white coat/robe]. And those women were very afraid.	Mark
Nahum 3:15	But [when the soldiers attack you(people),] those soldiers will burn you(people) with fire. And those soldiers will kill you(people) with swords. And those soldiers will destroy you(people) [like locusts destroy crops]. [Even if you(people) have many children,] you(people) will not escape from the enemy!	Nahum
Matthew 4:23	(title) Jesus teaches/preach the message _implicit [that is about God] in Galilee. (paragraph) Jesus traveled throughout Galilee. And Jesus was teaching in the Jewish churches of the people. (complex) Jesus was teaching/preach the Good-News of the kingdom-B . (simple) Jesus was teaching/preach the Good-News [that says [that God rules people _implicit]]. And Jesus was also healing people [who had all kinds of diseases] .	Matthew
Matthew 23:25	_paragraph People [who teach the religious laws] and Pharisees, people [who pretend [to be good/righteous]], you(scribes) will much suffer! (literal) You(scribes) clean the outside of the cup and the outside of the bowl. (dynamic) You(scribes) do good _morally actions in front of people _generic [so that people _generic would think [you(scribes) are good/righteous [just-like a cup or a bowl seems clean [after a person cleans the outside of a cup or a bowl]]]]. (literal) But the cup and the bowl are full of bad things-D [just-like people [who want many things] [and who are very selfish] are evil]. (dynamic) But your(scribes') hearts-A are-U like the inside of a dirty cup or dirty bowl [because you(scribes) want many things] [and because you(scribes) are very selfish].	Matthew
Genesis 16:1	-Title Ishmael is born.  Abram's wife named Sarai did not have children. but Sarai had a female slave from Egypt named Hagar.	Genesis
1 Samuel 16:10	Jesse told [7 of Jesse's sons to walk in-front-of Samuel]. But Samuel said to Jesse, ["Yahweh did not choose these men]."	1_Samuel
Mark 5:1	(title) Jesus forces [evil spirits/demons to leave a man]. (paragraph) Jesus and Jesus's disciples arrived at the lake's other side [_descriptive which was in the region [where the Gerasenes named the people _implicitType lived ]].	Mark
Genesis 46:5	The next morning Jacob's sons helped [Jacob, the son's children, and the son's wives to sit in the wagons [that the king of Egypt sent]]. Then Jacob and Jacob's family left Beersheba.	Genesis
2 Samuel 4:10	Previously a man said to me(David), [“Saul is dead.”]  That man thought [that that man was telling good news to me(David)].  But I(David) grabbed that man.  And I(David) commanded [a soldier to kill that man] at Ziklag. I(David) punished that man [because that man killed Saul].	2_Samuel
Mark 15:10	For Pilate knew the reason [that the chief priests gave Jesus to Pilate _implicit for]. Those priests were upset/jealous of Jesus.	Mark
Matthew 8:6	That officer said, ["Master/Lord-C, my(officer's) servant is lying in a bed _implicit in the house _frameInferable [because that servant is paralyzed]]. And that servant is suffering much."	Matthew
Mark 9:47	And [if your(follower's) eye causes [you(follower) to do bad _morally actions],] you(follower) (imp) take-out that eye. (complex) [You(follower) enter the kingdom-B of God [because you(follower) take-out that eye]] will be good. (simple) [ You(follower) enter the place [where God rules people _implicit] [by take-out that eye]] will be good. But [you(follower) are thrown-B into hell-A by God _implicitActiveAgent [because you(follower) did not take-out that eye]] will be extremely bad .	Mark
1 Samuel 5:9	But [after those people took the Ark-of-the-Covenant to Gath] Yahweh started punishing the people [who were living in that city also]. Yahweh caused [those people to become very afraid]. And God caused [the old people and the young people [who were living in Gath] to have many problems]. Yahweh caused [large sores/tumors to appear on those people also].	1_Samuel
Esther 1:8	The king commanded [the servants to give a lot of wine to each person]. So each person drank a lot of wine.	Esther
Genesis 31:13	I(God) am the God [who appeared to you(Jacob) at Bethel [when you(Jacob) poured oil of olives on the pillar]]. At that time you(Jacob) promised me(God) [that I(God) would be your(Jacob's) God]. Now I(God) want [you(Jacob) to leave this place]. You(Jacob) (imp) return to the land [that you(Jacob) were born in].””	Genesis
Matthew 28:11	(title) The guards tell the old leaders and the chief priests [Jesus's hole/tomb is empty]. _paragraph [While those women were going to the followers/disciples _implicit,] some of the soldiers [who were guarding-B Jesus's hole/tomb _implicit] went into the city of Jerusalem _implicit. And those guards told the chief priests about all the things-B [that happened].	Matthew
Nehemiah 13:4	Before that day the priest named Eliashib took care of the rooms [where the priests and the people [that were in the tribe named Levi] stored things in the house of our(Nehemiah's) God]. Eliashib was Tobiah’s friend.	Nehemiah
Joshua 8:29	Then Joshua hung the king of Ai in a tree.  The king's body hung in that tree until the evening. [When the sun started setting] Joshua told [Joshua's soldiers to take the king's body from the tree]. And Joshua told [the soldiers to throw the king's body down near the city gate]. Then the soldiers put a pile of stones on the king's body. Those stones are still at that place today.	Joshua
Joshua 15:3	Then the border went to Scorpion-Pass and desert-Zin. Then the border went to Kadesh-Barnea. Then the border went to Hezron, Addar, and Karka.	Joshua
Acts 15:16	['I(God) will return later. I(God) will build again David's house [that people ruined]. I will build those parts of his house again [that people have been pulled down]. And I will cause [his house to be good again].	Acts
Daniel 2:49	Then Daniel asked [the king to reward Shadrach, Meshach, and Abednego]. So the king allowed [Shadrach, Meshach, and Abednego to govern the people [that lived in Babylon]]. Then Daniel lived at the king's palace.	Daniel
Nehemiah 3:23	A man named Benjamin and a man named Hasshub repaired the wall [that was in-front-of the houses of Benjamin and Hasshub]. A man named Azariah repaired the next part of the wall [that was beside Azariah's house]. Azariah was a son of Maaseiah [who was a son of Ananiah].	Nehemiah
Matthew 20:10	Therefore the people/workers [who were first employed by the man _implicitActiveAgentFrameInferable ] thought [those people/workers will receive more money than 1 denarius]. But [when those people/workers came to the man _implicitFrameInferable,] those people/workers also received 1 denarius.	Matthew
Matthew 2:8	And Herod sent the wise men to Bethlehem. And Herod said to those wise men _implicit, ["You(men) (imp) go]. And you(men) (imp) carefully search the child [who (implicit-situational) will be the king of the Jews]. [After you(men) find that child _implicitNecessary,] you(men) (imp) immediately come. And you(men) (imp) tell me(Herod) the place _implicit [that that child is at] [so that I(Herod) could also go to that place [in-order-to honor/worship that child]] ."	Matthew
Joshua 21:41	So the Israelites gave 48 towns to the tribe named Levi. And the Israelites also gave the fields [that were near those towns] to the tribe named Levi.	Joshua
1 Samuel 14:3	A man named Ahijah was with Saul. Ahijah was the son of Ahitub [who was Ichabod’s brother]. And Ahitub was the son of Phinehas. And Phinehas was the son of Eli. Eli was Yahweh’s priest [who lived in Shiloh]. Ahijah was wearing the special clothes [that the priest wore].  The people did not know [that Jonathan left the Israelites’ camp].	1_Samuel
1 Samuel 25:14	But one of Nabal’s servants talked to Abigail [who was Nabal’s wife]. That servant said, ["David sent messengers [who came from the desert]]. Those messengers greeted our(servant's) master. But Nabal insulted those messengers.	1_Samuel
Acts 1:26	Then the apostles used lots [in order to choose one of these two men].  The lots showed the apostles [that the Lord chose Matthias].  So Matthias became an apostle.  Then Matthias began working with the other 11 apostles.	Acts
1 Samuel 2:33	I(Yahweh) will allow [only one of your(Eli's) descendants to continue being a priest at my(Yahweh's) altar]. And that man will cry much.  And that man will be very sad. But people will kill all of your(Eli's) other descendants with swords.	1_Samuel
Genesis 31:51	Laban also said to Jacob, ["This pile of stones is at this place]. And this pillar [that I(Laban) put between you(Jacob) and me(Laban)] is at this place.	Genesis
Nehemiah 12:27	The people (title) give/dedicate the wall of Jerusalem to God. [When the people gave/dedicated the wall of Jerusalem to God_implicit] the people [who were in the tribe named Levi] were called by the people _implicit from the places [where those people/Levites lived]. And those people/Levites were brought by those people to Jerusalem [in order to celebrate that day happily/joyfully]. Those people wanted [those people/Levites to sing songs [that thanked God]]. And those people wanted [those people/Levites to play cymbals, harps, and lyres].	Nehemiah
Genesis 48:1	-Title Jacob blesses Manasseh and Ephraim. Later Joseph heard [that Joseph's father was very sick]. so Joseph took Joseph's 2 sons named Manasseh and named Ephraim to Joseph's father.	Genesis
Genesis 47:8	Then the king asked Jacob, ["How old are you(Jacob)?"]	Genesis
Joshua 2:16	[Before those 2 men left] Rahab said to those 2 men, ["You(men) (imp) go to the hills]. The king's soldiers will not find you(men) in the hills. You(men) (imp) hide in the hills for 3 days. [After the king's soldiers return to this city] you(men) may leave."	Joshua
Genesis 12:3	I(Yahweh) will bless people [who bless you(Abram)]. and I(Yahweh) will curse people [who curse you(Abram)]. And all the people [who live on the earth] will be blessed by me(Yahweh) through you(Abram).	Genesis
Genesis 41:17	Then the king said to Joseph, ["I(king) was standing near the river named Nile].	Genesis
Genesis 16:6	But Abram said to Sarai, ["You(Sarai) are Hagar's master]. [If you(Sarai) want [to punish Hagar]] you(Sarai) (imp) punish Hagar." Then Sarai began to act badly to Hagar. So Hagar ran from Sarai.	Genesis
1 Samuel 23:20	You(Saul) are our(people's) king. So you(Saul) may come to our(people's) region. Then we(people) will show you(Saul) the cave [that David is in]. We(people) will help you(Saul) [capture David]."	1_Samuel
Genesis 27:38	But Esau said, ["Father, please you(Isaac) (imp) bless me(Esau) also!"] Then Esau began to cry.	Genesis
1 Samuel 16:6	[When Jesse’s sons arrived at the altar] Samuel saw Eliab.  And Samuel thought, ["This man is certainly the man [that Yahweh chose [to become the new king]]]."	1_Samuel
Genesis 30:5	Then Bilhah became pregnant. and Bilhah birthed a son for Jacob.	Genesis
Genesis 43:17	The servant obeyed Joseph. Thus the brothers entered Joseph's house.	Genesis
2 Samuel 24:5	[After Joab and the officers went across the Jordan River] Joab and those officers camped near Aroer. Joab and those officers camped on the southern side of that town in a valley. Then Joab and those officers went to Gad and to Jazer.	2_Samuel
Matthew 19:2	Big crowds followed-A Jesus. And Jesus healed among those crowds _implicit the people [who (implicit-situational) were sick] there.	Matthew
Mark 4:21	(title) Jesus tells a parable [that is about a lamp]. (paragraph) Jesus (norhetorical) asked the people, [" Do you(people) put a lamp under a bowl or a bed [after you(people) bring that lamp into a room _implicit]?] Jesus (statement) said to the people ["You(people) do not put a lamp under a bowl or a bed [after you(people) bring that lamp into a room _implicit]]. (yesrhetorical) Or do you(people) put that lamp on a table/lampstand [(implicit-situational) so that the light [that comes from that lamp] will shine on the whole room]? (statement) Instead, you(people) put that lamp on a table/lampstand [(implicit-situational) so that the light [that comes from that lamp] will shine on the whole room].	Mark
Matthew 12:2	[When the Pharisees saw [the followers/disciples eat the grains,]] the Pharisees said to Jesus, ["You(Jesus) (imp) look!] Your(Jesus's) followers/disciples are doing a thing [that the religious laws _implicitNecessary do not allow [people to do on the Sabbath]]."	Matthew
2 Samuel 19:18	Those people went across the Jordan River [in order to bring the king’s family to Judah]. Those people wanted[to please the king]. [When Shimei [who was Gera’s son] came to David] Shimei bowed to the king.	2_Samuel
Genesis 45:1	(title) Joseph tells Joseph's brothers that [Joseph is Joseph]. Then Joseph was not able [to prevent [Joseph from crying in front of all of Joseph's servants]]. So Joseph cry-out to Joseph's servants, ["You(servants) (imp) leave this room!]" So [when Joseph started speaking to Joseph's brothers] no people were with Joseph.	Genesis
1 Samuel 9:9	(Previously [when a person [who lived in Israel] wanted [to ask God a question]], that person said, ["I(person) will go to the man [who sees].]" Today people call that person "a man [who tells God's messages to people]". But previously people called that man "a man [who sees]".)	1_Samuel
Genesis 18:20	Then Yahweh said to Abraham, ["I(Yahweh) heard [many people complaining about the people [who live in Sodom and in Gomorrah]]]. Those people [who live in Sodom and in Gomorrah] are very evil.	Genesis
Mark 1:38	(paragraph) But Jesus said, ["You(Simon) (imp) let [us(Jesus) _inclgo to other _implicit towns [that are near this place]] [so that I(Jesus) could teach/preach God's message _implicit in those towns also]]. I(Jesus) came for-B this reason."	Mark
1 Samuel 11:15	So all of the people went to Gilgal. And the people chose/appointed [Saul to be the king of Israel] again in-front-of Yahweh. The people gave gifts/offerings to Yahweh. And Saul and all of the Israelites celebrated.	1_Samuel
Acts 18:24	Apollos(Title) visited people [who believe in Jesus] [and who live in Ephesus and Corinth]. At that time, a Jew named Apollos [who was from the city named Alexandria] came to the city named Ephesus. Apollos was educated. And Apollos knew about many things [that are in the Scriptures].	Acts
Genesis 30:38	Then Jacob put those branches in-front-of the animals [when the animals came to the wells]. [When the animals came to the wells [in-order-to the animals drink water]] the animals also sexed each-other(animals).	Genesis
1 Samuel 22:22	Then David said to Abiathar, ["Doeg [who is from Edom] was at Nob on that day]. On that day I(David) knew [that Doeg will tell Saul [that I(David) met with Ahimelek]]. So I(David) am responsible for [your(Abiathar's) family being killed by Doeg].	1_Samuel
2 Samuel 16:21	Ahithophel answered, ["Your(Absalom's) father left several female slaves/concubines in Jerusalem [so that the female slaves could take care of the palace]].  You(Absalom) (imp) sex those slaves. Then all of the people [who are living in Israel] will know [that you(Absalom's) are your(Absalom's) father’s enemy]. Then the people [who are helping you(Absalom)] will happily follow you(Absalom)."	2_Samuel
Matthew 18:1	(title) Jesus talks about the greatest follower/disciple. _paragraph At-that-time the followers/disciples came to Jesus. (complex) And those followers/disciples asked, ["Then-D who is the greatest person in the kingdom-B of heaven?"] (simple) And those followers/disciples asked, ["Then-D who is the greatest follower/disciple?"]	Matthew
1 Samuel 15:31	So Samuel went with Saul.  And Saul worshiped Yahweh.	1_Samuel
Genesis 21:20	God cared for the boy [while the boy grew]. Ishmael lived in the desert. Ishmael was able [to skillfully shoot animals with arrows].	Genesis
Mark 11:17	(yesrhetorical) [While Jesus was teaching about the temple _implicit to the people _frameInferable ,] Jesus asked the people _frameInferable, [" Do the Scriptures say, ["My(God's) house will be called by people _implicitActiveAgent a house [where people [that be-T from all countries] may pray to me(God) _implicit]"]?] (statement) [While Jesus was teaching about the temple _implicit to the people _frameInferable,] Jesus said to the people _frameInferable, [" The Scriptures say, ["My(God's) house will be called by people _implicitActiveAgent a house [where people [that be-T from all countries] may pray to me(God) _implicit]"]]. But you(people) caused [this house to become like a hole/cave [where people [who steal things] gather ]]." (footnote) You(people) (imp) see Isaiah 56:7 and Jeremiah 7:11.	Mark
Daniel 12:4	Daniel, you(Daniel) (imp) stop writing about these things. You(Daniel) (imp) close the book until the end of time. Many people will try [to learn many things]."	Daniel
Matthew 27:28	Then the soldiers take-off Jesus's clothes. And the soldiers put a red coat/robe [(implicit-situational) that be-U like a king's _generic coat/robe] on Jesus.	Matthew
Mark 13:12	(paragraph) A person will give a person's brother [(implicit-situational) who follows-B me(Jesus)] to that brother's enemies [so that that brother's enemies will kill that brother]. And a father will give a father's child [(implicit-situational) who follows-B me(Jesus)] to that child's enemies [so that that child's enemies will kill that child]. Children will oppose children's parents [(implicit-situational) who follow-B me(Jesus)]. And those children will cause [those children's parents to be killed by those parents' enemies _implicitActiveAgent].	Mark
Genesis 47:25	The people said to Joseph, ["You(Joseph) saved us(people)]. We(people) will become slaves of the king [just-like you(Joseph) commanded]."	Genesis
2 Samuel 14:30	Then Absalom said to Absalom's servants, ["Joab's field is near my(Absalom's) field]. Joab is growing barley in Joab's field. (imp) You(servants) go to Joab's field. And (imp) you(servants) burn that barley." So Absalom's servants burned Joab's barley.	2_Samuel
Genesis 32:15	Jacob also gathered 30 female camels, the babies of those camels, 40 cows, 10 bull, 20 female donkeys, and 10 male donkeys.	Genesis
Matthew 6:17	But [when you(person) fast,] you(person) (imp) put oil on your(person’s) head. And you(people) (imp) wash your(person’s) face.	Matthew
Genesis 16:10	Yahweh also said, ["I(Yahweh) will cause [you(Hagar) to have many descendants]]. You(Hagar) will not be able [to count your(Hagar's) descendants!]"	Genesis
Genesis 50:10	[After Joseph went across the Jordan river] Joseph and the people [who were with Joseph] cried loudly.  These people cried at the place [where Atad threshed grain].  Joseph stayed at that place for 7 days.  [While Joseph stayed at that place] Joseph and the people [who were with Joseph] mourned Jacob.	Genesis
Matthew 26:71	_paragraph Then Peter went to the entrance of the yard/courtyard _implicit. There another girl [who was a servant] saw Peter. And that girl said to the people [who were there], ["This man was with Jesus [_restrictive who is from Nazareth"]].	Matthew
Genesis 31:7	but your(Rachel's) father cheated me(Jacob).  Your(Rachel's) father promised [to give to me(Jacob) many things]. but your(Rachel's) father changed -iteration 10 times].  But God did not allow [your(Rachels) father to hurt me(Jacob)].	Genesis
Matthew 27:21	_paragraph The ruler/governor asked the crowd _implicit, ["Which of the 2 prisoners do you(people) want [me(Pilate) to free for you(people)]?"] _paragraph The crowd answered, ["Barrabbas"].	Matthew
Genesis 35:10	Then God said to Jacob, ["Your(Jacob) name is Jacob]. but people will not call you(Jacob) Jacob. Your(Jacob's) new name is Israel." Thus God called Jacob Israel.	Genesis
Genesis 32:17	Then Jacob said to the first servant, [My(Jacob's) brother named Esau will ask you(servant), [you(servant) are the servant of who]]? Where are you(servant) going?  These animals belong to who?	Genesis
Joshua 24:30	Then the Israelites buried Joshua’s body in Joshua's land at Timnath-Serah. Timnath-Serah was in the mountains [that the tribe named Ephraim owned]. Timnath-Serah was on the northern side of Mount-Gaash.	Joshua
Acts 16:1	Timothy (title) starts working with Paul and Silas. Paul arrived in a city named Derbe. And then Paul went to a city named Lystra [where a man [who believed in Jesus] lived] [and who was called Timothy]. Timothy's mother was a Jew. And Timothy’s mother believed in Jesus. But Timothy's father was from Greece.	Acts
Genesis 24:43	I(servant) am standing by this spring. I(servant) will wait [for a young woman to come to the spring].  then I(servant) will say to that woman, ["Please you(woman) (imp) give water [that is in your(woman's) jar] to me(servant)"].	Genesis
Mark 12:20	(implicit-situational) You(Jesus) (imp) think about the following story. There were 7 brothers-C. The first brother-A married a woman. But that brother-A died [before that brother-A had-J a child ].	Mark
Joshua 15:12	The western border of Judah's land was the sea-Mediterranean. All of the families [that were in the tribe named Judah] lived in this region.	Joshua
1 Samuel 22:9	Doeg [,who was from Edom] was standing at that place with Saul’s officers. Does said, ["I(Doeg) saw Jesse’s son]. Jesse’s son went to Nob [in order to meet Ahimelek]. Ahimelek is Ahitub’s son.	1_Samuel
Mark 7:22	Or that person might sex a person _otherThingList [who is not the wife or husband of that person]. Or that person might always want more things [even-if that person does not need those things] . Or that person might treat other people cruelly. Or that person might deceive other people. Or that person might not be ashamed [if that person sexes a person _implicitDifferentThingIndex in-front-of other people]. Or that person might want the things [that other people have]. Or that person might say evil things [that are about other people ]. Or that person might be proud-A . Or that person might do stupid/foolish actions [(implicit-situational) that God does not approve].	Mark
Genesis 15:8	But Abram said, ["Yahweh Lord, how will I(Abram) know [that I(Abram) will own this land]?]"	Genesis
1 Samuel 15:33	But Samuel said to Agag, ["You(Agag) killed women's children with your(Agag's) sword]. Now your(Agag's) mother will not have a child."  Then Samuel killed Agag in front of Yahweh at Gilgal.	1_Samuel
Matthew 26:52	_paragraph Jesus said to that man, ["You(man) (imp) return-C your(man's) sword to that sword's place]. (literal) For all the people [who use those people's _implicit sword [in order to (implicit-situational) kill a person]] will also _implicit die because of a sword. (dynamic) For all the people [who kill people] will also _implicit be killed by people _implicitActiveAgent.	Matthew
Mark 3:4	(paragraph) Then Jesus said to those Pharisees, ["(rhetorical) Does the religious _implicit laws/Law allow [people to do good things on the Sabbath] [or people to do evil things on the Sabbath _implicit] ?] ["(statement) The religious _implicit laws/Law allows [people to do good things instead of evil things on the Sabbath]]. (rhetorical) Does the religious _implicit laws/Law allow [people to save-A people on the Sabbath ] [or people to kill people on the Sabbath ]? (statement) The religious _implicit laws/Law allows [people to save-A people [instead of killing people] on the Sabbath ]." But those people did not say a word to Jesus.	Mark
Matthew 22:31	But I(Jesus) will tell-C you(Sadducees) about the time [that dead people will become alive again at]. (yesrhetorical) Did you(Sadducees) read-C the following things [that God said to you(Jews)]? (statement) You(Sadducees) read-C _past the following things [that God said to you(Jews)].	Matthew
Mark 12:21	So the second brother-A married that woman. But that brother-A also _implicit died [before that brother-A had-J a child]. Then the third brother-A did the same thing-B.	Mark
Nehemiah 4:15	Then our(Nehemiah's) enemies heard [that we(Nehemiah) knew about our(Nehemiah's)  enemies’ plans]. And our(Nehemiah's) enemies knew [that God caused [our(Nehemiah's) enemies’ plans to fail]]. So all of us(Nehemiah) returned to the wall.  And all of us(Nehemiah) started building the wall again.	Nehemiah
Mark 5:29	[(implicit-situational) When that woman touched Jesus's clothes,] that woman immediately stopped bleeding. And that woman knew [that woman's body was healed by Jesus _implicitActiveAgent from that woman's disease.]	Mark
Matthew 24:50	The master-A of that servant-A will come on a day [that that servant does not expect [that master to come] on]. The master of that servant will come at an hour [that that servant does not know].	Matthew
Nehemiah 10:11	Mika, Rehob, Hashabiah,	Nehemiah
Genesis 11:26	[When Terah was 70 years old] Terah had three sons.  Terah named these sons Abram, Nahor, and Haran.	Genesis
Matthew 16:2	_paragraph Jesus said to those Pharisees _implicit and those Sadducees _implicit, ["[When the time is evening,] you(Pharisees) say, ["The weather will be good-A tomorrow _implicit]]. For the sky is red."	Matthew
2 Samuel 19:32	Barzillai was very old. Barzillai was 80 years old. Barzillai took care of the king [while David was staying at Mahanaim]. Barzillai was very rich.	2_Samuel
Matthew 4:5	(paragraph) Then the devil took Jesus to the special/holy city, [ _descriptive (implicit-background) which is Jerusalem]. And the devil caused [Jesus to stand on the temple’s highest part].	Matthew
Mark 2:16	Some scribes (implicit-situational) were also there. The scribes [who were Pharisees] saw [Jesus eating food with people [who do bad _morally actions] and people [who collect taxes]]. And those people/scribes said to the people [who follow _routinely Jesus], ["Why (rhetorical) does Jesus eat food _implicit with people [who collect taxes] and people [who do bad _morally actions]?"] ["Jesus (statement) should not eat food _implicit with people [who collect taxes] and people [who do bad _morally actions]!"]	Mark
Mark 10:6	But [when God first made/create all things,] God made male people and female people. (footnote) You(people) (imp) see Genesis 1:27 and Genesis 5:2.	Mark
Titus 1:3	God caused [people to know God's message] at the time [that God chose]. People know that message [because those people hear that message]. God gave that message to me(Paul). And God  [who saves us(Paul) from bad things and death] commanded me(Paul) [to tell that message to people].	Titus
1 Samuel 13:22	So [when the Israelites started fighting the Philistines,] the soldiers [who were with Saul and Jonathan] did not have swords or spears. Only Saul and Saul's son named Jonathan had swords and spears.	1_Samuel
Nehemiah 8:15	The people also learned [that those people should tell all of the people of Israel [who lived in towns and in Jerusalem] about this law]. Those people must say to the other people, ["You(people) (imp) go to the hills]. And you(people) (imp) get the branches of tree-olive [that people planted] and the branches of wild tree-olive.  And you(people) (imp) get the branches of tree-myrtle, tree-palm, and tree-fig. You(people) (alt) (imp) get the branches of beautiful trees and the branches of trees [that have fruit]. Then you(people) (imp) use those branches [in order to build small shelters]."	Nehemiah
1 Samuel 14:11	So Jonathan and the young soldier [that carried Jonathan’s shield] let [the Philistines see Jonathan and the young soldier [that carried Jonathan’s shield]]. Then the Philistines said, ["You(soldiers) (imp) Look!] The Israelites are coming out from the holes [that the Israelites were hiding in]."	1_Samuel
Acts 15:9	God treats people [who are not Jews] just like God treats us(Jews). [When the people [who are not Jews] believed in Jesus,] God caused [the hearts of those people [who are not Jews] to become pure]. God (alt) took away the punishment for the sins of those people [who are not Jews] [and who believe in Jesus].	Acts
Joshua 2:2	But a certain person told the king of Jericho about those 2 men/spies.  That person said to the king, [“Some of the Israelites came to Jericho tonight]. Those men are looking at our(people’s) land.”	Joshua
Genesis 39:9	I(Joseph) am the most important person in this house. My(Joseph's) master allows [me(Joseph) to do all things in this house]. But my(Joseph's) master does not allow [me(Joseph) to be with you(wife)] [because you(wife) are my(Joseph's) master's wife]. So why should I(Joseph) do this wicked thing? So I(Joseph) will not do this wicked thing.Why should I(Joseph) sin against God?    And I(Joseph) will not sin against God."	Genesis
Daniel 9:14	So you(Lord) remembered the promise. And you(Lord) have punished us(people). The Lord [who is God] is righteous. But we(people) did not do all the things [that the Lord said].	Daniel
