reference	verse	book
1 Samuel 29:8	Then David said, ["But I(David) did not do bad things].  I(David) did not hurt a person [since I(David) came to you(Achish)]. My(David's) king, you(Achish) (imp) allow [me(David) to fight your(Achish's) enemies]."	1_Samuel
Mark 1:40	(title) Jesus causes [a man [who has a terrible disease of the skin] to become healthy]. (paragraph) One day _implicit a man [who had a terrible disease of the skin] came to Jesus. That man knelt in-front-of Jesus. And that man asked/beg, ["[If you(Jesus) are willing [(implicit-situational) to cause [me(man) to become healthy]],] you(Jesus) are able [to cause [me(man) to become clean]]"]. (footnote) Jewish law said [ people [who had terrible diseases of the skin] were not clean]. Those people were not able [to honor/worship God in the Jewish church]. And those people also were not able [to come close to other people].	Mark
Joshua 19:20	The tribe named Issachar also owned the towns named Rabbith, Kishion, and Ebez.	Joshua
Genesis 35:16	-Title Rachel dies [after Rachel births Benjamin]. Then Israel and the people [who were with Israel] left Bethel. [Before Israel arrived at Ephrathah] Rachel began birthing a baby.	Genesis
Matthew 19:13	(title) Jesus prays [God will bless children]. _paragraph Then people brought small children to Jesus [so that Jesus would put Jesus's hands on those children] [and so that Jesus would pray for those children]. But the followers/disciples of Jesus _implicit told those people [the thing [that those people did was bad]]. (implicit-situational) Those followers/disciples thought [those people were annoying/bother Jesus].	Matthew
2 Samuel 3:29	Joab killed Abner. I(David) hope [that Yahweh  will  punish Joab and Joab's family]. I(David) hope [that the people [who are in Joab's family] will always have sores and skin diseases]. And I(David) hope [that those people will always use a stick/crutch [in order to walk]]. And I(David) hope [that  soldiers will kill the people [who are in Joab's family] with swords]. And I(David) hope [that those people will  not  have food]."	2_Samuel
Matthew 20:13	_paragraph But that man answered one of those people/workers, ["Friend, I(man) am not cheating you(worker) _singular]. (yesrhetorical) Did you(worker) agree [to receive 1 denarius [after you(worker) work]]? (statement) You(worker) agreed [to receive 1 denarius [after you(worker) work]].	Matthew
Nehemiah 13:22	Then I(Nehemiah) commanded [the men [that were in the tribe named Levi] to cause [those men to become clean]]. And I(Nehemiah) told [those men to go to those gates before the seventh day of the week]. I(Nehemiah) also told [those men to guard those gates [so that the seventh day of the week would continue to be special/holy]]. My(Nehemiah's) God, you(God) (imp) remember me(Nehemiah) [because I(Nehemiah) did this thing also]. You(God) (imp) be merciful to me(Nehemiah) [because you(God) love your(God's) people much].	Nehemiah
Genesis 20:1	-Title Abraham deceive Abimelech. Abraham left Hebron. and Abraham traveled to a region named Negev. Then Abraham lived in a place [that was between Kadesh and between Shur] for a short time. Then Abraham moved to a city named Gerar.	Genesis
2 Samuel 12:9	Why did you(David) not obey me(Yahweh)? Why did you(David) do  an evil thing? You(David) killed Uriah [who was a Hittite] with a sword. And you(David) took Uriah's wife. You(David) killed Uriah with the Ammonites' sword.	2_Samuel
Mark 1:27	(paragraph) All of the people [who (implicit-situational) were in the Jewish church] were very surprised/amazed. So those people said to each-other(people), ["What (rhetorical) does this event mean?] ["(statement) This event surprised/amazed us(person) !]. These things [that Jesus is teaching] are new. Jesus speaks with authority! And Jesus even commands [evil/unclean spirits to do things]. And those evil/unclean spirits obey Jesus."	Mark
Mark 6:56	And [whenever Jesus went into villages, towns, or the fields-C [that were near towns and villages],] the people [(implicit-situational) that lived in those places] put those sick people in the markets. Those people asked/begged Jesus [Jesus to let [those sick people touch the edge of Jesus's clothes/robe]]. And all of the people [who touched Jesus's clothes/robe] were healed by Jesus _implicitActiveAgent.	Mark
Acts 20:31	So you(Ephesians) be careful (imp)! You(leaders) remember (imp) [that I(Paul) continually warned you(leaders) for three years]. I(Paul) warned you(leaders) about these people [who teach false things] many times. And I(Paul) cried because of you(leaders) often.	Acts
2 Samuel 20:5	But [before Amasa called those men] Amasa waited for more than 3 days.  Then Amasa called the men [who were in the tribe named Judah].	2_Samuel
Acts 21:1	Paul (title) and Paul’s companions traveled to the city named Tyre. Then we(disciples) goodbyed the leaders of the church [that was in Ephesus.] And we(disciples) entered a ship. And we(disciples) traveled to the island named Cos. Then we(disciples) went to the island named Rhodes.  On the next day, we(disciples) traveled to the island named Patara.	Acts
Genesis 40:18	Then Joseph said, ["I(Joseph) will explain this dream to you(man)]. The 3 baskets represent 3 days.	Genesis
1 Samuel 26:7	So during the night David and Abishai went to the place [that Saul’s army was camping at]. Saul was sleeping in the middle of the camp. And Saul's spear was near Saul's head. Abner and the other soldiers were sleeping around Saul.	1_Samuel
Mark 15:43	So Joseph, [who was from Arimathea,] boldly went to Pilate. And Joseph asked-B Jesus's body to Pilate. Joseph was an important person [who was in the Sanhedrin]. (complex) And Joseph was also waiting-B [the kingdom-B of God to begin _implicitNecessary]. (simple) And Joseph was also waiting-B [God to start ruling God's people _implicit].	Mark
Mark 9:50	(paragraph) Salt is good. (rhetorical) But [if salt stops tasting like salt ,] how will you(followers) cause [that salt to taste like salt again _implicit]? (statement) But [if salt stops tasting like salt,] you(followers) will not be able [to cause [that salt to taste like salt again _implicit]]. You(followers) should be like salt [(implicit-situational) that tastes good]. And you(followers) should live peacefully with each-other(followers).	Mark
Matthew 21:22	[If you(disciples) believe in God _implicit,] you(disciples) will receive all the things [that you(disciples) ask for [when you(disciples) pray]]."	Matthew
Joshua 15:28	And the tribe named Judah owned the towns named Hazar-Shual, Beersheba, and Biziothiah.	Joshua
Matthew 10:24	_paragraph A student is not more important than that student's teacher. And a servant-B is not more important than that servant's master-A.	Matthew
Mark 9:24	(paragraph) Immediately the boy's father cry-out-B to Jesus _implicit, ["I(father) believe in you(Jesus) _implicit]. You(Jesus) (imp) help-B me(father) [me(father) to stop doubting]!"	Mark
Joshua 10:5	Then those five kings of the Amorites decided [to take the kings' armies to Gibeon]. Those kings ruled the cities named Jerusalem, Hebron, Jarmuth, Lachish, and Eglon. So the armies of those kings went to Gibeon. Those armies surrounded Gibeon. And those armies attacked Gibeon.	Joshua
Daniel 6:26	I(king) have written a new law. All people [who live in my(king's) kingdom] must honor God. And all people must fear Daniel's God. God is living. And God will live forever. No man will destroy the kingdom of God. The kingdom of God will exist forever.	Daniel
Daniel 5:19	[Because God caused [Nebuchadnezzar to be very great]] all of the people [who live on the earth] were afraid of Nebuchadnezzar. Nebuchadnezzar killed all of the people [that Nebuchadnezzar wanted [to kill]]. [If Nebuchadnezzar wanted [a person to live]] Nebuchadnezzar allowed [that person to live]. [If Nebuchadnezzar wanted [a person to be important]] then Nebuchadnezzar made [that person be important]. [If Nebuchadnezzar wanted [a person to be humble]] then Nebuchadnezzar made [that person be humble].	Daniel
Matthew 14:32	_paragraph And [when Jesus and Peter entered the boat,] the wind stopped blowing.	Matthew
Mark 12:30	And you(person) (imp) love-B the Lord-A, [who is your(person's) God,] with all of your(person's) heart-A, all of your(person's) soul, all of your(person's) mind, and all of your(person's) strength. (implicit-situational) You(person) (imp) love-B the Lord-A completely. (footnote) You(people) (imp) see Deuteronomy 6:4-5.	Mark
Genesis 15:2	But Abram said, ["Lord Yahweh, what will you(Yahweh) give to me(Abram)?] I(Abram) do not have a son. My(Abram's) slave named Eliezer [who is from Damascus] will inherit all my(Abram's) things.	Genesis
Mark 10:20	(paragraph) Then the man said to Jesus, ["Master/Teacher, I(man) did all of the things [that these commands/commandments say] [since I(man) was young]"].	Mark
1 Samuel 23:5	So David and the men [who were with David] went to Keilah. Then David and those men fought the Philistines. And David and those men defeated the Philistines. Then David and those men took the Philistines’ cows  and sheep. David and those men killed many Philistines. And David and those men saved the people [who were living in Keilah].	1_Samuel
1 Samuel 17:33	But Saul said, ["You(David) are not able [to fight Goliath]]. You(David) are too young. Goliath has been a soldier for many years. And Goliath (implicit-info) fights very well."	1_Samuel
Esther 1:6	The king's servants hung white curtains and blue curtains in the garden. The servants attached the curtains to marble pillars with silver rings. The servants also put gold couches and silver couches in the garden. The floor of the garden was made of marble, shells, and valuable gems.	Esther
Esther 2:6	Kish was one of the Jews [that king Nebuchadnezzar took from Jerusalem to Babylon]. Nebuchadnezzar also took Jehoiachin [who was the king of Judah] to Babylon.	Esther
Matthew 12:40	For Jonah stayed for 3 days and 3 nights in the stomach of a very big fish. Similarly, the Son-of-Man _1stAs3rd will stay for 3 days and 3 nights in the earth.	Matthew
Joshua 19:50	Yahweh commanded [the Israelites to give land to Joshua]. Joshua asked [the Israelite leaders to give the town named Timnath-Serah to Joshua].  So the Israelites gave that town to Joshua.  That town was in the mountains [that the tribe named Ephraim owned]. So Joshua built more houses in that town. And Joshua lived in that town.	Joshua
Mark 7:6	(paragraph) Jesus said to those Pharisees and those people/scribes, ["You(Pharisees) [who pretend [to be good/righteous]], Isaiah correctly told God's message [that was about you(Pharisees)]]. Isaiah said, ["(literal) These people honor me(God) with these people's lips] ["(dynamic) These people honor me(God) with the words [that these people say]]. (literal) But these people's hearts are far from me(God). (dynamic) But these people do not actually care-B about me(God).	Mark
Daniel 11:34	[While the people [who are faithful to God] are dying] other people will not help those people. Many people will join the people [who believe God]. But those people will not believe God sincerely.	Daniel
Joshua 8:27	But the Israelites kept the animals and the other valuable things [that were in Ai]. Earlier Yahweh told Joshua [that the Israelites may keep all of the things [that the Israelites wanted]].	Joshua
Matthew 24:40	2 men will be working _implicitNecessary in a field. One of those men _dual will be taken by God _implicitActiveAgent. And the other man will be left by God _implicitActiveAgent.	Matthew
2 Samuel 1:19	David sang, ["Israelites, your(Israelites') leaders are dead on your(Israelites') hills].   Your(Israelites') leaders died during the battle!	2_Samuel
Genesis 31:3	Then Yahweh said to Jacob, ["You(Jacob) (imp) return to the land [that your(Jacob's) ancestors lived in]].  Then I(Yahweh) will be with you(Jacob)."	Genesis
Nehemiah 13:26	Did not Solomon [who was the king of Israel] do bad things/sin [because Solomon married women [that came from other countries]]? [Because Solomon [who was the king of Israel] married women [that came from other countries]] Solomon did bad things. Solomon was greater than all of the other countries’ kings. God loved Solomon. And God caused [Solomon to rule all of Israel]. But Solomon did/sinned bad things [because of those women [that came from other countries]].	Nehemiah
Matthew 11:11	I(Jesus) tell you(people) the truth. (literal) John the Baptist is the most important person [who was born from a woman _addSourceArgument]. (dynamic) John the Baptist is the most important person [who was born on earth _implicit]. (complex) But the least important person [who is in the kingdom-B of heaven] is more important than John the Baptist. (simple) But the least important person [that God rules] is more important than John the Baptist.	Matthew
Daniel 2:2	So Nebuchadnezzar called the magicians and astrologers. Nebuchadnezzar wanted [the magicians and astrologers to tell Nebuchadnezzar about Nebuchadnezzar's dream]. So the magicians and astrologers came to the palace. And the magicians and astrologers stood in front of the king.	Daniel
Genesis 32:23	Then Jacob returned to the camp.  And Jacob told Jacob's servant [to take all Jacob's things [that were still in the camp] across the river].	Genesis
Matthew 25:44	_paragraph Those people will say, ["Lord-B , when did we(people) _excl not help you(Lord) [even-though we(people) _excl saw [you(Lord) were hungry], [you(Lord) were thirsty], [you(Lord) were from another country], [you(Lord) needed clothes], [you(Lord) were sick] [or you(Lord) were in prison]]?"]	Matthew
Acts 20:25	Now I(Paul) know [that you(leaders) will not see me(Paul) again]. I(Paul) often told you(leaders) about the Good News [which says [that God rules all things]].	Acts
Genesis 49:2	My(Jacob's) sons, you(sons) (imp) come near me(Jacob). You(sons) (imp) listen to your(sons's) father named Israel.	Genesis
Jonah 1:6	The leader of the ship came to Jonah. And the leader said to Jonah, ["Why are you(Jonah) sleeping]? You(Jonah) (imp)  Get up. And you(Jonah) (imp) pray to your(Jonah’s) god! You(Jonah) (imp) ask [your(Jonah’s) god to help us(men)]. Perhaps your(Jonah’s) god will hear your(Jonah’s) prayer.  Then we(men) will not die."	Jonah
Genesis 20:18	[Before Yahweh healed these women] Yahweh did not allow [these woman [who lived in Abimelech's house] to become pregnant] [in-order-to Yahweh punish Abimelech].  Yahweh punished Abimelech [because Abimelech take-away Abraham's wife named Sarah].	Genesis
Nahum 1:10	Yahweh will capture Yahweh's enemies [like a thorny bush captures people]. Those people will fall down [like a person [who drinks a lot of wine] falls down]. Yahweh will burn Yahweh's enemies [like a person burns dry weeds].	Nahum
2 Samuel 19:5	Then Joab went into the king’s house. And Joab said to the king, ["Today you(David) embarrassed your(David's) soldiers]. Your(David's) soldiers saved you(David) today! And your(David’s) soldiers saved your(David's) sons, your(David's) daughters, your(David's) wives, and your(David's) female slaves.	2_Samuel
1 Samuel 25:32	David said to Abigail, ["I(David) praise Yahweh [who is the God of Israel]]. Yahweh sent you(Abigail) [to meet me(David)] today.	1_Samuel
Nahum 3:17	The people [who guard you(people)] are like locusts. And your(people's) leaders are like locusts. [When the weather is cold,] the leaders stand on the walls. But [when the weather is hot], the leaders fly to other places. And no person knows the places [where the leaders fly to].	Nahum
Joshua 23:2	So Joshua called all of the old leaders, the leaders of families, the judges, and the officials. And Joshua said to those leaders, ["I(Joshua) am very old].	Joshua
Genesis 50:20	You(brothers) tried [to hurt me(Joseph)]. but God caused [your(brothers) evil actions to become a good thing]. God used you(brothers) [in order to save many people].	Genesis
Mark 15:24	Then those soldiers put Jesus on a cross [so that Jesus would die]. And those soldiers divided Jesus's clothes. (implicit-situational) But those soldiers did not tear Jesus's clothes. And those soldiers used sticks/lots [in-order-to choose-A the soldier [that will get each piece of Jesus's clothes]].	Mark
Genesis 1:5	God called the light day. And God called the darkness night. These things happened on the first day. God did these things on the first day. That evening and that morning were the first day.	Genesis
Genesis 11:3	Then the people said to the people, ["We(people) should make bricks]. We(people) will bake the bricks [so that the bricks will become very hard]." The people used those bricks.  The people did not use stones. and the people used tar [in-order-to attach one brick to another brick].	Genesis
Acts 19:20	Therefore people [who live in many places] heard about the things [that people [who believe in Jesus] were doing].  And many people started believing in Jesus.	Acts
2 Samuel 1:26	Jonathan, you(Jonathan) are my(David's) brother.  I(David) am very sad [because you(Jonathan) died].   You(Jonathan) were my(David's) special friend. You(Jonathan) loved me(David) much. You(Jonathan) loved me(David)  [more than women love me(David)].	2_Samuel
Genesis 11:5	But Yahweh came to the earth [in-order-to see the city and the tower [that the people were building]].	Genesis
Joshua 12:19	The Israelites defeated the king of Madon and the king of Hazor.	Joshua
Genesis 26:8	Isaac lived in Gerar for many years. One day [when the king of the Philistines named Abimelech looked through a window] Abimelech saw [Isaac kissing Rebekah].	Genesis
Genesis 46:30	Then Jacob said to Joseph, ["Now I(Jacob) am ready [to die] [because I(Jacob) see [that you(Joseph) are still living]]]."	Genesis
Acts 3:14	You(people) said [that you(people) did not want Jesus]. And Jesus was holy and good. Instead you(people) asked [Pilate to free a man [who killed people]].	Acts
Jonah 2:7	Yahweh,  [while I(Jonah) was dying] I(Jonah) remembered you(Yahweh). I(Jonah) prayed to you(Yahweh). And you(Yahweh) heard me(Jonah) in your(Yahweh’s) holy temple [that is in heaven].	Jonah
Joshua 23:4	(imp) You(Israelites) remember [that I(Joshua) divided this land for your(Israelites') tribes]. This land is between the river-Jordan River and the sea-Mediterranean [which is on the western side]. I(Joshua) defeated/conquered those nations.	Joshua
Joshua 14:8	But the other men [who went with me(Caleb)] caused [the Israelites to become afraid]. But I(Caleb) obeyed Yahweh [who is my(Caleb’s) God] completely.	Joshua
Joshua 17:18	We(leaders) will also give the region [that has the forests] to you(people). So You(people) (imp) cut-down those trees [in-order-to build towns]. And you(people) will own that land. [Although the Canaanites have iron chariots] you(people) will force [the Canaanites to leave that region]. You(people) will defeat the Canaanites."	Joshua
Matthew 14:34	_paragraph [After the followers/disciples and Jesus finished going across the lake _implicit,] those followers/disciples came to the shore of Gennesaret named the area/region _implicitExplainName.	Matthew
Genesis 5:17	Therefore Mahalalel lived for 895 years.  Then Mahalalel died.	Genesis
Genesis 30:29	Jacob said to Laban, ["You(Laban) know [that I(Jacob) worked hard for you(Laban)]]. You(Laban) have many sheep now [because I(Jacob) cared for your(Laban's) sheep].	Genesis
Joshua 15:51	And the tribe named Judah owned the towns named Goshen, Holon, and Giloh. Therefore the tribe named Judah owned 11 towns [that were in that region].  And the tribe named Judah also owned the fields [that were near those towns].	Joshua
Philemon 1:9	But we(Paul) love each-other(Paul). And I(Paul) am now old. And I(Paul) am in prison [because I(Paul) serve Christ Jesus]. So I(Paul) will ask [you(Philemon) to do this thing].	Philemon
1 Samuel 21:12	David heard [those men talking to the king].  So David became very afraid of Achish.	1_Samuel
Nehemiah 8:6	Then Ezra praised Yahweh [who is the great God]. And all of the people raised the people’s hands. And those people said, ["These things are true/Amen!] These things are true/Amen!"  Then those people bowed. And those people moved the faces of those people near the ground. And those people worshiped Yahweh.	Nehemiah
Mark 5:11	(paragraph) There was a big group of pigs [that was eating food _implicit on a hill [that was near that place]].	Mark
Daniel 11:14	Then many people will fight against the king of the south region. The strong soldiers [that come from your(Daniel's) people] will also fight against this king. All these people will fight against the king of the south region. But these people will not be able [to defeat the king of the south region].	Daniel
Daniel 3:12	You(king) chose three Jews [in order to govern the people [that live in Babylon]]. The names of these Jews are Shadrach, Meshach, and Abednego. These three men have not done all the things [that you(king) said]. These men do not worship your(king's) gods. And these men did not worship the gold statue [that you(king) made]."	Daniel
1 Samuel 3:19	Yahweh blessed Samuel [while Samuel was growing up]. [Whenever Yahweh told Samuel [that a certain thing will happen]] that thing always happened.	1_Samuel
Genesis 31:41	I(Jacob) worked for you(Laban) for 20 years [just-like a slave works for the slave's master]. I(Jacob) worked for you(Laban) for 14 years [in-order-to obtain your(Laban's) 2 daughters]. Then I(Jacob) worked for you(Laban) for 6 years [in-order-to obtain my(Jacob's) animals]. [While I(Jacob) worked for you(Laban)] you(Laban) changed -iteration 10 times.  On one day you(Laban) said [that you(Laban) would pay this thing to me(Jacob)]. But the next day you(Laban) said [that you(Laban) would pay a different thing to me(Jacob)].	Genesis
2 Samuel 5:5	David ruled Judah for 7.5 years. [While David was the king of Judah] David lived in Hebron. Then David also became the king of Israel.  David was the king of Israel and Judah for 33 years. [After David became the king of Israel] David lived in Jerusalem.	2_Samuel
Ruth 4:17	Naomi's neighbors said, ["Naomi has a son again]!" The neighbors named the boy Obed. [after Obed grew up] Obed had a son named Jesse. And [after Jesse grew up] Jesse had a son named David. And David became the king.	Ruth
1 Samuel 24:19	[When a man finds the man's enemy] the man does not treat that enemy kindly.  I(Saul) hope [that Yahweh will reward you(David)] [because you(David) treated me(Saul) kindly today].	1_Samuel
Matthew 2:5	Those priests and those people/scribes answered Herod, ["The Christ _implicitNecessary will be born _implicitNecessary in Bethlehem [which is in Judea]]. For the prophet wrote many years _implicit ago,	Matthew
Esther 8:16	That day all of the Jews were very happy. The people [that lived in Xerxes' kingdom] honored the Jews.	Esther
Genesis 21:10	So Sarah said to Abraham, ["You(Abraham) (imp) tell this female slave and the son of the slave [to leave]]. The son of this slave must not inherit any thing from you(Abraham). My(Sarah's) son named Isaac must inherit all your(Abraham's) things."	Genesis
Mark 4:35	(title) Jesus causes [a storm to end]. (paragraph) In the evening of that day, Jesus said to Jesus's disciples, ["We(Jesus) go _suggestiveLets to the other side of the lake _implicit."]	Mark
1 Samuel 13:8	Saul waited for Samuel for 7 days. Previously Samuel told Saul [to wait for 7 days [so that Samuel could come to Gilgal]]. But Samuel did not come to Gilgal. And the soldiers started leaving Saul.	1_Samuel
Daniel 4:13	[While I(Nebuchadnezzar) was still sleeping] I(Nebuchadnezzar) saw an angel. The angel was holy. And the angel came from heaven.	Daniel
2 Samuel 3:3	The name of  David’s second son was Kileab. Kileab’s  mother’s name was Abigail. Abigail was the wife of Nabal [who died].  Abigail was from Carmel.  The name of David's third son was Absalom. Absalom’s mother’s  name was Maakah. Maakah was the daughter of Talmai. Talmai was the king of Geshur.	2_Samuel
Joshua 10:42	Joshua defeated all of those people quickly. Joshua was able [to defeat those people] [because the God of the Israelites named Yahweh was fighting for Israel].	Joshua
Matthew 22:28	At the time [that dead people will become alive again at], which brother's-C wife will that woman be? For all 7 brothers-C married that woman."	Matthew
2 Samuel 1:9	Then Saul said to me(man), [“Please you(man) (imp) come to me(Saul)].  And You(man) (imp) kill me(Saul)!  I(Saul) am almost dead.  But I(Saul) am still alive.”	2_Samuel
Matthew 5:8	(literal) People [who have a pure heart] are blessed by God _implicitActiveAgent. (dynamic) People [who want [to do only good things ]] are blessed by God _implicitActiveAgent. For those people will see God.	Matthew
Genesis 9:9	God said, ["I(God) am making my(God's) covenant with you(Noah) and your(Noah's) descendants].	Genesis
Mark 16:9	(paragraph) [(literal) After Jesus became alive again in the very early morning of the first day of the week,] [(dynamic) After Jesus became alive again in the very early morning of Sunday,] Jesus first appeared-C to Mary-Magdalene. Previously _implicit Jesus forced [7 evil spirits/demons to leave Mary-Magdalene].	Mark
Acts 19:40	[Because you(people) have shouted very loudly,] a person might tell a judge [that we(people) broke a law]. And we(people)  are not able [to explain the reason [why we shouted very loudly]] [because we do not know the reason [why we met at this place]].	Acts
1 Samuel 25:8	You(Nabal) (imp) ask your(Nabal's) servants about us(David).  Your(Nabal’s) servants will tell you(Nabal) [that we(David) treated your(Nabal’s) servants kindly]. You(Nabal) are celebrating now. So you(Nabal) please (imp) be kind to my(David's) young men. Please you(Nabal) (imp) give food to these men and to your(Nabal's) son named David.""	1_Samuel
Daniel 8:18	[While Gabriel was speaking to me(Daniel)] I(Daniel) started to sleep. So Gabriel touched me(Daniel). And Gabriel made [me(Daniel) stand up].	Daniel
2 Samuel 22:29	Yahweh, you(Yahweh) are my(David's) lamp.    Yahweh changes the darkness into light.	2_Samuel
1 Samuel 4:16	That man said to Eli, ["I(man) came from the battle]. I(man) ran to this place today." Eli asked that man, ["My(Eli's) son, you(man) (imp) tell me(Eli) about the battle]."	1_Samuel
Mark 14:60	(paragraph) Then the chief priest stand-up in-front-of all the people. (yesrhetorical) And the chief priest asked Jesus, ["Are you(Jesus) going to speak [(implicit-situational) in-order-to defend yourself(Jesus)]?] (statement) And the chief priest said to Jesus, ["You(Jesus) should speak [(implicit-situational) in-order-to defend yourself(Jesus)]]. What do you(Jesus) _implicitNecessary say _implicitNecessary about the things [that these men said about you(Jesus)]? (implicit-situational) Are the things [that these men said about you(Jesus)] true?	Mark
Ruth 4:3	Then Boaz said to the man/kinsman-redeemer, ["Naomi returned from Moab]. Our(Boaz’s) relative named Elimelech owned some land. Now Naomi wants [to sell that land].	Ruth
Daniel 8:20	You(Daniel) saw a male sheep [that had two horns]. One horn is like a kingdom named Media. And the other horn is like a kingdom named Persia.	Daniel
Esther 9:2	All of the Jews [that lived in Xerxes' kingdom] met in the cities [that the Jews lived in]. Then the Jews prepared [to attack the people [that hated the Jews]]. The people [that came from other countries] were very afraid of the Jews. So the Jews defeated the people [that wanted [to kill the Jews]].	Esther
Mark 10:22	(paragraph) But [when that man heard Jesus's words,] that man became upset. For that man owned many things. (implicit-situational) And that man did not want [to sell those things]. And [when that man left Jesus _implicit,] that man was very sad .	Mark
2 Samuel 7:16	But your(David's) family and your(David's) kingdom will exist with me(Yahweh) forever. And you(David) will rule forever.””	2_Samuel
Acts 18:15	But you(Jews) are arguing about words, names, and your(Jews') laws. So I(Gallio) will not judge those arguments. You(Jews) Solve(imp) this problem yourselves(Jews)."]	Acts
Genesis 6:2	The sons of God thought [that those girls were very beautiful].  So the sons of God married those girls.  Each son of God married any girl [that the son of God chose]. (footnote) Today some people think that [these sons of God were angels [who joined Satan]] [or these sons of God were children of Seth].	Genesis
Nehemiah 12:46	For many years ago [while David and Asaph were living] there were leaders for the people [who sang]. And those leaders led the people [while those people sang songs_implicit [in order to praise God] [and in order to thank God]].	Nehemiah
Genesis 30:37	But then Jacob tricked Laban.  Jacob cut green branches from poplar, almond, and other tree.  And Jacob take-away bark from those branches [so-that there were white marks on those branches].	Genesis
Genesis 24:24	Rebekah answered the servant, ["My(Rebekah's) father is Bethuel [who is the son of Milcah and Nahor]"].	Genesis
Ruth 1:15	Naomi said to Ruth, ["Orpah will return to Orpah's people and to Orpah's gods]. You(Ruth) should also return to your(Ruth's) people."	Ruth
Daniel 8:14	The other angel answered, ["These events will happen for 2300 days]. Then the house of God will be pure again."	Daniel
Genesis 5:3	[When Adam was 130 years old] Adam had another son.  This son was like Adam.  Adam named this son Seth.	Genesis
1 Samuel 5:1	(title) The Philistines have problems. [After the Philistines took/captured the Ark-of-the-Covenant], the Philistines took the Ark-of-the-Covenant from Ebenezer to Ashdod.	1_Samuel
Mark 14:26	(paragraph) [After Jesus and those followers/disciples sang a song [that was about God],] Jesus and those followers/disciples went to the mount-Olives.	Mark
Matthew 25:30	Now you(people) (imp) take that servant-B [who is not valuable] from here. And you(people) (imp) throw-B that servant-B into the darkness [_descriptive where people will cry/weep] [_descriptive and where people will bite/gnash those people's teeth]."	Matthew
Daniel 9:6	We(people) did not listen to the prophets [who were your(Lord's) servants]. The prophets told our(people's) kings, our(people's) princes, our(people's) fathers, and all the people about your(Lord's) message.	Daniel
1 Samuel 18:5	Saul often sent [David to fight the Philistines]. And David fought very well. So Saul chose David [to become an officer for the Israelites' army]. Then all of the other soldiers became happy.  And Saul's other officers were also happy.	1_Samuel
Joshua 19:2	The tribe named Simeon owned the towns named Beersheba and Moladah. ( People called Beersheba Sheba. )	Joshua
2 Samuel 6:22	And I(David) will continue acting[like a crazy man acts]. I(David) will continue being foolish. But the female slaves [that you(Michal) talked about] will honor me(David)."	2_Samuel
Genesis 33:14	So my(Jacob's) master should walk in front of my(Jacob's) master's servant. I(Jacob) will travel slowly [so that the animals and the children will not become tired]. My(Jacob's) master, I(Jacob) will meet you(Esau) in Seir."	Genesis
Daniel 11:2	Now I(Lord) will explain the truth to you(Daniel). There will be three more kings in Persia. Then a fourth king will come. That king will have more money than all the other kings. That king will become powerful [because that king will have a lot of money]. Then that king will cause [all people to be angry with the kingdom of Greece].	Daniel
Joshua 19:44	The tribe named Dan also owned the towns named Eltekeh, Gibbethon, and Baalath.	Joshua
Joshua 22:28	In the future your(Israelites') descendants might say [that we(people) are not part of Israel]. Then our(people's) descendants will say, ["(imp) You(descendants) look at this altar [that our(descendants') fathers made]]. This altar is like Yahweh's altar. We(descendants) do not give offerings on this altar. But we(descendants) have this altar [so that we(descendants) could know [that we(descendants) are part of Israel]]."	Joshua
1 Samuel 1:28	So now I(Hannah) will give this child to Yahweh. This child will belong to Yahweh [until this child dies]." Then Eli and Hannah worshiped Yahweh at the tabernacle.	1_Samuel
Matthew 6:26	You(people) (imp) think/consider about the birds [that are in the air]. Birds do not plant seeds _implicit. Birds do not gather/harvest crops _implicit. And birds do not store crops _implicit in barns. But your(people’s) Father [who is in heaven] feeds those birds. (yesrhetorical) Are you(people) much more valuable than birds? (statement) You(people) are much more valuable than birds.	Matthew
Genesis 24:57	Rebekah's brother and Rebekah's mother said, ["We(mother) will ask [whether Rebekah wants [to leave now]] [or Rebekah wants [to stay with us(mother) for 10 days]]]."	Genesis
2 Samuel 18:1	David called all of the men [who were with David]. Then David chose/appointed officers. Certain officers led 1000 men. And other officers led 100 men.	2_Samuel
Mark 2:20	But in the future, the man [who is marrying a woman] will be take-away by people _implicitActiveAgent from those guests. At that time, those guests will refuse [to eat food].	Mark
Genesis 2:1	-title God rested on the seventh day.  Thus God finished creating all things [that are in the sky] and all things [that are on the earth].	Genesis
Ruth 2:5	Then Boaz asked the leader of the workers, ["That young woman belongs to which person?"] "Who is that woman?"	Ruth
Nehemiah 7:1	[After we(Nehemiah) finished repairing the wall]  we(Nehemiah) put all of the doors in the gates. Then I(Nehemiah) chose the people [that will guard the gates].  I(Nehemiah) also chose the people [that will sing] [and that will play instruments]. And I(Nehemiah) chose people [that were in the tribe named Levi].	Nehemiah
Daniel 1:13	[After we(servants) eat vegetables for ten days] you(guard) (imp) look at us(servants) again. You(guard) (imp) compare us(servants) with the other young men [who eat the king's food]. Then you(guard) (imp) choose the food [that we(servants) will eat]."	Daniel
2 Samuel 11:13	Then David called Uriah. And Uriah ate with David. And David caused [Uriah to become drunk]. But in the evening Uriah slept on Uriah’s mat with the king’s servants near the king’s door. Uriah did not go to Uriah's house.	2_Samuel
Genesis 14:4	These 5 kings had served Kedorlaomer -Title king for 12 years. But these kings refused [to serve Kedorlaomer -Title king for another year].	Genesis
Joshua 13:5	You(Joshua) must also defeat the Gebalites. And you(Joshua) must also defeat the people [who are living near Lebanon]. Those places are between Baal-Gad and Lebo-Hamath. Baal-Gad is near Mount-Hermon.	Joshua
Nehemiah 12:34	Judah, Benjamin, Shemaiah, and and Jeremiah.	Nehemiah
Nehemiah 13:15	In those days I(Nehemiah) saw [people working on the seventh day of the week in Judah]. Certain people were walking on grapes [in order to make wine]. Other people were gathering grain. And those people were putting that grain, wine, grapes, figs, and other things on animals/donkeys. And those people were bringing those things to Jerusalem on the seventh day of the week. Therefore I(Nehemiah) warned those people [that those people must not sell food on the seventh day of the week].	Nehemiah
Daniel 4:5	[While I(Nebuchadnezzar) was sleeping] I(Nebuchadnezzar) dreamed. This dream frightened me(Nebuchadnezzar). [While I(Nebuchadnezzar) was lying on my(Nebuchadnezzar's) bed] my(Nebuchadnezzar's) thoughts frightened me(Nebuchadnezzar).	Daniel
2 Samuel 12:15	Then Nathan returned to Nathan's house. Then Yahweh caused [David and Bathsheba’s son to become very sick].	2_Samuel
Nehemiah 7:42	1017 priests [that were from Harim] returned.	Nehemiah
Joshua 7:20	Then Achan said to Joshua, ["I(Achan) did a bad thing]. I(Achan) sinned against our(Israelites') God named Yahweh.	Joshua
Mark 1:41	(paragraph) Jesus pitied the man. And Jesus moved-C Jesus's hand toward the man. And Jesus touched the man. Jesus said, ["I(Jesus) am willing [(implicit-info) to cause [you(man) to become healthy]]]. You(man) (imp) become clean!"	Mark
Joshua 24:11	Then you(Israelites) went across the river-Jordan.  And you(people) came to Jericho. The people [who were in Jericho] fought you(Israelites).  And the Amorites, Perizzites, Canaanites, Hittites, Girgashites, Hivites and Jebusites also fought you(Israelites). But I(Yahweh) caused [you(Israelites) to defeat all of those people].	Joshua
Nehemiah 7:72	And other people also gave gifts [in order to pay the workers].  Those people gave 170 kilograms of gold and 1100 kilograms of silver to the temple treasury. Those people also gave 67 robes to the priests.	Nehemiah
Joshua 13:18	Moses also gave the towns named Jahaz, Kedemoth, and Mephaath to those people.	Joshua
Joshua 1:16	Then those people answered Joshua, ["We(people) will obey you(Joshua)]. We(people) will go to all of the places [that you(Joshua) send us(people) to].	Joshua
Daniel 10:19	And the man said to me(Daniel), ["You(Daniel) (imp) do not be afraid [because God loves you(Daniel) very much]]. I(man) want [you(Daniel) to be calm]. I(man) want [you(Daniel) to be very strong]." [After the man said these things] I(Daniel) became stronger. Then I(Daniel) said, ["Lord, you(Lord) (imp) speak to me(Daniel) [because you(Lord) have caused [me(Daniel) to be strong again]]]."	Daniel
Genesis 41:9	Then the officer [who made wine for the king] said to the king, ["[While I(officer) heard [you(king) talking about your(king's) dreams]] I(officer) remembered a certain man]. that man was in prison with me(officer). but I(officer) forgot about that man.	Genesis
Genesis 41:25	Then Joseph said to the king, ["These 2 dreams have the same meaning]. God is telling you(king) about the things [that God will do].	Genesis
Matthew 25:5	The man/bridegroom did not come for several hours. So the 10 _implicit young women became tired. And those young women began to sleep.	Matthew
2 Samuel 23:2	Yahweh’s Spirit spoke through me(David).Yahweh put Yahweh’s words on my(David's) tongue.	2_Samuel
Genesis 49:19	Thieves will attack Gad. but Gad will defeat those thieves. Gad will force [those thieves to run from Gad].	Genesis
Genesis 45:8	Therefore you(brothers) did not send me(Joseph) to this place. God sent me(Joseph) to this place. God caused [me(Joseph) to become the chief official in Egypt]. I(Joseph) oversee the king's palace.  And I(Joseph) rule all people [that live in Egypt].	Genesis
Matthew 16:17	_paragraph Jesus said, ["Simon, son of Jonah, you(Simon) are blessed by God _implicitActiveAgent]. (literal) For this thing was not told/revealed to you(Simon) by flesh and blood. (dynamic) For this thing was not told/revealed to you(Simon) by a person. Instead, this thing was told/revealed to you(Simon) by my(Jesus's) Father [_descriptive who is in heaven].	Matthew
Mark 14:62	Then Jesus said, ["I(Jesus) am the Christ _implicit]. And you(leaders) will see [the Son-of-man _1stas3rd sitting on-C the powerful-A Lord's right side]. And you(leaders) will see [the Son-of-man _1stas3rd coming in the clouds [that are in the sky]]. (footnote) You(people) (imp) see Psalms 110:1 and Daniel 7:13.	Mark
Esther 8:11	This new law allowed [the Jews to protect themselves(Jews)]. The law allowed [Jews to kill the people [that wanted [to kill the Jews]]]. The law also allowed [the Jews to kill the women and children [that attacked the Jews]]. The law also allowed [the Jews to take all of the things [that those people owned]].	Esther
Nehemiah 13:12	Then all of the people [that were living in Judah] brought one tenth of the things [that those people gathered] to the temple. Those people brought grain, new wine, and oil-olive. And those people put those things into the rooms of the temple [that the priests and the men [that were in the tribe named Levi] stored things in].	Nehemiah
2 Samuel 15:37	So David’s friend named Hushai returned to Jerusalem. Hushai entered Jerusalem [while Absalom was entering Jerusalem].	2_Samuel
Matthew 23:36	I(Jesus) am telling you(scribes) the truth. All of these things-B will happen to you(scribes) [who live in this time/generation].	Matthew
Mark 11:1	(title) Jesus enters Jerusalem [just-like a king enters a city]. (paragraph) [Before Jesus and Jesus's disciples came to Jerusalem,] Jesus and those followers/disciples came to Bethphage named the town _implicitType and Bethany named the town _implicitType. Those towns were near the mount-Olives. Jesus sent 2 of Jesus's followers/disciples to the next village _implicitNecessary.	Mark
Mark 13:3	(paragraph) Then Jesus sit-down on the mount-Olives [ _descriptive which is on the other side of the valley from the temple]. Peter, James, John, and Andrew asked Jesus a question [when Peter, James, John, and Andrew were alone with Jesus].	Mark
2 John 1:7	In many places there are many people [who deceive other people [by teaching things that are not true]]. Those people say [that [when Jesus Christ came to this world] Jesus was not a human]. [If a person says those things] that person is Christ’s enemy [whom we(John) know well] [and who is always deceiving people].	2_John
Genesis 7:11	At that time Noah was 600 years old.  The flood began on the 17th day of the second month.  On that day all the water [that is under the ground] started flowing onto the ground.  And God opened the skies [like a person opens a window]. and the weather was rain much.	Genesis
Mark 7:29	(paragraph) Then Jesus said to that woman, ["Because of this thing-C [that you(woman) said] you(woman) may go ]. For _implicit the evil spirit/demon left your(woman's) daughter."	Mark
Matthew 20:30	2 blind men were sitting beside the road. And [after those blind men _dual heard [Jesus was walking past those blind men],] those blind men _dual shouted, ["Lord-B, Son-of-David, you(Son-of-David) (imp) be kind/merciful to us(men)!"]	Matthew
Matthew 23:30	And you(scribes) say, ["[If we(scribes) had lived in the days of our(scribes') parents/ancestor,] we(scribes) would not have killed the prophets with our(scribes') parents/ancestor"].	Matthew
Nehemiah 7:7	The leaders of the Jews were men named Zerubbabel, Joshua, Nehemiah, Azariah, Raamiah, Nahamani, Mordecai, Bilshan, Mispereth, Bigvai, Nehum and Baanah.) The following people are the men of Israel [that returned to Judah].	Nehemiah
Genesis 44:13	Then The brothers tore the brothers' clothes [because the brothers were very upset]. Then the brothers put the brothers' bags on the donkeys. and the brothers returned to the city with the servant.	Genesis
Matthew 12:48	_paragraph (rhetorical) Jesus asked that person, ["Who are my(Jesus's) mother and my(Jesus's) brothers?"] (statement) Jesus said to that person, ["I(Jesus) will tell you(people) about the people [who are my(Jesus's) mother and my(Jesus's) brothers]"].	Matthew
Nehemiah 9:29	You(Yahweh) warned those people [that those people must obey your(Yahweh's) laws]. But those people became proud.  And those people did not obey your(Yahweh's) commands. You(Yahweh) said, ["People [who obey my(Yahweh's) commands] will live well"]. But those people did not obey your(Yahweh's) commands.  those people were stubborn. those people turn-away from you(Yahweh).  And those people did bad _morally things [that were against your(Yahweh's) rules]. And those people refused [to listen to you(Yahweh)].	Nehemiah
Ruth 2:15	Then Ruth stood up [in order to start gathering grain/barley again]. Then Boaz commanded the men [that were working for Boaz], ["You(men) (imp) let [Ruth gather grain/barley near the plants/stalks [that you(men) already cut]]]. And you(men) (imp) do not tell/scold [Ruth to stop gathering grain/barley].	Ruth
2 Samuel 3:2	(title) David has sons.  [While David was  in Hebron] David had sons.  The name of David’s first son was Amnon.  Amnon’s  mother’s name was Ahinoam. Ahinoam was from Jezreel.	2_Samuel
Genesis 34:7	But [while the sons of Jacob were in the field] the sons of Jacob find-out [that Shechem forced [Dinah to sex Shechem]]. Then the sons returned to the house of Jacob quickly. The sons were very angry [because Shechem sexed the sister of the sons]. The sons thought [that Shechem should not have forced Dinah [to sex Shechem]].	Genesis
Mark 9:49	(literal) For God _implicitNecessary will put fire on all people [just-like a person _implicitNecessary puts salt on a meat/sacrifice _implicitNecessary].	Mark
Mark 14:50	Then all of Jesus's followers/disciples left/abandon Jesus. And those followers/disciples run-away.	Mark
Genesis 30:28	[If you(Jacob) will continue working for me(Laban)] I(Laban) will give any thing [that you(Jacob) want] to you(Jacob).	Genesis
1 Samuel 11:4	So messengers went from Jabesh to Gibeah [where Saul was living]. [After those messengers told the people about Nahash's plan], the people cried loudly.	1_Samuel
Matthew 13:30	You(servants) (imp) let [those plants/weeds grow with the wheat] [until people gather/harvest the wheat _implicit]. Then I(man) will tell the people [who gather/harvest the wheat _implicit], ["You(people) (imp) first collect those plants/weeds]. And you(people) (imp) tie those plants/weeds. And you(people) (imp) burn those plants/weeds. Then you(people) (imp) gather the wheat. And you(people) (imp) bring that wheat into my(man's) barn."" "	Matthew
Joshua 3:16	[When the priests stepped into the water] the water stopped flowing. The river became like a pile of water. That pile was near a city named Adam [which was near Zarethan]. The water stopped flowing toward the sea-Dead. So the people went across the river near Jericho.	Joshua
Genesis 37:18	-Title Joseph becomes a slave. Some of Joseph's brothers saw [Joseph walking towards the brothers]. [Before Joseph arrived at the place [where the brothers were caring for the livestock]] the brothers planned [to kill Joseph].	Genesis
Nahum 2:9	The soldiers shout, ["You(people) (imp) take-away the silver]. You(people) (imp) take-away the gold." There are many treasures in the city.	Nahum
Genesis 37:20	We(brothers) should kill Joseph. Then we(brothers) will throw Joseph's body into a well. We(brothers) will tell our(brother's) father [that a wild animal killed Joseph].  Then we(brothers) will not listen to Joseph again.  Joseph will not tell us(brothers) about Joseph's dreams again!”	Genesis
1 Samuel 18:7	[While those women were dancing] those women were singing a song.  Those women said, ["Saul killed 1000 soldiers]. But David killed 10000 soldiers."	1_Samuel
Daniel 10:8	Then I(Daniel) was alone. And I(Daniel) was watching this great vision. My(Daniel's) face became very white. And I(Daniel) became weak.	Daniel
1 Samuel 14:26	[When the soldiers came to that place] the soldiers saw that honey. But the soldiers did not eat that honey [because the soldiers were afraid of Saul].	1_Samuel
Matthew 24:8	(implicit-situational) These events will be signs-B [that show [people _generic will soon suffer much]]. These events will be-U like the first pains of a woman [who will soon birth a baby].	Matthew
Genesis 19:7	Then Lot said, ["No!]  My(Lot's) friends, you(men) (imp) do not do this evil thing.	Genesis
Joshua 18:27	And the tribe named Benjamin owned the towns named Rekem, Irpeel, and Taralah.	Joshua
Genesis 19:31	One day the older daughter said to the younger daughter, ["Our(daughter's) father is old]. men marry women in all places [that are on the earth]. but no men are in this place. Therefore we(daughters) are not able [to marry a man].  And we(daughters) are not able [to have children].	Genesis
Matthew 5:37	You(people) (imp) only say, ["Yes"]. Or you(people) (imp) only say, ["No"]. All of the other things [that you(people) say [when you(people) promise/swear [(implicit-situational) you(people) will do something]]] come from the devil.	Matthew
1 Samuel 13:4	So all of the Israelites heard that news. The people said, ["Saul attacked the Philistines’ camp]. Now the Philistines hate us(Israelites)!" Then Saul called the Israelites.  And Saul told the Israelites [to come to Gilgal].	1_Samuel
Matthew 27:52	And the holes/cave [that people put dead bodies into] were opened by God _implicitActiveAgent. And the bodies of many of God's special/holy people [who already died] became alive again.	Matthew
Matthew 26:72	_paragraph But again Peter said [the thing-C [that that girl said] was not true]. Peter promised/swear, ["I(Peter) do not know the man _frameInferable!"]	Matthew
Genesis 15:9	Yahweh said to Abram, ["You(Abram) (imp) bring a female cattle [that is 3 years old], a goat [that is 3 years old], a male sheep [that is 3 years old], a dove, and a young pidgeon to me(Yahweh)]."	Genesis
Genesis 20:15	and Abimelech said, ["You(Abraham) may live in any place [that is in my(Abimelech's) kingdom]"]. You(Abraham) (imp) choose a place [where you(Abraham) want [to live]].	Genesis
Acts 18:8	And the man [who was the leader of the Jewish church] was named Crispus. Then Crispus and everyone [who was in Crispus' family] believed in the Lord Jesus. And many of the people [who lived in Corinth] [and who heard Paul's message] believed in Jesus. And people baptized those people.	Acts
Joshua 3:3	And the officers spoke to the people. The officers commanded the people, ["[When you(people) see [the priests carrying the ark-of-the-covenant]] you(people) must leave the place [where you(people) are staying]]. You(people) (imp) follow the ark-of-the-covenant.	Joshua
Mark 14:18	[While Jesus and those followers/disciples were lying/reclining at the table _frameInferable _implicit [(implicit-situational) in-order-to eat that Passover meal],] Jesus said, ["I(Jesus) tell the truth to you(followers)]. One of you(followers) [ _descriptive who is eating with me(Jesus)] will give me(Jesus) to my(Jesus's) enemies."	Mark
Mark 2:11	["I(Jesus) say to you(man), ["you(man) (imp) get-up]]. You(man) (imp) pick-up your(man's) bed/mat. And you(man) (imp) go to your(man's) house.""	Mark
Acts 15:25	Therefore we(leaders) agreed/decided [to choose some men] and [to send those men [to you(Gentiles)]]. These men will travel with our(leaders) [who are named Barnabas and Paul].	Acts
Joshua 24:12	[While your(Israelites') army was traveling toward those people] I(Yahweh) sent insects/hornets [that stung those people]. Those insects caused [those people to leave that region] [before you(Israelites) arrived at that region]. And those insects/hornets also caused [the two Amorite kings to leave that region].  You(Israelites) did not have to fight those people with your(Israelites') swords and your(Israelites') bows.	Joshua
Genesis 42:13	Then the brothers said, ["We(brothers) are 10 brothers]. We(brothers) have 2 other brothers.  We(brothers) all have the same father. and we(brothers) live in Canaan. Our(brother's) youngest brother is in Canaan with our(brother's) father. and our(brother's) other brother died."	Genesis
Mark 10:27	(paragraph) Jesus looked at those followers/disciples. And Jesus said, ["[People _generic save-A people _reflexive] is not possible]. But [God saves-A people _generic] is possible. God is able [to do all things]."	Mark
Genesis 9:16	[When I(God) see a rainbow] I(God) will remember the covenant [that I(God) made with all things [that live on the earth]]. This covenant will be forever."	Genesis
Mark 14:11	Those priests were glad [when those priests heard [ that (implicit-situational) Judas-Iscariot wanted [to give/betray-A Jesus to those priests]]]. And those priests promised Judas-Iscariot _implicit [that those priests would give money to Judas-Iscariot] [if Judas-Iscariot (implicit-situational) gave/betray-A Jesus to those priests]. So Judas-Iscariot started waiting for a time [so that Judas-Iscariot could give/betray-A Jesus to those priests _implicit].	Mark
1 Samuel 15:17	Samuel said, ["Previously you(Saul) did not think [that you(Saul) were important]]. But you(Saul) became the leader of the tribes of Israel. Yahweh chose/anointed/appointed you(Saul) [to become the king of Israel].	1_Samuel
Matthew 1:24	_paragraph Then Joseph wake-up . And Joseph did the thing [that the servant/angel of the Lord-A commanded [Joseph to do]]. Joseph married Mary .	Matthew
1 Samuel 25:33	I(David) hope [that Yahweh will bless you(Abigail)] [because you(Abigail) are wise]. You(Abigail) prevented  [me(David) from killing certain people today].  So I(David) will not punish those people.	1_Samuel
Acts 15:2	Paul and Barnabas definitely did not agree with the things [that these men were teaching]. And Paul and Barnabas argued with those men about those things [that those men were teaching]. So the group of people [who believe in Jesus] [and who lived in Antioch] sent Paul and Barnabas and some other people [who believe in Jesus] to Jerusalem [in order to talk more about this problem with the apostles and elders [who were in Jerusalem]].	Acts
2 Samuel 15:32	David walked to the top of the mountain. Previously people worshiped God at that place. Hushai [who was an Arkite] was at that place [in order to meet David].  Hushai tore Hushai's robe. And Hushai put dust on Hushai's head.  Hushai (implicit-info) did those things [in order to show people [that Hushai was very sad]].	2_Samuel
Genesis 10:26	Joktan had sons named Almodad, named Sheleph, named Hazarmaveth, and named Jerah.	Genesis
Genesis 7:18	The water became deeper. and the boat floated on the water [that was above the earth].	Genesis
Nehemiah 9:26	But those people did not obey you(Yahweh). Those people refused [to continue obeying your(Yahweh's) laws].  Those people turn-away from your(Yahweh's) law. Those people killed the people [who spoke God's messages to people].  Those people/prophets warned those people [that those people must follow you(Yahweh) again]. And Those people said very bad things about you(Yahweh)/blasphemed.	Nehemiah
Joshua 19:45	The tribe named Dan also owned the towns named Jehud, Bene-Berak, and Gath-Rimmon.	Joshua
2 Samuel 22:17	Yahweh moved Yahweh’s hand from heaven to earth. And Yahweh grabbed me(David).    Yahweh pulled me(David) out of deep water.	2_Samuel
Mark 3:8	Very many people [who came from Jerusalem, Idumea named the region _implicit, places [that were on the other side of the river-Jordan], and places [that were near Tyre named the city _implicit and Sidon named the city _implicit]] heard about the things [that Jesus was doing]. And those people came to Jesus.	Mark
1 Samuel 10:1	(title) Yahweh chooses Saul [to become the king of the Israelites]. Samuel picked up a jar [that contained olive oil]. And Samuel poured the oil on Saul's head. Then Samuel kissed Saul. And Samuel said to Saul, ["God chose you(Saul) [to rule the Israelites]]. The Israelites are God's children. You(Saul) (implicit-info) will save the Israelites from the Israelites' enemies [who are living near the Israelites]. Yahweh will (implicit-info) prove to you(Saul) [that Yahweh chose you(Saul) [to rule the Israelites]].	1_Samuel
Mark 3:33	(paragraph) Then Jesus said to the crowd , ["(rhetorical) Who are my(Jesus's) mother and my(Jesus's) brothers?"] ["(statement) I(Jesus) will tell you(people) about the people [who are my(Jesus's) mother and brothers]"].	Mark
1 Samuel 5:8	So the people [who were living in Ashdod] called all of the rulers of the Philistines. And those people asked those leaders, ["We(people) should do which thing to the Ark-of-the-Covenant of Israel]?" Those leaders answered, ["You(people) (imp) take the Ark-of-the-Covenant to Gath]." So the Philistines took the Ark-of-the-Covenant to Gath.	1_Samuel
2 Samuel 9:1	(title) David helps Saul’s family.  David asked, ["Are Saul’s descendants still alive]? I(David) want [to treat Saul’s descendants kindly][because I(David) loved Saul's son named Jonathan]."	2_Samuel
1 Samuel 25:27	I(Abigail) brought a gift to you(David).  You(David) (imp) please give this gift to the men [who follow you(David)].	1_Samuel
Mark 6:50	For all of those followers/disciples saw Jesus. And those followers/disciples were extremely afraid. (paragraph) But immediately Jesus spoke to those followers/disciples. Jesus said to those followers/disciples, ["You(followers) (imp) be brave!] I(Jesus) am Jesus _implicitNecessary. You(followers) (imp) do not be afraid."	Mark
1 Samuel 16:20	So Jesse put bread, a bag [that contained wine], and a young goat onto the back of a donkey. Then Jesse sent Jesse's son named David and that donkey to Saul.	1_Samuel
1 Samuel 15:34	Then Samuel went to Ramah. But Saul went to Saul's house [that was in Gibeah].	1_Samuel
Joshua 6:24	Then the Israelites burned that city and all of the things [that were in that city]. But the Israelites gave the things [that were made of silver, gold, bronze, and iron] to Yahweh.	Joshua
Matthew 14:16	_paragraph Jesus said to those followers/disciples _implicit, ["These people do not need [to leave this place _implicit]]. You(followers) (imp) _imperativeWithEmphasizedAgent give food _implicitNecessary to these people [so that these people could eat that food _implicit]."	Matthew
Genesis 46:15	Leah birthed sons named Reuben, named Simeon, named Levi, named Judah, named Issachar and named Zebulun for Jacob [while Jacob and Leah lived in northwest Mesopotamia].  Leah also birthed Jacob's daughter named Dinah. Thus 33 people [who were descendants of Jacob and Leah] went to Egypt.	Genesis
Daniel 6:2	King Darius also chose three more officials. These three officials were more important than the other officials. King Darius wanted [these three officials to oversee all the other officials [so that the king would not worry about things]]. Daniel was one of these three officials.	Daniel
Daniel 2:18	Daniel told [these three men to pray to God about this problem]. Daniel also told [these three men to ask [God to protect Daniel and the three men]]. Then the king's guards will not kill Daniel and the three men.	Daniel
Matthew 13:42	Those servants/angels will throw those people into the big container [that contains a very hot fire] _frameInferable. (implicit-situational) That container/furnace is-X hell-A. The people [who are in that place] will cry/weep. And those people will bite/gnash those people's teeth [because (implicit-situational) those people will suffer much].	Matthew
Matthew 13:4	[While that person/farmer was scattering those seeds,] some of those seeds fell on a path. And birds came. And those birds ate those seeds.	Matthew
Mark 1:18	Then Simon and Andrew immediately left-C Simon's and Andrew's nets. And Simon and Andrew followed Jesus.	Mark
Genesis 24:12	Then the servant prayed to Yahweh.  The servant said, ["Yahweh, you(Yahweh) are the God of my(servant's) master named Abraham].  You(Yahweh) (imp) allow [me(servant) to find a wife for Abraham's son today]. Please you(Yahweh) (imp) be kind to my(servant's) master named Abraham.	Genesis
Nehemiah 12:20	Kallai was the leader of Sallu’s family. Eber was the leader of Amok’s family.	Nehemiah
1 Samuel 30:30	And David sent things to the leaders [who were in Hormah, Bor-Ashan, and Athak].	1_Samuel
Nehemiah 7:52	The temple servants were also descendants of  Besai, Meunim, and Nephusim.	Nehemiah
Acts 3:9	Then all the people saw [that man [who was not able [to walk]] walking].  And those people saw [that man praising God].	Acts
1 Samuel 17:26	Then David talked to the men [that were standing near David]. David asked those men, ["What will the king give to the man [who will kill Goliath]]? Goliath laughs at us(Israelites)! But Goliath is a Philistine. No person circumcised Goliath.  Goliath should not laugh at us(Israelites). We(Israelites) are the army of the God [who lives]!"	1_Samuel
Matthew 24:27	For the Son-of-man _1stAs3rd will be seen by all people _implicitActiveAgent [when the Son-of-man _1stAs3rd comes again _implicit to the earth] [just-like lightning [that happens during a storm] is seen by all people _implicitActiveAgent]. [When that lightning comes from the eastern area/region,] that lightning is seen by people _implicitNecessary [who are in the western area/region] .	Matthew
Daniel 9:2	[When Darius had been the king of Babylon for about one year] I(Daniel), Daniel, was studying the holy books. I(Daniel) read about the things [that God had said to Jeremiah [who was a prophet]]. God told Jeremiah [that the Jews will return to Jerusalem after 70 years].	Daniel
2 Samuel 12:12	You(David) secretly sexed Bathsheba. But all of the people [who are living in Israel] will know [that another man sexed your(David's) wives].”"	2_Samuel
Nehemiah 6:5	Then Sanballat sent Sanballat's servant to me(Nehemiah) [in-order-to bring the same message to me(Nehemiah) again]. That servant also brought a letter to me(Nehemiah).  People could read that letter [because Sanballat did not close that letter].	Nehemiah
Mark 3:35	All people [who do _routinely the things [that God wants-A [those people to do]]] be-U my(Jesus's) brother, my(Jesus's) sister, and my(Jesus's) mother ."	Mark
Nehemiah 2:7	I(Nehemiah) also said to the king, ["[If I(Nehemiah) please you(king)] you(king) (imp) please write letters to the rulers [that are on the western side of the Euphrates river]].  I(Nehemiah) will show those letters to those rulers. Then those rulers will protect me(Nehemiah) [while I(Nehemiah) am traveling to Judah]."	Nehemiah
Genesis 35:2	So Jacob said to Jacob's family and to all the people [who were with Jacob], ["(imp) you(people) destroy the idols [that you(people) made]]. Foreigners worship those idols! (imp) you(people) clean yourselves(people). Then (imp) you(people) put on  clean clothes.	Genesis
Matthew 15:36	Then Jesus took the 7 pieces/loaves and the fish _paucal. And [after Jesus thanked God _implicitNecessary for the food _implicit,] Jesus broke the food into pieces _implicit. Jesus gave that food to Jesus's followers/disciples. And those followers/disciples gave that food to the people.	Matthew
Genesis 31:47	Laban and Jacob named that place with a name [that means stones [that will remind us(Laban)]].	Genesis
Mark 10:50	Bartimaeus quickly take-off Bartimaeus's coat. And Bartimaeus quickly stand-up-A . And Bartimaeus came to Jesus.	Mark
Joshua 10:3	So Adoni-Zedek sent messages to Hoham [who was the king of Hebron], Piram [who was the king of Jarmuth], Japhia [who was the king of Lachish], and Debir [who was the king of Eglon]. Adoni-Zedek [who was the king of Jerusalem] begged [those men to help Adoni-Zedek].	Joshua
Genesis 43:9	I(Judah) promise you(Jacob) [that no bad things will happen to Benjamin].  I(Judah) will care for Benjamin. [If I(Judah) do not bring Benjamin to you(Jacob)] [when we(brothers) return to Canaan] you(Jacob) may blame me(Judah).	Genesis
Joshua 19:1	Yahweh (title) gives land to the tribe named Simeon. [After the Israelites used the lots again] Yahweh gave the second region to the tribe named Simeon. Each group of families [that were in that tribe] received land.  That tribe's land was in the region [that the tribe named Judah owned].	Joshua
Genesis 32:13	Then Jacob stayed at that place during the night. And Jacob gathered some animals [in order to give those animals to Esau].	Genesis
Matthew 8:26	(paragraph) Jesus (rhetorical) asked, ["Why are you(followers) afraid?] Jesus (statement) said, ["You(followers) should not be afraid]. (complex) You(followers) do not have much faith. (simple) You(followers) do not believe much in me(Jesus)." Then Jesus get-up. And Jesus spoke/rebuke to the winds and the waves. Then the water became completely calm.	Matthew
Genesis 28:3	I(Isaac) pray to God [that God-Almighty will bless you(Jacob)]. God-Almighty will cause [you(Jacob) to have many children].   The descendants of you(Jacob) will become many nations.	Genesis
Matthew 15:4	For God said through Moses _implicit, ["You(person) (imp) honor your(person's) father and your(person's) mother"]. And God also said through Moses _implicit, ["A person [who says-C evil things-C about that person's father or that person's mother] must be killed by people _implicitActiveAgent"]. (footnote) You(people) (imp) see Exodus 20:12, Deuteronomy 5:16, Exodus 21:17, and Leviticus 20:9.	Matthew
Joshua 12:14	The Israelites defeated the king of Hormah and the king of Arad.	Joshua
Jonah 1:9	Then Jonah answered those men, ["I(Jonah) am a Hebrew]. And I(Jonah) worship Yahweh [, who is the God of heaven]. Yahweh made the sea and the dry land."	Jonah
Matthew 27:53	Those bodies come-out from those holes/tombs. After the time [that Jesus became alive again at] those people went into the special/holy city named Jerusalem _implicit. And those people were seen by many people.	Matthew
Genesis 38:8	Then Judah said to Er's brother named Onan, ["You(Onan) (imp) sex the wife of your(Onan's) brother [who died]].  You(Onan) must have children for your(Onan's) brother."	Genesis
1 Samuel 22:11	Then the king sent a soldier [to bring Ahimelek and all of the men [who were in Ahimelek’s family] to the king].  Ahimelek was the son of Ahitub. Ahimelek and all of the men [who were in Ahimelek’s family] were priests at Nob. So Ahimelek and all of the men [who were in Ahimelek’s family] came to the king.	1_Samuel
Daniel 1:7	The chief official gave new names to these four young men. The chief official named Daniel Belteshazzar. And the chief official named Hananiah Shadrach. And the chief official named Mishael Meshach. And the chief official named Azariah Abednego.	Daniel
Joshua 15:54	And the tribe named Judah owned the towns named Humtah, Kiriath-Arba, and Zior. (People called Kiriath-Arba Hebron.) Therefore the tribe named Judah owned 9 towns [that were in that region].  And the tribe named Judah also owned the fields [that were near those towns].	Joshua
Matthew 21:43	_paragraph (complex) Therefore I(Jesus) tell you(priests) [the kingdom-B of God will not be given by God _implicitActiveAgent to you(priests)]. (simple) Therefore I(Jesus) tell you(priests) [God will not accept you(priests)]. (complex) (literal) Instead, the kingdom-B of God will be given by God _implicitActiveAgent to people [who will produce-A fruit [that belongs to the kingdom]]. (complex) (dynamic) Instead, the kingdom-B of God will be given by God _implicitActiveAgent to people [who live like people [who belong to God]]. (simple) (literal) Instead, God will accept the people [who will produce-A fruit [that belong to God]]. (simple) (dynamic) Instead, God will accept the people [who live like people [who belong to God]].	Matthew
Joshua 8:21	Joshua and all of Joshua's soldiers turned around [because Joshua and all of Joshua's soldiers saw [smoke rising from the city]]. So Joshua and all of Joshua's soldiers stopped running. And Joshua and all of Joshua's soldiers started fighting the soldiers [that were from Ai].	Joshua
Daniel 1:2	God allowed [Nebuchadnezzar to capture Jehoiakim and many Jews]. God also allowed [Nebuchadnezzar to take some holy things from the temple [that was in Jerusalem]]. Nebuchadnezzar took many Jews and these holy things to Babylon. Then Nebuchadnezzar put the holy things in the temple of Nebuchadnezzar's god.	Daniel
Matthew 6:19	(title) Jesus talks about treasures. (paragraph) You(people) (imp) do not store treasures on earth for yourselves(people) _reflexive . For on earth there are insects/moths [that might destroy those treasures _implicit]. And there is rust [that might destroy those treasures _implicit]. And there are thieves [who might enter your(people's) house _implicit [in order to steal those treasures _implicit]].	Matthew
Genesis 29:24	Laban also gave Laban's female slave named Zilpah to Leah.	Genesis
1 Samuel 19:18	[After David escaped from Saul] David went to Samuel [who was at Ramah]. David told Samuel [that Saul tried [to kill David]]. Then David and Samuel went to a place named Naioth. And David and Samuel stayed at that place.	1_Samuel
Acts 21:6	Then we(Christians) goodbyed each-other(Christians). And we(disciples) entered that ship. But the people [who believe in Jesus] [and who live in Tyre] returned to the people's [who believe in Jesus] homes.	Acts
Joshua 10:24	Those soldiers brought those five kings to Joshua. Then Joshua called all of the men of Israel to that place.  Then Joshua said to the leaders of Joshua's army, ["(imp) You(soldiers) come to this place!]  And (imp) you(soldiers) put your(soldiers') feet on the necks of these kings." So the leaders went to the kings. And the leaders put the leaders' feet on the king's necks.	Joshua
Mark 11:5	Some people [who were standing at that place] said to those followers/disciples _dual, ["What are you(followers) _dual doing?] Why are you(followers) _dual untying that young horse/donkey? "	Mark
Genesis 40:9	So the man [who made wine for the king] told Joseph about the man's dream. That man said, ["[While I(man) was dreaming] I(man) saw a vine].	Genesis
Matthew 19:16	(title) Jesus answers a rich man's question. _paragraph [While (implicit-situational) Jesus and Jesus's disciples were traveling,] a man came to Jesus. (literal) And that man asked Jesus, ["Master/teacher, which good-B thing-B should I(man) do [so that I(man) will have eternal life]?"] (dynamic) And that man asked Jesus, ["Master/teacher, which good-B thing-B should I(man) do [so that I(man) will live forever with God _implicit]?"]	Matthew
Matthew 26:55	_paragraph (norhetorical) At that time Jesus asked the people [who (implicit-situational) were take-away/arrest Jesus], ["Am I(Jesus) a person [who breaks-C laws]?] (statement) At that time Jesus said to the people [who (implicit-situational) were take-away/arrest Jesus], ["I(Jesus) am not a person [who breaks-C laws]]. (rhetorical) Then-D why do you(crowd) come with swords and short heavy sticks [in order to take-away/arrest me(Jesus)]? (statement) So you(crowd) should not come with swords and short heavy sticks [in order to take-away/arrest me(Jesus)]. I(Jesus) was with you(crowd) on every day [that I(Jesus) was teaching-B God's message _implicit to people _genericImplicit in the yard/courtyard of the big building [that Jews honor/worship God in] on]. And you(crowd) did not take-away/arrest me(Jesus).	Matthew
Mark 5:14	(paragraph) The people [who cared for the pigs] run-away to the city _implicit of Gerasa. And those people told about the things _implicit [that happened] to the people [who were in the city] and the people [who were outside the city]. And those people came to Jesus _implicit [in-order-to learn about the things [that happened]].	Mark
Joshua 10:7	So Joshua and Joshua's army started walking/marching from Gilgal. All of Joshua's best soldiers went with Joshua.	Joshua
Matthew 10:5	_paragraph Jesus sent these 12 followers/disciples to people _implicit. And Jesus told to these 12 followers/disciples the following instructions. Jesus said, ["You(disciples) (imp) do not go among the people [who are not Jews]]. And you(disciples) (imp) do not enter a town of the Samaritans.	Matthew
1 Samuel 31:8	On the next day the Philistines started take-away all of the valuable things from the dead Israelites. Then the Philistines saw [that Saul and Saul's three sons were dead on the mountain named Gilboa].	1_Samuel
Genesis 41:38	So the king said to the king's officials, ["Are we(king) able [to find find another man [who is like this man [that has God's spirit in this man]]]]? We(king) are not able [to find another man [who is like this man [that has God's spirit in this man]]].  Joseph is the wisest man [that lives in Egypt].  God's spirit is in Joseph. So Joseph should oversee the crops in Egypt."	Genesis
2 Samuel 19:34	But Barzillai said to the king, ["I(Barzillai) will not live for many more years]. So why should I(Barzillai) go with you(David) to Jerusalem?	2_Samuel
Mark 6:46	[After Jesus left the crowd of people,] Jesus went to a mountain [in-order-to pray].	Mark
1 Samuel 29:2	The kings of the Philistines were walking/marching with the kings’ soldiers toward the Israelites. There were groups of 100 soldiers and groups of 1000 soldiers. David and the men [who were with David] were walking/marching at the back of the Philistine army with Achish.	1_Samuel
Genesis 41:53	7 years later the crops stopped growing.	Genesis
Nehemiah 10:30	Those people said, ["We(people) will not let [our(people's) daughters marry men [who are from other countries]]]. And we(people) will not let [women [who are from other countries] marry our(people's) sons].	Nehemiah
Joshua 22:14	And the Israelites also sent 10 leaders with Phinehas.  Each of those leaders was from one tribe of Israel. Each of those men was a leader of a group of families.	Joshua
Genesis 2:11	The name of the first river is Pishon.  This river is in Havilah.  There is gold in Havilah.	Genesis
Esther 8:7	Then King Xerxes said to Queen Esther and to Mordecai, ["I(king) have given all of the things [that Haman owned] to Esther.] And I(king) ordered [my(king's) servants to hang Haman] [because Haman wanted [to kill the Jews]].	Esther
Matthew 13:6	But [after the sun rose,] those plants were burned by the sun _implicitActiveAgent. And those plants died/wither [because those plants did not have long _implicit roots].	Matthew
Joshua 4:23	Your(children's) God named Yahweh caused [the water to stop flowing]. The water did not flow [until the people finished going across the river]. Yahweh caused [the Jordan River to become dry] [just-like Yahweh caused [the Red-Sea to become dry]]. At the Red-Sea Yahweh caused [the ground to become dry [so that we(Israelites) could go across the Red-Sea]].	Joshua
1 Samuel 8:13	The king will also take away your(people's) daughters from you(people). Certain daughters will make perfumes for the king. And other daughters will cook for the king.	1_Samuel
Joshua 6:5	[After you(Israelites) finish walking around the city -iteration 7 times] the priests must loudly play the trumpets. Then (imp) you(Joshua) tell [all of the people to shout loudly]. Then I(Yahweh) will cause [the walls of the city to fall]. Then the Israelites will go into the city."	Joshua
2 Samuel 17:7	Hushai said to Absalom, ["Ahithophel did not advise you(Absalom) well].	2_Samuel
1 Samuel 2:18	(title) Samuel grows up. But Samuel obeyed Yahweh. And Samuel [who was a boy] wore a special robe [that was just like the priests' robes].	1_Samuel
1 Samuel 20:4	Then Jonathan said to David, ["[If you(David) want [me(Jonathan) to help you(David)]] I(Jonathan) will help you(David)]."	1_Samuel
Mark 8:38	For most people of this time/generation do not obey God. And those people much do bad-B actions. [If a person is ashamed of me(Jesus) and my(Jesus's) message among these people,] the Son-of-man _1stas3rd will also be ashamed of that person. The Son-of-man _1stas3rd will be ashamed of that person [(complex) when the Son-of-man _1stas3rd returns with the glory of the Son-of-man's _1stas3rd Father and with the special/holy servants/messengers [who come from God]] [(simple) when the Son-of-man _1stas3rd returns with the great/glorious power of the Son-of-man's _1stas3rd father and with the special/holy servants/messengers [who come from God]]."	Mark
Genesis 30:36	Then Laban sent Laban's sons and those animals to a different place.  The sons of Laban walked to that place for 3 days. And Laban told [Jacob to care for the animals [that were still near the house of Laban]].	Genesis
1 Samuel 7:10	[While Samuel was burning the lamb/offering], the Philistines arrived. The Philistines were ready [to attack the Israelites]. But Yahweh caused [there to be very loud thunder]. Then the Philistines became very afraid. So the Israelites defeated the Philistines.	1_Samuel
1 Samuel 25:1	(title) Nabal insults David.  Then Samuel died. So the Israelites gathered.  And all of the Israelites were very sad/mourned.  Then the Israelites buried Samuel near Samuel's house [which was in Ramah]. Then David went into the desert named Paran.	1_Samuel
Matthew 1:11	Josiah (literal) became the father of Jeconiah and of Jeconiah’s brothers. Josiah (dynamic) was the grandfather of Jeconiah and of Jeconiah's brothers. At that time Babylon _implicitNecessary named nation _implicit exiled the Jews _implicitNecessary to Babylon.	Matthew
Matthew 10:37	_paragraph A person [who loves that person’s father or that person’s mother [more-than that person loves me(Jesus)]] does not deserve [to be with me(Jesus)]. A person [who loves that person’s son or that person’s daughter [more-than that person loves me(Jesus)]] does not deserve [to be with me(Jesus)].	Matthew
Matthew 27:10	And those people used those coins [in order to buy the field of the person [who makes pots with clay]]. That action was the action [that the Lord-A commanded [me(Jeremiah) to tell-C to people _implicitDifferentNounIndex]]." (footnote) You(people) (imp) see Zechariah 11:12-13 and Jeremiah 19:1-13 and 32:6-9.	Matthew
Matthew 8:11	(literal) I(Jesus) tell you(people) [ many people will come from the eastern regions and the western regions ]. (dynamic) I(Jesus) tell you(people) [ many people [(implicit-situational) who are not Jews] will come from all of the places of the world ]. (complex) And those people will lie-down with Abraham, Isaac, and Jacob at the meal/feast _implicitNecessary [that will be in the kingdom-B of heaven]. (simple) And those people will eat food _implicit with Abraham, Isaac, and Jacob at the meal/feast _implicitNecessary [that God will prepare for God's people].	Matthew
Matthew 10:31	So you(followers) (imp) do not be afraid. For _implicit you(followers) are much more valuable than many birds/sparrows.	Matthew
Genesis 24:51	You(servant) (imp) take Rebekah to Isaac. Rebekah may marry the son of the master of you(servant). We(Laban) will obey Yahweh."	Genesis
1 Samuel 28:17	Yahweh previously told you(Saul) [that Yahweh will leave you(Saul)]. So Yahweh left you(Saul). Yahweh told you(Saul) those things through me(Samuel). Yahweh took the kingdom from you(Saul). And Yahweh gave the kingdom to David.	1_Samuel
Genesis 31:42	But the God of my(Jacob's) father, of Abraham, and of Isaac was with me(Jacob). [If God had not been with me(Jacob)] you(Laban) would have forced [me(Jacob) to leave with no things]. But God saw [that you(Laban) treated me(Jacob) badly].  And God saw [that I(Jacob) worked hard]. So yesterday God rebuke you(Laban)."	Genesis
Nehemiah 7:40	1052 priests [that were from Immer] returned.	Nehemiah
Mark 5:2	[When Jesus and Jesus's disciples _implicit left the boat,] immediately a man [who was controlled by an unclean-B spirit] come-out from the holes/caves [where people put dead bodies ] to Jesus.	Mark
1 Samuel 25:39	[When David heard [that Nabal was dead]], David said, ["I(David) praise Yahweh]. Nabal treated me(David) badly.  But Yahweh helped me(David). Yahweh prevented [me(David) from killing Nabal].  Then Yahweh killed Nabal [because Nabal was rude]. Nabal should have been kind to me(David)." Then David sent a servant to Abigail.  David wanted [to ask [Abigail to marry David]].	1_Samuel
Mark 9:46	(footnote) Most manuscripts of this part of the Scriptures do not include verse 46. But some manuscripts of this part of the Scriptures include verse 46. Verse 46 says, ["Hell is the place [where the worms [that eat people] never die] [and where the fire always burns]"]. You(people) (imp) see verse 48.	Mark
2 Samuel 22:16	Yahweh scolded/rebuked the enemies.   Wind blew from Yahweh's nose.   Valleys appeared in the ocean.And people were able [to see the floor of the earth].	2_Samuel
Genesis 33:7	Then Leah and the children of Leah also came to Esau. and Leah and Leah's children  bowed to Esau. Then Joseph and Rachel came to Esau. and Joseph and Rachel bowed to Esau.	Genesis
Matthew 26:31	(title) Jesus says/predicts [Peter will tell people [Peter does not know Jesus]]. _paragraph Then Jesus said to Jesus's followers/disciples, ["On this night all of you(disciples) will leave/abandon me(Jesus) because of the thing-B [that will happen to me(Jesus)]]. For the Scripture says, ["I(God) will kill the person [who cares for sheep]]. And the sheep _frameInferable will run-away." (footnote) You(people) (imp) see Zechariah 13:7.	Matthew
Acts 19:31	And some government officials [who ruled the people [who live in that region]] were Paul's friends. Those officials also sent a message to Paul [in order to beg Paul [not to go into the stadium/theater].]	Acts
2 Samuel 15:10	Then Absalom secretly sent messengers to all of the tribes [that were in Israel]. Those messengers said to the people, ["[When you(people) hear trumpets], (imp) you(people) say, ["Absalom is the king in Hebron].""]	2_Samuel
Joshua 15:2	The southern border of Judah's land was at the southern end of the sea-Dead.	Joshua
1 Samuel 17:11	[When Saul and the Israelites heard Goliath’s words] Saul and the Israelites became very afraid.	1_Samuel
Mark 12:41	(title) Jesus talks about people [who give gifts to God]. (paragraph) Then Jesus sit-down near the box [where people _generic put money [that was for the temple] in]. And Jesus watched [people putting those people's money into that box]. Many rich people were putting much money into that box _implicit.	Mark
Mark 2:12	Then that man get-up. And immediately that man pick-up that man's bed/mat. And that man left the house _implicit in-front-of all the people [who were (implicit-situational) at that place]. Then those people were surprised/amazed. And those people praised God. Those people said, ["We(people) never saw a thing [that is like this thing [that has happened (implicit-situational)]]!"]	Mark
2 Samuel 17:23	Ahithophel became very upset [because the Israelites did not listen to Ahithophel]. So Ahithophel rode Ahithophel's donkey to the city [that Ahithophel was born in]. Ahithophel ordered [Ahithophel's servants to do certain things for Ahithophel's family]. Then Ahithophel hung Ahithophel. [After Ahithophel died] Ahithophel's family buried Ahithophel's body in Ahithophel's father's tomb.	2_Samuel
1 Samuel 11:14	Then Samuel said to the people, ["Let us(people) go to Gilgal]. At Gilgal we(Israelites) will again promise [to obey the king]."	1_Samuel
Joshua 14:4	Joseph's descendants became two tribes. One tribe's name was Manasseh. And the other tribe's name was Ephraim. Moses did not give land to the tribe named Levi. But Moses gave towns and fields to the families [that were in the tribe named Levi].  So the people [who were in the tribe named Levi] lived in those towns.  And the sheep and cows [that those people owned] ate the grass [that was in those fields].	Joshua
1 Samuel 26:12	So David took the spear and the jar [that were near Saul’s head]. Then David and Abishai left.  Yahweh caused [Saul’s soldiers to sleep deeply]. So Saul’s soldiers did not see David.  And Saul’s soldiers did not wake-up.	1_Samuel
Genesis 4:18	Later Enoch had a son named Irad.  Then Irad had a son named Mehujael.  Mehujael had a son named Methushael.  And Methushael had a son named Lamech.	Genesis
Genesis 38:22	So Hirah returned to Judah. and Hirah said to Judah, ["I(Hirah) was not able [to find the woman [that you(Judah) sexed]]]. and the people [who live in that town] said, ["There is not a prostitute in this town."]	Genesis
2 Samuel 1:16	[Before that soldier killed that Amalekite] David said to that Amalekite, ["You(man) admitted [that you(man) killed Yahweh's king]]. You(man) said, ["I(man) killed the king [that Yahweh chose/anointed"]]."	2_Samuel
1 Samuel 25:30	Yahweh keeps Yahweh's promises. And Yahweh promised [to do many good things for you(David)]. Yahweh will cause [you(David) to become the leader/ruler of Israel].	1_Samuel
1 Samuel 4:17	Then that man said, ["The Israelites ran from the Philistines]. The Philistines killed many of our(Israelites') soldiers. And the Philistines also killed your(Eli's) two sons. And the Philistines took/captured the Ark-of-the-Covenant."	1_Samuel
Nehemiah 3:31	A man named Malkijah repaired the next part of the wall. Malkijah made things with gold. That part of the wall led to a house [that the servants of the temple and the people [that sold things] lived in]. That house was near the gate-Inspection. And that part of the wall led to the room [that was on the corner of the wall].	Nehemiah
1 Samuel 17:38	Then Saul put Saul's clothes on David. And Saul put Saul's armor on David. And Saul put Saul's bronze helmet on David.	1_Samuel
2 Samuel 14:18	Then King David said to that woman, ["I(David) will ask you(woman) one question]. You(woman) (imp) do not lie to me(David)."The woman said, ["My(woman) master, (imp) you(David) please ask me(woman) the question]."	2_Samuel
2 Samuel 16:12	Perhaps Yahweh will see[that I(David) am very sad]. Then Yahweh might stop cursing me(David). And Yahweh might cause [good things to happen to me(David)]."	2_Samuel
Mark 9:27	But Jesus held the boy's hand. And Jesus helped the boy [the boy to stand-up]. So the boy stand-up-B. (implicit-situational) The boy was healed by Jesus!	Mark
Mark 6:28	And that soldier brought John's head to the king _implicit on a plate/platter. Then that soldier gave John's head to the girl. And the girl gave John's head to the girl's mother.	Mark
2 Samuel 19:41	But the men [who were from Israel] came to the king. And those men said to the king, ["Why did the men [who are from Judah] take-away the king from us(men)]? Those men brought you(David) and your(David's) family across the river without us(men)."	2_Samuel
Joshua 23:10	One of you(Israelites) defeats 1000 enemies [because your(Israelites') God named Yahweh fights for you(Israelites)]. Yahweh promised [to fight your(Israelites) enemies]. And Yahweh kept that promise.	Joshua
1 Samuel 26:16	But you(Abner) did not protect Saul. You(Abner) and your(Abner's) soldiers should die [because you(Abner) did not guard your(Abner's) master]. God chose Saul [to be the king]. Where are the king’s spear and jar [that were near Saul's head]?"	1_Samuel
Daniel 1:1	A man named Nebuchadnezzar was the king of Babylon. Another man named Jehoiakim was the king of Judah. [When Jehoiakim had been the king of Judah for about three years] Nebuchadnezzar and Nebuchadnezzar's army went to Jerusalem. Then Nebuchadnezzar and Nebuchadnezzar's army attacked Jerusalem. Nebuchadnezzar and Nebuchadnezzar's army defeated Jehoiakim and Jehoiakim's army.	Daniel
Genesis 10:8	Cush also had a son named Nimrod. Nimrod became a very powerful man.	Genesis
1 Samuel 22:21	Abiathar told David [that Saul killed Yahweh’s priests].	1_Samuel
2 Samuel 12:10	Therefore your(David's) enemies will kill many of  your(David’s) descendants with swords.  Your(David's) descendants will die [because you(David) did not respect me(Yahweh)][and  because you(David)  took Uriah's wife]."	2_Samuel
Genesis 28:8	Then Esau realized [that the father of Esau named Isaac did not want [the sons of Isaac to marry women [who were from Canaan]]].	Genesis
Genesis 7:6	Noah was 600 years old [when God caused [water to cover the earth]].	Genesis
2 Samuel 8:4	David captured 1000 of Hadadezer's chariots.  And David captured 7000 soldiers [that rode those chariots].  David also captured 20000 other soldiers. David kept 100 of Hadadezer's  horses.  But David cut the hamstring muscles/hamstrung of all the other horses.	2_Samuel
Genesis 7:24	The water covered the earth for 150 days.	Genesis
Daniel 4:11	And the tree grew taller. The tree also became stronger. The tree grew very tall. All the people [who live on the earth] were able [to see this tree].	Daniel
1 Samuel 23:6	(Abiathar [who was the son of Ahimelek] ran/fled to David [who was at Keilah].  And Abiathar brought the special clothes [that priests wore] to David. David and Ahimelek (implicit-info) previously used those special clothes [when David and Ahimelek talked to Yahweh at Nob].)	1_Samuel
Titus 3:10	Some people cause [people not to be united to each-other(people)]. [If a person does this thing] you(Titus) (imp) warn that person. And [if that person continues doing that thing] warn that  person again. But [if that person still continues to do that thing] you(Titus) avoid that person.	Titus
Nehemiah 5:10	I(Nehemiah), my(Nehemiah's) brothers, and my(Nehemiah's) men are also loaning money and grain to those people. But we(Nehemiah) must stop taking extra money and extra grain from those people!	Nehemiah
Matthew 6:14	(paragraph) For [if you(people) forgive other _implicit people's sins [ (implicit-situational) when those people sin against you(people)],] then-D your(people's) Father [who is in heaven] will also forgive you(people) [ (implicit-situational) when you(people) sin against your(people's) Father].	Matthew
Daniel 4:20	You(Nebuchadnezzar) saw a tree [that grew]. And the tree became strong. The tree grew very tall. All the people [who live on the earth] were able [to see this tree].	Daniel
Genesis 8:11	In the evening the dove returned to the boat.  The dove was carrying a green leaf [that was from an olive tree].  So Noah knew [that the ground was almost dry].	Genesis
Mark 9:10	Those 3 _implicit followers/disciples did not tell-C other people about those things [(implicit-situational) that happened on the mountain]. But _implicit those followers/disciples talked to each-other(followers) about the meaning of Jesus's words [when Jesus said [the Son-of-man _implicitNecessary will become alive again]].	Mark
Matthew 9:37	Then Jesus said to Jesus's followers/disciples, ["There is much grain [that should be gathered/harvest by people _implicitActiveAgent]]. But there are few people [who do the work of the master-A _implicit]." (footnote) Jesus is saying [people are ready [to believe in God] [just-like grain [that is in the field] is ready [to be gathered/harvest by people _implicitActiveAgent]]].	Matthew
Mark 6:45	(title) Jesus walks on the water of the lake. (paragraph) [(implicit-situational) After Jesus gave food to the people,] Jesus immediately made-B [Jesus's followers/disciples go into the boat [so that Jesus's followers/disciples would go across the lake to Bethsaida named the town _implicitType]]. (implicit-situational) But Jesus stayed on the land. And Jesus sent the crowd of people from that place.	Mark
Joshua 19:51	So Eleazar, Joshua, and the leaders of each tribe divided the land among the tribes at Shiloh. Eleazar was the priest. And Joshua was the son of Nun. The leaders used lots [in order to divide the land]. The leaders stood in-front-of Yahweh near the front of the tabernacle. So the leaders finished dividing the land.	Joshua
Matthew 24:10	(literal) In those days many people will stop having faith in me(Jesus) _implicitArgumentOfFaith. (dynamic) In those days many people will stop believing in me(Jesus) _implicit. And those people will give each-other(people) to each-other's(people's) enemies. And those people will hate each-other(people).	Matthew
Acts 3:17	And now, brothers, I(Peter) know [that you(people) did those things [because you(people) did not know the things [you(people) were doing]]]. And your(people's) rulers did not know the things [rulers were doing].	Acts
Daniel 6:13	Then the officials said to the king, ["Daniel [who is one of the people [that came from Judah]] does not do all the things [that you(king) say]]. Daniel does not do all the things [that the law [that you(king) wrote your(king's) name on] says]. Daniel prays to God three times every day."	Daniel
Nehemiah 7:54	The temple servants were also descendants of  Bazluth, Mehida, and Harsha.	Nehemiah
Matthew 4:4	(paragraph) But Jesus said, [" The Scriptures say , ["[If a person has only bread] that person will not truly _implicit live]]. A person also needs all of the words [that come from God's mouth]." (implicit-situational) So I(Jesus) will not do the thing [that you(devil) tell [me(Jesus) to do]]." (footnote) You(people) (imp) see Deuteronomy 8:3 .	Matthew
Genesis 24:38	Abraham said to me(servant), ["You(servant) must go to the relatives of my(Abraham's) father]. You(servant) must find a wife for my(Abraham's) son in that place."	Genesis
Esther 5:7	Then Esther said to the king, ["I(Esther) will tell you(king) about the thing [that I(Esther) want]].	Esther
Esther 8:1	That same day King Xerxes gave all of the things [that Haman owned] to Esther. Haman had been the Jews' enemy. Then Esther told the king [that Mordecai was Esther's cousin]. So the king invited [Mordecai to come to the palace].	Esther
Esther 6:1	That night the king was not able [to sleep]. So the king ordered [a servant to bring a book to the king]. The king told [the servant to read the book [that was about all the things [that the king did]]].	Esther
Matthew 13:54	[When Jesus arrived in the town [that Jesus was from] named Nazareth _implicit,] Jesus began teaching God's message _implicit to the people in those people's synagogue. And those people were surprised/amazed. (rhetorical) Those people asked each-other(people) _implicit, ["Where did this man receive this wisdom _inLDV and this power-B?] (statement) Those people said to each-other(people) _implicit, ["We(people) are surprised-B [that this man received this wisdom _inLDV and this power]].	Matthew
Genesis 23:3	Later Abraham stand-up.  Then Abraham left the place [where the body of Sarah was].  and Abraham went to the place [where the Hittites live] [in-order-to Abraham talk to the Hittites].	Genesis
1 Samuel 18:8	Then Saul became very angry. Saul thought, ["These women say [that David killed 10000 soldiers]]. But these women say [that I(Saul) killed only 1000 soldiers]. Soon these people will want [David to become the king]."	1_Samuel
Genesis 14:13	One man [who escaped from those four kings] came to Abram. This man told Abram [that the four kings captured Lot]. At-that-time Abram was living near some big trees [that were owned by a man named Mamre [who was an Amorite]]. Mamre was a brother of Eshcol and Aner. These brothers had all agreed [to help Abram].	Genesis
Matthew 4:1	(title) Satan tempts Jesus in the desert. (paragraph) Then Jesus was led by God’s _implicit Spirit to the desert [so that Jesus would be tempted by the devil ].	Matthew
Acts 16:16	The people (title) put Paul and Silas in prison. One day [when we(disciples) were going to the place [where people prayed]], a girl [who was a slave] met us(disciples). A bad spirit lived in that girl. And that bad spirit gave that girl power/ability to tell people about things [which will happen in the future].  This girl earned much money [by telling people about these things].	Acts
1 Samuel 3:11	Then Yahweh said to Samuel, ["I(Yahweh) will do a certain thing in Israel]. Each person [who hears about this thing [that I(Yahweh) will do]] will be very surprised.	1_Samuel
Acts 15:24	We(leaders) heard [that some people are telling you [to do certain things]]. And these things cause [you(people) you(Gentiles) to worry]. But we(leaders) did not send those people to you(people).	Acts
2 Samuel 1:12	All of those men were very sad. And those men cried/mourned for all of the people [that were living in Israel]. Those men did not eat food until that evening. Those men cried/mourned[because the Philistines killed Saul, Saul's son named Jonathan, and the soldiers [that were in Yahweh’s army] with swords].	2_Samuel
Genesis 14:7	Then these kings went to another region named En-Mishpat [which some people called Kadesh]. These kings defeated all the Amalekite. and these kings also defeated the Amorite [who lived in the place named Hazazon-Tamar].	Genesis
Genesis 42:21	The brothers said to each-other(brothers), ["God is punishing us(brothers) [because we(brothers) sold our(brother's) brother named Joseph]]. Joseph begged [us(brothers) to save Joseph].  But we(brothers) did not listen to Joseph.  Therefore God is punishing us(brothers) now."	Genesis
Mark 12:34	(paragraph) Jesus knew [that person/scribe spoke wisely]. And Jesus said to that person/scribe, ["(complex) You(person) are not far-away-from the kingdom of God"]. ["(simple) You(person) are almost ready [to let [God lead your(person's) life]]"]. And [after Jesus said that thing-C,] people were afraid-C [people ask Jesus more questions].	Mark
Jonah 1:2	Yahweh said to Jonah, ["You(Jonah) (imp) go to the great city named Nineveh]. You(Jonah) (imp) tell [the people [who are living in Nineveh] to stop doing evil things]. I(Yahweh) know [that the people [who are living in Nineveh] do evil things often]."	Jonah
Matthew 21:19	Jesus saw a tree-fig [that was by-B the road]. So Jesus went to that tree-fig. But Jesus saw [there was not fruit on that tree-fig]. That tree-fig had only leaves. Then Jesus said to that tree-fig, ["I(Jesus) pray-hope [fruit will never grow on you(tree-fig) again]!"] Immediately the tree-fig died/withered.	Matthew
1 Samuel 26:21	Then Saul said, ["I(Saul) sinned]. David, my(Saul's) son, you(David) (imp) return to me(Saul). Today you(David) did not kill me(Saul). So I(Saul) will not try [to hurt you(David)] again. I(Saul) was foolish. And I(Saul) acted badly."	1_Samuel
Ruth 4:15	This child will cause [you(Naomi) to become happy again [just like you(Naomi) were happy [when you(Naomi) were young]]]. And this child will take care of you(Naomi) [when you(Naomi) become old]. Your(Naomi’s) daughter-in-law [who loves you(Naomi)] gave birth to this son. And your(Naomi’s) daughter-in-law is better for you(Naomi) than seven sons."	Ruth
Acts 16:11	A (title) woman named Lydia believed in Jesus. Then we(disciples) got on a boat. And we(disciples) left Troas. We traveled directly to a city named Samothrace. And the next day we(disciples) arrived in a city named Neapolis.	Acts
Genesis 46:11	Levi had sons named Gershon, named Kohath, and named Merari.	Genesis
Esther 3:7	One day Haman ordered [Haman's servants to use lots] [in order to choose a special month]. People called the lots Pur. [When Xerxes had been king for about 12 years] Haman used lots. The lots chose the month named April.	Esther
Daniel 1:9	God had caused [the chief official to like Daniel]. And God caused [the chief official to agree with Daniel].	Daniel
Nehemiah 7:15	648 men [that were from Binnui] returned.	Nehemiah
Genesis 24:56	But the servant said to the mother and the brother, ["you(mother) (imp) do not ask me(servant) [to stay at this place]]. Yahweh helped [me(servant) to find a wife for Isaac]. Therefore you(mother) (imp) allow [me(servant) to return to my(servant's) master today]."	Genesis
Joshua 9:15	So Joshua made a treaty with the Gibeonites.  And Joshua agreed [to let [the Gibeonites live]]. Then the leaders of the Israelites promised the Gibeonites [that the Israelites would keep the treaty].	Joshua
2 Samuel 24:4	But the king commanded [Joab and the officers to count the people]. So Joab and those officers left the king [in order to count the people [that were living in Israel]].	2_Samuel
1 Samuel 20:35	In the morning Jonathan went to the field [that David was hiding in]. Jonathan wanted [to meet David]. A young boy went with Jonathan to that field.	1_Samuel
Matthew 13:36	(title) Jesus explains the story/parable [that was about plants [that people do not want]]. _paragraph Then Jesus left the crowd. And Jesus went into the house _frameInferable. Jesus's followers/disciples came to Jesus. And Jesus's followers/disciples said, ["You(Jesus) (imp) explain to us(followers) the story/parable [that is about the plants [that people do not want] [and that were in a field]]."]	Matthew
Genesis 50:16	So the brothers sent a message to Joseph. The brothers said, ["Your(Joseph's) father spoke to us(brothers) [before your(Joseph's) father died]].	Genesis
1 Samuel 21:1	(title) David visits the priest named Ahimelek. David went to Nob [in-order-to see the priest named Ahimelek]. Ahimelek became afraid [when Ahimelek saw David]. Ahimelek asked David, ["Why did you(David) come to this place alone]? Why did not your(David's) soldiers come with you(David)?"	1_Samuel
Mark 14:32	(title) Jesus prays in Gethsemane. (paragraph) Then Jesus and Jesus's followers/disciples came to a place named Gethsemane [(implicit-situational) which was a garden of tree-olive _plural]. And Jesus said to some _implicit of Jesus's followers/disciples, ["You(followers) (imp) sit-down in this place [while I(Jesus) pray]"].	Mark
Genesis 1:31	God saw all of the things [that God had made]. And those things were very good. God did these things on the sixth day.	Genesis
Genesis 34:27	Then Jacob's other sons came to that city.  Those sons saw [that all of the men were dead].  So those sons stole/plundered all of the things [that were in that city [where Shechem forced Dinah [to sex Shechem]]].	Genesis
Genesis 46:14	Zebulun had sons named Sered, named Elon, and named Jahleel.	Genesis
Mark 1:31	So Jesus went to Simon's mother/mother-in-law. Jesus held that mother's/mother-in-law's hand. And Jesus helped [that mother/mother-in-law to stand-up]. (literal) Then _implicit that mother/mother-in-law stopped having a fever . (dynamic) Then-C _implicit that mother/mother-in-law became healthy. And that mother/mother-in-law started to serve food _implicit to Jesus and Jesus's disciples.	Mark
Joshua 13:21	Moses also gave all of the towns [that were on the plain] to those people. And Moses gave the whole region [that Sihon ruled] to those people. Sihon was the king of the Amorites. Previously Sihon lived in the town named Heshbon. But Moses defeated Sihon and the leaders of the Midianites. The names of the Midianite leaders were Evi, Rekem, Zur, Hur, and Reba. All of those leaders helped [Sihon fight the Israelites]. And those leaders lived in that region.	Joshua
Genesis 32:20	Then Jacob said to these servants, [you(servants) (imp) also say to Esau [your(Esau's) servant named Jacob will arrive at this place tomorrow]]. Jacob thought, ["[If I(Jacob) send these gifts to Esau] Esau might forgive me(Jacob)]. Then Esau might treat me(Jacob) kindly.”	Genesis
Matthew 13:3	Then Jesus started telling those people many things [by telling-D parables]. Jesus said, ["A farmer went from that farmer's house _implicit to that farmer's field _implicit [in-order-to plant seeds]].	Matthew
Genesis 1:3	Then God said, ["Let light be!]"  And light was.	Genesis
1 Samuel 13:11	But Samuel asked Saul, ["What did you(Saul) do?"]  Saul answered, ["I(Saul) saw [the soldiers leaving me(Saul)]]. And you(Samuel) did not come to Gilgal at the time [that we(Saul) talked about].  And the Philistines are preparing [in order to fight us(Israelites) at Mikmash].	1_Samuel
Joshua 19:34	Then the border went to Aznoth-Tabor and Hukkok.  The region [that the tribe named Zebulun owned] was on the southern side of this region. The region [that the tribe named Asher owned] was on the western side of this region. And the Jordan River was on the eastern side of this region.	Joshua
2 Samuel 13:13	[If you(Amnon) do this thing] I(Tamar) will be ashamed. And people will hate you(Amnon) [because you(Amnon) did this foolish thing]. Please (imp) you(Amnon) talk to the king. The king will allow [you(Amnon) to marry me(Tamar)]."	2_Samuel
1 Samuel 5:4	On the next morning the people of Ashdod woke up. And those people saw Dagon on the ground again!  Dagon was on the floor in front of the Ark-of-the-Covenant. The head and the hands of the idol were broken off. The head and the hands were near the door of the temple. And the body of Dagon was lying on the floor.	1_Samuel
Genesis 41:1	-Title Joseph explains the king's dream. 2 years Later the king dreamed [that the king was standing near the river named Nile].	Genesis
Matthew 23:11	The person [who wants [to be the greatest person [that is among you(followers)]]] must be your(followers') servant-A.	Matthew
Matthew 23:23	_paragraph People [who teach the religious laws] and Pharisees, people [who pretend [to be good/righteous]], you(scribes) will much suffer! (complex) You(scribes) give _habitual 1 part from 10 parts of your(scribes') spices [_descriptive which include mint, dill and cumin ]. (simple) You(scribes) give 1 part of 10 parts of your(scribes') spices [that cause [food to taste good]]. But you(scribes) stopped obeying God's _implicit more important religious laws. People _generic should be fair/just, kind/merciful and faithful-A. You(scribes) obey God's _implicit less important religious laws. But you(scribes) should also obey those more important religious laws.	Matthew
Genesis 24:18	Rebekah said, ["Master, you(servant) (imp) drink this water."] Rebekah quickly moved the jar from Rebekah's shoulder. and Rebekah allowed [the servant of Abraham to drink some water].	Genesis
Daniel 3:8	Then some astrologers came to the official. And the astrologers accused [some Jews of not bowing to the statue].	Daniel
Matthew 13:58	_paragraph (complex) And Jesus did not do many miracles there [because the people did not have faith in Jesus _implicit]. (simple) And Jesus did not do many miracles there [because the people did not believe in Jesus _implicit].	Matthew
Matthew 22:33	_paragraph [When the crowd heard these words,] the crowd was extremely surprised/amazed because of the things-C [that Jesus was teaching-B people _implicit].	Matthew
2 Samuel 22:19	Those people attacked me(David) [when I(David) had much-many trouble].    But Yahweh helped me(David).	2_Samuel
Joshua 19:48	So Yahweh gave towns and villages to the tribe named Dan. Each group of families [that were in that tribe] received land.	Joshua
2 Samuel 6:13	The men [who were carrying the Ark of the Covenant] walked six steps. Then David gave/sacrificed a bull and a fat calf to Yahweh. David repeatedly sacrificed animals [while those men were carrying the Ark of the Covenant].	2_Samuel
Acts 21:10	The (title) people [who believe in Jesus] tried to persuade Paul [not to go to Jerusalem]. We(disciples) stayed in that place for many days. A man named Agabus left the region named Judea. And Agabus came to the city [where we(disciples) were staying]. Agabus' job was telling people God's messages.	Acts
Genesis 6:4	People called some giants [who lived on the earth at that time] Nephilim.  There were Nephilim later also.  These Nephilim were the children of the sons of God. The sons of God sexed women [who lived on the earth].  Then these women birthed the Nephilim. The Nephilim were very famous.  And the Nephilim were strong soldiers.	Genesis
Mark 7:27	(paragraph) Jesus said to that woman, ["First you(woman) (imp) let [the children eat all the food [that those children want to eat]]]. For people should not take-away food from children [in-order-to throw-C that food to the dogs _frameInferable]. (implicit-situational) So you(woman) (imp) let [me(Jesus) help the Jews first]."	Mark
Genesis 29:3	[When the sheep came close to the well] the shepherds moved that stone [so-that the shepherds could give water to the sheep]. [after the shepherds finished giving water to the sheep] the shepherds put the stone on the top of the well again.	Genesis
Mark 9:37	["If a person accepts/welcome a child [that is like this child] because of me(Jesus),] that person also _implicit accepts/welcome me(Jesus). And [if that person accepts/welcome me(Jesus),] that person accepts/welcome me(Jesus) and the Father _implicitNecessary [who sent me(Jesus)]."	Mark
1 Samuel 18:23	So Saul’s servants spoke to David. But David said to those servants, ["I(David) should not become the king’s son-in-law [because I(David) am not important]].  I(David) am poor.  And most people do not know me(David)."	1_Samuel
Matthew 5:38	(title) Jesus says [people should not oppose those people's enemies]. (paragraph) You(people) heard [that our(Jesus's) people/ancestors were told _distantPast by the religious _implicit laws/Law _implicitActiveAgent, ["[If a person hurts/damages one of your(person's) eyes _dual,] one of that person's eyes _dual should be hurt/damaged by officials _implicitActiveAgent]]. And [if a person hurts/damages one of your(person's) teeth,] one of that person's teeth should be hurt/damaged by officials _implicitActiveAgent." (footnote) You(people) (imp) see Exodus 21:24, Leviticus 24:20 and Deuteronomy 19:21.	Matthew
Joshua 17:11	The people [that were in the tribe named Manasseh] also owned the places named Beth-Shan, Ibleam, Dor, Endor, Taanach, and Megiddo. And the people [that were in the tribe named Manasseh] owned all of the small towns [that were near those places]. Those towns were in the land [that the tribe named Issachar and the tribe named Asher owned]. (People called Dor Naphoth.)	Joshua
1 Samuel 30:27	David also sent things to the leaders [who were in Bethel, Ramoth-Negev, and Jattir].	1_Samuel
1 Samuel 14:20	Then Saul and the soldiers [who were with Saul] started fighting the Philistines. The Philistines became extremely confused. The Philistine soldiers were killing each-other(soldiers) with the soldiers’ swords.	1_Samuel
2 Samuel 16:11	Then David said to Abishai and to all of David's officials, ["My(David's) son is trying [to kill me(David)]]. But this man is in the tribe named Benjamin. (imp) You(officials) do not touch this man. (imp) You(officials) let[this man curse me(David)][because Yahweh told [this man to curse me(David)]].	2_Samuel
Genesis 10:31	All these people were descendants of Shem. All the families spoke different languages. and all the families lived in different places.	Genesis
Genesis 5:16	Mahalalel lived for 830 years [after Jared was birthed].  Mahalalel also had other children.	Genesis
Genesis 33:16	So on that day Esau started to return to Edom.	Genesis
Genesis 49:1	-Title Jacob blesses Jacob's sons. Then Jacob called Jacob's sons. [After Jacob's sons came to Jacob] Jacob said, ["You(sons) (imp) come near me(Jacob).] I(Jacob) will tell you(sons) about the things [that will happen to you(sons) in the future].	Genesis
Daniel 4:22	Nebuchadnezzar, you(Nebuchadnezzar) are like this tree. You(Nebuchadnezzar) have become strong and powerful. You(Nebuchadnezzar) have become very great. You(Nebuchadnezzar) rule all the people [who live on the earth].	Daniel
Joshua 17:8	(The tribe named Manasseh owned the land [that was near Tappuah]. But the descendants of Ephraim owned the town named Tappuah.  Tappuah was on the border of the land [that the tribe named Manasseh owned].)	Joshua
2 John 1:6	The true way [that we(John) love God] is to live [just-like God said [that we(John) should live]]. Since the time [when you(people) started following Christ] you(people) heard [that God commanded that [you(people) should be always loving each-other(people)]].	2_John
Genesis 17:13	You(Abraham) (imp) circumcise all male babies [that live among your(Abraham's) people]. This mark [that will be on your(Abraham's) bodies] will remind you(Abraham) [that I(God) made a covenant with you(Abraham)].  That covenant will exist forever.	Genesis
Esther 1:10	After 7 days King Xerxes was very happy [because Xerxes had drunk a lot of wine]. King Xerxes had 7 men [that did not have testicles]. These 7 men cared for Xerxes' wives. These men's names were Mehuman, Biztha, Harbona, Bigtha, Abagtha, Zethar, and Carcas. Xerxes called these 7 men [that did not have testicles].	Esther
Joshua 6:12	On the next morning the people woke-up early. Then the priests carried the ark-of-the-covenant again.	Joshua
Genesis 8:8	Once Noah also put a dove outside the boat.  Noah knew that [[if the dove did not return to the boat] water did not cover the ground].	Genesis
Joshua 11:16	So Joshua defeated all of the people [who were living in that land]. Joshua defeated the people [who were living in the mountains] and the people [who were living in southern Canaan]. Joshua defeated the people [who were living in Goshen], the people [who were living in the western mountains], and the people [who were living in the valley-Jordan]. Joshua also defeated the people [who were living in the mountains of Israel] and the people [who were living in all of the hills [that were near those mountains]].	Joshua
Nahum 1:2	Yahweh is God.  [When people worship gods,] Yahweh becomes jealous.  And Yahweh punishes those people. Yahweh punishes people [because people do evil things]. Yahweh is angry at those people. Yahweh punishes Yahweh's enemies. [When Yahweh is angry at people,] Yahweh waits [to punish those people].	Nahum
2 Samuel 23:39	Uriah was from Heth.There were 37 important soldiers in David's army.	2_Samuel
Joshua 15:22	And the tribe named Judah also owned the towns named Kinah, Dimonah, and Adadah.	Joshua
Genesis 41:44	The king said to Joseph, ["I(king) am the king]. But the people [who are living in Egypt] will not move the people's hands or the people's feet [unless you(Joseph) speak]."	Genesis
Nehemiah 10:15	Bunni, Azgad, Bebai,	Nehemiah
Genesis 31:27	Why did you(Jacob) run  from me(Laban)? Why did you(Jacob) trick me(Laban)? Why did you(Jacob) not tell me(Laban) [that you(Jacob) were leaving]? [If you(Jacob) had told me(Laban) [that you(Jacob) were leaving]] I(Laban) would have had a feast for you(Jacob). [If you(Jacob) had told me(Laban) [that you(Jacob) were leaving]] we(Laban) would have listened to people [that played tambourine and harps].	Genesis
Genesis 9:1	-Title God makes a covenant with Noah.  Then God blessed Noah and Noah's sons. and God said to Noah and Noah's sons, ["You(Noah) (imp) have many children]. You(Noah and Noah's sons) (imp) fill the earth with your(Noah) children.	Genesis
Genesis 10:1	-Title Noah has descendants. Noah had sons named Shem, named Ham, and named Japheth. After the flood these three men had sons.	Genesis
1 Samuel 20:41	[After the boy left Jonathan] David came to Jonathan. And David bowed to Jonathan -iteration three times. David put David's face close to the ground.  David (implicit-info) wanted [to show Jonathan [that David respected Jonathan greatly]]. Then David and Jonathan kissed each-other(David). And David and Jonathan cried/wept. David was extremely sad!	1_Samuel
Mark 6:1	(title) People reject Jesus in Nazareth. (paragraph) Then Jesus left that place. And Jesus went with Jesus's disciples to the town [that Jesus be-T from] named Nazareth _implicit .	Mark
1 Samuel 14:9	[After the Philistines see us(Jonathan)] the Philistines might say to us(Jonathan), ["You(Jonathan) (imp) stay at that place].  We(Philistines) will come to you(Jonathan)." [If the Philistines say those words,] then we(Jonathan) will stay at that place.  And we(Jonathan) will not climb up to the Philistines.	1_Samuel
Genesis 45:12	You(brothers) and my(Joseph's) brother Benjamin are able [to see [that I(Joseph) am speaking to you(brothers)]].	Genesis
Nahum 3:3	Soldiers [that are riding horses] attack the city.  Those soldiers are holding swords and spears.  Those soldiers kill many people.  And many corpses are lying on the streets. People are not able [to count all of the dead bodies].  People trip on the corpses [that are on the streets].	Nahum
Genesis 29:5	Then Jacob asked, ["Do you(shepherds) know the grandson of Nahor named Laban?"] The shepherds answered, ["Yes.] We(shepherds) know Laban".	Genesis
Mark 4:33	(paragraph) Jesus taught God's _implicit message to people [by using many similar stories/parables]. Jesus taught God's _implicit message to those people [by only telling stories/parables [that those people were able [to understand]]].	Mark
Matthew 3:16	(paragraph) [After Jesus was baptized by John _implicit,] Jesus immediately come-out from the water. Then heaven was opened by God _implicitActiveAgent. And Jesus saw [the Spirit of God [who looked like a bird/dove] come-down] [and the Spirit of God coming on Jesus].	Matthew
Joshua 12:5	Og also ruled the people [who were living near Mount-Hermon], the people [who were living near Salekah], and the people [who were living near Bashan]. But Og did not rule the people [who were living in Geshur] or the people [who were living in Maacah]. Og also ruled the people [who were living in half of Gilead]. Sihon [who was the king of Heshbon] ruled the people [who were living in the other half of Gilead].	Joshua
Philemon 1:15	Perhaps Onesimus was not with you(Philemon) for a short time [so that Onesimus would be with you(Philemon) forever from now].	Philemon
Genesis 26:26	Then Abimelech came from Gerar [in-order-to talk to Isaac]. Abimelech brought Ahuzzath [who advise Abimelech] and Phicol [who was the captain of army of Abimelech].	Genesis
Genesis 30:42	But [when the weak animals sex each-other(animal)] Jacob did not put the branches in-front-of those animals. Thus the young animals [that the weak animals birthed] belonged to Laban. and the young animals [that the strong animals birthed] belonged to Jacob.	Genesis
Joshua 14:12	Therefore (imp) you(Joshua) give this region [that is in these mountains] to me(Caleb). On that day [when I(Caleb) returned to Moses] Yahweh promised [to give this region to me(Caleb)]. At that time, the other men/spies told the Israelites [that giants were living in this region]. Those giants were descendants of Anak.  And the other men/spies said [that the cities were very large]. And the other men/spies said [that many soldiers were protecting these cities]. But now Yahweh will help [me(Caleb) defeat these people] [like Yahweh promised].”	Joshua
Genesis 41:21	But [after the thin cows ate the 7 fat cows] the thin cows were still thin. Those cows were still thin and ugly! Then I(king) woke up.	Genesis
Acts 21:36	The crowd followed the soldiers. And the crowd continued to shout, ["You(soldiers) (imp) Kill Paul"].	Acts
Joshua 10:36	Then Joshua and the Israelites went from Eglon to Hebron. And the Israelites attacked Hebron.	Joshua
Joshua 1:10	Joshua (title) speaks to the people.  So Joshua spoke to the leaders of the people.	Joshua
Daniel 6:7	All the officials, princes, rulers, and captains suggest [that the king write a new law]. For 30 days all people should pray to only you(king). No person should pray to any god or any person. [If a person prays to a god or to a person] your(king's) servants must throw that man into the pit [that you(king) keep lions in].	Daniel
Matthew 11:28	_paragraph People [who are tired] [and who carry a heavy load], you(people) (imp) come to me(Jesus). Then-D I(Jesus) will cause [you(people) to rest].	Matthew
Joshua 20:3	A man might kill a person accidentally.  That man did not plan [to kill that person].  Then the relatives of the person [that the man killed] might want [to kill that man]. So that man must escape from those relatives. So (imp) you(Joshua) choose cities [so that that man could escape]. The relatives must not kill that man [while that man is in one of those cities].	Joshua
Genesis 5:27	Therefore Methuselah lived for 969 years.  Then Methuselah died.	Genesis
Nehemiah 13:10	I(Nehemiah) also learned [that people were not giving enough food to the people [that were in the tribe named Levi]]. So the people [that were in the tribe named Levi] and the people [that sang songs in the temple] returned to those people’s fields.	Nehemiah
Acts 17:8	[When the people heard this message,] the city's officials and the crowd became very angry.	Acts
Daniel 3:5	[When you(people) hear the sound of instruments] you(people) must bow to the statue. You(people) must worship the gold statue [that king Nebuchadnezzar has made].	Daniel
Mark 6:2	On the next _implicit Sabbath, Jesus started teaching-B God's message _implicit in the synagogue. Many people [who listened to Jesus ] were surprised/amazed. (paragraph) (rhetorical) Those people asked, ["Where did this man learn _implicitNecessary these ideas?]  (statement) Those people said, ["We(people) do not know-how [this man learned _implicitNecessary these things]]. (rhetorical) And who gave this wisdom to this man? (statement) And we(people) do not know-how [this man received this wisdom]. (rhetorical) And how is this man able [to do these actions [that only God is able [to do]]]? (statement) And we(people) do not know-how [this man is able [to do these actions [that only God is able [to do]]]].	Mark
2 Samuel 6:23	Saul's daughter named Michal never gave birth to a child.	2_Samuel
Nehemiah 5:13	Then I(Nehemiah) shook my(Nehemiah's) robe. And I(Nehemiah) said to those people, ["[If you(people) do not keep the promise [that you(people) made to God]] I(Nehemiah) want [God to shake you(person)]]. God will shake that person [just-like I(Nehemiah) shook my(Nehemiah's) robe]. And other people will take-away that person's house and the things [that that person owns]." Then all of those people said, ["We(people) agree with you(Nehemiah)"]. Then those people praised Yahweh. And those people did all of the things [that those people promised God [that those people would do]].	Nehemiah
Nehemiah 5:14	[When King Artaxerxes ruled Persia for 20 years] King Artaxerxes chose/appointed [me(Nehemiah) to be the ruler/governor of Judah]. For 12 years I(Nehemiah) ruled those people.  I(Nehemiah) ruled those people [until Artaxerxes ruled Persia for 32 years]. During those 12 years I(Nehemiah) and my(Nehemiah’s) brothers did not eat the food [that the king gave to us(Nehemiah)].	Nehemiah
Nehemiah 4:10	[While these things were happening] the people [that were in Judah] said, ["The people [who are working] are becoming very tired]. Big piles of stones are at the places [that we(people) must build at]. So we(people) will not be able [to build the wall]."	Nehemiah
Jonah 2:6	I(Jonah)  sank to the bottom of the mountains. I(Jonah) thought [that I(Jonah) died]. And I(Jonah) thought [that I(Jonah) will be in this grave forever]. But you(Yahweh) are Yahweh. You(Yahweh) are my(Jonah’s) God. You(Yahweh) brought me(Jonah) from death’s pit.	Jonah
Joshua 7:9	The Canaanites and all of the other people [who are living in this country] will hear [that the people [who are living in Ai] defeated us(Israelites)]. Then the Canaanites will surround us(Israelites). And the Canaanites will kill us(Israelites)! Then those people will not respect you(Yahweh)!"	Joshua
2 Samuel 4:12	Then David ordered [David's soldiers to kill Rekab and Baanah]. Those soldiers cut off Rekab's and Baanah's hands and feet. Then those soldiers hung Rekab's body  and Baanah's body by the pool [that was in Hebron]. Then those soldiers buried Ish-Bosheth's head in Abner's tomb [which was at Hebron].	2_Samuel
1 Samuel 18:26	So Saul’s servants told those things to David.  Then David became happy.  David wanted [to become the king’s son-in-law].	1_Samuel
Matthew 8:15	Jesus touched that mother's/mother-in-law hand. (literal) And that mother/mother-in-law stopped having a fever. (dynamic) And that mother/mother-in-law became healthy. So that mother/mother-in-law get-up. And that mother/mother-in-law started to serve food _implicit to Jesus.	Matthew
Mark 14:54	And Peter followed-A Jesus and those other people _implicit to the courtyard _yardinLDV of the chief priest of the house _implicitType. But Peter did not go near Jesus. Peter sat with the servants/guards of the chief priest _implicit. And Peter caused [Peter to be warm] [by sitting near a fire].	Mark
Nehemiah 10:23	Hoshea, Hananiah, Hasshub,	Nehemiah
Daniel 5:18	The great and true God caused [your(king's) father, Nebuchadnezzar, to be the king]. God caused [Nebuchadnezzar to be great]. And God honored Nebuchadnezzar.	Daniel
Genesis 27:36	Then Esau said, ["You(Isaac) named the brother of me(Esau) Jacob correctly.] Jacob tricked me(Esau) –iteration 2 times. Jacob caused [me(Esau) to promise Jacob [that Jacob will inherit all the things of you(Isaac)]]. and today Jacob has caused [you(Isaac) to bless Jacob instead of me(Esau)]." Then Esau asked Isaac, ["Will you(Isaac) bless me(Esau) also?"]	Genesis
Genesis 49:32	Abraham bought that field and that cave from the Hittites."	Genesis
1 Samuel 16:13	So Samuel picked up the horn [that contained oil]. And Samuel poured that oil on the head of Jesse's youngest son. So Samuel anointed that son in-front-of that son's brothers. Then Yahweh's Spirit entered David. And Yahweh's Spirit stayed with David.  Then Samuel returned to Ramah.	1_Samuel
Matthew 9:18	(title) Jesus heals people. _paragraph [While Jesus was saying these words to the follower/disciples,] a leader of the synagogue [that (implicit-situational) was in that town] came. And that leader knelt/bow in-front-of Jesus. That leader said, ["My(leader's) daughter died _immediatePast]. But [if you(Jesus) come to my(leader's) house _implicit [in order to put your(Jesus's) hand on my(leader's) daughter],] my(leader's) daughter will live again _implicit."	Matthew
2 Samuel 2:19	During the battle Asahel started chasing Abner. Asahel followed Abner continuously.	2_Samuel
2 Samuel 23:17	David said, ["Yahweh, I(David) will not drink this water]!  These 3 officers almost died [when these 3 officers went to Bethlehem [in order to get this water]]." So David did not drink that water. Those 3 important officers did other great things also.	2_Samuel
Joshua 14:13	So Joshua blessed Caleb [who was the son of Jephunneh]. And Joshua gave the city named Hebron to Caleb.	Joshua
Daniel 11:25	That man will think [that that man is strong]. And that man will not fear other people [because that man will have a big army]. So that man will attack the king of the south region. But the king of the south region will fight that man with a big army. That man will be able [to defeat the king of the south region] [because other people will plot against the king of the south region].	Daniel
2 Samuel 19:23	Then the king said to Shimei, ["You(Shimei) will not die.]" So  the king promised Shimei [that the king will not kill Shimei].	2_Samuel
1 Samuel 16:8	Then Jesse told [Jesse's son named Abinadab to walk in-front-of Samuel]. But Samuel said, ["Yahweh did not choose this man]."	1_Samuel
