reference	verse	book
Matthew 16:18	And I(Jesus) tell you(Simon) [you(Simon) are Peter]. And on this rock I(Jesus) will build my(Jesus's) church-A. (literal) And the gates of hell-B will not defeat-A that church-A. (dynamic) And the power of Satan will not defeat-A that church-A. (footnote) The Greek word named Peter means rock. The rock [that Jesus is talking about] means Peter, Jesus, or the words [that Peter said about Jesus].	Matthew
1 Samuel 12:20	Then Samuel said, ["You(Israelites) (imp) do not be afraid]. You(Israelites) did evil things. But you(Israelites) (imp) continue obeying Yahweh. And you(Israelites) (imp) serve Yahweh with all of your(Israelites’) heart.	1_Samuel
Joshua 11:9	Joshua obeyed Yahweh. Joshua cut the muscles of the legs of those kings' horses. And Joshua burned the chariots of those kings.	Joshua
1 Samuel 1:17	Then Eli said, ["I(Eli) hope [that you(Hannah) have peace]]. And I(Eli) hope [that the God of Israel will give to you(Hannah) the things [that you(Hannah) asked God for]]."	1_Samuel
Matthew 26:3	_paragraph Then the chief _adj priests and the old leaders of the people meet-C in the chiefest priest's house/palace. That chiefest priest was named Caiaphas.	Matthew
Nehemiah 10:34	We(people) are the priests, the people [who are in the tribe named Levi], and the people of Israel. And we(people) used lots [in order to learn/determine the time [when each family should bring wood to the house of God]].  God's Law says [that each family must bring wood to the house of God at a certain time in each year]. The priests will burn that wood on the structure/altar of Yahweh [who is our(people's) God]. We(people) will do these things [just like the religious laws say [that we(people) must do these things]].	Nehemiah
Genesis 5:20	Therefore Jared lived for 962 years.  Then Jared died.	Genesis
Joshua 21:10	( The Israelites first gave towns to the families [that were Aaron's descendants] [and that were Kohath's descendants]. [When the Israelites used the lots] the lots chose those families first. )	Joshua
Joshua 22:22	Those people said, ["Yahweh is our(people's) God!] Yahweh is very powerful! We(people) say again [that Yahweh is our(people's) God]! God knows the reason [that we(people) built this altar]. And we(people) want [you(Israelites) to know the reason]. [If you(Israelites) think [that we(people) did not obey God]] you(Israelites) may kill us(people) today.	Joshua
2 Samuel 20:18	That woman said, ["People often came to this city a long time ago]. Those people said, ["The people [that live in Abel-Beth-Maakah] will answer your(people's)  important questions]." And all of the people agreed with the answers.	2_Samuel
Mark 6:7	Jesus called-A the 12 disciples _implicitNecessary to Jesus _implicit . Jesus divided those followers/disciples into groups of 2 followers/disciples. And Jesus started sending those groups of 2 followers/disciples to other places [ (implicit-situational) so that those groups of 2 followers/disciples would teach God's message to people]. Jesus gave authority to those followers/disciples [so that those followers/disciples could command unclean-B spirits [(implicit-situational) to leave people]].	Mark
Matthew 5:39	But I(Jesus) tell you(person) [not to oppose an evil person]. [If a person hits your(person's) right cheek,] you(person) (imp) turn your(person’s) left cheek toward that person [(implicit-situational) so that that person could hit that cheek also].	Matthew
1 Samuel 15:6	Then Saul said to the Kenites [who were living near the Amalekites], ["You(Kenites) (imp) leave this place now]. I(Saul) will destroy the Amalekites. But I(Saul) do not want [to destroy you(Kenites)]. You(Kenites) were kind to the Israelites [when the Israelites left Egypt]." So the Kenites left that place.	1_Samuel
Matthew 13:32	That seed is smaller than all _hyperbolic other seeds. But [after that seed is planted by a person _implicitActiveAgent,] that seed grows. And that seed becomes a plant [that is bigger than all _hyperbolic other plants [that grow in a garden]]. That plant becomes a tree. So birds are able [to rest on that tree's branches]."	Matthew
Nahum 3:10	But soldiers [that came from Assyria] captured the people [who lived in Thebes]. Those soldiers made [those people become slaves]. And those soldiers take-away those people from Thebes.  Those soldiers also killed all of the babies [that were in Thebes]. Those soldiers used lots [in order to choose slaves from the leaders of Thebes]. Then those soldiers tied the leaders with chains. And those leaders became slaves.	Nahum
Acts 3:1	Peter (title) helps a man [who is not able [to walk]]. One day Peter and John were walking to the building [where people meet with God [in-order-to pray]]. Every day people walked to that building at 3PM [in-order-to pray].	Acts
Joshua 4:3	And (imp) you(Joshua) tell [each man to get a large stone from the middle of the river]. Those men should get a stone [that is near the place [where the priests stood]]. Those men should carry the stones to the place [where you(people) will stay tonight]."	Joshua
Mark 4:19	But those people worry about those people's lives. (literal) Those people are deceived by wealth. (dynamic) Those people are deceived by the idea [that more wealth will cause [those people to become happy]]. And those people want/desire many _implicit other things. (literal) And the things [that those people worry about] and the things [that those people want/desire] surround the message of God _implicit [so that the message is not able [to become strong]]. (dynamic) And the things [that those people worry about] and the things [that those people want/desire] surround the message of God _implicit [so that those people do not believe in the message]. (literal) Then the message does not produce fruit. (dynamic) Then the message does not change those people [so that those people do the things [that God wants [those people to do]]].	Mark
1 Samuel 2:17	Yahweh saw [Eli’s sons sinning much].  Eli’s sons did not respect the offerings [that people gave to Yahweh].	1_Samuel
Acts 19:37	You(Ephesians) should not have brought these two men to this place, [because these two men have not done a bad thing. These two men did not steal a thing from the temple. And these two men did not say bad things about our(Ephesians) god.	Acts
2 Samuel 5:19	Then David asked Yahweh, ["Should I(David) attack the Philistines]? Will you(Yahweh) help [me(David) defeat the Philistines]?"Yahweh said to David, ["(imp) You(David) fight the Philistines]. I(Yahweh) will certainly help [you(David) defeat the Philistines]."	2_Samuel
Joshua 24:18	And Yahweh helped [us(Israelites) defeat all of the nations [who were living in this country]]. And Yahweh helped [us(Israelites) defeat the Amorites [who were living in this country]]. Therefore we(people) will continue serving Yahweh [because Yahweh is our(Israelites') God]."	Joshua
Genesis 17:12	[When a male baby is 8 days old] you(Abraham) must circumcise the baby. You(Abraham) must circumcise all male babies [that are your(Abraham's) descendants].  You(Abraham) must also circumcise all babies [that your(Abraham's) slaves birth].	Genesis
2 Samuel 3:27	[When Abner arrived in Hebron] Joab took Abner into a room. Joab pretended [that Joab wanted [to talk to Abner]]. But Joab stabbed Abner in the stomach. Then Abner died. Joab killed Abner [because Abner killed Joab’s brother named Asahel].	2_Samuel
1 Samuel 28:4	The Philistines’ army was camping at Shunem.  So Saul called all of the Israelite soldiers.  And the Israelites camped at Gilboa.	1_Samuel
Mark 6:10	And Jesus said to Jesus's followers/disciples, ["[Whenever you(followers) enter a house,] you(followers) (imp) stay in that place [until you(followers) leave that town _frameInferable ]].	Mark
Joshua 14:11	I(Caleb) am still strong today [just-like I(Caleb) was strong [when Moses sent [me(Caleb) to look at this land]]]. I(Caleb) am still able [to fight today] [just-like I(Caleb) fought at that time].	Joshua
Nehemiah 11:23	The people [who sang in the temple] did the work [that the king [ordered [those people to do]]] each day.	Nehemiah
2 Samuel 24:20	Araunah saw [the king and the king's officials coming to Araunah]. So Araunah went to the king. And Araunah bowed to the king. Araunah moved Araunah’s face to the ground.	2_Samuel
Genesis 40:12	Then Joseph said to that man, ["I(Joseph) will explain this dream to you(man)]. The 3 branches represent 3 days.	Genesis
1 Samuel 16:4	Then Samuel obeyed Yahweh. [When Samuel arrived at Bethlehem] the leaders of that town became afraid.  The leaders met with Samuel. And the leaders asked Samuel, ["Did you(Samuel) come to this place [in-order-to punish us(leaders)]]? Or did you(Samuel) come to this place [to bless us(leaders)]?"	1_Samuel
Acts 18:14	And [when Paul was ready [to speak]] Gallio said to the Jews, ["[If you(Jews) Jews had complained to me(Gallio) [that a man broke a law, then I(Gallio) should listen to you [even if that law was not important].	Acts
Mark 5:40	But those people laughed at Jesus. (paragraph) Then Jesus told all of those people [to go-out from the house _implicit]. Jesus took the girl's father, the girl's mother, and Jesus's 3 disciples into the place [where the girl was].	Mark
Joshua 12:11	The Israelites defeated the king of Jarmuth and the king of Lachish.	Joshua
Matthew 8:23	(title) Jesus causes [a storm to end]. (paragraph) Then Jesus entered the boat _frameInferable. And Jesus’s followers/disciples followed-A Jesus.	Matthew
Genesis 24:7	Yahweh [who is the God of heaven] brought me(Abraham) from the house of my(Abraham's) father and from the land of my(Abraham's) relatives to this place. And Yahweh promised me(Abraham) [to give this land to my(Abraham's) descendants]. [Before you(servant) travel to that place] Yahweh will send Yahweh's angel to that place [in order to help you(servant) [to find a wife for my(Abraham's) son]].	Genesis
2 Samuel 3:5	David's sixth son’s  name was Ithream.  Ithream's mother’s  name was Eglah. Those sons were born in Hebron.	2_Samuel
Genesis 2:13	The second river is named Gihon.  This river flows through Cush.	Genesis
1 Samuel 7:2	The Ark-of-the-Covenant stayed at Kiriath-Jearim for 20 years. And the people [who were living in Israel] started obeying Yahweh again.	1_Samuel
Genesis 43:18	The brothers became afraid [after the servant brought the brothers to Joseph's house]. The brothers thought, ["This official thinks [that we(brothers) stole the money [that some person put into our(brothers') bags]]].   This official plans [to arrest us(brothers)] .  This official wants [to make [us(brothers) become the official's slaves]].  And this official will steal our(brothers') donkeys."	Genesis
1 Samuel 14:29	Jonathan said, ["My(Jonathan's) father caused [you(soldiers) to have trouble]]. I(Jonathan) became strong again [after I(Jonathan) ate this honey].	1_Samuel
Matthew 13:33	_paragraph Jesus told Jesus's followers/disciples another story [that teaches a lesson]. (complex) Jesus said, ["The kingdom-B of heaven is-U like the substance [that causes [bread to become big]] [that a woman mix-A into a very big amount of flour [until that substance/yeast spread throughout the bread/dough ]]"]. (simple) Jesus said, ["The number of people [who become God's children] increases [just-like the substance [that causes [bread to become big]] [that a woman mix-A into a very big amount of flour] spreads throughout the bread/dough]"].	Matthew
Matthew 27:18	For Pilate knew the reason [that the chief priests and the old leaders gave Jesus to Pilate for]. The chief priests and the old leaders were upset/jealous [because the Jewish people liked Jesus [more-than the Jewish people liked the chief priests and the old leaders]].	Matthew
Matthew 19:18	_paragraph The man asked, ["Which commands/commandments of God _implicit must I(man) obey?"] _paragraph Jesus answered, ["The Scriptures _implicitNecessary say _implicitNecessary, ["You(person) (imp) do not kill/murder a person _implicitDifferentNounIndex]]. You(person) (imp) do not sex a person [who is not your(person's) husband or your(person's) wife]. You(person) (imp) do not steal things _implicit. You(person) (imp) do not say-B false things-C about a person _differentNounIndex.	Matthew
Acts 15:19	Then James also said, ["So (consequently) I(James) think that we(Christians) should not give a difficult work to those people [who are not Jews] [and who have turned to God].	Acts
Mark 10:37	(paragraph) James and John said to Jesus, [" [(complex) When you(Jesus) come in your(Jesus's) glory,] [(simple) When you(Jesus) rule people from your(Jesus's) great/glorious throne,] you(Jesus) (imp) let [us(James) _excl sit beside you(Jesus) in important seats _implicit]]. You(Jesus) (imp) let [1 of us(James) _excl sit at your(Jesus's) right side]. And you(Jesus) (imp) let [1 of us(James) _excl sit at your(Jesus's) left side]."	Mark
Genesis 40:16	Then The man [who baked bread for the king] saw [that Joseph understood the other man's dream].   So that man said to Joseph, ["I(man) also dreamed.] I(man) dreamed [that 3 baskets were on my(man's) head].  Those baskets contained bread.	Genesis
Genesis 37:3	Jacob loved Joseph very much [Because Joseph was born [when Jacob was old]]. Jacob loved Joseph [more than Jacob loved Jacob's other sons]. So Jacob made a beautiful robe for Joseph.	Genesis
1 Samuel 28:24	That woman had a young cow [that was at the woman’s house]. So that woman quickly killed that cow. And that woman baked bread [that did not contain yeast].	1_Samuel
Matthew 15:37	All the people ate that food _implicit. And all the people were satisfied _adj. [After the people finished eating,] the followers/disciples filled 7 baskets with the pieces of food _implicitNecessary [that the people did not eat].	Matthew
1 Samuel 18:12	Then Saul was afraid of David [because Yahweh was with David]. But Yahweh previously left Saul.	1_Samuel
Daniel 9:26	Then a person will kill the Anointed-One. The Anointed-One will not have a city. Then a prince and the prince's army will come to the city suddenly. And the prince's army will destroy the city and the temple. God has ordered [people to destroy those things]. And there will be war until the end of that time.	Daniel
Daniel 10:11	The man spoke to me(Daniel). The man said, ["Daniel, God loves you(Daniel) very much]. You(Daniel) (imp) listen to the words [that I(man) will say to you(Daniel)]. You(Daniel) (imp) stand up. God has sent me(man) to you(Daniel)." [After the man said these things] I(Daniel) stood up. But I(Daniel) was still very afraid.	Daniel
Joshua 15:11	Then the northern border went to the hill [that was on the northern side of Ekron]. Then the border went to Shikkeron. Then the border went to mount-Baalah and Jabneel. The northern border ended at the sea.	Joshua
Genesis 15:17	[After the sun set] the sky became dark. [After Abram woke up] Abram saw a pot [that contained a fire]. Smoke was rising from that pot. That pot moved between the pieces of the animals.	Genesis
Genesis 42:19	One of you(brothers) must stay in the prison. But 9 of you(brothers) may return to your(brothers') house. You(brothers) may take grain to your(brother's) families [so that your(brother's) families could eat].	Genesis
Joshua 1:17	We(people) will obey you(Joshua) [just-like we(people) obeyed Moses]. We(people) hope [that your(Joshua's) God named Yahweh will be with you(Joshua) [just-like Yahweh was with Moses]].	Joshua
2 Samuel 10:14	The Ammonite soldiers saw [that the Aramean soldiers were run-away from Joab].  So the Ammonite soldiers run-away from Abishai.  Those soldiers went into the city. Then Joab returned to Jerusalem.	2_Samuel
Mark 11:33	(paragraph) So those chief priests, those people/scribes, and those older leaders said to Jesus, ["We(priests) do not know-C the person _implicit [who gave-C to John John's authority]"]. (paragraph) (implicit-situational) Then Jesus said to those chief priests, those people/scribes, and those older leaders, [" You(priests) did not answer my(Jesus's) question"]. And Jesus said to those chief priests, those people/scribes, and those older leaders, [" Then-D I(Jesus) will not tell-C to you(priests) about the authority [that I(Jesus) have [in-order-to do these things]]]."	Mark
1 Samuel 12:17	You(Israelites) will begin harvesting the wheat soon. But I(Samuel) will pray [that Yahweh will send thunder and rain to this place]. Then you(Israelites) will know/realize [that you(Israelites) sinned [when you(Israelites) asked Yahweh for a king]]."	1_Samuel
1 Samuel 30:31	And David sent things to the leaders [who were in Hebron]. And David also sent things to the leaders [who lived in all of the other places [that David and the men [who were with David] traveled to]].	1_Samuel
1 Samuel 30:8	[After (implicit-info) David put-on those special clothes], David prayed to Yahweh. Then David asked Yahweh, ["Should I(David) chase the people [who took our(David's) families]]? Will I(David) catch those people?" Then Yahweh answered, ["You(David) (imp) chase those people]. You(David) will certainly catch those people. And you(David) will save/rescue your(David's) families."	1_Samuel
Matthew 26:18	_paragraph Jesus answered, ["You(followers) (imp) go into the city named Jerusalem _implicit]. And you(followers) (imp) go to a certain man. You(followers) (imp) tell that man, ["Our(followers') _excl master/teacher says, ["The time [that God chose for me(Jesus)] is almost now]]. I(master) will celebrate-B Passover named the holiday/feast _implicitExplainName with my(master's) followers/disciples at your(man's) house.""	Matthew
Titus 3:6	God was extremely generous [when God greatly gave the Holy Spirit to us(Paul) through Jesus Christ]. Jesus Christ saves us(Paul).	Titus
Genesis 20:4	But Abimelech had not sexed Sarah. so Abimelech said to God, ["Lord, will you(God) destroy an innocent nation?]	Genesis
1 Samuel 19:2	So Jonathan warned David [that Saul wanted [to kill David]]. Jonathan said to David, ["My(Jonathan's) father named Saul wants [to kill you(David)]].  So you(David) (imp) be careful tomorrow. In the morning you(David) (imp) go to a field.  And you(David) (imp) hide.  You(David) (imp) stay in that field.	1_Samuel
Matthew 13:38	The field is-X the earth. (complex) And the good seeds are-X the people of the kingdom-B of God _implicit. (simple) And the good seeds are-X God's people. The plants [that people do not want] are-X Satan's people.	Matthew
Genesis 34:26	Simeon and Levi killed Hamor and the son of Hamor named Shechem. Then Simeon and Levi took Dinah from the house of Shechem. Then Simeon, Levi and Dinah left that city.	Genesis
Mark 15:8	So the crowd _frameInferable came to Pilate _implicit. And that crowd asked [Pilate to do the thing-B [that Pilate regularly did at the Passover _implicit] for that crowd].	Mark
Daniel 5:20	But Nebuchadnezzar became very proud. Nebuchadnezzar thought [that Nebuchadnezzar was able [to do all things]]. Then God took away the kingdom from Nebuchadnezzar. And God took away the honor from Nebuchadnezzar.	Daniel
Joshua 11:8	Yahweh caused [the Israelites to defeat those armies]. The Israelites chased those armies to Greater-Sidon, Misrephoth-Maim, and the valley-Mizpah. The Israelites fought [until all of those soldiers were dead].	Joshua
Mark 7:37	People were completely surprised/amazed _adj. Those people said, ["Jesus does all things well _adv] . Jesus causes [people [who are not able [to hear sounds]] to be able [to hear sounds]]. And Jesus causes [people [who are not able [to speak]] to be able [to speak]]."	Mark
Nehemiah 9:12	During each day you(Yahweh) led our(people's) people/ancestors with a post/pillar of cloud. During each day (alt) you(Yahweh) led our(people's) people with a tall cloud. And during each night you(Yahweh) led our(people's) people with a post/pillar of fire. And during each night (alt) you(Yahweh) led our(people's) people with a tall fire. That fire showed to those people the path [that those people should walk on].	Nehemiah
Mark 1:37	[When Simon and those people found Jesus,] Simon and those people said, ["All _hyperbolic the people are searching for you(Jesus)]. Perhaps (implicit-situational) we(Simon) _incl should return to the town."	Mark
1 Samuel 8:19	But the leaders did not listen to Samuel. Those leaders said, ["No!] We(people) want a king [who will rule us(people)].	1_Samuel
Genesis 37:23	[After Joseph came to Joseph's brothers] the brothers took off Joseph's beautiful robe.	Genesis
Daniel 11:29	At the time [that God has chosen] that king will go to the south region again. But [when that king attacks the south region] the south region will defeat the king.	Daniel
1 Samuel 2:13	[Whenever a person brought a sacrifice to Yahweh] that person boiled the meat in a pot. [While that person was boiling the meat] the servant of Eli's sons came to that pot with a fork.	1_Samuel
Mark 11:20	(paragraph) In-E the morning, [while Jesus and those followers/disciples were passing the tree-fig again _implicit,] those followers/disciples noticed [the tree-fig completely died/wither].	Mark
Genesis 15:6	Abram believed Yahweh. [Because Abram believed Yahweh] Yahweh declared that [Abram was righteous].	Genesis
Nehemiah 4:19	Then I(Nehemiah) said to the leaders, the officials, and the other people, ["We(people) must work at many places]. And [while we(people) are working on the wall] we(people) are far-away-from each-other(people).	Nehemiah
Daniel 3:3	So the princes, rulers, and captains came [in order to see the statue]. All the officials, all the lawyers, and all the people [who collected taxes] also came [in order to see the statue]. All of these people stood in front of the statue [that king Nebuchadnezzar had made].	Daniel
2 Samuel 14:8	Then the king said to that woman, ["(imp) You(woman) go to your(woman's) house]. I(David) will help you(woman)."	2_Samuel
Nehemiah 11:31	And the people/descendants of Benjamin [who came from Geba] lived in the following towns. Mikmash, Aija, Bethel, the villages [that were near Bethel],	Nehemiah
Matthew 11:21	Jesus said, ["Chorazin of people _metonymy, bad-A things will happen to you(people)!] Bethsaida of people _metonymy, bad-A things will happen to you(people)! For miracles were done by me(Jesus) _implicitActiveAgent among you(people). (implicit-situational) But you(people) did not repent. [If-C I(Jesus) had done in Tyre and Sidon the miracles [that I(Jesus) did among you(people)]] the people _implicitNecessary of those towns would put-on sackcloth. And [if-C I(Jesus) had done in Tyre and Sidon the miracles [that I(Jesus) did among you(people)]] the people _implicitNecessary of those towns would put ashes _inLDV on themselves(people). (footnote) People _generic did these things _dual [in order to show those people [that people repented]].	Matthew
Joshua 24:27	Then Joshua said to all of the people, ["(imp) You(people) look at this stone!] In the future [when you(people) look at this stone] (imp) you(people) remember [that you(people) decided [to follow Yahweh]]. This stone heard all of the words [that Yahweh said to us(people) today]. [If you(people) stop serving Yahweh] this stone will remind you(people) about these words."	Joshua
Matthew 27:22	_paragraph Pilate asked the crowd, ["Then-D what should I(Pilate) do to Jesus [who is called-C by people _implicitActiveAgent the Christ]?"] _paragraph The whole crowd answered, ["You(Pilate) (imp) kill Jesus [by putting Jesus on a cross]!"]	Matthew
Joshua 9:23	Now Yahweh will curse you(Gibeonites). You(Gibeonites) will become our(Israelites') slaves. You(Gibeonites) must always cut wood for us(Israelites). And you(Gibeonites) must always carry water for us(Israelites)."	Joshua
Nehemiah 5:6	[After I(Nehemiah) heard the things [that those people were complaining about]] I(Nehemiah) became very angry.	Nehemiah
Joshua 11:23	So Joshua defeated/conquered the whole land.  Previously Yahweh told Moses [that the Israelites would defeat/conquer all of those people].  So Yahweh gave that land to the Israelites. Then Joshua divided the land among the tribes of Israel. Each tribe of Israel received part of that land. Then the Israelites stopped fighting. And there was peace in that land.	Joshua
1 Samuel 8:18	[When these things happen] you(people) will cry out [because you(people) chose a king]. But Yahweh will not answer you(people)."	1_Samuel
Ruth 2:12	I(Boaz) will pray [that Yahweh will do good things for you(Ruth)] [because you(Ruth) did good things]. And I(Boaz) will pray [that Yahweh [who is Israel's God] will do many good things for you(Ruth)]. You(Ruth) came to Yahweh [just like a young bird comes to the bird's mother].  The mother's wings protect that young bird."	Ruth
Esther 2:11	Each day Mordecai walked near the women's house. Mordecai wanted [the people to care for Esther well]. Mordecai also wanted [to know about the things [that Esther did]].	Esther
Genesis 44:23	But you(Joseph) said to your(Joseph's) servants, ["You(brothers) will not see me(Joseph) again [unless your(brothers') youngest brother comes with you(brothers)]]."	Genesis
Esther 6:11	So Haman took a royal robe to Mordecai. And Haman took the king's horse to Mordecai. Then Haman put the robe on Mordecai. and Haman helped [Mordecai sit on the king's horse]. Then Haman led the horse through the city. Haman said to all of the people, ["The king wants [to honor this man]."]	Esther
1 Samuel 17:8	Goliath stood in front of the Israelites’ army. And Goliath shouted to the Israelite soldiers, ["Why are you(soldiers) preparing [to fight]]? I(Goliath) am a Philistine. And you(soldiers) are Saul’s servants. You(Israelites) (imp) choose a man  [that will fight me(Goliath)].	1_Samuel
Matthew 2:1	Wise men (title) visit Jesus. (paragraph) Jesus was born in Bethlehem named the town _implicit in Judea named the region/province _implicit [when king Herod ruled the people _implicit of Judea ]. People (implicit-background) called that Herod the great Herod. You(people) (imp) listen/behold! [After Jesus was born], wise men [who (implicit-background) studied the stars [in-order-to understand things [that were happening ]]] traveled from the eastern land/region to Jerusalem named the city _implicit.	Matthew
Matthew 21:40	_paragraph Therefore, [when the owner of that garden/vineyard comes,] what will the owner of that garden/vineyard do to those people/farmers?"	Matthew
Mark 14:44	(paragraph) Judas _implicitNecessary, [ _descriptive who was the man [who planned [to give Jesus to Jesus's enemies]],] previously told those people about a thing [that that man will do] [(implicit-situational) so that those people would know the man [whom those people should take-away/arrest]]. That man previously said, ["The man [whom I(Judas) kiss] is the man [(implicit-situational) whom you(people) should take-away/arrest]]. You(people) (imp) take-away/arrest that man. And you(people) (imp) guard that man carefully."	Mark
Matthew 6:21	(literal) The place [that your(person's) treasure is at] is also the place [that your(person’s) heart will be at] . (dynamic) The place [that you(person) store treasures at] is also the place [that you(person) will care about].	Matthew
Ruth 2:22	Then Naomi said to Ruth [who was Naomi’s daughter-in-law], ["My(Naomi’s) daughter, you(Ruth) should continue working with the women [who work for Boaz]]. [If you(Ruth) work in another man’s field] people might hurt you(Ruth)."	Ruth
Acts 16:5	So all the people [who believe in Jesus] believed strongly in Jesus. And every day the number of people [who were in the churches] increased.	Acts
1 Samuel 9:16	Yahweh said to Samuel, ["Tomorrow I(Yahweh) will send a man to you(Samuel)]. That man will be in the tribe named Benjamin. You(Samuel) must choose/appoint/anoint that man [so that that man would become the leader of my(Yahweh's) people]. That man will save my(Yahweh's) people from the Philistines. I(Yahweh) know [that my(Yahweh's) people are suffering]. And I(Yahweh) listened [to my(Yahweh’s) people crying out to me(Yahweh)]."	1_Samuel
Matthew 11:7	_paragraph [While John's followers/disciples were leaving that place,] Jesus began to talk to the crowd about John. (norhetorical) Jesus said, ["[When you(people) went to the desert/wilderness,] did you(people) go there [in order to see grass [that moves because of the wind]]?] (statement) Jesus said, ["[When you(people) went to the desert/wilderness,] you(people) did not go there [in order to see grass [that moves because of the wind]].]	Matthew
2 Samuel 8:12	Previously David defeated the countries named Edom, Moab, Ammon, Philistia, and Amalek. David also defeated Hadadezer [who was the king of Zobah]. Hadadezer was the son of Rehob. David  gave/dedicated the valuable  things [that David took from Hadadezer] to Yahweh.	2_Samuel
Mark 8:34	(title) Jesus tells people about the things [that those people must do [in-order-to become Jesus's followers/disciples ]]. (paragraph) Then Jesus asked the crowd _frameInferable [to join Jesus's followers/disciples ] [(implicit-situational) so that the crowd could also hear the things [that Jesus was saying]]. And Jesus said to those people, ["[If a person wants [to be my(Jesus's) follower/disciple],] that person must stop caring-B about only _implicit that person _reflexive]. (literal) That person must carry that person's cross. (dynamic) That person must be ready [to suffer] [and to die]. And that person must follow-B _routinely me(Jesus).	Mark
Mark 14:31	(paragraph) But Peter much said , ["[Even-if I(Peter) must die with you(Jesus),] I(Peter) will not say [I(Peter) do not know you(Jesus)]"]. And all the other _implicit followers/disciples also said the same thing [(implicit-situational) that Peter said].	Mark
Joshua 24:23	Then Joshua said, ["Now (imp) you(people) throw-away the other gods [that you(people) have]]. And (imp) You(people) love the God of the Israelites named Yahweh sincerely."	Joshua
Joshua 10:26	Then Joshua killed those five kings.  And Joshua hung the kings' bodies on 5 poles. And those bodies hung on those poles until evening.	Joshua
Ruth 4:11	Then those ten old men and all of the people [that were at the gate] said, ["We(people) saw/witnessed [you(Boaz) doing these things]].  We(people) pray [that Yahweh will cause [the woman [that you(Boaz) will marry] to become like Rachel and Leah]]. And we(people) pray [that Yahweh will cause [that woman to give birth to many children] [just like Rachel and Leah gave birth to the children [that became the Israelites]]]. And we(people) pray [that you(Boaz) will become powerful in Ephrathah].  And we(people) pray [that all of the people [who live in Bethlehem] will know about you(Boaz)].  (footnote) At that time people called Bethlehem Ephrathah.	Ruth
Matthew 6:27	(rhetorical) Which person [that is among you(people)] is able [to increase that person’s life-B [by that person worrying]] ? (statement) No person [who is among you(people)] is able [to increase that person’s life-B [by that person worrying] ] . [If you(person) worry,] you(person) will not increase the time [that you(person) will live]. You(person) will not live more for even _modifiesOne one hour.	Matthew
Genesis 18:11	Abraham and Sarah were very old. Sarah was too old [to birth children].	Genesis
Mark 8:32	Jesus spoke clearly about these things. Then Peter led Jesus from the other followers/disciples. And Peter started to tell Jesus [the things [that Jesus said] were bad].	Mark
Genesis 47:14	The people [who lived in Egypt and in Canaan] paid much money to Joseph [in order to buy grain]. Joseph took all that money to the king's palace.	Genesis
Genesis 32:14	Jacob gathered 200 female goats, 20 male goats, 200 female sheep, and 20 male sheep.	Genesis
Genesis 36:30	Men named Dishon, named Ezer, and named Dishan were also leaders of the Horites.  These men were the leaders of the Horites [who lived in Edom].	Genesis
Matthew 24:19	Women [who have a baby in those women's bodies/wombs] and women [who are giving milk [that is from those women's breasts] to those women's babies] will be extremely upset/troubled in those days!	Matthew
Genesis 17:2	I(Yahweh) will make a covenant with you(Abram). I(Yahweh) will cause [you(Abram) to have many descendants]."	Genesis
Daniel 2:33	The legs of the statue were iron. And the feet of the statue were iron and clay.	Daniel
Nehemiah 9:5	And some of the people of Levi spoke to the people. Those people of Levi were Jeshua, Kadmiel, Bani, Hashabneiah, Sherebiah, Hodiah, Shebaniah and Pethahiah.  Those people of Levi said, ["You(people) (imp) stand-up]. And you(people) (imp) praise your(Israelites') God Yahweh. Yahweh always lived. And Yahweh will live forever." Then (implicit) those people prayed to Yahweh. Those people prayed, ["Yahweh _implicit, we(people) praise the wonderful/glorious name of you(Yahweh)]. Those (alt) people prayed, ["Yahweh [who is _gnomic wonderful/glorious], we(people) praise you(Yahweh)]. We(Israelites) pray-hope [that our(Yahweh's) name will become great/exalted].	Nehemiah
2 Samuel 21:5	Those people said to David, ["Saul destroyed us(people)]. And Saul planned/plotted[to kill all of us(people)].  Now only a few of us(people) are alive. And we(people) do not have land in Israel.	2_Samuel
1 Samuel 4:22	That woman said, ["Israel's glory left us(Israelites) [because the Philistines took/captured the Ark-of-the-Covenant]]."	1_Samuel
Genesis 47:27	-Title Jacob wants [Joseph to bury Jacob in Canaan]. Jacob's descendants were called Israelites.  The Israelites continued to live in Goshen. The Israelites obtained much land.  And the Israelites had many children.	Genesis
Mark 10:7	Because of that reason, a man will leave that man's father and that man's mother. And that man will be joined-B by God _implicitActiveAgent to that man's wife.	Mark
1 Samuel 30:9	So David and the 600 men [who were with David] went to Besor valley. But some men stayed in that valley.	1_Samuel
1 Samuel 9:20	You(Saul) (imp) do not worry about the donkeys [that run-away three days ago]. Those donkeys are at your(Saul's) house. Now all of the people [who are in Israel] are looking for you(Saul)!"	1_Samuel
Genesis 31:6	You(Rachel) know [that I(Jacob) worked hard for your(Rachel's) father].	Genesis
Acts 19:23	People(title) [who were in Ephesus] fought each-other(people). At that time, many people argued about God’s way [that God revealed to us [to gain eternal life]].	Acts
Joshua 15:49	And the tribe named Judah owned the towns named Dannah and Kiriath-Sannah. ( People called Kiriath-Sannah Debir. )	Joshua
Mark 5:5	During the nights and during the days _significantTime [while that man walked/wander among the tombs and the hills ] that man was always _hyperbolic shouting/scream . And that man was always _hyperbolic cutting that man _reflexive with stones.	Mark
Matthew 5:16	Similarly, you(people) (imp) let [your(people’s) light shine in front of other people [so that those people would see your(people's) good actions]]. Then those people will praise/glorify your(people’s) Father [who is in heaven]. (footnote) Jesus says [good actions be-U light]. Good actions show/reveal God to people [just-like light shows/reveal things to people].	Matthew
Genesis 30:20	Leah said, ["God gave a good gift to me(Leah).] Now Jacob will certainly honor me(Leah) [because I(Leah) birthed 6 sons for Jacob]". so Leah named this son Zebulun. -Footnote Zebulun means [to honor].	Genesis
2 Samuel 15:26	But [if Yahweh is not pleased with me(David)] then I(David) am ready. Yahweh will do the thing [that Yahweh wants [to do]] to me(David)."	2_Samuel
Mark 14:51	(paragraph) A certain young man [(implicit-situational) who was at that place] was also _implicit following-B Jesus. And that young man was wearing only a sheet of _madeOf linen. And those people tried _implicitNecessary [those people to take-away/grab that young man]. (implicit-situational) But those people only take-away/grab that young man's sheet.	Mark
Joshua 16:6	Then the border went to the sea-Mediterranean.  Then the border went from Mikmethath to Taanath-Shiloh.  Then the border went to Janoah.	Joshua
Mark 6:30	(title) Jesus provides food for more than 5000 people. (paragraph) The apostles gathered-C around Jesus. And those men/apostles _frameInferable told Jesus about all the things-B [that those men/apostles did] and all the things-C [that those men/apostles taught].	Mark
Genesis 13:13	The people [who lived in Sodom] were very evil. These people were always sinning against Yahweh.	Genesis
Mark 6:27	So the king immediately sent a soldier to the prison _implicit. The king commanded [that soldier to bring John's head to the king _implicit]. That soldier went. And that soldier cut-off John's head in the prison.	Mark
2 Samuel 16:17	Absalom asked Hushai, ["Did you(Hushai) stop loving your(Hushai's) friend named David]? [If David is your(Hushai’s) friend] why did you(Hushai) not leave Jerusalem with David?"	2_Samuel
Genesis 41:46	[when Joseph was 30 years old] Joseph began serving the king of Egypt. Joseph did not always stay near the palace. Joseph left the palace [in order to go to all the cities [that were in Egypt]].	Genesis
2 Samuel 24:19	Then David did all of the things [that Yahweh commanded [David to do]].  So David went to Araunah.	2_Samuel
Joshua 18:26	And the tribe named Benjamin owned the towns named Mizpah, Kephirah, and Mozah.	Joshua
Matthew 18:17	[If that person still refuses [to listen-B to you(follower)],] you(follower) (imp) tell the church of the leaders _metonymy [that person is sinning]. And [if that person refuses [to listen to the church of the leaders _metonymy],] you(follower) (imp) treat that person [just-like you(follower) treat people [who are not Jews] or tax-collector].	Matthew
Genesis 14:24	I(Abram) will not keep any thing except the food [that my(Abram's) young men ate]. But you(king) (imp) give to Aner, to Eshcol, and to Mamre some of the things [that we(Abram) took from the four kings] [because Aner, Eshcol and Mamre fought with me(Abram)]."	Genesis
Matthew 24:51	The master-A will much punish that servant. The master-A will put that servant in the place [that the people [who pretend [to be good/righteous]] are in]. In that place the people _frameInferable will cry/weep. And the people will bite/gnash those people's teeth [because (implicit-situational) the people will suffer much].	Matthew
Matthew 25:39	When did we(people) _excl care-A for you(Lord) [because we(people) _excl saw [you(Lord) were sick]]? When did we(people) _excl visit you(Lord) [because we(people) _excl saw [you(Lord) were in prison]]?"	Matthew
Daniel 8:27	Then I(Daniel), Daniel, became weak. I(Daniel) was sick for a few days. Then I(Daniel) stood up. And I(Daniel) returned to the palace [so that I(Daniel) could work for the king]. I(Daniel) was amazed by the vision. But I(Daniel) was not able [to understand the vision].	Daniel
Matthew 6:18	Then-D other _implicit people will not notice [you(person) are fasting]. But your(person's) Father [who is not seen by people _implicitActiveAgent] will see you(person) . And your(person's) Father [who sees the actions _implicitNecessary [that are done by people _implicitActiveAgent secretly] ] will reward you(person).	Matthew
Genesis 31:55	Then early in the morning Laban kissed Laban's grandchildren and Laban's daughters. and Laban blessed the grandchildren and the daughters.  Then Laban left Jacob.  And Laban returned to Laban's house.	Genesis
Joshua 5:14	That man answered Joshua, ["I(man) am not a friend]. And I(man) am not an enemy. I(man) lead Yahweh's army." Then Joshua bowed to that man. And Joshua put Joshua's face on the ground [because Joshua respected that man]. Then Joshua said to that man, ["Will you(man) tell a message to me(Joshua)?] You(man) are my(Joshua's) master. And I(Joshua) am your(man's) servant."	Joshua
Genesis 44:16	Judah said, ["What will we(brothers) say to my(Judah's) master?] What will we(brothers) say? How will we(brothers) prove [that we(brothers) are innocent]?  we(brothers) are not able [to prove [that we(brothers) are innocent]]. God showed you(Joseph) [that your(Joseph's) servants are guilty]. My(Judah's) master, all of us(brothers) will become your(Joseph's) slaves.  We(brothers) and the boy [that had your(Joseph's) cup] will become your(Joseph's) slaves."	Genesis
1 Samuel 15:3	So you(Saul) (imp) go now.  And you(Saul) (imp) attack the Amalekites.  And you(Saul) (imp) completely destroy all of the things [that the Amalekites own].  All of those things (implicit-info) will become a gift/offering for me(Yahweh).  You(Saul) (imp) do not let [those people live]. You(Saul) (imp) kill the men, the women, the children, and the babies.  And you(Saul) (imp) kill the cows, the sheep, the camels, and the donkeys.""	1_Samuel
Mark 2:7	["Why (rhetorical) is this man saying these things ?] ["This man (statement) should not say these things]. Jesus is much insulting God [by talking (implicit-situational) [just-like Jesus is God]]. Who (rhetorical) is able [to forgive bad _morally actions] except God? Only God (statement) is able [to forgive bad _morally actions]."	Mark
Matthew 19:8	_paragraph (complex) Jesus answered, ["Moses allowed [you(Jews) to divorce your(Jews') wives] [because your(Jews') hearts-A were stubborn]]. (simple) Jesus answered, ["Moses allowed [you(Jews) to divorce your(Jews') wives] [because you(Jews) refused [to obey God _implicit]]]. But [when God first made/created all things,] God did not allow [men to divorce those men's wives]."	Matthew
Joshua 21:7	The Israelites also gave 12 towns to the families [that were descendants of Merari]. Those 12 towns were in the regions [that the tribes named Reuben, Gad, and Zebulun owned].	Joshua
Matthew 21:37	Finally that man sent-C that man's son to those people/farmers. That man thought, ["Those people/farmers will certainly respect my(man's) son"].	Matthew
Mark 10:23	(paragraph) Jesus looked at Jesus's disciples _implicit. And Jesus said to those followers/disciples, [" (complex) [Rich people enter the kingdom of God] is hard!"] [" (simple) [Rich people let [God lead those people]] is hard!"]	Mark
Matthew 15:3	_paragraph (rhetorical) Jesus asked those Pharisees and those people/scribes _implicit, ["And why do you(Pharisees) ignore the laws [that God commanded [you(Pharisees) to obey]] [in-order-to obey your(Pharisees's) religious _implicit customs/traditions]?] (statement) Jesus said to those Pharisees and those people/scribes _implicit, ["And you(Pharisees) ignore the laws [that God commanded [you(Pharisees) to obey]] [in-order-to obey your(Pharisees's) religious _implicit customs/traditions]].	Matthew
Daniel 2:5	The king said to the astrologers, ["I(king) decided [that I(king) will not tell you(astrologers) about the dream]]. I(king) want [you(astrologers) to tell me(king) about my(king's)  dream]. And I(king) want [you(astrologers) to explain the meaning of the dream to me(king)]. [If you(astrologers) are not able [to explain the meaning of the dream to me(king)]] I(king) will order [soldiers to kill you(astrologers)]. Those soldiers will also burn your(astrologers') houses.	Daniel
Matthew 21:24	_paragraph Jesus answered, ["I(Jesus) will also ask you(priests) 1 question]. [If you(priests) answer my(Jesus's) question _implicit,] I(Jesus) will tell-C to you(priests) about the authority [that I(Jesus) have [in-order-to do these things]].	Matthew
Mark 6:8	(paragraph) Jesus told Jesus's followers/disciples, ["[While you(followers) are traveling,] you(followers) (imp) do not take things/supplies _supplyInLDV, except a stick/staff [ (implicit-situational) that will help [you(followers) to walk]]]. You(followers) (imp) do not take food or a bag [(implicit-situational) that a person uses [when that person travels]]. And you(followers) (imp) do not carry money in your(followers') belts or your(followers') pockets _implicit.	Mark
Mark 4:38	But Jesus was sleeping at the back of the boat on a blanket/cushion. The disciples wake-up Jesus. (yesrhetorical) And the disciples said to Jesus, ["Master/Teacher, are you(Jesus) worried [that we(disciples) _incl will die soon_implicit]?"] (statement) ["Master/Teacher, It seems [you(Jesus) are not worrying [that we(disciples) _incl will die soon _implicit]]."].	Mark
Daniel 5:4	All these people drank wine from these gold cups. These people also honored the gods [that other people had made]. These gods were made of gold, silver, bronze, iron, wood, and stone.	Daniel
Matthew 19:22	_paragraph [When the young man heard these words,] the young man walk-away. The young man was sad [because the young man had much wealth]. (implicit-situational) And that man did not want [to sell all of that man's things/possessions].	Matthew
Joshua 7:12	The Israelites are not able [to defeat the Israelites' enemies] [because the Israelites did not obey me(Yahweh)]. The Israelites ran from the Israelites’ enemies. I(Yahweh) will not help you(Israelites) [until you(Israelites) destroy all of the things [that you(Israelites) stole from Jericho]].	Joshua
Genesis 27:22	So Jacob went close to the father of Jacob named Isaac. Then Isaac touched the hands of Jacob. and Isaac said, ["[When you(Esau) talked to me(Isaac)] I(Isaac) thought [you(Esau) were Jacob]]. But the hands of you(Esau) have much hair [just-like the hands of Esau have much hair]."	Genesis
2 Samuel 17:24	Absalom (title) dies.  David went to Mahanaim. Absalom and many Israelites went across the Jordan River.	2_Samuel
Matthew 7:13	(title) Jesus says [people should choose the narrow gate _frameInferable]. (paragraph) You(people) (imp) enter the narrow gate. The gate [that leads to the place [that people are destroyed by God _implicitActiveAgent at]] is wide. And the road [that leads to that place] is wide. And many people enter that gate.	Matthew
Matthew 10:22	You(disciples) will be hated by all _hyperbolic people because of me(Jesus). But a person [who follows _routinely me(Jesus) until the end of that person's life _implicit] will be saved by God _implicitActiveAgent from hell-A _implicit.	Matthew
Genesis 13:1	-Title Abram moves to Hebron. -Title and Lot moves to Sodom.  So Abram left Egypt. Abram took all the things [that Abram owned]. and Abram traveled to Negev [that is in the southern region of Canaan].  Abram's wife and Lot went with Abram.	Genesis
Daniel 6:22	God sent God's angel [in order to close the mouths of these lions]. So the lions did not hurt me(Daniel). God knows [that I(Daniel) am innocent]. I(Daniel) have not done bad things to you(king)."	Daniel
Joshua 13:7	You(Joshua) must divide that land.  And you(Joshua) must give that land to the 9 tribes and to half of the tribe named Manasseh."	Joshua
1 Samuel 19:17	Then Saul said to Michal, ["Why did you(Michal) trick me(Saul)]? You(Michal) helped [my(Saul's) enemy escape]." Michal answered Saul, ["David said to me(Michal), ["[If you(Michal) do not help me(David)] I(David) will kill you(Michal)]]." So (implicit) I(Michal) let [David leave]."	1_Samuel
Mark 10:49	(paragraph) [(implicit-subaction) When Jesus heard Bartimaeus,] Jesus stopped walking. And Jesus said to some of the people _implicit , ["You(people) (imp) tell that man [that man to come here]"]. (paragraph) So those people called that man [who was not able to see]. And those people said to that man, ["You(man) (imp) become brave!] You(man) (imp) stand-up! Jesus is calling you(man)."	Mark
Daniel 8:9	Then another small horn grew from one of those horns. This small horn became powerful. This small horn defeated the people [who lived in the south region], the people [who lived in the east region], and the people [who lived in the beautiful land].	Daniel
Matthew 11:23	(yesrhetorical) And you(people), Capernaum of people _metonymy, do you(people) think [you(people) will be brought by God _implicitActiveAgent to heaven [because you(people) will be honored by God _implicitActiveAgent]]? (statement) And you(people), Capernaum of people _metonymy, you(people) should not think [you(people) will be brought by God _implicitActiveAgent to heaven [because you(people) will be honored by God _implicitActiveAgent]]. No. You(people) will be sent by God _implicitActiveAgent to hell-B. For [If-C I(Jesus) had done in Sodom the miracles [that I(Jesus) did among you(people)]] the people _implicitNecessary of that town would put-on sackcloth. And [if-C I(Jesus) had done in Sodom the miracles [that I(Jesus) did among you(people)]] that town of the people _metonymy would still be-E/exist today.	Matthew
Mark 13:16	A person [that is working _implicitNecessary in the field-A ] must not return-A to that person's house _implicit [in-order-to get that person's coat]. (implicit-situational) Instead that person must run-away quickly to the mountains.	Mark
Matthew 28:3	That servant/angel appeared-B like lightning. (literal) And that servant's/angel clothes were white [just-like snow is white]. (dynamic) And that servant's/angel clothes were extremely white and bright.	Matthew
2 Samuel 2:25	Then the men [that were in the tribe named Benjamin] came to Abner. Those men stood at the top of that hill.	2_Samuel
Nehemiah 7:18	667 men [that were from Adonikam] returned.	Nehemiah
Acts 17:34	Some people believed in Jesus. And those people became Paul's disciples. One of those people was named Dionysius. Dionysius was a member of the group named Aeropagus. A woman named Damaris also believed in Jesus. And many other people also believed in Jesus.	Acts
2 Samuel 14:21	Then David said to Joab, ["Ok]. I(David) will keep my(David's) promise. (imp) you(Joab) go.  And you(Joab) (imp) bring Absalom to Jerusalem."	2_Samuel
Nehemiah 10:33	And we(people) will use that silver [in order to pay for the special bread [that the priests put on the special table], for the offering-grain, and for the offering-burnt]. We(people) will also use that silver [in order to pay for the gifts/offerings [that the priests give/sacrifice] on the seventh day of each week, on the New-Moon feasts, and for special meals/feasts]. And we(people) will use that silver [in order to pay for the gifts/offerings [that take away the bad _morally actions of Israel]].  And we(people) will use that silver [in order to pay the people [that work in the house of our(Israelites') God]].	Nehemiah
Matthew 27:45	(title) Jesus dies. _paragraph (literalunits) Between-C the 6th hour and the 9th hour the whole sky was dark-A. (modernunits) Between-C 12PM and 3PM the whole sky was dark-A.	Matthew
2 Samuel 13:23	(title) Absalom kills Amnon. 2 years later the men [who cut off the fur from Absalom’s sheep] were in Baal-Hazor.  Baal-Hazor was near Ephraim’s border.  At that time Absalom invited [all of the king’s sons to come to Baal-Hazor].	2_Samuel
Matthew 13:29	_paragraph That man answered, ["No]. For [while you(servants) are pull-out those plants/weeds,] you(servants) might pull-out the wheat also.	Matthew
2 Samuel 1:11	Then David tore David's clothes [in order to show people [that David was very sad]]. And all of the men [who were with David] also tore the men’s clothes.	2_Samuel
Joshua 21:2	The leaders of the tribe named Levi spoke to those men in the town named Shiloh [which was in Canaan]. Those leaders said to those men, ["Moses said [that Yahweh commanded [you(men) to give towns and fields to us(people)]]]. We(people) will live in those towns. And our(people's) cows and sheep will live in those fields."	Joshua
1 Samuel 17:14	David was Jesse’s youngest son. The 3 oldest sons followed Saul [to fight the Philistines].	1_Samuel
Matthew 27:17	So [after the crowd gathered in front of Pilate _implicit,] Pilate asked the people _frameInferable, ["Do you(people) want [me(Pilate) to free for-C you(people) Jesus-Barabbas or Jesus [who is called by people _implicitActiveAgent the Christ]]?"]	Matthew
1 Samuel 25:13	Then David said to the men [who were with David], ["You(men) (imp) prepare [to fight]]!  And you(men) (imp) bring your(men's) swords!" So those men pick-up those men's swords. And David also pick-up David's sword. About 400 men went with David [in order to fight Nabal].  And about 200 men stayed in the cave [in-order-to guard the food].	1_Samuel
2 Samuel 17:4	Absalom and all of the leaders of Israel liked that plan.	2_Samuel
Joshua 17:9	Then the border went to the valley-Kanah. The tribe named Ephraim owned towns [that were in that region].  Those towns were among the towns [that the tribe named Manasseh owned].  The border of Manasseh's land went from the northern side of the valley-Kanah to the sea-Mediterranean.	Joshua
Ruth 3:11	My(Boaz’s) daughter, you(Ruth) (imp) do not be afraid. I(Boaz) will do for you(Ruth) all of the things [that you(Ruth) asked [me(Boaz) to do]].  All of the people [that are living in this town] know [that you(Ruth) are a very good woman].	Ruth
Matthew 2:14	(paragraph) So Joseph get-up . During that night _significantTime Joseph took the child and the child’s mother . And Joseph started traveling to Egypt with the child _implicit and the child’s mother _implicit .	Matthew
Genesis 37:32	Then the brothers brought the robe to the brothers' father. and the brothers said, ["We(brothers) found this robe]. You(Jacob) (imp) look at this robe carefully. Does this robe belong to your(Jacob's) son?"	Genesis
2 Samuel 23:27	Abiezer was from Anathoth.Sibbekai was from Hushath.	2_Samuel
Genesis 47:26	So Joseph made a new law. This new law said [that the crops [that the people [who live in Egypt] harvested from the land] belongs to the king]. But the king did not obtain the priest's land.	Genesis
Genesis 50:13	Jacob's sons carried Jacob's body to Canaan. and Jacob's sons buried Jacob's body in the cave [that is in the field [that belonged to Machpelah]].  That field is near Mamre. Abraham bought that cave and that field from Ephron [who was a Hittite] [so that people could bury the bodies of Abraham's descendants in that cave].	Genesis
Matthew 13:22	A person [who hears the message] [and who worries much about that person's life] is _be-U like the seeds [that fell among the plants [that have sharp points]]. (literal) That person is deceived by wealth. (dynamic) That person thinks [that person will be happy [if that person has much wealth]]. (dynamic) But that person is wrong. (literal) So the message is not able [to become strong]. (dynamic) So that person thinks [the things [that that person wants/desires] are more important than the message]. (literal) And the message is not able [to produce fruit]. (dynamic) And the message does not change that person [so that (implicit-situational) that person does the things [that please God]].	Matthew
2 Samuel 14:25	All of the people [who were living in Israel] thought [that Absalom was very handsome]. Absalom was very handsome from the top of Absalom's head to the bottom of Absalom's foot.	2_Samuel
Joshua 21:27	The Israelites also gave towns to the families [that were Gershon's descendants]. The tribe named Manasseh [that lived on the eastern side of the Jordan river] gave the towns named Golan and Be-Eshtarah to those families.  Golan was in Bashan.  ( A person [who lived near Golan] might accidentally kill another person. Then that person should run to Golan. ) So the tribe named Manasseh [that lived on the eastern side of the Jordan river] gave 2 towns to the families [that were Gershon's descendants]. And the tribe named Manasseh [that lived on the eastern side of the Jordan river] also gave the fields [that were near those 2 towns] to those families.	Joshua
Matthew 20:23	_paragraph (literal) Jesus said to James and John, ["You(sons) _dual certainly will drink that bitter-B drink _implicit from my(Jesus's) cup]. (dynamic) Jesus said to James and John, ["The hard-B things-B [that will happen to me(Jesus)] will certainly happen to you(sons) _dual]. But I(Jesus) do not have authority [in order to choose the people _dual [who will sit at my(Jesus's) right side and my(Jesus's) left side]]. These seats _dual belong to the people [for whom these seats _dual were prepared by my(Jesus's) Father]."	Matthew
Joshua 23:1	Joshua (title) goodbyes the Israelites.  Yahweh allowed [the Israelites to rest for many years]. And Yahweh protected the Israelites from the Israelites' enemies. Then Joshua became very old.	Joshua
Mark 9:21	(paragraph) Jesus asked that boy's father, ["When did these things start happening to this boy ?"] (paragraph) That boy's father answered, ["These things started happening [when _Adp this boy was very young]].	Mark
Nahum 1:9	Yahweh will destroy the people [who plan [to do bad things to Yahweh]]. Yahweh will not allow [the people [who live in Assyria] to defeat Yahweh's people again].	Nahum
2 Samuel 22:10	God opened the heavens. And God came down to the earth. Dark clouds were under God's feet.	2_Samuel
Genesis 35:5	Then Jacob and Jacob's sons left that place. But God caused [the people [that lived near that place] to be afraid of Jacob]. Therefore those people did not pursue Jacob.	Genesis
Nehemiah 1:3	Those men said to me(Nehemiah), ["The people [that were brought to Babylon by soldiers] [but are living in Judah now] have many problems]. And those people are ashamed. The walls of Jerusalem were destroyed by soldiers. And the gates of Jerusalem were burned with fire by soldiers."	Nehemiah
Mark 4:30	(title) Jesus tells a parable [that is about a seed-mustard]. (paragraph) And Jesus also said, ["(rhetorical) (complex) How are we(Jesus) _incl able [to describe the kingdom of God]?] ["(rhetorical) (simple) How are we(Jesus) _incl able [to explain-how [God rules God's people]]?] ["(statement) (complex) I(Jesus) will describe the kingdom of God]. ["(statement) (simple) I(Jesus) will explain-how [God rules God's people]]. (rhetorical) (complex) Which parable [that explains the kingdom of God] will we(Jesus) _incl tell? (rhetorical) (simple) Which parable [that explain-how [God rules God's people]] will we(Jesus) _incl tell? (statement) (complex) I(Jesus) will tell a parable [that explains the kingdom of God]. (statement) (simple) I(Jesus) will tell a parable [that explain-how [God rules God's people]].	Mark
Mark 8:28	(paragraph) Those followers/disciples told Jesus, ["Some people say [you(Jesus) _implicitNecessary are _implicitNecessary John the Baptist]]. Other people say _implicitNecessary [you(Jesus) _implicitNecessary are _implicitNecessary Elijah named the prophet _implicitType]. And other people say _implicitNecesssary [you(Jesus) _implicitNecessary are _implicitNecessary one of the people [who tell God's messages to people _generic]]."	Mark
Mark 13:25	The stars will fall from the sky. And the powerful things [that are in the sky] will be shaken-B by God _implicitActiveAgent. (footnote) You(people) (imp) see Isaiah 13:10, Isaiah 34:4, and Joel 2:10.	Mark
Matthew 11:5	Blind people start seeing things _implicit. Lame people start walking. People [who have a terrible skin disease] become religiously/ritually clean-A. Deaf people start hearing sounds _implicit. People [who are dead] become alive again. And the Good-News is told to poor people by me(Jesus) _implicitActiveAgent'.	Matthew
Joshua 1:4	I(Yahweh) will give all of the land [that is between the desert and Lebanon] to you(people). The desert is in the southern region. And Lebanon is in the northern region. And I(Yahweh) will give all of the land [that is between the Euphrates river and the Mediterranean Sea to you(people)]. The Euphrates river is in the eastern region. And the Mediterranean Sea is in the western region.  I(Yahweh) will give the land of the Hittites to you(people).	Joshua
Joshua 4:12	The men [that were in the tribes named Reuben and Gad] and half of the men [that were in the tribe named Manasseh] also obeyed Moses. All of those men were carrying weapons. And those men went across the river [before the people [that were in the other tribes] went across the river].	Joshua
Genesis 36:21	Seir also had sons named Dishon, named Ezer, and named Dishan. These sons of Seir were the leaders of the Horites [who lived in Edom].	Genesis
Joshua 16:5	Joshua and the leaders of the Israelites gave part of that land to the families [that were in the tribe named Ephraim]. That land's border went from Ataroth-Addar [which was in the eastern region] to Upper-Beth-Horon.	Joshua
1 Samuel 15:25	I(Saul) beg you(Samuel) [to forgive my(Saul's) sin]. You(Samuel) (imp) come with me(Saul) [so that I(Saul) could worship Yahweh]."	1_Samuel
Nehemiah 8:1	Ezra (title) reads Moses’ laws to the people of Israel. At that time all of the people of Israel met in the big place/square [that was in front of the gate-Water]. And the people told [Ezra [who taught the people about Moses’ laws] to bring Moses’ Book-of-the-Law]. Previously Yahweh commanded [the people of Israel to obey the laws [that were in that book]].	Nehemiah
Matthew 15:33	_paragraph (rhetorical) The followers/disciples asked Jesus, ["Where will we(followers) be able [to get enough food for this big crowd in this desert/wilderness]?"] (statement) The followers/disciples said to Jesus, ["We(followers) are not able [to get enough food for this big crowd in this desert/wilderness]"].	Matthew
1 Samuel 12:5	Then Samuel said to the Israelites, ["Yahweh heard the things [that you(Israelites) said]]. And Yahweh chose/appointed [Saul to be your(Israelites') king]. Saul also heard the things [that you(Israelites) said]. Yahweh and Saul heard [that you(Israelites) do not accuse me(Samuel) [of doing bad things]]."  The people said, ["Yahweh sees/witnesses [that we(Israelites) do not accuse you(Samuel) [of doing bad things]]]."	1_Samuel
Genesis 3:14	Then God said to the snake, ["I(God) curse you(snake) [because you(snake) tricked this woman]].  I(God) will cause [you(snake) to be different from all the other animals].  You(snake) will not be like the livestock or the wild animals.  You(snake) will crawl on the stomach of you(snake). and you(snake) will eat dust [until you(snake) die].	Genesis
Mark 4:15	Some people are like the path [that God's _implicit message is scattered by the person/farmer _implicitActiveAgent on]. [After those people hear the message,] Satan immediately comes. And Satan take-away the message [that was planted in those people by that person/farmer _implicitActiveAgent ].	Mark
1 Samuel 14:35	Then Saul built an altar for Yahweh. That altar was the first altar [that Saul built for Yahweh].	1_Samuel
Joshua 15:42	Yahweh also gave other towns [that were on the western side of the mountains] to the tribe named Judah. So the tribe named Judah owned the towns named Libnah, Ether, and Ashan.	Joshua
Nehemiah 3:26	A man named Pedaiah and the servants [that worked in the temple] repaired the next part of the wall. Pedaiah was a son of Parosh. Those servants [that worked in the temple] lived on the hill-Ophel. That part of the wall led to the place [that was in-front-of the gate-Water]. That part of the wall led to the eastern side of the city and the big tower.	Nehemiah
2 Samuel 18:11	Then Joab said to that soldier, ["You(soldier) saw Absalom]? Why did you(soldier) not kill Absalom?  [If you(soldier) had killed Absalom] I(Joab) would have given 115 grams of silver and a soldier's belt to you(soldier)."	2_Samuel
Esther 1:17	All the women [that live in the kingdom] will hear about the things [that the queen did]. The women will hear [that you(Xerxes) ordered [the queen to come to you(Xerxes)]]. And the women will hear [that the queen did not come to you(king)]. Then the women will not do all the things [that the women's husbands say].	Esther
2 Samuel 23:19	People honored Abishai [more than people honored the 3 powerful soldiers]. [Although Abishai was not one of the three powerful soldiers] Abishai became the captain of the 3 powerful soldiers.	2_Samuel
Nehemiah 11:18	284 people [who were in the tribe named Levi] moved to the special/holy city.	Nehemiah
Matthew 14:1	(title) John the Baptist's head is cut-off by Herod of the soldiers _metonymy. _paragraph At-that-time Herod [who ruled that area/region] heard about the things [that Jesus did].	Matthew
Genesis 45:22	Joseph gave 1 set of clothes 1 to each brother. but Joseph gave 5 sets of clothes to Benjamin. and Joseph also gave 3 kilograms of silver to Benjamin.	Genesis
Mark 7:2	Those Pharisees and those people/scribes noticed [some of Jesus's disciples eating food with _addInstrumentArg religious _implicit dirty/unclean hands]. Those followers'/disciple hands were not washed religiously/ritually _implicit by those followers/disciples _implicitActiveAgent.	Mark
2 Samuel 6:19	Then David gave one loaf of bread, one date cake, and one raisin cake to each person. David gave those things to the Israelite men and the Israelite women [that were at that place]. Then all of the people returned to those people's houses.	2_Samuel
Mark 13:32	(title) Jesus tells-B Jesus's followers/disciples [Jesus's followers/disciples to be ready-C [the Son-of-man to return]]. (paragraph) No person knows-C the day [(implicit-situational) that the Son-of-man _1stas3rd will return-B on] or the hour [(implicit-situational) that the Son-of-man _1stas3rd will return-B on]. The angels [that are in heaven] and the Son _1stas3rd do not know that day or that hour. Only-B the Father-A knows that day and that hour.	Mark
Daniel 2:7	The astrologers said to the king, ["You(king) (imp) please tell us(astrologers) about the dream]. Then we(astrologers) will explain the meaning of your(king's) dream to you(king)."	Daniel
Matthew 12:47	A person said to Jesus, ["Your(Jesus's) mother and your(Jesus's) brothers are standing outside the house [because your(Jesus's) mother and your(Jesus's) brothers want [to talk to you(Jesus)]]"].	Matthew
Ruth 2:23	So Ruth continued working with the women [that worked for Boaz]. Ruth gathered grain [until the workers finished gathering/harvesting the barley and the wheat].  And Ruth lived with Ruth's mother-in-law.	Ruth
Acts 19:10	Paul talked to those people about Jesus every day for two years. So all the Jews and Greeks [who lived in the region named Asia] heard the message [that is about the Lord Jesus]. \	Acts
Genesis 24:11	There was a well [that was outside that city].  The servant of Abraham knew [that many women [who lived in that city] would walk to a spring [that was near the well] [in order to obtain water in the evening]].  So the servant of Abraham stood near that well.  And the servant allowed [the camels to rest near that well].	Genesis
Mark 3:10	Jesus healed many people previously. (implicit-situational) And many other people [who had diseases] wanted [to become healthy]. So many other _implicit people [who had diseases] were pushing each-other(people) [in-order-to go close to Jesus [so that those people could touch Jesus]].	Mark
2 Samuel 13:4	One day Jonadab asked Amnon, ["Why do you(Amnon) look tired each morning]? You(Amnon) are the king's son. (imp) You(Amnon) tell me(Jonadab) about the reason [why you(Amnon) are tired]." Amnon said to Jonadab, ["I(Amnon) love Tamar]. But Tamar is the sister of my(Amnon's) brother named Absalom."	2_Samuel
2 Samuel 13:20	Tamar's brother (implicit-info) named Absalom saw Tamar.  Then Absalom said to Tamar, ["Did your(Tamar's) brother named Amnon [force you(Tamar) to sex Amnon]]? My(Absalom’s) sister, you(Tamar) (imp) do not tell people about Amnon now. Amnon is your(Tamar's) brother.  And (imp) you(Tamar) do not be upset."  Then Tamar lived in Absalom’s house. Tamar was very lonely.	2_Samuel
Matthew 14:13	(title) Jesus provides food for 5000 people. _paragraph [After Jesus heard about John's death _implicit,] Jesus left that place in a boat with Jesus's followers/disciples [in order to go to a place [where no other people were]]. [When people _nounIndex2 heard about the place [where Jesus was going],] people _nounIndex2 followed-A Jesus [by walking to that place _implicit from the towns [that (implicit-situational) were in that area/region]].	Matthew
1 Samuel 10:11	Then people [who knew Saul] saw [Saul speaking the words of Yahweh with the prophets]. Those people asked each other, ["Which thing happened to Kish’s son]? Is Saul a prophet now?"	1_Samuel
Mark 9:12	(paragraph) Jesus answered those followers/disciples, ["Elijah certainly comes first]. And Elijah causes [all things-A to become like new things]. (rhetorical) But why do the Scriptures say [the Son-of-man must much suffer] [and the Son-of-man must be treated cruelly by people _implicitActiveAgent]? (statement) . The Scriptures say [the Son-of-man must much suffer] [and the Son-of-man must be treated cruelly by people _implicitActiveAgent].	Mark
Matthew 6:9	(paragraph) Therefore you(people) (imp) pray, (paragraph) ["Our(people's) Father [who is in heaven], we(people) pray-hope [ you(Father) be honored by people _implicitActiveAgent]].	Matthew
Daniel 5:7	The king shouted to the astrologers, magicians, and wise men, ["Who is able [to read this message]]? Who is able [to tell me(king) about the meaning of this message]? I(king) will give purple clothes to that person. I(king) will give a gold necklace to that person. And I(king) will make [that person be the third ruler in this kingdom]."	Daniel
Daniel 7:12	Then the other three animals lost the power of the animals. But those three animals continued to live for a certain number of days."	Daniel
Genesis 46:10	Simeon had sons named Jemuel, named Jamin, named Ohad, named Jakin, named Zohar, and named Shaul.  Shaul's mother was a canaanite woman.	Genesis
Genesis 1:6	Then God said, ["Let there be a place [that will separate the water in the sky from the water on the earth]."]	Genesis
1 Samuel 18:10	The next day an evil spirit [that came from God] entered Saul. Then Saul started thinking [like a crazy man thinks] in Saul's house. At that time David was playing a harp. And Saul was holding a spear.	1_Samuel
Genesis 28:10	–Title Jacob dreams at Bethel. -beginepisode  Jacob left Beersheba. and Jacob started traveling to Haran.	Genesis
Genesis 25:16	Those men were Ishmael's sons.  Those 12 sons became the leaders of 12 tribes.	Genesis
2 Samuel 18:2	Then David sent those men[in order to fight Absalom’s soldiers]. Joab led one group of soldiers. Joab’s brother named Abishai led another group of soldiers. Abishai was the son of Zeruiah. And Ittai led the last group of soldiers. Ittai was a Gittite.  King David said to all of those soldiers, ["I(David) will certainly go/march with you(soldiers)]."	2_Samuel
Joshua 9:21	We(Israelites) will let [the Gibeonites live]. But we(Israelites) will force [the Gibeonites to cut wood for us(Israelites)]. And we(Israelites) will force [the Gibeonites to carry water for us(Israelites)]." So the leaders of the Israelites kept the promise [that the leaders made to the Gibeonites].	Joshua
Esther 5:10	[Although Haman was angry with Mordecai] Haman did not punish Mordecai. Haman went to Haman's house. And Haman called Haman's friends and Haman's wife named Zeresh.	Esther
2 Samuel 2:7	Now you(men) (imp) be brave. Saul [who was your(men’s) master] is dead. And the people [who are living in Judah]chose/anointed David[in order to become the king of Judah]."	2_Samuel
1 Samuel 4:6	The Philistines heard [the Israelites shouting]. Then the Philistines asked each other, ["Why are the Israelites shouting]?" Then the Philistines found out [that the Israelites brought the Ark-of-the-Covenant to the place [where the Israelites were camping]].	1_Samuel
Daniel 6:9	So king Darius wrote the law. Then king Darius wrote Darius' name on the law.	Daniel
Matthew 20:4	That man said to those people, ["You(people) (imp) go into my(man's) vineyard [just-like the other people went into my(man's) vineyard _implicit]]. (implicit-situational) And you(people) (imp) work there . And I(man) will pay you(people) the right-A amount of money _implicit."	Matthew
Mark 7:23	All of these evil actions come from the inside of a person _implicit. And these actions cause [that person to become religiously _implicit dirty/unclean]."	Mark
Joshua 15:29	And the tribe named Judah owned the towns named Baalah, Iim, and Ezem.	Joshua
Joshua 24:33	Eleazar [who was the son of Aaron] also died. Then the Israelites buried Eleazar's body at Gibeah. Gibeah was in the mountains [that the tribe named Ephraim owned]. Previously Yahweh gave Gibeah to Eleazar's son named Phinehas.	Joshua
Nehemiah 8:10	Nehemiah said, ["You(people) (imp) go]. And you(people) (imp) enjoy [eating special food] [and drinking sweet drinks]. And you(people) (imp) send some of that food and some of those drinks to other people [who did not prepare food or drinks]. This day is special/holy for our(Nehemiah's) Lord. You(people) (imp) do not be sad. Yahweh will cause [you(people) to become very happy]. (complex) Yahweh's joy will cause [you(people) to become strong]."	Nehemiah
1 Samuel 31:11	The people [who were living in Jabesh-Gilead] heard about the things [that the Philistines did to Saul's body].	1_Samuel
1 Samuel 28:6	So Saul prayed to Yahweh.  But Yahweh did not speak to Saul.  Yahweh did not show a vision to Saul.  And Yahweh did not speak to Saul through the priests or through the prophets.	1_Samuel
Matthew 12:34	(norhetorical) You(Pharisees), children of snakes/vipers, are you(Pharisees) [who _descriptive are evil] able [to say a good thing]? (statement) You(Pharisees), children of vipers, you(Pharisees) [ _descriptive who are evil] are not able [to say a good thing]. (literal) For the mouth says the things [that the heart-A is full of]. (dynamic) For people _implicitNecessary say the things [that are in people's _implicitNecessary hearts].	Matthew
Mark 4:36	So Jesus and Jesus's disciples left the crowd. Those disciples take-away Jesus in the boat [that Jesus was already _implicit in] from the land/shore _implicit. Some other boats also went with Jesus and Jesus's disciples.	Mark
Matthew 23:37	_paragraph Jerusalem, Jerusalem, you(Jerusalem) kill the people/prophets [who are sent by God _implicitActiveAgent to you(Jerusalem)]. And you(Jerusalem) throw stones at those people/prophets [in order to kill those people/prophets]. I(Jesus) often wanted [to gather your(Jerusalem's) children] [just-like a chicken gathers a chicken's babies under a chicken's wings]. But you(Jerusalem) did not want [me(Jesus) to gather your(Jerusalem's) children].	Matthew
Mark 6:44	The number of men [who ate the bread and fish _implicit] was 5000. (implicit-situational) The crowd also included women and children.	Mark
Genesis 32:21	So Jacob sent all these gifts to Esau. But Jacob stayed in the camp that night.	Genesis
Genesis 11:32	Terah lived for 205 years. then Terah died in Haran.	Genesis
Matthew 18:34	The king was very angry. So the king commanded [the officers of the prison to take the first servant] [and the officers of the prison to beat/torture that servant [until that servant pays all the money [that that servant owed to the king _implicit]]].	Matthew
Nehemiah 10:13	Hodiah, Bani, and Beninu.	Nehemiah
Joshua 4:11	[After the people finished going across the river] the priests carried the ark-of-the-covenant across the river. All of the people watched [the priests carrying the ark-of-the-covenant].	Joshua
Genesis 46:9	Reuben had sons named Hanoch, named Pallu, named Hezron, and named Carmi.	Genesis
Matthew 1:7	Solomon became the father of Rehoboam. Rehoboam became the father of Abijah. And Abijah became the father of Asa.	Matthew
Daniel 5:10	The queen heard [the king talking to the guests]. So the queen came into the room. The queen said to the king, ["I(queen) hope [that you(king) live forever]]. You(king) (imp) do not be afraid. You(king) (imp) do not worry.	Daniel
1 Samuel 16:2	But Samuel said, ["[If Saul hears [that I(Samuel) am going to Bethlehem]] Saul will kill me(Samuel)]." But Yahweh said, ["You(Samuel) (imp) take a young calf with you(Samuel)].  And you(Samuel) (imp) say to the people, ["I(Samuel) came [in-order-to give/sacrifice this calf to Yahweh]]."	1_Samuel
Genesis 19:36	Thus the 2 daughters of Lot became pregnant through the father of the 2 daughters.	Genesis
2 Samuel 12:8	I(Yahweh) gave Saul's kingdom to you(David). And I(Yahweh) gave Saul's wives to you(David). And I(Yahweh) caused [you(David) to become the king of Israel and the king of Judah]. [If you(David) had  wanted more  things] I(Yahweh) would  have given many more things to you(David).	2_Samuel
Matthew 26:5	Those chief _adj priests and those leaders/elders said, ["But we(priests) do not _suggestiveLets take-away/arrest Jesus during the holiday/feast [because people might become violent against us(priests) _implicitNecessary]"].	Matthew
2 Samuel 13:25	King David said to Absalom, ["My(David's) son, no].  All of us(David) should not go to your(Absalom’s) feast. We(David) would cause [you(Absalom) to have much trouble].” Absalom begged/urged[David to go]. But David refused [to go]. Then David blessed Absalom.	2_Samuel
Genesis 15:4	Then Yahweh said to Abram, ["That slave will not inherit all your(Abram's)things]. You(Abram) will have a son.  Your(Abram's) son will inherit all your(Abram's) things".	Genesis
Nehemiah 12:16	Zechariah was the leader of the family of Iddo. Meshullam was the leader of the family of Ginnethon.	Nehemiah
1 Samuel 24:22	So David promised Saul [that David will not kill Saul's descendants]. And David promised Saul [that David will not take-away/erase Saul's name from the books]. Then Saul returned to Saul's house.  But David and the men [who were with David] returned to a cave.	1_Samuel
Daniel 7:26	Then the people [who are in the court] will decide [to take away the power from the fourth king]. And those people will destroy the fourth king.	Daniel
Esther 6:14	[While these friends were speaking to Haman] the king's servants came to Haman's house. Then the servants quickly took Haman to the feast [that Esther had prepared].	Esther
Titus 2:10	Slaves should not steal things. But slaves should show the masters of those slaves [that those slaves are faithful]. Then people will want [to know the things [that we(Paul) teach to people]]. We(Paul) teach people about God [who saves us(Paul) from bad things and death].	Titus
Matthew 18:21	(title) Jesus tells a story/parable [that is about a servant-B [who is not kind/merciful]]. _paragraph Then Peter came to Jesus. And Peter asked Jesus _implicit, ["Lord-B, how-much-many times should I(Peter) forgive my(Peter's) friend/brother-D or sister-D _implicit [who sins against me(Peter)]?] Should I(Peter) forgive that friend/brother-D or sister-D _implicit 7 times?"	Matthew
Genesis 31:14	Then Rachel and Leah said to Jacob, ["Our(Rachel's) father will not give any thing to us(Rachel) [when our(Rachel's) father dies]].	Genesis
2 Samuel 22:30	I(David) am able [to defeat an army][when you(Yahweh) help me(David)].    I(David) am able [to climb walls][because you(Yahweh) help me(David)].	2_Samuel
Daniel 2:4	Then the astrologers spoke to the king with the Aramaic language. The astrologers said to the king, ["We(astrologers) hope [that you(king) will live forever]]. [If you(king) will tell us(astrologers) about the dream] then we(astrologers) will tell you(king) about the meaning of the dream."	Daniel
Mark 1:19	(paragraph) Then Jesus continued walking. And soon Jesus saw James and James's brother-B named John. James and John were the sons of Zebedee named a man _implicit. James and John were in a boat. And James and John were repairing the nets of James and John.	Mark
Genesis 40:6	[When Joseph saw these 2 officers in the morning] Joseph saw [that these 2 officers were upset].	Genesis
Genesis 11:7	We(Yahweh) should go to the earth.  And We(Yahweh) should cause [these people to speak many languages]. Then these people will not be able [to understand each-other(people)]."	Genesis
Nehemiah 8:5	Ezra opened the book. All of the people were able [to see Ezra] [because Ezra was standing on a high structure [that was in front of those people]]. [When Ezra opened the book] all of the people stand-up. Those people (implicit-info) stand-up [in order to show other people [that those people respected the words of God]].	Nehemiah
Genesis 5:18	Jared had a son [when Jared was 162 years old].  Jared named this son Enoch.	Genesis
2 Samuel 23:25	Shammah was from Harod. And Elika also was from Harod.	2_Samuel
Genesis 30:35	But on that day Laban tried [to cheat Jacob].  Laban take-away all the goats [that had black marks] and all the black sheep. Laban told Laban's sons [to care for those animals].	Genesis
Genesis 35:1	-Title Jacob moves to Bethel.  One day God said to Jacob, ["You(Jacob) (imp) go to the city named Bethel]. and you(Jacob) (imp) live in Bethel. You(Jacob) (imp) make an altar for me(God) at Bethel [because I(God) appeared to you(Jacob) at Bethel [while you(Jacob) were running from your(Jacob's) brother named Esau]]."	Genesis
2 Samuel 5:14	In Jerusalem David had sons named Shammua, Shobab, Nathan, and Solomon.	2_Samuel
Jonah 4:10	Yahweh said, ["You(Jonah) feel pity for the plant]. But you(Jonah) did not take care of the plant. You(Jonah) did not make [the plant grow]. In one night the plant grew. And the next night the plant died.	Jonah
Joshua 24:17	We(people) know [that our(Israelites’) God named Yahweh brought us(Israelites) and our(Israelites’) fathers from Egypt]. We(Israelites) were slaves [while we(Israelites) were living in Egypt]. But Yahweh did great things/miracles for us(Israelites). Yahweh protected us(Israelites) [while we(Israelites) were traveling through other countries].	Joshua
Nahum 1:13	The people [who live in Nineveh] put a yoke on your(people's) neck.  But I(Yahweh) will take-away that yoke now. And I(Yahweh) will break the ropes [that people tied you(people) with]."	Nahum
Nehemiah 9:27	So you(Yahweh) allowed [the enemies of those people to capture those people]. Then those people’s enemies treated those people badly. But [while those people were suffering] those people/ancestors cry-out to you(Yahweh). And You(Yahweh) [who are in heaven] heard those people. And [because you(Yahweh) are very kind/merciful] you(Yahweh) sent people [who saved/rescued those people from those people’s enemies].	Nehemiah
2 Samuel 4:4	Jonathan was Saul's son. [Before Jonathan (implicit-info) died] Jonathan had a son named Mephibosheth.  Mephibosheth was  not able [to walk] [because Mephibosheth's two  feet were hurt/injured].  [When Mephibosheth was five years old] Saul and Jonathan were killed by Philistine soldiers. So Mephibosheth's nurse picked up Mephibosheth. Then that nurse started run-away. But [while that nurse was running] that nurse dropped Mephibosheth. After that time Mephibosheth was not able [to walk] [because Mephibosheth's feet were hurt/injured].)	2_Samuel
Matthew 13:48	[After that net became full,] the men [who catch fish] pull-out that net from the water _implicit. And those men/fisherment put that net on the shore. Then those men/fishermen sit-down [in order to collect the good fish]. And those men/fishermen put those good fish into baskets. But those men/fishermen throw-away the bad fish _plural.	Matthew
1 Samuel 15:7	Then Saul attacked the Amalekites. Saul chased the Amalekites to Havilah and Shur.  Shur was near the eastern border of Egypt.	1_Samuel
Matthew 10:20	For you(disciples) will not speak. Instead, the Holy-Spirit _emphasized of your(disciples’) Father will speak through-B you(disciples).	Matthew
Genesis 4:7	[If you(Cain) obey me(God)] I(God) will be pleased with you(Cain).  But [if you(Cain) do not obey me(God)] sin is like a wild animal [that will attack you(Cain)].  Sin wants [to destroy you(Cain)]. But you(Cain) must fight sin."	Genesis
Genesis 1:13	God did these things on the third day.	Genesis
Matthew 25:2	5 of those young women were stupid/foolish. And 5 of those young women were wise.	Matthew
Acts 17:4	Paul persuaded some of the Jews to believe in Jesus. And those people agreed with Paul and Silas. Many Greeks [who obeyed God's law] and many important women also agreed with Paul and Silas.	Acts
Daniel 4:7	[When the magicians and astrologers came to the palace] I(Nebuchadnezzar) told the magicians and astrologers about my(Nebuchadnezzar's) dream. But the magicians and astrologers were not able [to tell me(Nebuchadnezzar) about the meaning of the dream].	Daniel
Daniel 4:37	I(Nebuchadnezzar), Nebuchadnezzar, now honor the king of heaven. And I(Nebuchadnezzar) thank God. God always does good things. God is always just. God is able [to make [proud people become humble people]].	Daniel
Genesis 7:5	And Noah obeyed God.	Genesis
1 Samuel 30:18	Then David took all of the valuable things [that the Amalekites took]. And David saved/rescued David's two wives.	1_Samuel
Genesis 43:20	The brothers said, ["Master, [when we(brothers) came  to Egypt the first time] we(brothers) bought food].	Genesis
Genesis 23:12	Then Abraham bowed to the Hittites again.	Genesis
Matthew 10:16	_paragraph You(disciples) (imp) listen/behold. I(Jesus) am sending you(disciples) [just-like sheep are sent by a person _implicitActiveAgent to wild dogs]. Therefore, you(disciples) (imp) be wise [just-like snakes are wise]. And you(disciples) (imp) be innocent [just-like birds/doves are innocent].	Matthew
Daniel 3:1	One day King Nebuchadnezzar made a gold statue. The statue was 30 meters tall. And the statue was 3 meters wide. Nebuchadnezzar put this statue in a field named Dura. Dura was near Babylon.	Daniel
Mark 5:43	But Jesus much warned the girl's parents [the girl's parents not to tell other _implicit people about this event] . And Jesus told those parents [to give food to the girl ].	Mark
1 Samuel 14:19	[While Saul was talking to the priest,] the Philistines became more confused and more afraid. So Saul said to the priest, ["You(priest) (imp) stop praying to Yahweh.]  We(Israelites) (implicit-info) must quickly start fighting these Philistines!"	1_Samuel
Joshua 9:17	So the Israelites started walking to the place [where the Gibeonites were living].  After 3 days the Israelites came to the Gibeonite's cities named Gibeon, Kephirah, Beeroth, and Kiriath-Jearim.	Joshua
Daniel 7:1	[After Belshazzar became the king of Babylon] God showed a vision to Daniel. [While Daniel was lying on Daniel's bed] God showed this vision to Daniel. [After Daniel woke up] Daniel wrote about the things [that Daniel had seen in the vision].	Daniel
Matthew 26:74	_paragraph Then Peter said [God will punish Peter [if Peter is not telling the truth]]. And Peter said/swear, ["I(Peter) do not know the man _frameInferable!"] _paragraph Immediately a male chicken shouted.	Matthew
Nehemiah 12:17	Zikri was the leader of the family of Abijah. Piltai was the leader of the family of Miniamin and the leader of the family of Moadiah.	Nehemiah
1 Samuel 18:16	But all of the people [who were living in Israel and in Judah] loved David [because David led the soldiers [to fight the Philistines]].	1_Samuel
Esther 9:21	Mordecai told [the Jews to celebrate on March 8 and March 9 each year].	Esther
Matthew 15:25	_paragraph That woman came to Jesus _implicit. And that woman knelt in-front-of Jesus. That woman said, ["Lord-B, you(Jesus) (imp) help me(woman)!"]	Matthew
Joshua 7:15	Then you(people) will destroy the man [who took the things from Jericho] with fire. And you(people) will also destroy all of the things [that that man owns]. That man did not obey Yahweh. That man did an evil thing among the people of Israel!"”	Joshua
Daniel 7:3	Then four big animals came from the great sea. Each animal was a different kind of animal.	Daniel
Genesis 41:19	Then I(king) saw [7 other cows coming from the river]. Those cows were thin and ugly. Those cows were uglier than all the cows [that are in Egypt].	Genesis
1 Samuel 21:15	I(Achish) know too many crazy men. I(Achish) (implicit-info) do not want [to talk to another crazy man]! You(servants) (imp) do not bring David into my(Achish's) house!"	1_Samuel
Matthew 15:24	_paragraph Jesus said to those followers/disciples _implicit, ["I(Jesus) was sent by God _implicitActiveAgent to the people _implicitNecessaryptive [who are-U like sheep [who do not have a shepherd]] of Israel"].	Matthew
Genesis 38:14	Then Tamar took off the clothes [that widows wear].  And Tamar covered Tamar's face with a veil [so that people would not recognize Tamar]. Then Tamar sat down by the gate of a city named Enaim.  This gate was near the road [that Judah was walking on [in order to go to Timnah]]. Tamar was angry at Judah [because Judah did not tell [Judah's son named Shelah to marry Tamar]] [even-though Shelah had grown].	Genesis
2 Samuel 7:20	I(David) want [to thank you(Yahweh)][because you(Yahweh) chose me(David)]. Yahweh-Almighty, I(David) am your(Yahweh's) servant.  And you(Yahweh)know me(David).	2_Samuel
Genesis 11:12	[When Arphaxad was 35 years old] Arphaxad had a son named Shelah.	Genesis
1 Samuel 19:16	But [when the men entered David’s house] those men saw [that an idol was on the bed].  And those men saw the goat’s hair [that was on the idol’s head].	1_Samuel
Mark 14:7	For poor people will always be with you(people). And [whenever you(people) want-B [to help those poor people],] you(people) are able [to help those poor people]. But I(Jesus) will not always be with you(people).	Mark
Joshua 6:4	7 priests must carry trumpets [that people made with horns of male sheep]. (imp) You(Joshua) tell [those 7 priests to walk in-front-of the ark-of-the-covenant]. Those priests must play the trumpets [while you(soldiers) are walking around the city]. On the seventh day you(soldiers) must walk around the city -iteration 7 times. (imp) You(Joshua) tell [the priests to play the trumpets] [while you(Israelites) are walking].	Joshua
Joshua 8:31	Previously Moses commanded [the Israelites to build altars for Yahweh]. Moses served Yahweh.  And Moses described [how to build altars] in Moses' book of the Law. So Joshua built that altar [just-like Moses commanded]. Joshua made that altar with stones [that people did not cut]. People did not use iron tools [in-order-to cut those stones]. The Israelites gave/sacrificed gifts/offerings to Yahweh on that altar. The Israelites burned those gifts on that altar. And the Israelites also gave other gifts/offerings to Yahweh on that altar.	Joshua
Genesis 18:30	Then Abraham said, ["Lord, you(Yahweh) (imp) please do not be angry at me(Abraham).] [If you(Yahweh) find only 30 righteous people [who live in the city]] will you(Yahweh) destroy the city?" Yahweh answered Abraham, ["[If I(Yahweh) find 30 righteous people] I(Yahweh) will not destroy the city."]	Genesis
1 Samuel 17:10	Then Goliath said, ["I(Goliath) am standing in-front-of you(soldiers)]. And I(Goliath) am laughing at you(soldiers). You(Israelites) (imp) choose a man [that will fight me(Goliath)]."	1_Samuel
Matthew 14:3	_paragraph Herod soldiers of _metonymy had take-away John the Baptist. Herod soldiers of _metonymy had tied-A John the Baptist. And Herod soldiers of _metonymy had put John the Baptist in a prison because of Herodias [who (implicit-situational) was Herod's wife]. Before that time _implicit Herodias was the wife of Herod's brother named Philip.	Matthew
Matthew 20:19	And those priests and those people/scribe will give-B the Son-of-man _1stAs3rd to the people [who are not Jews]. Those people/Gentiles will laugh/mock the Son-of-man _1stAs3rd. The Son-of-man _1stAs3rd will be whipped by those people/Gentiles _implicitActiveAgent. And the Son-of-man _1stAs3rd will be crucified by those people/Gentiles _implicitActiveAgent. But _implicit after 3 days the Son-of-man _1stAs3rd will become alive again!"	Matthew
Matthew 12:4	David entered God's house. And David and the men [who were with David] ate the special/holy bread [even-though the religious laws allow [only priests to eat that special/holy bread]].	Matthew
Joshua 9:25	So now we(Gibeonites) will serve you(Israelites).  You(Joshua) (imp) do the things [that you(Joshua) think [are fair]] to us(Gibeonites)."	Joshua
Nehemiah 7:3	I(Nehemiah) said to Hanani and Hananiah, ["You(Hanani) (imp) do not allow [people to open the gates of Jerusalem until the hottest part of the day]].  [When the people [who guard the gates] finish working] those people should close the gates. And those people should lock the gates. You(Hanani) (imp) also choose people [who live in Jerusalem] [in-order-to guard the city]. Some people should guard certain places [that are in the city]. And other people should guard places [that are near the people’s houses].”	Nehemiah
Joshua 6:9	Certain soldiers [that were carrying weapons] walked in-front-of the priests [who were playing the trumpets]. And other soldiers [who were carrying weapons] walked behind the ark-of-the-covenant. And the 7 priests were playing the priests' trumpets.	Joshua
2 Samuel 19:21	But Abishai  [who was Zeruiah's son] said to David, ["Shimei should die]. Shimei cursed you(David). You(David) are the king [that Yahweh chose/anointed]."	2_Samuel
Nehemiah 4:20	So [whenever you(people) hear the trumpet’s  sound] you(people) (imp) come to me(Nehemiah). Our(Nehemiah’s) God of will fight for us(Nehemiah)!”	Nehemiah
Genesis 21:1	-Title Sarah births Isaac. Yahweh kept the promise [that Yahweh made to Sarah].  Yahweh cared for Sarah.	Genesis
2 Samuel 10:13	Then Joab and the soldiers [that were with Joab] attacked the Aramean soldiers. Those Aramean soldiers run-away from Joab.	2_Samuel
Mark 6:21	(paragraph) One day Herodias had a plan [(implicit-situational) so that Herodias could cause [John to die]]. Herod invited [Herod's chief officials, Herod's _implicit officers, and the most important men [who were in Galilee] to celebrate-B the day [that Herod was born on] with a big meal at Herod's palace _implicit].	Mark
Daniel 5:17	Then Daniel said to the king, ["You(king) may keep those gifts]. You(king) may give those rewards to another person. But I(Daniel) will read this message for you(king). And I(Daniel) will tell you(king) about the meaning of this message.	Daniel
Matthew 10:25	It is _be-V good-A [a student becomes like that student's teacher]. And it is good-A [a servant-B becomes like that servant's master-A ]. [If the leader of the house was called Beelzebul by people _implicitActiveAgent,] the people [who live in the house of that leader] will certainly also be called Beelzebul by people _implicitActiveAgent! (footnote) Beelzebul is one of Satan's other names.	Matthew
1 Samuel 6:4	The Philistines asked, ["Which gift/offering should we(Philistines) send to the Israelites' god?"] The priests and the magicians answered, ["We(Philistines) have 5 rulers]. So you(Philistines) must make 5 gold sores/tumors and five gold rats.  The Israelites' god is punishing you(Philistines) and your(Philistines') rulers.	1_Samuel
Matthew 18:26	_paragraph Then-C the servant-B knelt in-front-of the king. And that servant-B said/beg, ["Please _implicit , you(king) (imp) be patient-B with me(servant)]. I(servant) will pay all the money."	Matthew
2 Samuel 21:2	So King David called the people [who were living in Gibeon]. And David talked to those people. (The people [who lived in Gibeon] were not Israelites. Those people were descendants of the Amorites. Previously the Israelites promised [that the Israelites would not hurt those people]. But Saul wanted [to help the people [who were living in Israel and in Judah]]. So Saul tried [to kill all of the people [who lived in Gibeon]].)	2_Samuel
Genesis 3:11	God said to the man, ["Who told you(Adam) [that you(Adam) are naked]?]  Did you(Adam) eat the fruit [that I(God) forbid [you(Adam) to eat]]?"	Genesis
Nehemiah 7:35	320 men [that were from Harim] returned.	Nehemiah
Esther 3:13	The messengers carried these letters to all the rulers and to all the important people. The letters commanded [people to kill all the Jews]. Haman wanted [people to kill all the old Jews and all the young Jews]. Haman also wanted [people to kill all the Jewish women and all the Jewish children]. The letters also said [that people may take all of the things [that the Jews owned]]. The people must kill all the Jews on March seven.	Esther
2 John 1:9	I(John) tell you(people) [that [if a person adds that person's ideas to the things [that Christ taught]] [and if that person does not continue believing in the things [that Christ taught]], that person is not united with God]. But [if a person continues believing the things [that Christ taught]], that person is united with God [who is our(John's) Father] and with Jesus Christ [who is God's Son].	2_John
Acts 15:13	Then Paul and Barnabas finished talking. And James said, ["My(James) brothers, listen (imp) to me(James).	Acts
Genesis 25:17	Ishmael was 137 years old [when Ishmael died].	Genesis
1 Samuel 15:16	Samuel said to Saul, ["You(Saul) (imp) stop talking]!  You(Saul) (imp) let [me(Samuel) tell you(Saul) about the things [that Yahweh said to me(Samuel) last night]]." Saul said, ["You(Samuel) (imp) tell me(Saul) about the things [that Yahweh said]]."	1_Samuel
Titus 1:16	Those people say [that those people know God]. But the things [that those people do] prove [that those people do not know God]. Those people are extremely bad. Those people do not obey  God. Those people are not able [to do one good thing].	Titus
Joshua 15:35	And the tribe named Judah owned the towns named Jarmuth, Adullam, Socoh, and Azekah.	Joshua
Acts 1:2	Jesus did all these things from the time [that John baptized Jesus at] until the time [that Jesus was carried into heaven by God at].  [Before Jesus went to heaven] Jesus talked to the apostles [that Jesus chose].  The Holy Spirit helped [Jesus tell the apostles about the things [that the apostles should do]].	Acts
Acts 18:10	I(Jesus) am with you(Paul.) And no person will attack you(Paul). And no person will harm you(Paul), [because many people [who are in this city] are my(Jesus) disciples".]	Acts
Genesis 48:21	Then Jacob said to Joseph, ["I(Jacob) will die soon]. But God will be with you(Joseph). God will take you(Joseph) to the land [where your(Joseph's) ancestors lived].	Genesis
Mark 14:12	(title) Jesus eats Jesus's last meal with Jesus's 12 disciples. (paragraph) On the first day of the Feast-of-Unleavened-Bread, the young sheep [that are eaten by people _implicitActiveAgent during the meal of Passover] are killed/sacrificed by each Jewish family _implicitActiveAgent. Jesus's disciples asked Jesus, ["Where do you(Jesus) want [us(followers) _excl to go [in-order-to prepare-B the meal of Passover for you(Jesus)]]?"]	Mark
Genesis 37:5	On one night [while Joseph was sleeping] Joseph dreamed.   [After Joseph woke up] Joseph told Joseph's brothers about the dream.	Genesis
Genesis 32:30	So Jacob named that place Peniel. -Footnote Peniel means the face of God.  And Jacob said to Jacob, ["I(Jacob) saw the face of God]. but I(Jacob) did not die"].	Genesis
Genesis 36:29	The leaders of the Horites were men named Lotan, named Shobal, named Zibeon, and named Anah.	Genesis
Genesis 25:22	[While Rebekah was pregnant] there were 2 babies in the womb of Rebekah.  [Before Rebekah birthed those 2 babies] those 2 babies fought each-other(babies). Rebekah asked Yahweh, ["Why are the babies [that are in my(Rebekah’s) womb] fighting each-other(babies)?"]	Genesis
Titus 2:14	Jesus Christ chose us(Paul) [to be God's special people]. Jesus Christ wants [us(Paul) to be completely good]. And Jesus Christ wants us(Paul) [to greatly want [to do good things]]. So Jesus Christ  allowed [people to kill Jesus] for us(Paul) [in order to free us(Paul) from bad things]. Jesus Christ gave Jesus Christ's body to God for us(Paul) [just like a person pays money to another  person [in order to free a slave from that person]].	Titus
2 Samuel 4:3	The people [who previously lived in Beeroth] run-away to Gittaim. And those people still live in Gittaim today.	2_Samuel
Matthew 11:1	(title) Jesus talks about John the Baptist. _paragraph (complex) [After Jesus finished teaching Jesus's 12 followers/disciples about the kingdom-B of God _implicit,] Jesus left that place with Jesus's followers/disciples _implicit. (simple) [After Jesus finished teaching Jesus's 12 followers/disciples about God _implicit,] Jesus left that place with Jesus's followers/disciples _implicit. (complex) Then Jesus went to the Jewish towns [that (implicit-situational) were in Galilee] [in order to teach/preach-B people about the kingdom-B of God _implicit]. (simple) Then Jesus went to the Jewish towns [that (implicit-situational) were in Galilee] [in order to teach/preach-B people about God _implicit].	Matthew
Genesis 41:8	In the morning the king worried about these dreams. so the king called all the magicians [that lived in Egypt] and all the wise men [that lived in Egypt]. The king told these people about the 2 dreams. but these people were not able [to explain the dreams to the king].	Genesis
Genesis 10:14	Mizraim was also the father of Pathrusim, Casluhim, and Caphtorim. The people from Philistia were descendants of Casluhim.	Genesis
Genesis 44:31	Your(Joseph's) servants will cause [our(Judah's) father to die] [because our(Judah's) father will be extremely sad].	Genesis
2 Samuel 17:12	Then we(Hushai) will attack David at the place [that David is hiding at]. And we(Hushai) will completely surround David.  Then we(Hushai) will kill David and all of David's soldiers.	2_Samuel
1 Samuel 9:27	Then Samuel, Saul, and Saul’s servant began walking to the town gate. Then Samuel said to Saul, ["You(Saul) (imp) tell your(Saul's) servant [to continue walking]]. But you(Saul) stay with me(Samuel). I(Samuel) must give a message [that God told to me(Samuel)] to you(Saul)." So Saul’s servant continued walking.	1_Samuel
Daniel 9:15	Lord, [when you(Lord) brought your(Lord's) people from Egypt] you(Lord) showed your(Lord's) great power to all people. You(Lord) caused [many people to know your(Lord's) name]. But we(people) still do things [that you(Lord) hate]. And we(people) have done evil things.	Daniel
Joshua 21:44	And Yahweh allowed [the Israelites to rest]. Previously Yahweh promised the people's ancestors [that the people would rest in that land]. The Israelites' enemies were not able [to defeat the Israelites]. Yahweh caused [the Israelites to defeat all of the Israelites' enemies].	Joshua
Acts 20:29	I(Paul) know [that [when I(Paul) leave], false teachers will join your(Christians) group and harm the people [who believe in Jesus] [like wolves kill many sheep].]	Acts
Genesis 25:14	Ishmael had other sons named Mishma, named Dumah, and named Massa.	Genesis
Genesis 19:21	The angel said to Lot, ["OK]. I(angel) will allow [you(Lot) to go to that town]. I(angel) will not destroy that town.	Genesis
Genesis 25:9	The sons of Abraham named Isaac and named Ishmael buried Abraham in the cave of Machpelah [which was in the field of Ephron [that was east of Mamre]]. Ephron was the son of Zohar [who was a Hittite].	Genesis
Genesis 45:13	Therefore you(brothers) (imp) tell my(Joseph's) father [that I(Joseph) am powerful in Egypt].  You(brothers) (imp) tell my(Joseph's) father about the things [that you(brothers) saw]. You(brothers) (imp) return quickly to our(Joseph's) father.  And You(brothers) (imp) bring my(Joseph's) father to me(Joseph)."	Genesis
Genesis 8:17	You(Noah) (imp) bring all the animals with you(Noah).  You(Noah) (imp) bring all the birds, all the animals, and all the animals [that crawl on the ground].  You(Noah) (imp) allow [all these animals to live] [so-that the animals will have many children]."	Genesis
1 Samuel 17:42	Then Goliath looked at David. And Goliath saw [that David was very young and handsome]. Then Goliath became angry. And Goliath hated David.	1_Samuel
Matthew 17:26	_paragraph Peter answered, ["Those kings collect taxes from other people"]. _paragraph Jesus said to Peter, ["Then-D the kings' _implicit children do not need [to pay taxes]].	Matthew
Jonah 4:8	[When the sun started rising] God caused [a hot wind to blow from the eastern region]. The sun shined on Jonah's head. And Jonah became very weak. Jonah wanted [to die]. Jonah said, ["I(Jonah) want [to die] [more than I(Jonah) want [to live]]]."	Jonah
Acts 19:39	[If you(people) want to argue about another thing], you(people) must go to the court.	Acts
1 Samuel 15:28	Then Samuel said to Saul, ["Yahweh take away the kingdom of Israel from you(Saul) today]. And Yahweh gave the kingdom to one of the people [who live near you(Saul)].  That person is better than you(Saul).	1_Samuel
Daniel 3:4	Then one official shouted, ["All people, (imp) you(people) listen to me(official)]. I(official) will read the command [that the king has written].	Daniel
Nahum 3:2	Soldiers are using whips [in order to make [the soldiers' horses run faster]]. Chariots are coming to the city. Horses are running quickly. Horses are pulling the chariots to Nineveh.	Nahum
Genesis 17:14	I(God) will not bless any man [who some person did not circumcise] [because that man did not keep my(God's) covenant]."	Genesis
2 Samuel 5:18	The Philistines came to Jerusalem. And the Philistines camped in the valley-Rephaim.	2_Samuel
1 Samuel 25:11	I(Nabal) have bread and water. And I(Nabal) have meat [that I(Nabal) will give to my(Nabal's) servants [who are cutting the sheep's hair/wool]]. But I(Nabal) will not give those things to men [that I(Nabal) do not know]."	1_Samuel
Joshua 12:24	And the Israelites defeated the king of Tirzah.  Therefore the Israelites defeated 31 kings.	Joshua
1 Samuel 9:7	Then Saul said to Saul's servant, ["[If we(Saul) go into this town] which thing will we(Saul) give to that man/prophet]? We(Saul) do not have food. And we(Saul) do not have gifts. Which thing will we(Saul) give to that man/prophet?"	1_Samuel
Daniel 1:16	So the guard did not give the king's food and the king's wine to Daniel, Hananiah, Mishael, and Azariah. Instead the guard gave only vegetables and water to these four young men.	Daniel
Mark 14:4	But _paragraph some people [who (implicit-situational) were at that place] became angry. (rhetorical) And those people asked each-other(people), [" Why did this woman _implicitNecessary waste that perfume [by pouring (implicit-situational) that perfume on Jesus's head]?] (statement) And those people said to each-other(people), ["This woman _implicitNecessary should not waste that perfume [by pouring (implicit-situational) that perfume on Jesus's head]!]	Mark
Genesis 39:22	So That guard told [Joseph to care for the other prisoners]. Thus Joseph cared for all the people [that were in that prison].	Genesis
Genesis 20:12	But I(Abraham) did not lie to you(Abimelech).  Sarah is my(Abraham's) sister. Sarah is the daughter of my(Abraham's) father. but Sarah is not the daughter of my(Abraham's) mother.	Genesis
2 Samuel 19:9	Then the people [who were in the tribes of Israel]started arguing with each-other(people). Those people said, ["The king saved us(people) from our(people's) enemies and from the Philistines]. But David left the country [in order to run-away/escape from Absalom].	2_Samuel
Genesis 36:6	One day Esau took Esau's wives, Esau's sons, Esau's daughters, all the people [who lived with Esau], Esau's animals, and all the things [that Esau owned] to a place [that was far from Esau's brother named Jacob]. Esau and Esau's family moved to that place.	Genesis
2 Samuel 5:1	(title) David becomes the king of Israel.  All of the tribes of Israel came to David at Hebron. Those people said to David, ["We(people) are your(David's) family].	2_Samuel
2 Samuel 12:6	And that rich man must pay much money to the poor man. That rich man is very bad. That rich man did not pity that poor man!"	2_Samuel
Daniel 2:45	You(king) saw the stone [that God cut from a mountain]. That stone broke the iron, the bronze, the clay, the silver, and the gold. God has shown events [that will happen in the future] to you(king). This story is your(king's) dream. And now you(king) know the meaning of the dream."	Daniel
2 Samuel 16:7	[While Shimei was cursing David] Shimei said to David, ["(imp) You(David) leave this place]! (imp) You(David) leave this place! You(David) murdered my(Shimei's) family. And you(David) caused [us(Shimei) to have much trouble]!	2_Samuel
1 Samuel 17:53	[After the Israelites finished chasing the Philistines] the Israelites returned to the Israelites’ camp. Then the Israelites took many valuable things from the Philistines’ camp.	1_Samuel
Acts 20:33	I(Paul) do not want other people's money or clothing.	Acts
Matthew 25:7	_paragraph Then all the young women wake-up. And the young women prepared-C those young women's lamps.	Matthew
Daniel 4:36	[After I(Nebuchadnezzar) was able [to think correctly] again] I(Nebuchadnezzar) ruled the earth again. Officials and important men looked for me(Nebuchadnezzar). [After the officials found me(Nebuchadnezzar)] I(Nebuchadnezzar) became the king again. People respected me(Nebuchadnezzar) again. And I(Nebuchadnezzar) became a very great king.	Daniel
2 Samuel 24:9	Then Joab told the king [that 800000 brave men [that used swords] were in Israel]. And Joab told the king [that 500000 brave men [that used swords] were in Judah].	2_Samuel
Daniel 6:17	The soldiers brought a big stone to the pit [that the lions were in]. The soldiers put the stone over the pit's door. Then the king put the sign of the king's ring on the stone. The king also put the sign of the rings of the important men on the stone.	Daniel
Nehemiah 11:16	Shabbethai and Jozabad were the leaders of the people [who were in the tribe named Levi]. Those two men were the leaders of the people [that worked outside the temple of God].	Nehemiah
Matthew 12:8	(literal) For the Son-of-man _1stAs3rd is master/Lord-C of the Sabbath. (dynamic) For the Son-of-man _1stAs3rd has authority [in-order-to choose the things [that people may _permissive do on the Sabbath]]."	Matthew
Genesis 42:17	Then Joseph forced [Joseph's 10 brothers to stay in the prison for 3 days].	Genesis
Genesis 45:17	So The king said to Joseph, ["You(Joseph) (imp) say to your(Joseph's) brothers, ["You(brothers) (imp) return to Canaan]]. [Before you(brothers) go to Canaan] You(brothers) (imp) put much grain on your(brother's) donkeys. and you(brothers) (imp) take the grain to your(brother's) father.	Genesis
Acts 16:6	God (title) called Paul to go to Macedonia. Paul and those people [who were traveling with Paul] traveled through the areas [named Phrygia and Galatia]. But the Holy Spirit did not allow [Paul and those people [who were traveling with Paul] to teach people about God's message in the province named Asia].	Acts
Daniel 10:4	On April 10 I(Daniel) was standing near a great river named Tigris.	Daniel
Matthew 5:46	(rhetorical) [If you(people) love only _implicit the people [who love you(people)],] what reward do you(people) deserve [to receive]? (statement) [If you(people) love only _implicit the people [who love you(people)],] you(people) do not deserve [to receive a reward]. _yesrhetorical Do even the people [who collect taxes] love the people [who love the people [who collect taxes]]? (statement) Even the people [who collect taxes] love the people [who love the people [who collect taxes]].	Matthew
Matthew 17:3	Then Moses and Elijah appeared-C in-front-of Peter, James, John and Jesus. And Moses and Elijah were talking to Jesus.	Matthew
Genesis 37:33	Jacob looked at the robe. Then Jacob said, ["This robe belongs to my(Jacob's) son]! A wild animal ate Joseph!"	Genesis
Matthew 21:41	_paragraph The priests and the old leaders answered, ["That person/owner _frameInferable will violently kill those evil people/farmers]. And that person/owner will rent that garden/vineyard to other farmers. Those people/farmers will give to that person/owner the crops [that belong to that person/owner] [after those people/farmers gather/harvest the crops _implicit in that garden/vineyard _implicit]."	Matthew
Matthew 26:29	I(Jesus) am telling you(followers) the truth. (complex) I(Jesus) will not drink wine again until the day [that I(Jesus) drink a new wine with you(followers) in the kingdom-B of God at]. (simple) I(Jesus) will not drink wine again until the day [that I(Jesus) drink a new wine with you(followers) on] [after God starts ruling all God's people]."	Matthew
2 Samuel 5:7	But David and David's soldiers entered the city of Jerusalem.  Then David defeated/captured Jerusalem. Later people called Jerusalem David's city.	2_Samuel
Mark 1:32	(paragraph) [After the sun set in the evening,] people brought to Jesus all _hyperbolic the people [who were sick] and all _hyperbolic the people [whom evil spirits/demons controlled].	Mark
Genesis 31:32	-Implicit But I(Jacob) did not steal your(Laban's) idols.  [If you(Laban) find your(Laban's) idols in this place] I(Jacob) will kill the person [that stole those idols]! Your(Laban's) relatives will witness [that we(Jacob) did not steal any thing [that belongs to you(Laban)]]. You(Laban) may look for any thing [that belongs to you(Laban)]. And [if you(Laban) find any thing [that belongs to you(Laban)]] you(Laban) (imp) take that thing." But Jacob did not know [that Rachel stole Laban's idols].	Genesis
Genesis 17:9	Then God said to Abraham, ["You(Abraham) and your(Abraham's) descendants must obey the following law].	Genesis
Genesis 43:13	And you(sons) (imp) take Benjamin. You(sons) (imp) leave now. And You(sons) (imp) go to that official.	Genesis
2 Samuel 8:7	Hadadezer's  officers had gold shields. But David take-away those shields from the officers. Then David brought those shields to Jerusalem.	2_Samuel
1 Samuel 14:25	During that day the soldiers went into a region [where there were many trees]. And in that region there was honey on the ground.	1_Samuel
Genesis 26:16	And Abimelech said to Isaac, ["You(Isaac) (imp) leave the country of us(Abimelech) [because you(Isaac) are too rich]"].	Genesis
Matthew 21:16	_paragraph Those chief priests and those scribes asked Jesus, ["Do you(Jesus) hear the words [that these children are saying]?"] _paragraph Jesus answered, ["Yes]. (yesrhetorical) Did you(priests) read the part _implicitNecessary of the Scriptures _implicitNecessary [that says, _paragraph ["Lord, you(Lord) teach children and babies [to praise you(Lord)]"]]?" (statement) You(priests) read _past the part _implicitNecessary of the Scriptures _implicitNecessary [that says, _paragraph ["Lord, you(Lord) teach children and young children [to praise you(Lord)]"]]." (footnote) You(people) (imp) see Psalms 8:2.	Matthew
Joshua 6:2	Then Yahweh said to Joshua, ["I(Yahweh) already gave Jericho to you(Israelites)]. I(Yahweh) will defeat the king of Jericho. And I(Yahweh) will defeat all of the soldiers [that are in Jericho].	Joshua
2 Samuel 23:20	A man named Benaiah was the son of Jehoiada. Benaiah was from Kabzeel.  Benaiah was another very brave soldier [that did great things]. One day Benaiah killed the two strongest soldiers [that were from Moab]. On another day [when the weather was snow] Benaiah went into a hole/pit. Then Benaiah killed a lion in that hole.	2_Samuel
Daniel 5:9	So King Belshazzar became very afraid. The face of Belshazzar became whiter. The officials of Belshazzar were not able [to help Belshazzar].	Daniel
1 Samuel 14:46	Then Saul stopped chasing the Philistines. And the Israelites returned to the Israelites’ land.	1_Samuel
Mark 14:70	But again Peter said [that thing-C [that the girl said] was not true]. (paragraph) Later, the people [who were standing at that place] again said to Peter _nounNotPronoun, ["You(Peter) are certainly one of the followers of Jesus]. For you(Peter) are also from Galilee."	Mark
1 Samuel 8:16	The king will also take away your(people's) male servants and your(people's) female servants from you(people). And the king will take your(people's) best cows and your(people's) best donkeys.	1_Samuel
Esther 9:22	On those two days the Jews celebrated [because the Jews defeated the Jews' enemies]. The Jews had been sad. Then the Jews became happy on those two days. The Jews had mourned. Then the Jews celebrated with feasts. Mordecai told [the Jews to have feasts on those two days]. Mordecai also told [the Jews to give gifts to each-other(Jews) on those two days]. The Jews should also give gifts to poor people on those two days.	Esther
Matthew 23:19	(norhetorical) You(scribes), men [who are not able [to see]], is the gift [that is on that structure/altar] greater than that structure/altar? (statement) You(scribes), men [who are not able [to see]], the gift [that is on that structure/altar] is not greater than that structure/altar. (yesrhetorical) Or is that structure/altar [_descriptive which causes [that gift to be special/sacred]] greater than that gift? (statement) That structure/altar [_descriptive which causes [that gift to be special/sacred]] is greater than that gift.	Matthew
Matthew 5:40	And [if a person wants [to take you(person) to the court _frameInferable [in order to get your(person's) shirt [(implicit-situational) that you(person) owe to that person]]],] you(person) (imp) also give your(people's) coat to that person.	Matthew
Genesis 22:21	The name of the first son of Nahor is Uz. and the name of the second son of Nahor is Buz. and the name of the third son of Nahor is Kemuel.  -Footnote Kemuel is the father of Aram.	Genesis
Genesis 3:21	Then God made clothes with the skin of animals for Adam and for Eve.  And God put the clothes on Adam and on Eve.	Genesis
Acts 15:29	You(Gentiles) should not eat food [that people cooked] [in order to pray to gods [who are false]]. You(Gentiles) don't (imp) eat animals [that people killed [by crushing/pressing the animals' necks with a rope]], [because blood is still in those animals' bodies]. And you(Gentiles) (imp) don't eat meat [that has blood in meat]]. You(Gentiles) don't (imp) sin [by sexing a woman [who is not your(Gentiles') wife]]]. Your(Gentiles') lives will be good [if you obey these rules/laws]. Goodbye.”	Acts
Mark 3:24	[If a nation/kingdom-A fights _reflexive that nation/kingdom-A,] that nation/kingdom-A is not able [to continue existing ].	Mark
Mark 16:1	(title) Jesus becomes alive again. (paragraph) [When the Sabbath ended,] Mary-Magdalene, Mary, [who was the mother of James and Joseph _implicit], and Salome bought spices [so that those women _newNounIndex could go [in-order-to put spices on Jesus's body]].	Mark
Matthew 28:14	[If the Roman _implicit ruler/governor _frameInferable hears this report,] we(leaders) will talk to the ruler/governor [so that you(soldiers) would not be punished by the ruler/governor _implicitActiveAgent]."	Matthew
Genesis 12:8	Then Abram traveled from Shechem to the hills [that are east of Bethel]. and Abram set-up Abram's tent at that place. That place was west of a city named Ai. Then Abram built another altar for Yahweh. and Abram worshiped Yahweh.	Genesis
Matthew 20:9	_paragraph (literalunits) The people/workers [who were employed by the man _implicitActiveAgentFrameInferable at about the 11th hour] came to the man _frameInferable. (modernunits) The people/workers [who were employed by the man _implicitActiveAgentFrameInferable at about 5PM] came to the man _frameInferable. And each of those people/workers received a denarius. (footnote) (literalunits) The 11th hour was 5PM.	Matthew
Genesis 2:15	So [after God created the man] God put the man in the garden [so the man could care for the garden].	Genesis
2 Samuel 16:20	(title) Ahithophel advises Absalom.  Later Absalom said to Ahithophel, ["You(Ahithophel) (imp) advise us(Absalom)]. Which things should we(Absalom) do?"	2_Samuel
Genesis 33:5	[When Esau saw the women and children] Esau asked, ["Who are these people [who are with you(Jacob)]?"]  Jacob answered Esau, ["These are the children [that God gave to me(Jacob)]]. My(Jacob's) master, God blessed me(Jacob)."	Genesis
Joshua 9:4	So those people decided [to trick the Israelites]. Those people wanted [the Israelites to think [that the people lived in a place [that was far from Jericho]]].  So those people gathered old leather bags [that contained wine].  And those people put those bags on those people's donkeys. Those people also put other old containers on those people's donkeys.	Joshua
Genesis 12:18	So the king called Abram. and the king said, ["Why did you(Abram) lie to me(king)?] You(Abram) should told me(king) [that Sarai is your(Abram's) wife].	Genesis
2 Samuel 24:18	(title) David builds an altar for Yahweh. Then Gad went  to David. And Gad said to David, ["(imp) You(David) go]. And you(David) build an altar for Yahweh at the place [that Araunah threshes grain at].  Araunah is a Jebusite."	2_Samuel
1 Samuel 24:2	So Saul chose 3000 young men [who lived in Israel]. Then Saul and those men started walking toward certain stones [that wild goats lived at] [in order to look for David and the men [who were with David]].	1_Samuel
Philemon 1:19	I(Paul) am writing this part of this letter with my(Paul's) hand. [If Onesimus owes money to you(Philemon)] I(Paul) will pay that money to you(Philemon).  But You(Philemon) (imp) remember [that you(Philemon) owe me(Paul) your(Philemon's) life]. You(Philemon) will live forever with God [because I(Paul) helped [you(Philemon) to believe in Christ Jesus]].	Philemon
Genesis 46:8	The following people are Jacob's descendants [who went to Egypt].  Reuben was Jacob's first son.	Genesis
Genesis 19:11	The 2 angels caused [the men [who were outside the house] to become blind]. so the men were not able [to find the door].	Genesis
Esther 8:3	Then Esther spoke to the king again. Esther bowed to the king. and Esther cried. Esther begged [the king to change the law [that Haman wrote]]. Haman was an Agagite. Haman had plotted against the Jews. Haman wanted [to kill all of the Jews].	Esther
1 Samuel 7:16	Each year Samuel went from Bethel to Gilgal and to Mizpah. And Samuel judged the Israelites in those towns.	1_Samuel
1 Samuel 8:21	Samuel listened to all of the things [that those leaders said]. Then Samuel told Yahweh about the things [that the leaders said].	1_Samuel
Nehemiah 4:4	I(Nehemiah) prayed, ["Our(Israelites’) God, you(God) (imp) hear us(Nehemiah)]. Those people are insulting us(Nehemiah). You(God) (imp) cause [the bad things [that those people say] to happen to those people]. You(God) (imp) cause [the enemies of those people to capture those people]. And you(God) (imp) cause [the enemies of those people to take those people to another land].	Nehemiah
Genesis 39:20	Then Potiphar arrested Joseph. and Potiphar put Joseph in the prison [where the king puts prisoners]. Thus Joseph stayed in the prison.	Genesis
Acts 20:30	People [who are in your(leaders) own church] will start teaching things [that are false] to people [who believe in Jesus]. And those false teachers will cause [those people [who believe in Jesus] to believe those lies].	Acts
Matthew 16:1	(title) The Pharisees ask [Jesus to do a sign/miracle] again. _paragraph Some _implicit Pharisees and some _implicit Sadducees came to Jesus. And those Pharisees and those Sadducees tested Jesus [by asking [Jesus to show those Pharisees and those Sadducees a sign/miracle [that was from heaven]]].	Matthew
Mark 13:2	(paragraph) (rhetorical) Jesus asked that follower/disciple, [" Do you(follower) see all these great buildings?] (statement) Jesus said to that follower/disciple, ["You(follower) (imp) look at these great buildings]. All of these buildings will be completely destroyed by enemies _implicitActiveAgent . Every stone will be thrown-D to the ground by enemies _implicitActiveAgent."	Mark
Mark 15:19	And those soldiers repeatedly hit Jesus's head with sticks . And those soldiers repeatedly spit Jesus. And those soldiers knelt/bow in-front-of Jesus [(implicit-situational) in-order-to pretend [those soldiers were honoring Jesus]].	Mark
Genesis 27:5	So Esau went to the field [in-order-to hunt an animal]. But Rebekah heard [Isaac talking to the son of Isaac named Esau].	Genesis
1 Samuel 17:40	Then David pick-up David's staff. And David chose five smooth stones from a stream. Then David put those stones into David's bag. And David held David's sling in David's hand. Then David walked toward Goliath.	1_Samuel
2 Samuel 5:4	Earlier (implicit-info) David became the king of Judah. David was 30 years old [when David became the king of Judah]. David ruled for 40 years.	2_Samuel
Matthew 12:7	(complex) The Scriptures _implicitNecessary say _implicitNecessary, ["I(God) want/desire mercy [more-than I(God) want/desire gifts/sacrifices]"]. (simple) The Scriptures _implicitNecessary say _implicitNecessary, ["I(God) want/desire [people to be kind/merciful] [more-than I(God) want/desire gifts/sacrifices]"]. [If-C you(Pharisees) had known the meaning of these words,] you(Pharisees) would not rebuke those followers/disciples [_descriptive who are innocent]. (footnote) You(people) (imp) see Hosea 6:6.	Matthew
Mark 7:8	(paragraph) You(Pharisees) stopped obeying the laws [that God commanded [you(Pharisees) to do]]. Instead, you(Pharisees) carefully obey the religious _implicit customs [that people made]."	Mark
Genesis 25:10	So Abraham was buried by the sons of Abraham in the same cave [that Abraham buried Sarah in].  That cave was in the field [that Abraham bought from the Hittites].	Genesis
Joshua 18:5	We(Israelites) will divide that land into 7 parts. The people [that are in the tribe named Judah] will stay in those people's land [that is in the southern region]. And the people [that are descendants of Joseph] will stay in those people's land [that is in the northern region].	Joshua
2 Samuel 1:1	(title) David hears [that Saul is dead].  [After David defeated the Amalekites] David returned to Ziklag. David stayed in Ziklag for 2 days.  Saul died [before David returned to Ziklag].	2_Samuel
Mark 3:19	And Jesus chose/appointed Judas-Iscariot [who later _implicit betrayed Jesus].	Mark
Genesis 44:33	Therefore please you(Joseph) (imp) allow [me(Judah) to stay at this place]. I(Judah) will become your(Joseph's) slave. And You(Joseph) (imp) allow [the young boy to return to our(Judah's) house with the boy's brothers].	Genesis
Matthew 18:2	_paragraph Jesus called-A a small child. And Jesus put that child among Jesus and the followers/disciples.	Matthew
Acts 19:16	Then the man [in whom the evil spirit lived] jumped on Sceva's sons. The man [in whom the evil spirits lived] beat Sceva's sons very badly. And the man [in whom the evil spirit lived] defeated Sceva's sons.  And the man [in whom the evil spirit lived] tore off Sceva's sons' clothing. Then Sceva's sons ran out of that house.  Blood was flowing from Sceva’s sons’ wounds.  And Sceva’s sons were not wearing clothing.	Acts
Jonah 2:2	Jonah said, ["[When I(Jonah) had trouble,] I(Jonah) cried out to Yahweh]. And Yahweh answered me(Jonah). [When I(Jonah) was in a deep tomb,] I(Jonah) cried out to you(Yahweh). And you(Yahweh) listened to me(Jonah).	Jonah
Genesis 34:8	[When Hamor saw the brothers of Dinah] Hamor said to the brothers, ["My(Hamor) son named Shechem loves Dinah much.] Please you(brothers) (imp) allow [Shechem to marry Dinah].	Genesis
Matthew 22:34	(title) Jesus teaches-A people about the most important command/commandment. _paragraph [After the Pharisees heard [Jesus had wisely _implicit answered the Sadducees' question [so-B the Sadducees stopped talking to Jesus _implicit]],] the Pharisees gathered-C.	Matthew
Genesis 28:19	Before that time people called that city Luz. but Jacob named that city Bethel.  –Footnote Bethel means the house of God.	Genesis
Matthew 6:20	Instead, you(people) (imp) store treasures in heaven for you(people) _reflexive . For in heaven there are no insects/moths [that might destroy those treasures _implicit]. There is no damage/rust [that might destroy those treasures _implicit]. And there are no thieves [who might enter the place _implicit [(implicit-situational) where those treasures are] [in order to steal those treasures _implicit]].	Matthew
Mark 9:31	For Jesus was teaching-A Jesus's followers/disciples about Jesus's death _implicit . Jesus said to those followers/disciples, ["The Son-of-man _1stas3rd will soon be given to the Son-of-man's _1stas3rd enemies by a person _implicitActiveAgent]. And the Son-of-man's _1stas3rd enemies will kill the Son-of-man _1stas3rd. But [after the Son-of-man _1stas3rd is killed by those enemies _implicitActiveAgent,] the Son-of-man _1stas3rd will become alive again after 3 days."	Mark
Daniel 8:24	That king will be very powerful. But that king will receive that king's power from another person. That king will destroy many things. That king will do all the things [that the king wants [to do]]. That king will destroy strong people. That king will also destroy God's people.	Daniel
Acts 3:7	Then Peter held the right hand of that man. And Peter lifted that man from the ground. And immediately the man's ankles and the man's feet became strong.	Acts
2 Samuel 4:2	Two men [who were in Ish-Bosheth’s army] led small groups of soldiers [that attacked/raided cities]. One man’s name was Baanah. And the other man’s name was Rekab. Those men were Rimmon’s sons.  Rimmon lived in Beeroth. Rimmon was in the tribe named Benjamin. The town named Beeroth belonged to the tribe of Benjamin.	2_Samuel
