reference	verse	book
Genesis 22:20	Later a person said to Abraham, ["Your(Abraham's) brother named Nahor and the wife of Nahor named Milcah have children now].	Genesis
Mark 13:34	The Son-of-man _1stas3rd _implicitNecessary will be like a man [who travels to a place [that is far-away-from that man's house]]. [Before that man leaves that man's house,] that man will tell that man's servants/slave [that man's servants/slave to care-C for that man's property]. And that man will tell each servant/slave about the work [that that servant/slave should do]. And that man will tell the servant/slave [who guards-B the door _frameInferable] [the servant/slave to be ready-C [(implicit-situational) that man to return]].	Mark
Nehemiah 7:11	2818 men [that were from Pahath-Moab] returned. (These men were descendants of Jeshua and Joab.)	Nehemiah
Genesis 43:26	[after Joseph arrived at that house] the brothers gave the gifts [that the brothers brought from Canaan] to Joseph. Then the brothers bowed to Joseph.	Genesis
Joshua 24:24	Then the people said to Joshua, ["We(people) will serve our(people's) God named Yahweh].  And we(people) will obey Yahweh."	Joshua
Acts 18:3	Aquila and Priscilla made tents.  Paul also made tents, so Paul stayed with Aquila and Priscilla. And Paul worked with Aquila and Priscilla.	Acts
1 Samuel 18:1	(title) Saul becomes afraid of David. [After David finished talking to Saul] Jonathan became David’s friend. Jonathan loved David very much.	1_Samuel
1 Samuel 23:9	But David heard [that Saul was planning [to come to Keilah [in-order-to kill David]]]. So David said to Abiathar, ["You(Abiathar) (imp) bring the special clothes [that the priests wear] to me(David)]."	1_Samuel
Nehemiah 9:4	Some of the people of Levi were standing on the stairs. Those people were Jeshua, Bani, Kadmiel, Shebaniah, Bunni, Sherebiah, Bani and Kenani. Those people cried out loudly to Yahweh [who was the God of those people].	Nehemiah
Mark 15:39	A Roman officer was standing in-front-of Jesus.  [When that Roman officer saw [Jesus die]] the Roman officer said, ["This man was certainly the Son of God!"] (footnote) Some copies/manuscripts of this part of the Scriptures say, ["A Roman officer was standing in-front-of Jesus.]  [When that Roman officer saw [Jesus die],] [and when that Roman officer heard [Jesus shout],] that Roman officer said, ["This man was certainly the Son of God!"].	Mark
Acts 16:12	Then we(disciples) left that place. And we(disciples) walked to a city named Philippi. We(disciples) stayed in Philippi several days. Philippi is an important city in that area named Macedonia. And the Roman ruler rules over Philippi.	Acts
Matthew 27:44	Similarly the thieves [who were put on crosses _dual by soldiers _implicitActiveAgent beside Jesus] also much insulted Jesus.	Matthew
2 Samuel 7:8	So you(Nathan) (imp) say to my(Yahweh's) servant named David, ["Yahweh-Almighty says to you(David), ["I(Yahweh) took you(David) from the field [that you(David) were taking care of sheep in]]]. And I(Yahweh) chose/appointed [you(David) to become the leader of the Israelites]. The Israelites are my(Yahweh's) people.	2_Samuel
Genesis 29:14	Then Laban said to Jacob, ["You(Jacob) are my(Laban's) relative.] I(Laban) am very happy [because you(Jacob) came to my(Laban's) house]!”  Then Jacob lived in the house of Laban.	Genesis
Nehemiah 10:12	Zakkur, Sherebiah, Shebaniah,	Nehemiah
Mark 8:10	Then Jesus immediately went into a boat with Jesus's followers/disciples. And Jesus went with those followers/disciples _implicit to the area/region of Dalmanutha.	Mark
1 Samuel 12:23	And I(Samuel) will certainly continue praying for you(Israelites). [If I(Samuel) were to stop praying for you(Israelites),] I(Samuel) would be sinning against Yahweh. I(Samuel) will teach you(Israelites) about things [that are good] and things [that are right].	1_Samuel
Daniel 10:14	I(man) came to you(Daniel) [in order to help [you(Daniel) understand this vision]]. This vision is about things [that will happen to your(Daniel's) people in the future]."	Daniel
Mark 3:34	(paragraph) Then Jesus looked at the people [who were sitting around Jesus]. And Jesus said, ["My(Jesus's) mother and my(Jesus's) brothers are here!]	Mark
Genesis 4:26	[After Seth grew up] Seth had a son named Enosh.  At that time people began to pray to God.	Genesis
Mark 12:24	(paragraph) (yesrhetorical) Jesus asked those Sadducees, [" Are you(Sadducees) making _imperfectiveNotBackgrounded a mistake [because you(Sadducees) do not understand the Scriptures or God's power]?] (statement) Jesus said to those Sadducees, ["You(Sadducees) are making _imperfectiveNotBackgrounded a mistake [because you(Sadducees) do not understand the Scriptures or God's power]].	Mark
Genesis 2:24	Therefore a man will leave the father of the man and the mother of the man [in-order-to marry a woman].  God joins the man and the woman into one body.	Genesis
Genesis 3:4	But the snake said to the woman, ["You(Eve) will certainly not die!]	Genesis
Joshua 12:23	The Israelites defeated the king of Dor [which was in Naphoth-Dor] and the king of Goyim [which was in Gilgal].	Joshua
Matthew 7:8	For each person [who asks for a thing _implicit] will receive that thing _implicit. And the person [who searches a thing _implicit] will find that thing _implicit. And a door _implicitNecessary will be opened by God _implicitActiveAgent for the person [who knocks on a door _implicit].	Matthew
Nehemiah 13:5	And Eliashib allowed [Tobiah to use one of those big rooms]. Previously the priests and the people [that were in the tribe named Levi] stored grain, a substance [that smells good [when people burned that substance]], and the temple's things in that room. That room also contained the gifts [that were 10 of the grain [that people harvested]], new wine, and oil-olive. The people [that were in the tribe named Levi], the people [that sang songs], and the people [that guarded the gates] used all of those things. That room also contained things [that people gave to the priests].	Nehemiah
1 Samuel 1:21	(title) Hannah gives/dedicates Samuel to God.  A few months later Elkanah and Elkanah’s family went to Shiloh again [in order to give sacrifices to Yahweh]. Previously Elkanah promised Yahweh [that Elkanah would go to the tabernacle each year].	1_Samuel
Mark 15:22	Those soldiers brought Jesus to the place named Golgotha. (comment-begin) Golgotha means-C place of the bones of a person's head. (comment-end)	Mark
Genesis 17:27	On that same day all the men [who lived with Abraham] were circumcised by a man. And Abraham also circumcised all the slaves of Abraham.	Genesis
Genesis 4:16	-Title Cain has a family.  Then Cain left God.  Cain lived in a region named Nod [which is on the eastern side of the garden named Eden].	Genesis
Matthew 5:41	And [If a person forces [you(person) to walk with that person for 1 kilometer] [(implicit-situational) and you(person) to carry that person's load],] you(person) (imp) walk with that person for 2 kilometers.	Matthew
Matthew 12:3	_paragraph (yesrhetorical) Jesus said to those Pharisees, ["Did you(Pharisees) read in the Scriptures _implicit about the thing [that king _implicit David did [when David and the men [who were with David] were _once hungry]]?] (statement) Jesus answered those Pharisees, ["You(Pharisees) read _past in the Scriptures _implicit about the thing [that king _implicit David did [when David and the men [who were with David] were _once hungry]]].	Matthew
Matthew 4:17	(paragraph) From that time [ _descriptive (implicit-situational) that Jesus was at Capernaum at] Jesus started to teach/preach people _genericImplicit about God _implicit. And Jesus said, ["You(people) (imp) repent]. (complex) For the kingdom-B of heaven is near you(people) _implicit. (simple) For God is here [in-order-to rule you(people) _implicit]."	Matthew
Nahum 1:15	People [who live in Judah], you(people) (imp) look at the mountains! I(Nahum) see a messenger [who is bringing good news to you(people)]! That messenger will tell you(people) about peace. So people [who live in Judah], you(people) (imp) celebrate your(people's) feasts! You(people) (imp) keep the promises [that you(people) made to me(Yahweh)]. The evil people [who live in Assyria] will not attack you(people) again. I(Yahweh) will completely destroy those people.	Nahum
Genesis 49:31	People buried the body of Abraham and the body of Abraham's wife named Sarah in that cave. People also buried the body of Isaac and the body of Isaac's wife named Rebekah in that cave. and I(Jacob) buried the body of my(Jacob's) wife named Leah in that cave.	Genesis
Genesis 44:19	[When (implicit) we(brothers) came to this place previously] my(Judah's) master asked the master's servants, ["Do you(brothers) have a father or a brother?"]	Genesis
2 Samuel 18:6	Then David’s army walked/marched out of the city[in order to fight the Israelites [that were following Absalom]]. Those soldiers fought each-other(soldiers) in the forest [that is in Ephraim].	2_Samuel
Acts 16:9	During the night Paul saw a vision. And Paul saw a man [who was from the area named Macedonia]. That man was standing in front of Paul. And that man begged Paul.  And that man said to Paul, ["You(Paul) come(imp) here to Macedonia. And you(Paul) (imp) help us(Macedonians)."]	Acts
Joshua 12:10	The Israelites defeated the king of Jerusalem and the king of Hebron.	Joshua
Genesis 26:34	[When Esau was 40 years old] Esau married 2 women [who were Hittites].  Esau married Judith [who was the daughter of Beeri]. and Esau also married Basemath [who was the daughter of Elon].	Genesis
Daniel 11:21	The man [who comes after that man] will be hated by many people. That man will not deserve [to be a king]. That man will come at a time [that other people do not expect [the man to come]]. That man will cheat people [in order to rule the kingdom].	Daniel
Nehemiah 9:14	You(Yahweh) told those people [that the seventh day of the week was special/holy]. And you(Yahweh) gave to those people commands, rules, and laws through your(Yahweh's) servant named Moses.	Nehemiah
Mark 16:2	(literal) In-E the very early morning of the first day of the week, those women were walking to the hole [where people put dead bodies] [(implicit-situational) and where Joseph put Jesus's dead body] [while the sun was rising]. (dynamic) In-E the very early morning on Sunday, those women were walking to the hole [where people put dead bodies] [(implicit-situational) and where Joseph put Jesus's dead body] [while the sun was rising].	Mark
Mark 10:31	But many people [who are most important now _implicit] will be least important in the future _implicit. And many people [who are least important now _implicit] will be most important in the future _implicit."	Mark
Mark 13:31	The sky and the earth will end-A. But my(Jesus's) words will never end-A.	Mark
Jonah 2:1	[While Jonah was inside the fish,] Jonah prayed to Yahweh [, who was Jonah’s God].	Jonah
Genesis 46:6	Jacob also took Jacob's livestock and all the things [that Jacob obtained [while Jacob lived in Canaan]]. Thus Jacob went to Egypt with all Jacob's descendants.	Genesis
1 Samuel 20:31	You(Jonathan) will not become the king [while the son of Jesse is living]. So you(Jonathan) (imp) send a servant now [to bring David to me(Saul)]. David must die!"	1_Samuel
Esther 6:4	At that time Haman entered the courtyard of the palace. Haman wanted [to ask [the king to hang Mordecai]]. The king heard [a man walking in the courtyard]. So the king said, ["Who is in the courtyard?"]	Esther
Acts 17:19	Then those teachers led Paul to a place [where people meet]. That place was named Areopagus. Then those teachers said to Paul, ["We(teachers)  want [to understand this new message [which you(Paul) proclaim]]].	Acts
Mark 3:1	(title) Jesus heals a man's hand on the Sabbath. (paragraph) One day _implicit, Jesus went into the Jewish church again. And a man [who had a sick/shriveled hand] was at that place.	Mark
Nehemiah 3:30	A man named Hananiah [who was a son of Shelemiah] and a man named Hanun [who was the sixth son of Zalaph] repaired the next part of the wall. A man named Meshullam [who was a son of Berekiah] repaired the part of the wall [that was in-front-of Meshullam’s house].	Nehemiah
Matthew 17:17	_paragraph (rhetorical) Jesus asked the crowd _implicit, ["You(people), group/generation [who does not believe in God _implicit] [and who is evil], how-long will I(Jesus) stay with you(people)?] (statement) Jesus said to the crowd _implicit, ["You(people), group/generation [who does not believe in God _implicit] [and who is evil], I(Jesus) do not want [to continue staying with you(people)]"]. (rhetorical) How-long must I(Jesus) continue to be patient-B with you(people)? (statement) [I(Jesus) continue being patient-B with you(people)] is hard-B. You(man) (imp) bring the boy _frameInferable to me(Jesus)."	Matthew
Nehemiah 13:29	My(Nehemiah's) God, you(God) (imp) remember these men. These men caused [the group of priests to stop being clean]. And these men caused [the special agreement/covenant [that God made with the priests and the people [that are in the tribe named Levi]] to stop being clean].	Nehemiah
1 Samuel 23:29	Then David left the Desert named Maon. And David lived in the caves [that were in En-Gedi].	1_Samuel
Daniel 5:16	I(King) have heard [that you(Daniel) are able [to understand the meaning of dreams]]. And I(king) have heard [that you(Daniel) are able [to explain mysteries]]. Are you(Daniel) able [to read these words]? And are you(Daniel) able [to tell me(king) about the meaning of these words]? [If you(Daniel) are able [to explain this message to me(king)]] then I(king) will give purple clothes to you(Daniel). And I(king) will give a gold necklace to you(Daniel). I(king) will make [you(Daniel) become the third ruler in this kingdom]."	Daniel
Daniel 5:12	This man was very clever. And this man understood many things. This man was able [to understand the meaning of dreams]. This man was able [to explain mysteries]. And this man answered many questions. This man's name is Daniel. But you(king) call this man Belteshazzar. You(king) (imp) call Daniel now. Daniel will tell you(king) about the meaning of this message."	Daniel
Nehemiah 12:36	Shemaiah, Azarel, Milalai, Gilalai, Maai, Nethanel, Judah, and Hanani worked with Zechariah. Those men also followed Zechariah. Those men carried instruments [just like David [who was God’s man] told [people to carry instruments]]. Ezra [who taught the religious laws to the people _implicit] lead all of those people.	Nehemiah
1 Samuel 22:5	But a prophet named Gad said to David, ["You(David) (imp) do not stay in the cave]. You(David) (imp) go to Judah." So David left the cave. And David went to the forest [that was in Hereth].	1_Samuel
Matthew 5:14	(paragraph) You(people) be-X the light of the world. A town [that is on a hill] is not able-B [to be hidden by people _implicitActiveAgent] .	Matthew
Nehemiah 8:2	So on the first day of the seventh month the priest named Ezra brought Moses' Book-of-the-Law to the crowd of people. Those people included men, women, and all of the other people [that were able [to understand those laws]].	Nehemiah
Matthew 12:16	Jesus warned those people [to not tell other people about Jesus].	Matthew
Daniel 12:1	Then Michael will come. Michael is the great angel [who protects your(Daniel's) people]. Your(Daniel's) people will have great troubles for some time. That time will be the worst time [since there were nations]. Then God will save your(Daniel's) people. [If God writes a person's name in God's book] then God will save a person.	Daniel
Joshua 10:17	But one of Joshua’s soldiers found those kings in that cave. So a person told Joshua [that the kings were hiding in that cave].	Joshua
Daniel 11:19	Then the king of the north region will return to the strong cities [that are in the king's land]. Then that king will lose a battle. And people will not see that king again.	Daniel
1 Samuel 4:9	Philistines, you(Philistines) (imp) be brave! And you(Philistines) (imp) fight hard! Previously the Israelites were our(Philistines’) slaves. But [if we(Philistines) do not fight hard] we(Philistines) will become the Israelites’ slaves."	1_Samuel
Genesis 48:22	I(Jacob) gave you(Joseph) and your(Joseph's) brothers land.  But I(Jacob) am giving you(Joseph) more land. I(Jacob) am giving you(Joseph) the hill [that I(Jacob) took from the Amorites]. I(Jacob) fought the Amorites on that hill with my(Jacob's) sword and bow.  And I(Jacob) take-away that hill from the Amorites.	Genesis
Mark 11:14	Then Jesus said to that tree-fig, ["I(Jesus) pray-hope [people will never eat a fruit [that grows _implicitNecessary on you(tree-fig)] again]"]. And Jesus's followers/disciples were listening [(implicit-situational) when Jesus said that thing].	Mark
Acts 21:16	Some [people who believe in Jesus] [and who were from Caesarea] traveled with us(disciples). Those people led us(disciples) to a house [which belongs to a man named Mnason] [so that we(disciples) could stay at that place]. Mnason was from the island named Cyprus. And Mnason was one of the first people [who believed in Jesus].	Acts
Genesis 29:13	[After Laban heard [that the son of Laban's sister named Jacob was at the well]] Laban ran to Jacob. Then Laban hug Jacob. and Laban kissed Jacob. Then Laban brought Jacob to Laban's house. Then Jacob told Laban about Jacob's family and about all the things [that Jacob's family had done].	Genesis
Matthew 26:75	Then Peter remembered-D the words [that Jesus previously said to Peter _implicit]. Jesus said, ["[Before a male chicken shouts,] you(Peter) will say [you(Peter) do not know me(Jesus)] 3 times"]. Peter left the yard/courtyard _implicit. And Peter much cried/wee	Matthew
Mark 6:29	[After John's disciples heard [(implicit-situational) John was dead],] John's disciples came. Those followers/disciples took John's body. And those followers/disciples put John's body in a hole/cave [where people put dead bodies].	Mark
1 Samuel 20:36	Jonathan said to the boy, ["You(boy) (imp) run]. And you(boy) (imp) find the arrows [that I(Jonathan) will shoot]." [While the boy was running] Jonathan shot an arrow to a place [that was in front of that boy].	1_Samuel
Acts 16:23	[After the people severely beat Paul and Silas,] the people dragged Paul and Silas in prison. And the Roman officials commanded [the chief guard of the prison to guard carefully Paul and Silas].	Acts
2 Samuel 22:38	I(David) chased my(David's) enemies. And I(David) completely destroyed those enemies.    I(David) did not stop chasing my(David’s) enemies[until I(David) destroyed those enemies].	2_Samuel
Matthew 9:7	Then the man get-up. (implicit-subaction) The man pick-up that man's bed/mat. And the man went to that man's house.	Matthew
Joshua 18:7	But Yahweh will not give land to the tribe named Levi. All of the priests are in that tribe. And the priests will serve Yahweh. The tribe named Gad, the tribe named Reuben, and half of the tribe named Manasseh already received the land [that Yahweh gave to those tribes]. The land [that those tribes own] is on the eastern side of the Jordan River. Moses [who served Yahweh] gave land to those tribes.”	Joshua
1 Samuel 12:9	But your(Israelites’) ancestors stopped obeying Yahweh [who was your(Israelites’) ancestors’ God]. So Yahweh allowed [Sisera to defeat your(Israelites’) ancestors]. Sisera was the leader of the army of Hazor. Then the Philistines and the Moabites fought your(Israelites’) ancestors.  And Yahweh allowed [the Philistines and the king of Moab to defeat your(Israelites’) ancestors].	1_Samuel
Genesis 27:15	Then Rebekah told Jacob [to put-on the best clothes of the older son of Rebekah named Esau].	Genesis
1 Samuel 6:21	Then those people sent messengers to the people [who were living in Kiriath-Jearim]. Those messengers said, ["The Philistines brought Yahweh’s Ark-of-the-Covenant to us(people)]. You(people) (imp) come to this place.  And you(people) (imp) take the Ark-of-the-Covenant to your(people's) town."	1_Samuel
Joshua 21:29	And the tribe named Issachar also gave the towns named Jarmuth and En-Gannim to the families [that were Gershon’s descendants]. And the tribe named Issachar also gave all of the fields [that were near those 4 towns] to those families.	Joshua
2 Samuel 22:5	The waves of death surrounded me(David). The rivers [that destroy things] covered me(David).	2_Samuel
Matthew 22:32	[When (implicit-background) Abraham, Isaac, and Jacob were dead], God _implicitNecessary said _implicitNecessary to Moses _implicit, ["I(God) am the God of Abraham, the God of Isaac, and the God of Jacob"]. God is not the God of dead people. Instead, God is the God of alive people." (footnote) You(people) (imp) see Exodus 3:6.	Matthew
Genesis 19:14	So Lot went to the 2 men [who promised [to marry Lot's 2 daughters]]. Lot said to these 2 men, ["You(men) (imp) leave this city quickly!] Yahweh will destroy this city tomorrow." But the 2 men thought [that Lot was telling a joke].  So the 2 men did not leave the city.	Genesis
Matthew 28:19	Therefore you(followers) (imp) go. And you(followers) (imp) cause [people _generic to become my(Jesus's) followers/disciples in all nations]. (literal) You(followers) (imp) dip into water those people in-H the name of the Father, the Son, and the Holy-Spirit. (dynamic) You(followers) (imp) dip into water those people [by using the authority of the Father, the Son, and the Holy-Spirit].	Matthew
Genesis 46:17	Asher had sons named Imnah, named Ishvah, named Ishvi, and named Beriah. and Asher had a daughter named Serah. Beriah had sons named Heber and named Malkiel.	Genesis
Nehemiah 11:11	Seraiah [who was a son of Hilkiah]. Hilkiah was a son of Meshullam. Meshullam was a son of Zadok.  Zadok was a son of Meraioth. Meraioth was a son of Ahitub. Seraiah was the leader of the people [who worked in the temple of God].	Nehemiah
Genesis 23:14	Then Ephron spoke to Abraham again.	Genesis
2 Samuel 12:19	But David saw [those servants whispering]. Then David knew [that the baby was dead]. So David asked those servants, ["Is the baby dead?"] Those servants answered, ["Yes]. The baby is dead."	2_Samuel
Joshua 4:10	So the priests [who were carrying the ark-of-the-covenant] continued standing in the middle of the river [until all of the people went across the Jordan River]. And the priests continued standing in the river [while the men gathered the stones]. Joshua and the people obeyed Yahweh [just-like Moses commanded Joshua]. The people quickly went across the river.	Joshua
Matthew 2:12	Then [because the wise men were warned by God _implicitActiveAgent in a dream [not to return to Herod],] those wise men returned to those wise men’s country on-D a different road.	Matthew
1 Samuel 8:7	Then Yahweh said to Samuel, ["You(Samuel) (imp) listen to these people]. And (implicit-info) you(Samuel) (imp) choose/appoint a king for these people. These people are not sinning against you(Samuel). These people are sinning against me(Yahweh). These people do not want [me(Yahweh) to be these people's king].	1_Samuel
1 Samuel 11:2	But Nahash said to those leaders, ["I(Nahash) will make a treaty with you(people)]. But first you(people) must allow [me(Nahash) to take out the right eye of each person [who lives in Jabesh]]. Then all of the people [who live in Israel] will be ashamed!"	1_Samuel
2 Samuel 22:6	The ropes of death were around me(David).  Traps of death were in front of me(David).	2_Samuel
2 Samuel 15:23	All of the people [who were staying in Jerusalem] cried [while David and the people [who were following David] left the city]. Then King David and those people went across the valley-Kidron. Then David and those people walked toward the desert.	2_Samuel
Daniel 1:20	The king asked these four men very difficult questions. But these four men were always able [to answer all the questions [that the king asked the four men]]. These four men were wiser than all the magicians and all the enchanters in the country.	Daniel
2 Samuel 7:1	(title) David wants [to build a temple].  King David was living in David’s palace.  And Yahweh caused [the Israelites’ enemies to stop attacking the Israelites].	2_Samuel
Genesis 44:22	But we(Judah) said to you(Joseph), [“that boy must not leave our(Judah's) father].  [If that boy leaves our(Judah's) father] our(Judah's) father will die.”	Genesis
Daniel 3:20	Nebuchadnezzar ordered [the strongest soldiers tie Shadrach, Meshach, and Abednego with ropes]. Then Nebuchadnezzar ordered [the strong soldiers to throw Shadrach, Meshach, and Abednego into the extremely hot fire].	Daniel
Genesis 14:16	Then Abram take-away all the things [that the these 4 kings had stolen]. And Abram saved the women and the other people from these 4 kings.  Abram also saved Lot from these 4 kings.  and Abram take-away from these 4 kings all the things [that Lot owned].	Genesis
Genesis 37:34	Then Jacob was very sad.  Jacob tore Jacob's clothes. and Jacob put-on clothes [that people wear [while the people mourn]]. Jacob was very sad about Joseph for many years.	Genesis
Joshua 3:1	The people (title) go across the Jordan River.  In the morning Joshua and all of the Israelites left Acacia. And the people traveled to the Jordan River. The people camped near the river.  And the people prepared [to go across the river].	Joshua
1 Samuel 10:17	Then Samuel called all of the Israelites. And Samuel told the Israelites [to come to Mizpah [in order to meet Yahweh]].	1_Samuel
Joshua 8:20	The soldiers [that were from Ai] looked at the soldiers’ city. And the soldiers saw [smoke rising from the soldiers' city]. The Israelite soldiers [that were running toward the desert] immediately turned around.  And the Israelite soldiers started running toward the soldiers [that were from Ai]. The soldiers [that were from Ai] were not able [to escape from the Israelites].	Joshua
Genesis 27:37	Isaac answered Esau, ["I(Isaac) already caused [Jacob to be master of you(Esau)]]. All the brothers of Jacob will be the servants of Jacob. And God will bless Jacob [by God giving much grain and much wine to Jacob]. I(Isaac) do not have any thing [that I(Isaac) am able [to give to you(Esau)]]."	Genesis
Genesis 7:23	Thus God destroyed all the things [that lived on the land].  God destroyed all the people, all the animals, and all the birds.  Only Noah and the family of Noah were living in the boat.	Genesis
Matthew 27:9	Then the things-C [that God said through the person [who tells God's messages to people] named Jeremiah] happened/be-fulfilled. That person/prophet _implicitNecessary said _implicitNecessary, ["Those people _differentNounIndex took the 30 silver coins]. For the people _DifferentNounIndex of Israel decided [that the price of that man was/equaled that amount of money _implicit].	Matthew
Genesis 22:10	Then Abraham pick-up Abraham's knife. and Abraham was ready [to kill Abraham's son].	Genesis
Matthew 27:13	(yesrhetorical) Then Pilate asked Jesus, ["Do you(Jesus) hear the bad _implicit things-C [that those priests and those old leaders are saying/testifying about you(Jesus)]?"] (statement) Then Pilate said to Jesus, ["You(Jesus) hear the bad _implicit things-C [that those priests and those old leaders are saying/testifying about you(Jesus)]"].	Matthew
1 Samuel 26:23	Yahweh rewards every person [who does good things]. And Yahweh rewards every person [who loves Yahweh]. Today Yahweh allowed [me(David) to kill you(Saul)]. But I(David) will not hurt the king [that Yahweh chose].	1_Samuel
Mark 9:5	(paragraph) Then Peter said to Jesus, ["Rabbi , I(Peter) am glad [because we(followers) _excl are here]]. We(men) _excl set-up _suggestiveLets 3 shelters. 1 shelter will be for you(Jesus). 1 shelter _otherThinglist will be for Moses. And 1 shelter _otherThinglist will be for Elijah ." (footnote) Rabbi named the word _implicitType of Hebrew means-C teacher.	Mark
Genesis 14:19	Then Melchizedek blessed Abram. and Melchizedek said, ["I(Melchizedek) pray that [God-Most-High [who created the heaven and the earth] will bless you(Abram)]].	Genesis
Genesis 18:7	Then Abraham ran to Abraham's herd of cows. and Abraham chose a young cow [that was very fine]. Abraham brought that cow to a servant.  The servant quickly killed the cow.  and the servant cooked the meat of the cow for the 3 men.	Genesis
Matthew 23:16	_paragraph You(scribes), leaders [who are not able [to see]], you(scribes) will much suffer! You(scribes) say, ["[If a person promises/swear to God _implicit [that person will do an action] by the big building _instrument of Jerusalem _implicit [that Jews honor/worship God in],] a person does not need [to do that action _frameInferable]]. But [if a person promises/swear to God _implicit [that person will do an action] by the gold _madeOf things-A _instrument [that are in that building/temple],] a person must do an action."	Matthew
Joshua 24:6	[When I(Yahweh) brought your(Israelites') fathers from Egypt] your(Israelites') fathers came to the sea-Red.  Then the Egyptians chased your(Israelites') fathers. The Egyptians were riding chariots and horses.	Joshua
2 Samuel 2:8	(title) David's army fights Saul's army.  A man named Abner was the son of Ner. Abner was the captain of Saul's army. [After Saul  died (implicit-info)] Abner took Saul's son named Ish-Bosheth to Mahanaim.	2_Samuel
Daniel 6:24	Then the king ordered [the king's servants to bring the men [who had accused [Daniel of breaking the law]] to the pit]. So the servants brought those men, the wives of those men, and the children of those men to the pit. Then the servants threw those men, the wives of those men, and the children of those men into the pit [that the lions were in]. The lions immediately attacked those people. The lions ate those people very quickly.	Daniel
Matthew 17:8	[When the followers/disciples look-up,] the followers/disciples did not see people except Jesus. (implicit-situational) Moses and Elijah were not there.	Matthew
Mark 14:56	For many people said false things-C [that were about Jesus]. But each person said a different thing-C.	Mark
Genesis 15:11	Later vulture tried [to eat these animals]. but Abram chase-away the vulture.	Genesis
Mark 2:13	Jesus (title) calls Levi . (paragraph) Jesus go-out from that place _implicit again to the shore of the lake named Galilee _implicit. A big crowd of people was coming to Jesus. And Jesus was teaching that crowd .	Mark
2 Samuel 20:10	Amasa did not see the knife/dagger [that Joab was holding with Joab's left hand]. Then Joab pushed that knife/dagger into Amasa's stomach. Amasa's intestines fell to the ground. Amasa died quickly. Then Joab and Joab's brother named Abishai continued chasing Sheba.	2_Samuel
1 Samuel 10:20	Then Samuel told [each tribe of Israel to walk in-front-of Samuel]. And Samuel used lots.  Then Yahweh chose the tribe named Benjamin.	1_Samuel
Joshua 18:21	The tribe named Benjamin owned the towns named Jericho, Beth-Hoglah, and Emek-Keziz.	Joshua
Joshua 19:3	And the tribe named Benjamin owned the towns named Hazar-Shual, Balah, and Ezem.	Joshua
Genesis 37:6	Joseph said to Joseph's brothers, ["You(brothers) (imp) listen to me(Joseph)].  I(Joseph) dreamed yesterday night.	Genesis
Genesis 32:6	[After these messengers spoke to Esau] these messengers returned to Jacob.  and these messengers said to Jacob, ["We(people) went to your(Jacob's) brother named Esau]. Esau is coming to this place now [in-order-to Esau meet you(Jacob)].  And 400 men are coming with Esau".	Genesis
Genesis 50:25	Then Joseph said to Joseph's brothers, ["You(brothers) (imp) promise me(Joseph) [that you(brothers) will carry my(Joseph's) bones from Egypt]]."	Genesis
Acts 16:4	[When Paul, Silas, and Timothy traveled to other towns], Paul, Silas, and Timothy told people [who believe in Jesus] about the message [that the apostles and elders [who live in Jerusalem] said]. And Paul, Silas, and Timothy told all the people [that they must obey that message].	Acts
Matthew 26:45	_paragraph Then Jesus returned to those 3 followers/disciples. (implicit-situational) Those followers/disciples were sleeping again. (yesrhetorical) And Jesus asked those followers/disciples, ["Are you(followers) still sleeping?] (statement) And Jesus said to those followers/disciples, ["You(followers) are still sleeping]. (yesrhetorical) And are you(followers) still resting? (statement) And you(followers) are still resting. You(followers) (imp) look/behold. The time [when the Son-of-man _1stAs3rd is given/betrayed to people [who do bad-B actions] by a person _implicitActiveAgent] is now.	Matthew
Genesis 25:13	Ishmael had sons named Nebaioth, named Kedar, named Adbeel and named Mibsam.  Nebaioth was the oldest son of Ishmael.	Genesis
Genesis 36:24	Zibeon had sons named Aiah and named Anah. Anah found the hot springs [that are in the desert] [while Anah was caring for the donkeys of Anah's father].	Genesis
Acts 1:13	[After the apostles entered the city] the apostles went to the room [that the apostles were staying in].  The apostles [who were in that room] were Peter, John, James, Andrew, Philip, Thomas, Bartholomew, Matthew, James [who was Alphaeus’ son], Simon [who people called Zealot], and Judas [who was the son of James].	Acts
Mark 4:16	Similarly, _implicit other people are like the ground [that had many stones] [and that seeds are scattered by the person/farmer _implicitActiveAgent on]. Those people hear God's _implicit message. And those people receive that message happily/joyfully.	Mark
Genesis 23:7	So Abraham stand-up.  and Abraham bowed to the Hittites.	Genesis
Genesis 31:26	-Implicit Then Laban went to Jacob.  And Laban said to Jacob, ["You(Jacob) tricked me(Laban)!]  You(Jacob) stole my(Laban's) daughters [just-like a soldier captures a prisoner during a war!]	Genesis
Joshua 4:21	Then Joshua said to the Israelites, ["your(Israelites') descendants will ask your(Israelites') descendants' fathers after many years Why are these stones at this place?]	Joshua
Acts 15:6	Then the apostles and elders met each-other (apostles) to talk about this problem.	Acts
2 Samuel 13:9	Then Tamar brought that bread to Amnon. But Amnon refused [to eat that bread].Amnon said to Amnon's servants, ["(imp) You(servants) leave my(Amnon’s) room]." So Amnon's servants left that room.	2_Samuel
Genesis 15:16	After 400 years your(Abram's) descendants will return to this place. Your(Abram's) descendants will not return until that time [because the Amorites [who live in this place] will become very sinful].  Then I(Yahweh) will punish the Amorites."	Genesis
Nehemiah 11:34	Hadid, Zeboim, Neballat,	Nehemiah
1 Samuel 17:3	The Philistines were on one hill. And the Israelites were on another hill. A valley was between those 2 armies.	1_Samuel
Joshua 1:18	We(people) will kill each person [that does not obey you(Joshua)]. But (imp) you(Joshua) be strong and brave!"	Joshua
Genesis 41:33	So you(king) should choose a man [who is very wise]. That man should oversee the crops [that people grow in Egypt].	Genesis
Joshua 18:13	Then the border went to Luz. (Certain people called Luz Bethel.) Then the border went to Ataroth-Addar. Ataroth-Addar was on a hill [that was on the southern side of Lower-Beth-Horon].	Joshua
Matthew 20:28	Similarly, the Son-of-man _1stAs3rd did not come to this earth _implicit [so that people _implicitNecessary would serve the Son-of-man _1stAs3rd]. But the Son-of-man _1stAs3rd came to this earth _implicit [in order to serve people _implicit] [and in order to die [so that many people would become free]]."	Matthew
Genesis 44:24	So we(Judah) returned to our(Judah's) father.  And we(Judah) told our(Judah's) father about all the things [that you(Joseph) said to us(Judah)].	Genesis
Matthew 18:28	_paragraph But [when that servant go-out from the king's palace _implicit,] that servant saw another servant [_descriptive who owed to that servant _first 100 denarii]. The first servant tightly held/grab the other servant. And the first servant began squeezing the other servant's throat. The first servant said , ["You(servant) _second (imp) pay the money [that you(servant) _second owe me(servant)] _first!"] (footnote) 1 denarius was about the amount of money/wages [that a man received [when that man worked for 1 day]].	Matthew
Daniel 10:16	Then another person [who looked like a man] touched my(Daniel's) mouth. Then I(Daniel) opened my(Daniel's) mouth. And I(Daniel) was able [to speak again]. I(Daniel) spoke to the man [who stood in front of me(Daniel)]. I(Daniel) said, ["My(Daniel's) lord, I(Daniel) am suffering because of this vision]. I(Daniel) have become weak.	Daniel
Daniel 5:24	Therefore God sent the hand [in order to write these words on the wall].	Daniel
2 Samuel 12:29	So David led David's army to Rabbah. David's army attacked Rabbah. And David's army defeated/captured Rabbah.	2_Samuel
Joshua 21:9	The tribes named Judah and Simeon gave certain towns to the descendants of Kohath.	Joshua
Matthew 20:7	_paragraph Those people answered, ["We(people) are not working [because no person has employed us(people)]]. _paragraph That man said to those people, ["You(people) (imp) go into my(man's) vineyard [just-like the other people went into my(man's) vineyard _implicit]]. (implicit-situational) And you(people) (imp) work there."	Matthew
Nahum 3:6	I(Yahweh) will throw garbage at you(people). You(people) will not be important. I(Yahweh) will punish you(people) [so that other people would know [that the people must not worship gods]].	Nahum
Genesis 27:43	son of me(Rebekah), you(Jacob) (imp) go to the brother of me(Rebekah) named Laban [who is living in Haran]. You(Jacob) (imp) leave immediately!	Genesis
Daniel 12:2	Then all people [who have died] will live again. Some people will receive a good life forever. Other people will receive a terrible life forever.	Daniel
1 Samuel 29:6	So Achish called David.  And Achish said to David, ["I(Achish) completely trust you(David)]. And I(Achish) want [you(David) to be in my(Achish's) army]. [Since you(David) came to me(Achish)], you(David) always treated me(Achish) well. But the kings of the Philistines do not trust you(David).	1_Samuel
Genesis 49:16	Dan will fairly judge the people [who live in Israel].	Genesis
Matthew 9:23	_paragraph Then Jesus entered the house of the leader of the synagogue. In that house _implicit Jesus saw a crowd. People _frameInferable were playing instruments/flute [that (implicit-situational) people play [when a person dies _immediatePast]]. And other _implicit people were crying/weeping loudly.	Matthew
Genesis 8:7	Several times Noah put a black bird outside the boat.  That bird flew around the region. but the bird always returned to the boat [until the water stopped covering the earth].	Genesis
2 Samuel 17:3	Then I(Ahithophel) will bring all of those people to you(Absalom). [If you(Absalom) kill David]all of the other people will return to Jerusalem.  I(Ahithophel) will not hurt those other people."	2_Samuel
1 Samuel 26:8	Abishai said to David, ["Today God helped [you(David) defeat your(David's) enemy]]. You(David) (imp) let [me(Abishai) kill Saul with this spear]. I(Abishai) will kill Saul quickly."	1_Samuel
Genesis 34:29	Those sons took all of the valuable things [that  were in those houses]. And those sons also took all of those people's women and the children. And (implicit-subaction) those sons led those children and wives to the son's camp.	Genesis
Matthew 20:33	_paragraph Those men _dual answered, ["Lord-B, we(men) want [to be able [to see]]"].	Matthew
Mark 8:20	(paragraph) Then _implicitNecessary Jesus _implicitNecessary said _implicitNecessary to those followers/disciples _implicit, ["[When I(Jesus) _implicitNecessary broke _implicitNecessary 7 pieces/loaves of bread _implicitNecessary [in-order-to give food to 4000 men _implicitNecessary and many other people _implicit],] how-much-many baskets did you(followers) fill with the extra pieces [(implicit-situational) that the people did not eat]?]" (paragraph) Those followers/disciples said to Jesus, ["7"].	Mark
Acts 20:7	Paul (title) caused [a man named Eutychus to live again at the city named Troas]. On the first day of the week, we(disciples) gathered together [in order to eat the Lord's Supper]. And Paul spoke to the people. Paul planned [to leave Troas on the next day]. So Paul continued talking until midnight.	Acts
Joshua 2:20	[If you(Rahab) tell a person about the things [that we(men) are doing]] then we(men) will not protect you(Rahab) and your(Rahab's) family."	Joshua
Matthew 7:20	(literal) Therefore you(people) will certainly recognize false prophets [by looking at the fruit [that those people produce]]. (dynamic) Therefore you(people) will certainly know [those people are false prophets] [by thinking about the actions [that those people do]].	Matthew
Matthew 27:63	Those chief priests and those Pharisees said to Pilate _implicit, ["Ruler/governor, we(priests) remember the words [that that man [who deceived people _generic] said [while that man was still alive]]]. That man said, ["I(Jesus) will become alive again after-B 3 days"].	Matthew
Mark 3:27	But no person is able [to enter the house of a strong man [in-order-to steal that man's things]] [unless that person first ties that man]. Then that person will steal those things _implicit from that strong man's house.	Mark
Matthew 1:15	Eliud became the father of Eleazar. Eleazar became the father of Matthan. And Matthan became the father of Jacob.	Matthew
Joshua 12:3	Sihon also ruled the people [who were living on the eastern side of the valley-Jordan]. That land was between the sea-Galilee and the sea-Dead. And Sihon ruled the people [who were living between Beth-Jeshimoth and the hills [that are near Pisgah]].	Joshua
Joshua 15:63	The Jebusites were living in Jerusalem. The soldiers [that were in the tribe named Judah] were not able [to force [the Jebusites to leave Jerusalem]]. So the Jebusites are still living in Jerusalem with the people [who are in the tribe named Judah].	Joshua
1 Samuel 14:16	The soldiers [that protected Saul] were at Gibeah.  Gibeah was in the region [that the tribe named Benjamin owned]. Saul's soldiers saw [the Philistine soldiers run-away].	1_Samuel
Mark 8:27	(title) Peter says/declares [Jesus is the Christ]. (paragraph) Then Jesus and Jesus's disciples went from the area/region _implicit of Galilee to the villages [that were in Caesarea-philippi]. [While Jesus and Jesus's followers/disciples were traveling,] Jesus asked Jesus's followers/disciples, ["Who do people say-C [I(Jesus) am]?"]	Mark
Matthew 25:8	The stupid/foolish young women said to the wise young women, ["You(women) _wise (imp) give us(women) _stupid some of your(women's) _wise oil]. For our(women's) _stupid lamps will soon stop burning."	Matthew
2 Samuel 5:17	(title) David defeats the Philistines.  The Philistines heard [that David was the king of Israel]. So all of the Philistine soldiers started looking for David. The (implicit-info) Philistines wanted [to kill David].  But David heard [that the Philistines were looking for David]. So David went to a safe place.	2_Samuel
Joshua 8:23	But the Israelite soldiers did not kill the king of Ai. Instead the Israelite soldiers brought that king to Joshua.	Joshua
Acts 3:5	Then that man looked eagerly at Peter and John. That man expected [to receive money from Peter and from John].	Acts
2 Samuel 18:23	Ahimaaz said, ["I(Ahimaaz) want [to run].]" So Joab said to Ahimaaz, ["Ok]. (imp) You(Ahimaaz) run!" Then Ahimaaz ran across the plain to the king. And Ahimaaz ran faster than the man [who was from Cush].	2_Samuel
Matthew 11:13	For all the prophets of the books _implicitType and the laws of Moses _implicit prophesied [until John the Baptist prophesied].	Matthew
Mark 2:5	(complex) [After Jesus saw [those people had much _implicit faith],] Jesus said to that man [who was not able [to move that man's legs]], ["Child, your(man's) bad _morally actions are forgiven by me(Jesus) _implicitActiveAgent."] (simple) [After Jesus saw [those people trusted much _implicit in Jesus _implicit],] Jesus said to that man [who was not able [to move that man's legs]], ["Child, your(man's) bad _morally actions are forgiven by me(Jesus) _implicitActiveAgent."]	Mark
Nehemiah 11:17	Mattaniah [who was a son of Mika]. Mika was a son of Zabdi. Zabdi was a son of Asaph. [When people thanked God] [and when people prayed to God] Mattaniah was the leader. And Bakbukiah was the second leader. Abda [who was a son of Shammua]. Shammua was a son of Galal. Galal was a son of Jeduthun.	Nehemiah
Matthew 7:6	(paragraph) Also _implicit, you(people) (imp) do not give to dogs things [that are special/holy]. [If you(people) do that thing _implicit,] those dogs might turn-around . And those dogs might tear you(people) to pieces. And you(people) (imp) do not throw your(people’s) jewelry/pearls _plural to pigs. [If you(people) do that thing _implicit,] those pigs might step on those jewelry/pearls _plural. (footnote) Jesus spoke about animals [just-like those animals were people [who did not accept the Good-News]].	Matthew
Nahum 3:8	Nineveh is like the city named Thebes. Thebes is near the Nile river. Water surrounds Thebes. That water protected Thebes [like a wall protects a house].	Nahum
Matthew 25:21	_paragraph That servant's master-A said, ["Good and faithful-A servant, you(servant) did your(servant's) work well!] I(master) _implicitNecessary gave/entrust _implicitNecessary to you(servant) few _adj things. And you(servant) were faithful-A to me(master) _implicit. Therefore _implicit I(master) will allow you(servant) to manage many things. You(servant) (imp) come. And you(servant) (imp) be happy/joyful with your(servant's) master _1stAs3rd exclamation."	Matthew
Nehemiah 10:4	Hattush, Shebaniah, Malluk,	Nehemiah
Genesis 46:33	[When the king speaks to you(family)]  the king will ask you(family) about the work [that you(family) do].	Genesis
Daniel 5:2	[After Belshazzar drank some wine] Belshazzar demanded [that the servants bring some gold cups from the temple to the palace]. Nebuchadnezzar [who was the father of Belshazzar] had taken these gold cups from God's temple [that is in Jerusalem]. And Nebuchadnezzar put these cups in the temple of Nebuchadnezzar's god. Belshazzar wanted [the guests of Belshazzar, the wives of Belshazzar, and the other women [that Belshazzar loved] to drink wine from these cups].	Daniel
Genesis 28:5	Thus Isaac sent Jacob to the brother of Rebekah named Laban [who lived in northwest Mesopotamia]. Bethuel [who was an Aramean] was the father of Laban and of Rebekah. and Rebekah was the mother of Jacob and of Esau.	Genesis
Matthew 14:9	Herod became very upset. But because of Herod's promises/oaths and Herod's guests [who (implicit-situational) heard [Herod make those promises/oaths]] Herod commanded [soldiers _implicitNecessary to do the thing [that that daughter asked]].	Matthew
Nehemiah 10:28	Many other people also promised to keep the agreement. Those other people were priests, people [who were in the tribe named Levi], people [who guarded the gates], people [who sang], people [who served God in the temple], and all of the people [who separated those people from people [who came from other countries] [in order to obey the laws/Law of God]]. And those people’s wives, those people’s sons  [who were able [to understand the agreement]], and those people’s daughters [who were able [to understand the agreement]] also promised to keep the agreement.	Nehemiah
Mark 11:25	And [whenever you(followers) are praying, ] you(followers) (imp) first _implicit forgive-C other people. [If you(followers) are angry with a person ,] you(followers) (imp) forgive-C that person. Then-D your(followers') Father [ _descriptive who is in heaven] will also forgive-B your(followers') bad-B _morally actions."	Mark
Ruth 1:10	Naomi's daughters in law said to Naomi, ["We(daughters in law) want [to go to your(Naomi's) people with you(Naomi)]]."	Ruth
Joshua 18:9	So those men left Joshua. And those men traveled through those regions. Those men looked at the land. And those men wrote reports [that were about that land]. Those men looked at each town. And those men divided the land into 7 parts. Those men wrote reports in a scroll. Then those men returned to Joshua. Joshua was still at the camp [that was at Shiloh].	Joshua
Mark 2:6	(paragraph) But some of the scribes were sitting in that house. And those people/scribes thought in those people's/scribes' minds/hearts.	Mark
Genesis 26:21	Then the servants of Isaac dug another well. [When the people [who lived in Gerar] argued with Isaac about that well] Isaac named that well Sitnah. –Footnote Sitnah means to fight.	Genesis
Jonah 2:3	You(Yahweh) threw me(Jonah) into  the Mediterranean Sea. I(Jonah) was in deep water. Water surrounded me(Jonah). Your(Yahweh’s) waves were over me(Jonah).	Jonah
Matthew 22:18	_paragraph But Jesus understood the evil plans of those people. (implicit-situational) Those people did not actually want [to know the thing [that God wanted [those people to do]]]. (rhetorical) Jesus asked those people, ["You(Pharisees), people [who pretend [to be good/righteous]], why are you(Pharisees) trying [to trick me(Jesus)]?] (statement) Jesus said to those people, ["You(Pharisees), people [who pretend [to be good/righteous]], you(Pharisees) should not be trying [to trick me(Jesus)]].	Matthew
1 Samuel 30:23	But David said, ["My(David's) brothers, no]. You(men) must not treat these men badly. Yahweh gave all of these things to us(David). Yahweh protected us(David). And Yahweh helped [us(David) defeat the Amalekites [who attacked us(David)]].	1_Samuel
Genesis 24:32	So Abraham's servant entered the house.  Then Laban remove the things [that were on the backs of the camels]. and Laban gave straw and food to the camels. then Laban gave water to Abraham's servant and to the men [who were with the servant] [so that the servants could wash the feet of the servants].	Genesis
Matthew 24:11	And many people [who tell people false messages [that do not come from God] to people] will come. And those people/prophets will deceive many people.	Matthew
Mark 12:42	Then a poor woman [who had a husband [who died]] came. And that woman/widow put 2 small copper coins into that box _implicit. Those 2 coins were the least valuable coins.	Mark
2 Samuel 11:19	[Before that messenger went to David], Joab told that messenger, ["(imp) you(messenger) tell the king about this battle].	2_Samuel
Matthew 22:45	_paragraph King _implicit David called-C the Christ Lord-C. So how is the Christ able [to be king _implicit David's son/descendant]?"	Matthew
Esther 9:23	[After the Jews read these letters] the Jews continued celebrating. The Jews did all the things [that Mordecai told [the Jews to do]].	Esther
Matthew 27:36	Then the soldiers sit-down. And the soldiers guarded Jesus there [so that (implicit-situational) no person would try [to save Jesus]].	Matthew
2 Samuel 11:23	That messenger said to David, ["The soldiers were defeating us(soldiers)]. Those soldiers attacked us(soldiers) in the field. But we(soldiers) continued fighting those soldiers. We(soldiers) forced [those soldiers to return to the gate of the city].	2_Samuel
Matthew 17:16	I(man) brought my(man's) son to your(Jesus's) followers/disciples. But your(Jesus's) followers/disciples were not able [to heal my(man's) son]."	Matthew
Genesis 46:31	Then Joseph said to Joseph's brothers and to Joseph's father's family, ["I(Joseph) will tell the king [that you(family) arrived]]. I(Joseph) will say to the king, ["My(Joseph's) brothers and my(Joseph's) father's family traveled from Canaan to Egypt [in-order-to see me(Joseph)]].	Genesis
Daniel 9:7	Lord, you(Lord) are righteous. But now the people [who are from Judah], the people [who are from Jerusalem], and the people [who are from Israel] are ashamed. Some of us(people) live near Israel. But you(Lord) have sent some of us(people) to other countries [that are far from Israel] [because we(people) have not been faithful to you(Lord)].	Daniel
2 Samuel 15:13	A messenger came to Jerusalem [in order to tell David about Absalom]. That messenger said, ["The Israelites want [Absalom to become the king]."]	2_Samuel
Genesis 5:14	Therefore Kenan lived for 910 years.  Then Kenan died.	Genesis
Esther 9:12	Then the king said to Queen Esther, ["The Jews have killed 500 men [that live in Susa]]. And the Jews have killed Haman's ten sons. The Jews have also killed many other people [that live in my(king's) kingdom]. You(Esther) (imp) tell me(king) about the other things [that you(Esther) want [to do]]. I(king) will allow [you(Esther) to do all the things [that you(Esther) want [to do]]]."	Esther
Genesis 11:2	[When people moved to eastern regions] the people found a plain [that was in a region named Babylonia]. and the people moved to that plain.	Genesis
Daniel 9:11	All the people [who are from Israel] have not done all the things [that your(Lord's) laws say]. We(people) have ignored you(Lord). We(people) have refused [to do all the things [that you(Lord) said]]. Your(Lord's) servant named Moses wrote [that you(Lord) will punish people [who do not do all the things [that you(Lord) say]]]. So now you(Lord) have punished us(people) [because we(people) did not do all the things [that you(Lord) said]].	Daniel
Genesis 19:35	So that night the daughters caused [their(daughter's) father to become drunk again]. Then the younger daughter sexed Lot. But Lot did not know [that the daughter sexed Lot].	Genesis
Joshua 22:8	Joshua said, ["(imp) You(people) return to your(people's) houses and to all of the things [that you(people) own]]. You(people) have many animals, much silver, much gold, much bronze, and much iron. And you(people) have many beautiful clothes. You(people) took many things from your(people's) enemies. You(people) (imp) share those things with the families [who are in your(people's) tribes]."	Joshua
1 Samuel 15:12	Early the next morning Samuel stood up.  And Samuel started walking [in-order-to meet Saul]. But a person told Samuel, ["Saul was in Carmel].  Saul told [a person to make a statue [that looks like Saul]]. And Saul put that statue in Carmel [so that people would honor Saul].   Then Saul went to Gilgal."	1_Samuel
1 Samuel 1:9	One day [after Elkanah and Elkanah’s family finished eating a meal in Shiloh] Hannah went to the tabernacle. The priest named Eli was at the tabernacle. At that time Eli was sitting on a chair [that was near the entrance of the tabernacle].	1_Samuel
2 Samuel 20:13	[After that man take-away Amasa's body from the road] all of the men continued following Joab. Those men followed Joab [in order to chase Sheba].	2_Samuel
Nehemiah 4:1	(title) People try [to prevent [the Jews from building Jerusalem’s wall]].  [After Sanballat heard [that we(Nehemiah) were building the wall]] Sanballat became very angry. Sanballat (implicit-info) wanted [people to think [that the Jews were foolish]]. So Sanballat insulted/criticized the Jews.	Nehemiah
Genesis 10:17	Canaan was also the ancestor of the Hivite, Arkite, and Sinite.	Genesis
1 Samuel 28:8	Saul did not want [that woman to recognize Saul]. So Saul put on old clothes. And Saul and 2 servants went to that woman at night. Then Saul said to that woman, ["You(woman) (imp) talk to a certain spirit for me(Saul)].  I(Saul) will tell the spirit’s name to you(woman)."	1_Samuel
Matthew 18:32	_paragraph Then the king called-A that servant. The king said, ["Evil servant, I(king) told you(servant) [you(servant) did not need [to pay your(servant's) big debt]] [because you(servant) asked/beg [me(king) to be patient with you(servant)]]].	Matthew
Mark 5:13	Jesus allowed [the spirits to enter _implicitNecessary the pigs _implicitNecessary]. The unclean-B spirits come-out from that man _implicit . And the spirits entered those pigs. The group of pigs quickly run-down the steep hill into the lake. There were about 2000 pigs. And those pigs died in water in the lake.	Mark
Joshua 15:6	The northern border of Judah's land went from Beth-Hoglah to the places [that were on the northern side of Beth-Arabah]. Then the northern border went to Bohan's stone.  Bohan was the son of Reuben.	Joshua
Joshua 2:22	[After those 2 men/spies left] those 2 men/spies went to the hills. And those 2 men/spies stayed in the hills for 3 days. The king's soldiers looked for those 2 men/spies near the road. But after 3 days the king's soldiers returned to the city. Those soldiers did not find those 2 men/spies.	Joshua
Mark 5:20	So that man left. And that man started telling people _implicit in the Decapolis named the region _implicitType about the great things [that Jesus did for that man]. And all _hyperbolic the people were surprised/amazed.	Mark
Nehemiah 5:2	Certain Jews [that were angry] said, ["We(Jews) have many sons and many daughters]. We(Jews) must get grain [so that we(Jews) could eat]. Then we(Jews) will be able [to continue living]."	Nehemiah
Mark 15:46	So Joseph bought linen. Joseph took Jesus's body from that cross _implicit. And Joseph wrapped Jesus's body with that cloth/linen. And Joseph put Jesus's body in a hole [where people put dead bodies] [that was dug by people _implicitActiveAgent in stone ]. Then Joseph and other men _implicit rolled _inLDV a big _implicit stone in-front-of the entrance of that hole/tomb .	Mark
Acts 20:2	Paul traveled through that region. And Paul often encouraged the people [who believe in Jesus]]. Then Paul arrived in the region named Greece.	Acts
Genesis 39:7	-Title Potiphar puts Joseph in prison.  Joseph was very handsome.  The wife of Joseph's master thought [that Joseph was handsome].  So Potiphar's wife wanted [to sex Joseph]. one day Potiphar's wife said to Joseph, ["You(Joseph) lie-down with me(wife).]  I(wife) want [to sex you(Joseph)]."	Genesis
Nehemiah 13:9	Then I(Nehemiah) ordered people [to clean those rooms]. Then I(Nehemiah) put into those rooms the things [that priests used in God’s house], the gifts/offerings of grain, and the substance [that smells good [when people burn that substance]].	Nehemiah
1 Samuel 15:22	But Samuel said, ["Gifts please Yahweh]. But Yahweh wants [people to obey Yahweh] [more than Yahweh wants sacrifices]. [When people give ram's fat to Yahweh,] Yahweh is happy.  But Yahweh wants [people to do the things [that Yahweh says]] [more than Yahweh wants [people to give rams' fat to Yahweh]].	1_Samuel
Joshua 11:22	No Anakites were in the land of the Israelites [after Joshua defeated those people]. But a few Anakites were living in Gaza, Gath, and Ashdod.	Joshua
1 Samuel 17:48	Then Goliath came toward David [in-order-to fight David]. But David ran quickly toward Goliath.	1_Samuel
Matthew 15:16	_paragraph (norhetorical) Jesus asked those followers/disciples ["Do you(followers) understand this lesson/parable?"] (statement) Jesus said to those followers/disciples ["You(followers) still do not understand this lesson/parable."]	Matthew
Matthew 20:6	(literalunits) [When the time was about the 11th hour,] that man left again _implicit. (modernunits) [When the time was about 5PM,] that man left again _implicit. And that man found more people [who were standing] [and who were not working]. That man asked those people, ["Why are you(people) standing here?] Why were you(people) not working during the whole day?" (footnote) (literalunits) The 11th hour was 5PM.	Matthew
2 Samuel 3:24	Then Joab went to the king. Joab asked, ["Why did you(David) allow [Abner to leave]]? Abner came to you(David). You(David) should not have allowed [Abner to leave]!	2_Samuel
Joshua 19:21	The tribe named Issachar also owned the towns named Remeth, En-Gannim, En-Haddah, and Beth-Pazzez.	Joshua
Acts 1:25	Judas stopped doing this work.  And Judas went to the place [that God sent Judas to]. Lord, you(Lord) (imp) show the man [that should become an apostle] to us(apostles)."	Acts
1 Samuel 26:9	But David said to Abishai, ["You(Abishai) (imp) do not kill Saul]! [If we(David) kill the king [that Yahweh chose]], we(David) will be guilty!	1_Samuel
Mark 11:21	Peter remembered the thing-C _implicit [that Jesus said to the tree-fig]. And Peter said to Jesus, ["Rabbi, you(Jesus) (imp) look at that tree-fig!] You(Jesus) said [bad things will happen to that tree-fig]. Now _implicit that tree-fig died/wither."	Mark
Genesis 32:2	[When Jacob saw those angels] Jacob said, ["This place is the camp of God!"] So Jacob named that place Mahanaim. -Footnote Mahanaim means 2 camps.	Genesis
Genesis 49:14	Issachar is like a strong donkey [who lies down [while the donkey is carrying a heavy load]].	Genesis
Acts 2:2	Then the Holy Spirit will be with the disciples. The Holy Spirit will give power to Jesus' disciples. And the Holy Spirit will lead the disciples to other countries. Then the disciples will tell other people about Jesus' kingdom.	Acts
1 Samuel 1:1	(title) Samuel is born. There was a certain man who was from <<a town named>> Ramathaim.  He was in Zuph's clan. He lived in the hills that the tribe named Ephraim owned.  That man's name was Elkanah. He was a son of Jeroham.  Jeroham was Elihu's son.  Elihu was Tohu's son.  And Tohu was Zuph's son.  Elkanah was in the tribe named Ephraim.	1_Samuel
Matthew 25:28	_paragraph (implicit-subaction) Then the master turned to the people [who were standing near to that master and that servant]. (literalunits) The master _implicitNecessary said _implicitNecessary, ["You(people) (imp) take-away the talent from this servant]. (modernunits) The master _implicitNecessary said _implicitNecessary, ["You(people) (imp) take-away the bag [that contains gold] from this servant]. (literalunits) And you(people) (imp) give/entrust that talent to the servant-B [who has 10 talents]. (modernunits) And you(people) (imp) give/entrust that bag to the servant-B [who has 10 bags].	Matthew
Matthew 8:19	Then a scribe came to Jesus. And that person/scribe said, ["Master/Teacher, I(scribe) will follow-B you(Jesus) to every place [that you(Jesus) will go to]"].	Matthew
Nehemiah 7:29	743 men [that were from Kiriath-Jearim, Kephirah, and Beeroth] returned.	Nehemiah
1 Samuel 14:4	A deep valley was between the Israelites’ camp  and the Philistines’ camp.  People called one side of that valley Bozez.  And people called the other side of that valley Seneh.  Jonathan planned [to climb down to the bottom of that valley]. And Jonathan also planned [to climb up the other side of that valley].	1_Samuel
Genesis 18:15	[Because Sarah was afraid] Sarah lied to Yahweh.  Sarah said, ["I(Sarah) did not laugh"]. But Yahweh said, ["I(Yahweh) know [that you(Sarah) laughed]"].	Genesis
Nehemiah 8:4	Ezra [who taught people about the Law] stood on a tall wood structure [that people built for this event]. Men named Mattithiah, Shema, Anaiah, Uriah, Hilkiah, and Maaseiah were standing on Ezra's right side. And men named Pedaiah, Mishael, Malkijah, Hashum, Hashbaddanah, Zechariah and Meshullam were standing on Ezra's left side.	Nehemiah
Joshua 13:6	The Sidonians are living in the mountains [that are between Lebanon and Misrephoth-Maim]. But I(Yahweh) will force [those people to leave that region]. (imp) You(Joshua) remember that region [when you(Joshua) give land to the tribes of Israel].	Joshua
1 Samuel 25:18	Then Abigail quickly prepared [to go to David]. Abigail took bread -quantity 200 loaves and two bags [that contained wine]. Abigail also took 5 sheep [that Abigail cooked]. And Abigail also took about 27 kilograms of grain [that Abigail roasted]. And Abigail prepared 100 raisin cakes and 200 fig cakes. Then Abigail put all of that food on donkeys.	1_Samuel
Genesis 47:6	You(Joseph) may choose any place [that is in Egypt].  Then Your(Joseph's) father's family may live in that place. You(Joseph) (imp) give the best land [that is in Egypt] to your(Joseph's) father's family. You(Joseph) (imp) allow [your(Joseph's) father's family to live in Goshen]. [If any men [who are in your(Joseph's) father's family] are able [to care well for livestock]] then you(Joseph) (imp) tell those men [to care for my(king's) livestock also]."	Genesis
Genesis 5:31	Therefore Lamech lived for 777 years.  Then Lamech died.	Genesis
Matthew 19:26	_paragraph Jesus looked at those followers/disciples. And Jesus said, ["[Humans _generic save-A themselves(people)] is not possible]. But God is able [to do all things]. (implicit-situational) So [God saves-A people _generic] is possible."	Matthew
Matthew 11:18	Similarly [when John the Baptist came,] John the Baptist was not eating good food _implicit. And John the Baptist was not drinking alcohol _implicit. So people say, ["This man is controlled by an evil spirit/demon"].	Matthew
1 Samuel 27:5	One day David said to Achish, ["[If you(Achish) are pleased with me(David)], then you(Achish) (imp) give to me(David) a place [that is in one of the small towns]].  Then I(David) will live in that town. I(David) am your(Achish’s) servant.  So I(David) should not be living in this great city with you(Achish)."	1_Samuel
Esther 6:13	Then Haman told Haman's wife named Zeresh and all of Haman's friends about all of the things [that happened]. Haman's wife and Haman's friends said to Haman, ["Mordecai is a Jew]. So you(Haman) will not be able [to kill the Jews]. [If you(Haman) continue to hate Mordecai] you(Haman) will die."	Esther
Matthew 20:21	_paragraph And Jesus asked that mother _implicit, ["What do you(mother) want [me(Jesus) to do for you(mother) _implicit]?"] _paragraph (complex) That mother said, ["You(Jesus) (imp) let [my(mother's) 2 sons sit beside you(Jesus) on important seats _implicit in your(Jesus's) kingdom]]. (simple) That mother said, ["You(Jesus) (imp) let [my(mother's) sons sit beside you(Jesus) on important seats _implicit [when you(Jesus) rule in heaven _implicit]]]. You(Jesus) (imp) let [one of my(mother's) 2 sons sit at the right-B side]. And you(Jesus) (imp) let [the other son sit at the left side]."	Matthew
Genesis 15:1	-Title God makes a covenant with Abram. Later Yahweh spoke to Abram in a vision.  Yahweh said to Abram, ["Abram, you(Abram) (imp) don't be afraid]. I(Yahweh) will protect you(Abram). and I(Yahweh) will reward you(Abram) much."	Genesis
Daniel 11:13	The king of the north region will gather another very big army. This army will be bigger than the other army of the king of the north region. After a few years the king of the north region will go to the south region with this very big army. This army will have many weapons.	Daniel
Mark 10:5	(paragraph) But Jesus said to those Pharisees, ["Moses wrote-F that law for you(Jews) and your(Pharisees') parents/ancestor _implicit [because your(Jews') hearts were stubborn]].	Mark
Joshua 7:24	Then Joshua and all of the Israelites took Achan [who was the son of Zerah] to the valley-Achor. The Israelites also took the silver, the robe, and the gold. And the Israelites took Achan's sons, Achan's daughters, Achan's cows, Achan's donkeys, Achan's sheep, Achan's tent, and all of the things [that Achan owned].  The (footnote) word Achor means trouble.	Joshua
1 Samuel 1:15	But Hannah said, [“Master, I(Hannah) did not drink wine or beer]. I(Hannah) am very sad. I(Hannah) was telling Yahweh about my(Hannah's) big problem.	1_Samuel
1 Samuel 9:24	So that man put the best meat on the table in-front-of Saul. Then Samuel said to Saul, ["I(Samuel) saved this meat for you(Saul)]. You(Saul) (imp) eat this meat. This meat is for you(Saul). I(Samuel) invited all of these people [to come to this place] today [in-order-to see you(Saul)]." So Saul ate with Samuel that day.	1_Samuel
1 Samuel 6:10	So the Philistines obeyed the priests and the magicians. The Philistines got two cows [that recently birthed baby cows]. And the Philistines tied the wagon to those cows. Then the Philistines put the baby cows into a pen.	1_Samuel
Mark 8:9	About 4000 men _necessaryImplicit were at that place _implicit. And Jesus sent those people from that place [(implicit-situational) after those people ate that food ].	Mark
Matthew 8:5	(title) A Roman officer believes in Jesus. (paragraph) [After Jesus entered Capernaum ,] a Roman officer [who commanded 100 soldiers] came to Jesus. And that officer asked/beg Jesus [Jesus to help that officer].	Matthew
1 Samuel 15:4	So Saul called Israel’s soldiers.  All of the soldiers met Saul at Telaim.  200000 soldiers came to Saul.  And 10000 soldiers [who were from Judah] also came to Saul.	1_Samuel
Mark 15:25	(paragraph) (literalunits) The time was the 3rd hour [when those soldiers put Jesus on a cross [so that Jesus would die]]. (modernunits) The time was 9AM [when those soldiers put Jesus on a cross [so that Jesus would die]].	Mark
Mark 7:36	(paragraph) (implicit-situational) Jesus and that man returned to the crowd. Then Jesus commanded the people _frameInferable [the people not to tell-C people _otherPeopleNounIndex about this event _implicit]. But [whenever Jesus commanded those people [those people not to tell-C people _otherPeopleNounIndex about this event ]] those people told-C people _otherPeopleNounIndex about the event more .	Mark
Matthew 25:14	(title) Jesus tells a story/parable [that is about bags of gold]. _paragraph I(Jesus) will tell you(followers) another story/parable _implicitNecessary [that (implicit-situational) is about the events [that will happen [when the Son-of-Man _1stAs3rd returns]]]. A man was planning [to go to a country [that was far from that man's country _implicit]]. So that man called-A that man's servants-B. And that man gave/entrust that man's wealth to those servants-B [so that those servants-B would manage that man's wealth for that man].	Matthew
Nehemiah 7:64	The priests searched for the books [that told about those men’s families]. But those men were not able [to find those books]. So those men were not clean.  And the other priests did not allow [those men to be priests].	Nehemiah
1 Samuel 2:7	Yahweh causes [certain people to become poor].  But Yahweh also causes [certain people to become rich]. Yahweh causes [certain people to become humble].  But Yahweh also causes [certain people to become great].	1_Samuel
1 Samuel 25:38	After 10 days Yahweh killed Nabal.	1_Samuel
Genesis 26:31	Early the next morning Isaac made a treaty with Abimelech. Then the 3 men were happy.  And the 3 men returned to Gerar.	Genesis
Mark 11:8	Many people put those people's coats/cloaks on the road in-front-of Jesus _implicit [(implicit-situational) in-order-to honor-A Jesus]. And other people cut branches from trees _implicit in the fields. And those people put those branches on the road [(implicit-situational) in-order-to honor-A Jesus].	Mark
1 Samuel 10:22	So the people asked Yahweh, ["Did Saul come to this place]?" Yahweh said, ["Yes]. Saul is hiding behind some bags."	1_Samuel
1 Samuel 17:41	And Goliath started walking toward David. The soldier [who carried Goliath’s shield] walked in-front-of Goliath.	1_Samuel
Mark 14:49	I(Jesus) was with you(people) every day [when I(Jesus) was teaching-B God's message _implicit to people _generic _implicit in the temple of the courtyard _implicitType]. And you(people) did not take-away/arrest me(Jesus) [(implicit-situational) even-though you(people) were able [to take-away/arrest me(Jesus) easily at that time]]. But the Scriptures [(implicit-situational) that are about me(Jesus)] must happen/be-fulfilled."	Mark
1 Samuel 30:24	No people agree with the things [that you(men) are saying]. Each man will receive the same things. The men [who stayed with our(David's) food and our(David's) animals] will receive the same things [that the men [who fought the Amalekites] will receive]. We(David) will share all of these things with each other."	1_Samuel
Acts 21:24	You(Paul) go (imp) with these men to the temple. And pay (imp) the priest for the sacrifice. Then you and these men do the things [that Moses' law says] [so that you and these men will become acceptable to God]. Then these men can cut off these men's hair. Then all people will know [that these messages [that are about you(Paul)] are not true.] And all people will know [that you(Paul) obey Moses' law.]	Acts
Genesis 30:26	You(Laban) (imp) allow [me(Jacob) to take my(Jacob's) wives and my(Jacob's) children]. I(Jacob) worked hard for you(Laban) for many years.  Thus you(Laban) must allow [me(Jacob) to leave now]."	Genesis
Matthew 25:16	(literalunits) The servant-B [who received 5 talents] immediately left. (modernunits) The servant-B [who received the 5 bags] immediately left. (literalunits) And that servant-B used those 5 talents [in order to earn 5 more talents]. (modernunits) And that servant-B used that gold [in order to earn 5 more bags of _quantity gold].	Matthew
Joshua 13:3	And you(Joshua) still must defeat the people [who are living between the river-Shihor and Ekron]. The river-Shihor is on the eastern side of Egypt.  And Ekron is in the northern region.  The Canaanites own those places. But five Philistine men are ruling those places.  Those five Philistine men are living in Gaza, Ashdod, Ashkelon, Gath, and Ekron. You(Joshua) must also defeat the Avvites.	Joshua
Matthew 21:8	Very many people put those people's coats on the road in-front-of Jesus _implicit [(implicit-situational) in-order-to honor-A Jesus]. And other people cut branches from trees. And those people put those branches on the road [(implicit-situational) in-order-to honor-A Jesus].	Matthew
2 Samuel 20:24	A man named Adoniram was the boss of the king’s servants. A man named Jehoshaphat wrote about all of the things [that the king did].  Jehoshaphat was Ahilud’s son.	2_Samuel
Genesis 35:19	Israel buried Rachel's body near the road. Israel was traveling on this road to Ephrathah. Ephrathah is another name of Bethlehem.	Genesis
Matthew 6:22	(paragraph) (literal) The eye be-X the body’s lamp. (dynamic) A person's eyes be-U like a light-C [that shines inside that person's thoughts]. (literal) Therefore [if your(person's) eyes are good,] your(person’s) whole body will be full of light. (dynamic) Therefore [if your(person's) eyes are good,] all of your(person’s) thoughts are good _morally. (footnote) In those days, people thought [a person's eyes showed that person's mind].	Matthew
Genesis 33:10	But Jacob said, ["No!] [If I(Jacob) pleased you(Esau)] you(Esau) (imp) accept the gift [that I(Jacob) give to you(Esau)]. I(Joseph) am very happy [because I(Jacob) see you(Esau) again]. Your(Esau's) face is like the face of God [because you(Esau) are happy [to see me(Jacob)]].	Genesis
Daniel 8:17	So Gabriel came near me(Daniel). But I(Daniel) was very afraid. So I(Daniel) fell down. Then Gabriel said to me(Daniel), ["You(Daniel) are a man]. But you(Daniel) must understand this vision. This vision is about the end of time."	Daniel
Matthew 15:10	_paragraph Jesus asked the crowd [ to come to Jesus]. Then Jesus said, ["You(people) (imp) listen to me(Jesus) _implicit]. And you(people) (imp) understand the thing-C _implicit [that I(Jesus) am saying].	Matthew
Acts 3:16	And this man [who was not able [to walk]] trusted in the name of Jesus. You(people) see this man. And you(people) know this man. This man became strong. The name of Jesus and the faith [that Jesus gave to this man] caused [this man to become healthy]. This man is in-front-of all of you(people). And this man is healthy.	Acts
Ruth 3:14	So Ruth lay near Boaz's feet until the morning. [While the sky was still too dark [so that people could not recognize each-other(people)]] Ruth got up. Then Boaz said, ["People must not know [that a woman came to the place [that people separate grain from plants at]]]."	Ruth
Matthew 9:20	_paragraph At-that-time a woman [who bled continuously for 12 years] [and who (implicit-situational) was still bleeding at that time] came to Jesus. [When that woman was behind Jesus,] that woman touched the edge of Jesus's clothes.	Matthew
Matthew 16:12	Then the followers/disciples understood [Jesus was not telling those followers/disciples [to watch-out for the yeast [that is used by people _implicitActiveAgent in bread]]]. Instead, Jesus was telling those followers/disciples [to watch-out for the things [that the Pharisees and the Sadducees were teaching people _implicit]].	Matthew
2 Samuel 14:24	But King David said, ["Absalom must go to Absalom's house]. Absalom must not see me(David)." So Absalom went to Absalom's house. And Absalom did not see the king.	2_Samuel
Genesis 39:17	Then the wife told the same story to the wife's husband. The wife said, ["The Hebrew slave [that you(husband) brought into this house] wants [to embarrass me(wife)]]!	Genesis
Jonah 4:5	Jonah left the city. And Jonah went to a place [that was on the eastern side of the city]. And Jonah put some branches above Jonah’s head.  Then Jonah sat down in the branches’ shadow. And Jonah waited. Jonah watched the city [because Jonah hoped [that God would destroy the city]].	Jonah
Genesis 17:19	But God said, ["Ishmael is not the son [that I(God) promised [to give you(Abraham)]]]. Your(Abraham's) wife named Sarah will birth a son. and you(Abraham) will name the son Isaac. -Footnote Isaac means to laugh. I(God) will make this covenant with Isaac.  This covenant will exist forever.  I(God) will make this covenant with all Isaac's descendants.	Genesis
Daniel 10:1	[When Cyrus had been the king of Persia for about three years] God showed another vision to Daniel. Daniel's name was also Belteshazzar. This vision was true. This vision was about a great war. And Daniel understood this vision.	Daniel
Genesis 38:19	[When Tamar returned to Tamar's house] Tamar took off the veil [that covered Tamar's face]. Then Tamar put on the clothes [that widows wear].	Genesis
Genesis 43:28	The brothers answered, ["Our(brother's) father [who is your(Joseph's) servant] is still living]. And Our(brothers') father is healthy."   Then the brothers bowed to Joseph again [in-order-to show Joseph [that the brothers respected Joseph]].	Genesis
Genesis 5:11	Therefore Enosh lived for 905 years.  Then Enosh died.	Genesis
Matthew 28:1	(title) Jesus becomes alive again. _paragraph After the seventh day of the week _significantTime [when the sun started to rise on the first day of the week,] Mary-Magdalene and the other Mary went to the hole/tomb [that (implicit-situational) Jesus's body was in] [in order to look at that hole/tomb].	Matthew
Mark 10:39	(paragraph) James and John said to Jesus, ["We(James) _excl are able [to do these things [(implicit-situational) just-like you(Jesus) will do these things]]"]. (paragraph) Jesus said to James and John, ["(literal) You(James) _dual certainly will drink the bitter-B drink _implicit from the cup [that I(Jesus) drink that drink _implicit from]]. ["(dynamic) The hard-B things-B [that will happen to me(Jesus)] will certainly happen to you(James) _dual]. (literal) And you(James) _dual certainly will be washed/baptize by people _implicitActiveAgent with the terrible _implicit things [that I(Jesus) will be washed/baptized by people _implicitActiveAgent with]. (dynamic) And you(James) _dual certainly will much suffer [just-like I(Jesus) will much suffer].	Mark
Joshua 10:29	(title) The Israelites defeat the people [who live in the southern region]. Then Joshua and all of the Israelites traveled from Makkedah to Libnah.  And the Israelites attacked that city.	Joshua
Joshua 20:5	But a relative of the person [that the man killed] might chase that man to that city.  Then the leaders of the city must not allow [the relative to kill that man]. The leaders must protect that man from the relative. The leaders must protect that man [because that man did not want [to kill that person]]. That man was not angry at the person. And that man did not plan [to kill that person].	Joshua
Mark 12:37	King _implicit David _emphasized called the Christ master/Lord-C. So how is the Christ able [to be King _implicit David's son/descendant]? (implicit-situational) The Christ must be greater than King _implicit David." (paragraph) And the big crowd _frameInferable enjoyed [big crowd listening to Jesus].	Mark
Genesis 9:23	Then Shem and Japheth brought a coat to Noah’s tent. and Shem and Japheth carried the coat into the tent. Shem and Japheth covered Noah with the coat. But Shem and Japheth did not look at Noah [who was not wearing clothes].	Genesis
2 Samuel 12:30	David took that king's crown from the king's head.  Then David's soldiers put that crown on David's head. That crown was made of gold. And that crown weighed about 34 kilograms. There were many expensive gems on that crown. David and the soldiers took many valuable things from that city.	2_Samuel
Genesis 25:31	But Jacob said, [“I(Jacob) will trade this food for all the things [that you(Esau) will inherit from our(Jacob's) father]”.]	Genesis
2 Samuel 13:22	And Absalom did not talk to Amnon. Absalom did not say good things or bad things to Amnon. Absalom hated Amnon [because Amnon sexed/raped Absalom's sister named Tamar].	2_Samuel
Nehemiah 5:11	You(leaders) (imp) immediately give those people's fields, those people's gardens of grapes, those people's gardens of olive trees, and those people's houses to those people.  And you(leaders) (imp) also give to those people the extra money [that you(leaders) took from those people], the extra grain [that you(leaders) took from those people], the new wine [that you(leaders) took from those people], and the oil-olive [that you(leaders) took from those people]."	Nehemiah
Philemon 1:5	I(Paul) thank God [because I(Paul) heard good news [that is about you(Philemon)]]. I(Paul) heard [that you(Philemon) continue trusting Jesus [who is Lord]]. And I(Paul) heard [that you(Philemon) continue loving God and God's special people].	Philemon
Matthew 26:49	[After (implicit-subaction) Judas and those people arrived at that place,] Judas immediately went to Jesus. And Judas said, ["Rabbi, I(Judas) greet you(Jesus)."] And Judas kissed Jesus.	Matthew
Mark 2:3	Some people came to that house _implicit. Those people brought a man [who was not able [to move that man's legs]] to Jesus. That man was carried by 4 people.	Mark
Mark 1:24	["Jesus of Nazareth, why (rhetorical) are you(Jesus) annoying/bothering us(spirits) _excl?] ["Jesus of Nazareth, you(Jesus) (statement) (imp) do not bother us(spirits) _excl]. Did you(Jesus) come here [in-order-to destroy us(spirits) _excl]? I(spirit) know [you(Jesus) are God’s special/holy person]!"	Mark
Acts 20:24	But I(Paul) think [that my(Paul's) life is not important]. I(Paul) only want [to complete every work [that the Lord Jesus commands me(Paul) to do]], like a person [who runs well in a competition]]]. The work [which the Lord Jesus commanded [me(Paul) to do]] is telling people about the Good News [that God is kind to people].	Acts
Genesis 31:33	So Laban looked for the idols in Jacob's tent, in Leah's tent, and in the tent [where the two female slaves were]. but Laban did not find the idols. [After Laban left Leah's tent] Laban went into Rachel's tent.	Genesis
Genesis 3:22	Then God said, ["This man has become like us(God).]  This man knows the things [that are good] and the things [that are evil].  We(God) must prevent [this man from eating the fruit [that causes [people to live forever]]].  [If the man eats that fruit] the man will live forever."	Genesis
Jonah 3:8	But people and animals must put on sackcloth clothes. And all of you(people) must cry out to God wholeheartedly. You(people) (imp) stop doing evil things. And you(people) (imp) do not hurt other people.	Jonah
Matthew 12:18	_paragraph Isaiah _implicitNecessary wrote _implicitNecessary, ["You(people) (imp) listen/behold]. This person is my(God's) servant-A [whom I(God) chose]. (complex) This person is the person [whom I(God) love] [and who pleases my(God's) soul]. (simple) This person is the person [whom I(God) love] [and who pleases me(God)]. I(God) will put my(God's) Spirit on this person. And this person will tell/proclaim to the nations [that things-D will be fair/just].	Matthew
1 Samuel 2:36	Then all of the people [who are in your(Eli's) family] will bow to that priest. And those people will beg [that priest to give money and food to those people]. Those people will say/plead, ["You(priest) (imp) allow [me(person) to become a priest [so that I(priest) could have food]]]."""	1_Samuel
Genesis 47:7	Then Joseph brought Joseph's father named Jacob to the king.  Joseph introduced Jacob to the king.  Then Jacob blessed the king.	Genesis
2 Samuel 24:11	[Before David got up in the next morning] Yahweh spoke to Gad. Gad was a prophet.	2_Samuel
Joshua 18:8	So the men [that the tribes chose] started traveling through the regions. Those men wrote reports [that were about the land]. Joshua told those men, ["(imp) You(men) travel through the regions]. And (imp) you(men) look at the land. And (imp) you(men) describe the land. Then (imp) you(men) return to me(Joshua). Then I(Joshua) will ask [Yahweh to give land to each tribe]. We(Israelites) will throw lots [in-order-to choose the land [that each tribe will receive]]."	Joshua
Matthew 9:19	Jesus get-up. And Jesus went with that leader to that leader's house _implicit. And Jesus's followers/disciple also went to that place _implicit.	Matthew
Mark 15:41	[When Jesus was in Galilee previously _implicit,] these 3 women followed-A Jesus. And these 3 women cared for Jesus. Many other women [who came to Jerusalem with Jesus] were also at that place [(implicit-situational) where the soldiers put Jesus on a cross].	Mark
Nehemiah 6:13	Tobiah and Sanballat paid money to Shemaiah [so that Shemaiah would scare/intimidate me(Nehemiah)]. Tobiah and Sanballat thought [that I(Nehemiah) would do a bad thing/sin]. Then Tobiah and Sanballat will tell people about the bad thing [that I(Nehemiah) did] [so that people would not respect me(Nehemiah)].	Nehemiah
Joshua 6:17	We(Israelites) will give this city and all of the things [that are in this city] to Yahweh. So you(people) (imp) destroy this city and all of the things [that are in this city]. But (imp) you(people) do not kill Rahab or the people [who are in Rahab's house]. Rahab [who is a prostitute] hid the 2 spies [that we(people) sent to this city]. So we(people) will not hurt Rahab or Rahab's family.	Joshua
Joshua 22:4	Now your(soldiers') God named Yahweh is letting [the other Israelites rest]. Previously Yahweh promised [that we(Israelites) would rest]. Therefore you(soldiers) may return to your(soldiers') houses. So (imp) you(soldiers) return to the land [that Moses gave to you(soldiers)]. Your(soldiers') land is on the eastern side of the Jordan River.	Joshua
Ruth 2:16	And you(men) pull-out some plants/stalks from the grain/barley [that you(men) cut/harvested].  And you(men) (imp) drop those plants/stalks on the ground [so that Ruth could pick those plants/stalks up]. And you(men) do not tell/scold [Ruth to stop gathering that grain/barley].	Ruth
Matthew 25:34	_paragraph Then the king _1stAs3rd will say to the people [who are on the king's _1stAs3rd right side], ["You(people) [ _descriptive whom my(king's) Father does good things for], you(people) (imp) come]. You(people) (imp) receive/inherit the country/kingdom-A [ which was prepared-C for you(people) by God _implicitActiveAgent [since God _implicitNecessary made/create the world]].	Matthew
Joshua 21:5	The Israelites also gave 10 towns to the other families [that were descendants of Kohath]. Those towns were in the regions [that the tribes named Ephraim and Dan owned] and also in the region [that half of the tribe named Manasseh owned].	Joshua
Genesis 47:20	Thus Joseph bought all the land [that was in Egypt] for the king. All the people [who lived in Egypt] sold the people's land to Joseph [because all the people were very hungry]. Thus the king owned all the land [that was in Egypt].	Genesis
1 Samuel 4:15	At that time Eli was 98 years old. And Eli was not able [to see things].	1_Samuel
2 Samuel 20:12	Amasa's body was in the middle of the road. And Amasa’s blood covered Amasa’s body. That man saw [that each soldier stopped walking [in order to look at that body]]. So that man moved/dragged Amasa’s body from the road to a field. Then that man put a coat on that body.	2_Samuel
2 Samuel 22:33	God gives strength to me(David).And God protects me(David).	2_Samuel
Nehemiah 7:33	52 men [that were from the other city named Nebo] returned.	Nehemiah
Genesis 22:13	Then Abraham saw a male sheep.  The sheep's horns were in a bush. and the sheep was not able [to run]. So Abraham walked to the sheep. and Abraham killed the sheep. Then Abraham burned the body of the sheep [in order to give an offering to God]. Thus God saved Abraham's son.	Genesis
Genesis 11:16	[When Eber was 34 years old] Eber had a son named Peleg.	Genesis
1 Samuel 22:15	I(Ahimelek) prayed to God for David many times. You(king) (imp) do not accuse [me(Ahimelek) or my(Ahimelek's) father’s family of planning [to kill you(king)]]. I(Ahimelek) am your(Saul's) servant. And I(Ahimelek) did not know [that a person wants [to kill you(Saul)]]."	1_Samuel
2 Samuel 22:48	Yahweh is the God [that defeats my(David's) enemies].    God causes [me(David) to rule many nations].	2_Samuel
2 Samuel 16:15	At that time Absalom, and other people[who lived in Israel]came to Jerusalem. And Ahithophel was with Absalom.	2_Samuel
1 Samuel 23:11	Will the people [who are living in Keilah] allow [Saul to kill me(David)]? Will Saul come to Keilah? Yahweh, you(Yahweh) are the God of Israel.  So you(Yahweh) (imp) please answer these questions. I(David) am your(Yahweh's) servant." Then Yahweh said, ["Saul will come to this place."]	1_Samuel
1 Samuel 1:10	Hannah was very sad. So Hannah cried much. And Hannah prayed to Yahweh.	1_Samuel
Matthew 15:38	The number of men [who ate the bread _implicit and the fish _implicit] was about 4000. And women and children also ate the bread _implicit and the fish _implicit.	Matthew
Genesis 13:18	So Abram moved Abram's tents to the place [that is close to the big trees [that belonged to Mamre]]. Mamre lived near the city named Hebron. Abram built an altar for Yahweh at that place.	Genesis
Genesis 36:41	Oholibamah, Elah, and Pinon were also leaders of the Edomites.	Genesis
1 Samuel 15:9	Saul and Saul's soldiers allowed [Agag to live]. And Saul also allowed [the best sheep, the best cows, and the best lambs to live].  Saul and the soldiers did not destroy the strong animals. But Saul and the soldiers killed all of the weak animals.	1_Samuel
Matthew 5:23	(paragraph) Perhaps you(person) are giving/offer your(person's) gift to God _implicit at the altar. But [while you(person) are at that structure/altar] you(person) remember [that your(person's) friend/brother-D or sister _Dimplicit is angry with you(person)].	Matthew
1 Samuel 10:6	Then the Spirit of Yahweh will enter you(Saul).  And you(Saul) will say the words of Yahweh with those prophets. Then God will change you(Saul) into a different man.	1_Samuel
Genesis 33:17	But Jacob went to Succoth. And Jacob built a house for Jacob's family. and Jacob built shelters for Jacob's animals. So the people call that place Succoth. -Footnote Succoth means shelters.	Genesis
Genesis 24:58	So the mother and the brother called Rebekah. and the mother and the brother asked Rebekah, ["Do you(Rebekah) want [to leave with this man now]?"]  Rebekah answered, ["Yes, I(Rebekah) want [to leave now]]."	Genesis
Genesis 20:13	[After God told me(Abraham) [to leave my(Abraham's) father's house]] I(Abraham) told Sarah, ["[When we(Abraham) travel to different places] you(Sarah) (imp) tell people [I(Abraham) am your(Sarah's) brother]"]".	Genesis
Genesis 39:4	So Potiphar was very pleased with Joseph. Potiphar asked Joseph [to care for all the things [that were in Potiphar's house]].  Potiphar trusted Joseph completely.	Genesis
Acts 21:31	[While those people tried [to kill Paul]], the man [who ruled the Roman soldiers] heard [that all the people [who was in the city named Jerusalem] were very angry].]	Acts
Joshua 13:16	Moses gave the following regions and towns to the families [that were in the tribe named Reuben]. Moses gave the land [that was between Aroer, the town [that was in the middle of the valley-Arnon], and the plain named Medeba] to the families [that were in the tribe named Reuben].  Aroer was at the side of the valley-Arnon.	Joshua
2 Samuel 22:49	Yahweh frees me(David) from my(David's) enemies. You(Yahweh) caused [me(David) to rule the people [who fought me(David)]].    You(Yahweh) saved me(David) from men [that hurt people].	2_Samuel
Nehemiah 6:8	So I(Nehemiah) sent a message to Sanballat. That message said, ["The things [that you(Sanballat) are saying] are not happening]. You(Sanballat) are saying things [that are false]."	Nehemiah
Nehemiah 4:13	So I(Nehemiah) told [men to stand at the lowest parts of the wall and at the places [that holes were in the wall at]]. Those men had swords, spears, and bows [so that those men could protect/guard the families [that were working at those places]].	Nehemiah
Matthew 27:35	[After the soldiers hang-C Jesus on the cross,] the soldiers divided Jesus's clothes. The soldiers used sticks/lots [in order to choose-A the soldier [that will get each piece of Jesus's clothes]].	Matthew
2 Samuel 6:4	God's Ark of the Covenant was on that wagon. And Ahio was walking in front of that wagon.	2_Samuel
Daniel 5:31	Then a man named Darius became the king of Babylon. Darius came from a country named Media. Darius was 62 years old [when Darius became the king of Babylon].	Daniel
Nehemiah 12:39	We(Nehemiah) went over the gate-Ephraim, over the gate-Jeshanah, and over the gate-Fish. We(Nehemiah) went past the tower-Hananel and past the tower-Hundred to the gate-Sheep. And the people stopped walking at the gate-Guard.	Nehemiah
Matthew 27:24	_paragraph Pilate saw [Pilate was not succeeding]. Instead, people were starting to become violent. So Pilate got water. And Pilate washed Pilate's hands with that water _implicit in front of the crowd [in order to (implicit-cultural) show the crowd [Pilate was not responsible for Jesus's death]]. Pilate said, ["I(Pilate) am not guilty]. This man will not die because of me(Pilate). You(people) are responsible for this man's death."	Matthew
Joshua 18:28	And the tribe named Benjamin owned the towns named Zelah, Haeleph, Jerusalem, Gibeah, and Kiriath. Therefore the tribe named Benjamin owned 14 towns. And the tribe named Benjamin also owned all of the villages [that were near those towns]. Yahweh gave all of that land to the tribe named Benjamin.	Joshua
Nehemiah 3:21	A man named Meremoth repaired the next part of the wall. Meremoth was a son of Uriah [who was a son of Hakkoz]. That part of the wall led from the door of Eliashib’s house to the end of that house.	Nehemiah
Genesis 34:17	But [if you(Shechem) refuse [to be circumcised by a person]] we(sons) will take the sister of us(sons) from you(Shechem).  And we(sons) will leave you(Shechem)."	Genesis
Matthew 10:7	[When you(disciples) go to people _implicit,] you(disciples) (imp) tell/proclaim the following message to people _implicit. You(disciples) (imp) say, [(complex) "The kingdom-B of heaven is here"] [(simple) "God is here [in order to rule you(people)]"].	Matthew
2 Samuel 12:5	[After David heard that story], David became very angry at that rich man. David said to Nathan, ["The man [who killed that poor man's sheep]must die!]	2_Samuel
2 Samuel 4:1	(title) Rekab and Baanah kill/murder Ish-Bosheth. Ish-Bosheth [who  was Saul's son] heard [that Joab killed Abner in Hebron]. Then Ish-Bosheth became very afraid.  And all of the people [that were living in Israel] started worrying.	2_Samuel
Daniel 3:7	So [when the people heard the sound of instruments] the people did all the things [that the official said]. All the people bowed to the statue. The people worshiped the gold statue [that king Nebuchadnezzar had made].	Daniel
Matthew 13:39	And the enemy [who plants those plants/weeds] is Satan. The time [when people gather/harvest grains] is the end of this period of time. And the people [who gather/harvest grains] are angels. (implicit-situational) Those servants/angels gather people.	Matthew
Acts 16:22	Then the crowd also yelled at Paul and Silas. And the Roman officials ordered [people to take off Paul and Silas' clothes]. And the Roman officials also ordered [people to beat Paul and Silas].	Acts
Nehemiah 12:32	Hoshaiah and half of the leaders of Judah followed that group/choir.	Nehemiah
Nehemiah 7:16	628 men [that were from Bebai] returned.	Nehemiah
2 Samuel 12:27	So Joab sent messengers to David. Joab said, ["I(Joab) am fighting the people [who live in Rabbah]]. And I(Joab) defeated/captured the soldiers [who were guarding the place [that the people get water at]].  So now (implicit-info) these people do not have water.	2_Samuel
Genesis 29:8	But the shepherds said, ["We(shepherds) will not give water to the sheep [until the 3 groups of sheep are at the well]]. Then we(shepherds) will move the stone from the top of the well [so-that we(shepherds) could give water to the sheep]."	Genesis
Joshua 15:39	And the tribe named Judah owned the towns named Lachish, Bozkath, and Eglon.	Joshua
Genesis 31:10	One day the animals were sex each-other(animals). I(Jacob) dreamed [that only male goats [that had black marks or stripe] sex the female goats].	Genesis
Genesis 31:22	days later Laban find-out [that Jacob and Jacob's family left].	Genesis
Mark 1:15	Jesus said, ["The time [that God (implicit-situational) chose] arrived]. God's kingdom (literal) is near you(people). (dynamic) God is here [in-order-to rule you(people) _implicit]. God. You(people) (imp) change your(people's) thoughts and your(people's) actions [so that your(people's) thoughts and your(people's) actions please God]. And you(people) (imp) believe the Good-News."	Mark
Daniel 1:12	Daniel said to the guard, ["You(guard) (imp) please test the king's servants for ten days]. You(guard) (imp) give only vegetables and water to us(servants).  You(guard) (imp) give the king's food and the king's wine to the other young men.	Daniel
Genesis 10:32	All these people were descendants of the sons of Noah. All the people [that moved to places around the earth] are descendants of these sons of Noah. These people became the different nations.	Genesis
Nehemiah 9:21	For 40 years you(Yahweh) cared for your(Yahweh’s) people in the desert/wilderness. Your(Yahweh’s) people had all of the things [that your(Yahweh’s) people needed]. The clothes of your(Yahweh’s) people did not become thin/wear out. And those clothes did not have holes. And the feet of your(Yahweh’s) people did not become sore/swollen.	Nehemiah
Matthew 5:7	People [who are kind/merciful to other people _implicit] are blessed by God _implicitActiveAgent. (literal) For those people will receive mercy from God _implicit. (dynamic) For God will be kind/merciful to those people .	Matthew
Genesis 41:55	[When the people [who lived in Egypt] became hungry] the people asked [the king to give food to the people]. Then the king said to the Egyptians, ["You(Egyptians) (imp) go to Joseph]. You(Egyptians) obey Joseph.  Joseph will care for you(Egyptians)."	Genesis
Jonah 1:17	Jonah (title) prays to Yahweh. Yahweh sent a very big fish [in order to swallow Jonah]. Jonah was inside that fish's stomach for three days and three nights.	Jonah
Joshua 19:33	The border of this region started at Heleph and the large tree [that was near Zaanannim]. Then the border went to Adami-Nekeb and Jabneel. Then the border went to Lakkum. Then the border went to the Jordan River.	Joshua
Joshua 6:26	Then Joshua said to the Israelites, ["Yahweh will punish a person [who tries [to build this city again]]]. [If a man starts building this city] Yahweh will kill the oldest son of the man. And [if a man finishes building this city] Yahweh will kill the youngest son of the man."	Joshua
Mark 6:55	Those people ran throughout that whole region. And those people started carrying sick people [that were on beds/mats] to every place [that those people heard [Jesus was at]].	Mark
1 Samuel 26:11	But I(David) certainly will not hurt the king [that Yahweh chose]. You(Abishai) (imp) pick-up the spear and the jar [that are near Saul’s head]. Then let us(David) go."	1_Samuel
Genesis 24:46	Rebekah said, ["Master, you(servant) (imp) drink this water."] Then Rebekah quickly moved the jar from Rebekah's shoulder to Rebekah's hip. and Rebekah allowed [me(servant) to drink some water]. and Rebekah also said, ["I(Rebekah) will also pour some water into the trough [so that your(servant's) camels may drink water]."]  So I(servant) drank the water.  and Rebekah also poured water into the trough [so that my(servant's) camels could drink water].	Genesis
1 Samuel 22:23	You(Abiathar) (imp) stay with me(David). And you(Abiathar) (imp) do not be afraid. The man [that wants [to kill you(Abiathar)]] also wants [to kill me(David)]. So [if you(Abiathar) stay with me(David)] I(David) will protect you(Abiathar)."	1_Samuel
Genesis 30:15	But Leah said, ["You(Rachel) take-away my(Leah's) husband.] Now you(Rachel) want [to take-away the mandrakes of my(Leah's) son!]" But Rachel said to Leah, ["[If you(Leah) give the mandrakes of your(Leah's) son to me(Rachel)] you(Leah) may sex Jacob tonight."]  So Leah gave the mandrakes to Rachel.	Genesis
1 Samuel 30:2	The Amalekites took all of the women and all of the other people [who were in that city]. The Amalekites took the young people and the old people.  But the Amalekites did not kill those people. Instead the Amalekites take away those people from Ziklag.	1_Samuel
Genesis 19:38	The younger daughter also birthed a son.  That daughter named the daughter's son Ben-Ammi. Ben-Ammi is the ancestor of the Ammonite [who are still living today].	Genesis
Joshua 9:26	So Joshua saved the Gibeonites from the Israelites. And the Israelites did not kill the Gibeonites.	Joshua
Acts 21:40	Then the man [who ruled the soldiers] allowed [Paul to speak to those people]. So Paul stood on those stairs. And Paul waved Paul's arms [so that the people would stop talking]. [After the people stopped talking], Paul talked to the people in the Jews’ language called Aramaic.	Acts
2 Samuel 7:4	But during that night Yahweh spoke to Nathan.	2_Samuel
Genesis 46:3	Then God said, ["I(God) am God.] I(God) am the God of your(Jacob's) father. You(Jacob) (imp) do not be afraid [to go to Egypt] [because I(God) will bless your(Jacob's) descendants].  Your(Jacob's) descendants will become a great nation in Egypt.	Genesis
1 Samuel 3:6	Then Yahweh called Samuel again. Yahweh said, ["Samuel!"] So Samuel got up again.  And Samuel went to Eli. And Samuel said, ["I(Samuel) am at this place]. You(Eli) called me(Samuel)." But Eli said to Samuel again, ["I(Eli) did not call you(Samuel)]. You(Samuel) (imp) return to your(Samuel's) bed. And you(Samuel) (imp) lie down."	1_Samuel
Matthew 11:24	But I(Jesus) tell you(people) [that God will punish you(people) [more-than God will punish Sodom] on the day [when God will judge all the people of the earth]]."	Matthew
Philemon 1:4	Paul (title) thanks God because of Philemon. And Paul (title) prays for Philemon. I(Paul) worship God. And [when I(Paul) pray to God for you(Philemon)] I(Paul) thank God because of you(Philemon).	Philemon
Matthew 22:43	_paragraph (literal) Jesus said to those Pharisees, ["Then-D why did king _implicit David in-H the Holy-Spirit call-C the Christ Lord-C?] (dynamic) Jesus said to those Pharisees, ["Then-D why did king _implicit David, [_descriptive who was being influenced by the Holy Spirit,] call-C the Christ Lord-C?] For David said the following words.	Matthew
Joshua 21:11	The tribe named Judah gave the town named Kiriath-Arba to those families. ( Some people called Kiriath-Arba Hebron. ) The tribe named Judah also gave the fields [that were near that town] to those families. That town was in the mountains [that the tribe named Judah owned]. ( Arba was the father of Anak. )	Joshua
Esther 2:7	Mordecai had a female cousin named Hadassah. People called Hadassah Esther. [After Esther's father and Esther's mother died] Mordecai cared for Esther. Esther was like Mordecai's daughter. Esther was very beautiful.	Esther
Matthew 15:8	(literal) Isaiah said, ["These people honor me(God) with these people's lips]. (dynamic) Isaiah said, ["These people honor me(God) with the words [that these people say]]. (literal) But these people's hearts-A are far from me(God). (dynamic) But these people do not actually care-B about me(God).	Matthew
2 Samuel 16:22	So several men put a tent on the roof of the palace for Absalom. Then Absalom sexed David's female slaves. Many people [who were living in Israel] saw that tent.	2_Samuel
Genesis 3:20	Adam named the wife of Adam Eve [because Eve was the mother of all the people [that  will live on the earth]].  Eve means live.	Genesis
Joshua 19:13	Then the border went to Gath-Hepher, Eth-Kazin, Rimmon, and Neah.	Joshua
2 Samuel 5:3	Then all of the leaders of Israel came to King David at Hebron. And David made a promise/covenant to those leaders in front of Yahweh.  David (implicit-info) agreed to become king of the Israelites. And David promised (implicit-info) to lead the people. Then those leaders poured oil/anointed on David’s head[in order to show the people [that David was the new king of Israel]].	2_Samuel
Acts 18:1	Paul (title) visited the city called Corinth. After that time, Paul left the city named Athens. And Paul went to the city named Corinth.	Acts
Jonah 4:6	Then Yahweh caused [a plant [that had big leaves] to grow] for Jonah. That plant grew over Jonah's head. And that plant's shadow protected Jonah from the sun's light. So Jonah was very happy because of the plant.	Jonah
Matthew 18:29	_paragraph The other servant knelt in-front-of the first servant . And the other servant said/beg, ["Please _implicit, you(servant) _first (imp) be patient with me(servant) _second]. I(servant) will pay all the money to you(servant) _firstImplicit."	Matthew
Nehemiah 2:20	But I(Nehemiah) answered, ["The God of heaven will cause [us(Nehemiah) to succeed]]. We(Nehemiah) are God's servants. And we(Nehemiah) will start building the wall of this city again. But you(people) do not own a part of Jerusalem. You(people) are not from this city. And your(people's) ancestors are not from this city."	Nehemiah
1 Samuel 1:11	Hannah made a promise to Yahweh. Hannah said, ["Yahweh-Almighty, you(Yahweh-Almighty) (imp) look at me(Hannah)]. I(Hannah) am very sad! You(Yahweh-Almighty) (imp) remember me(Hannah)! (imp) You(Yahweh-Almighty) do not forget me(Hannah). [If you(Yahweh-Almighty) will give a son to me(Hannah)], I(Hannah) will give that son to you(Yahweh-Almighty). That son will serve you(Yahweh-Almighty) [until that son dies].  And no person will cut my(Hannah's) son's hair. We(Hannah) (implicit-info) will not cut my(Hannah's) son's hair [in order to show people [that my(Hannah's) son serves you(Yahweh-Almighty)]]."	1_Samuel
Nehemiah 13:24	Half of those men’s children spoke the language [that people speak in Ashdod] or the languages [that people speak in other countries]. Those children did not know-how [to speak the language of Judah].	Nehemiah
Genesis 18:24	Will you(Yahweh) destroy the city [if  50 righteous people live in the city]? You(Yahweh) will certainly save the 50 righteous people.	Genesis
Titus 1:4	I(Paul) am writing this letter to Titus. I(Paul) love Titus [just like a father loves that father's son]. Titus believes in Christ Jesus [just like I(Paul) believe in Christ Jesus]. I(Paul) pray [that God [who is  our(Paul's) Father] and Christ Jesus [who saves us(Paul) from bad things and death] will treat you(Titus) kindly]. And I(Paul) pray [that God and Christ Jesus will cause [you(Titus) to be peaceful]].	Titus
Genesis 18:13	Then Yahweh said to Abraham, ["Why did Sarah laugh?] Why did Sarah say, ["I(sarah) am too old [to birth a baby]"]?	Genesis
1 Samuel 28:22	So you(Saul) (imp) please listen to me(woman). You(Saul) (imp) let [me(woman) give food to you(Saul)]. [If you(Saul) eat food] then you(Saul) will be able [to go]."	1_Samuel
Mark 14:58	Those people _implicitNecessary said _implicitNecessary , ["We(people) heard [this man say, ["I(Jesus) will destroy-A this temple [that people made]]]]. And I(Jesus) will build another temple [that people did not make] [before 3 days pass].""	Mark
Mark 10:30	But [if that person leaves those things,] that person will certainly receive now 100 times-B the amount of things [that that person left]. That person will receive houses, brothers, sisters, mothers, children, and farms. That person will also be _routinely treated cruelly by people [(implicit-situational) because that person follows-B me(Jesus)]. But in the future that person will live forever with God _implicit.	Mark
Genesis 10:20	All these people were the descendants of Ham. All the families spoke different languages. and all the families lived in different places.	Genesis
Daniel 11:43	That king will take away all the gold, all the silver, and all the valuable things from Egypt.  And that king will defeat Libya and Cush.	Daniel
Mark 2:15	(paragraph) One day _implicit Jesus and the people [who follow _routinely Jesus] were lying/reclining [in-order-to eat (implicit-situational) a meal] at the house of Levi. And many people [who collect taxes] and many people [who do bad _morally actions] were eating with Jesus and Jesus's disciples. For many people _differentNounIndex were following-B Jesus. (footnote) (implicit-situational) In-those-days people lay/reclined beside a table [while those people ate a meal].	Mark
Joshua 19:30	Then the border went to the towns named Ummah, Aphek, and Rehob. Therefore the tribe named Asher owned 22 towns.  And the tribe named Asher also owned the villages [that were near those towns].	Joshua
1 Samuel 2:30	Therefore Israel's God named Yahweh says, ["I(Yahweh) promised your(Eli's) ancestors [that your(Eli's) family will serve me(Yahweh) forever]]." But now Yahweh says, ["No!] I(Yahweh) (implicit-info) will not allow [your(Eli's) family to continue serving me(Yahweh)]! I(Yahweh) will honor people [who honor me(Yahweh)]. But I(Yahweh) will not honor people [who do not honor me(Yahweh)].	1_Samuel
Genesis 44:27	Then my(Judah's) father said to us(Judah), ["You(Judah) know [that my(Jacob's) wife named Rachel birthed 2 sons for me(Jacob)]].	Genesis
Nehemiah 2:5	And I(Nehemiah) answered the king, ["The city [that people buried my(Nehemiah's) ancestors in] is in Judah].  [If I(Nehemiah) please the king] you(king) (imp) please send me(Nehemiah) to that city [so that I(Nehemiah) could build that city again]."	Nehemiah
Mark 4:20	Other people are like good soil [that seeds were scattered by the person/farmer _implicitActiveAgent in]. Those people hear the message of God _implicit. And those people accept that message. (literal) Those people produce a crop. (dynamic) Those people do the things [that God wants [those people to do]]. (literal) And those people produce 30 new seeds, 60 new seeds, or 100 new seeds . (dynamic) God's message becomes in those people like a plant [that produces 30 new seeds, 60 new seeds, or 100 new seeds]."	Mark
Mark 12:28	(title) Jesus teaches-A people about the most important command/commandment. (paragraph) Then one of the scribes came. And that person/scribe heard-C [Jesus and those Sadducees talking/debating with each-other(Jesus)]. That person/scribe realized [Jesus answered-C the Sadducee's question well]. So _implicit that person/scribe asked Jesus, ["Which command/commandment of God _implicit is the most important command/commandment?"]	Mark
Matthew 22:26	The same thing happened to the second brother-B, the third brother-B, and all of the other _implicit brothers-B. All of the 7 brothers-C died [before (implicit-situational) those brothers-C had-J a child].	Matthew
Daniel 9:13	You(Lord) have punished us(people) [just like Moses said [that you(Lord) will punish us(people)]]. But we(people) still have not tried [to please the Lord [who is our(people's) God]]. We(people) still do things [that you(Lord) hate]. We(people) still do not do all the things [that your(Lord's) laws say].	Daniel
Genesis 36:4	Adah birthed Eliphaz for Esau. And Basemath birthed Reuel.	Genesis
Genesis 48:8	Then Jacob saw Joseph's 2 sons. Then Jacob said to Joseph, ["Who are these 2 boys?"]	Genesis
Matthew 5:33	(title) Jesus talks about promises/oaths . (paragraph) Also, you(people) heard [our(Jesus’s) people/ancestors were told _distantPast by the religious _implicit laws/Law _implicitActiveAgent, ["You(person) (imp) do not break-E your(person’s) promises/oaths]]. Instead, you(person) (imp) do the things [that you(person) promised/swear to the Lord [to do]]." (footnote) You(people) (imp) see Leviticus 19:12, Numbers 30:2 and Deuteronomy 23:21.	Matthew
2 Samuel 3:7	[While  Saul was alive] Saul had a female slave named Rizpah. Rizpah was the daughter of Aiah. [After Saul died] Abner sexed Rizpah. Then Ish-Bosheth asked Abner, ["Rizpah was my(Ish-Bosheth's) father's slave]. Why did you(Abner) sex Rizpah?"	2_Samuel
Matthew 22:20	And Jesus asked those people, ["Which person's picture is this picture [that (implicit-situational) is on the coin/denarius]?] And which person's name was written by people _implicitActiveAgent on the coin/denarius _implicit?"	Matthew
Genesis 41:5	Later the king slept again. and the king dreamed again. [while the king was dreaming] The king saw [wheat growing in a field].  The king saw 7 plants [that were big].  Those 7 plants had much grain.	Genesis
2 Samuel 19:24	Mephibosheth [who was Saul’s grandson] also went to the Jordan River [in order to meet King David]. [After David left Jerusalem] Mephibosheth did not take care of Mephibosheth’s feet. And Mephibosheth did not cut Mephibosheth’s beard. And Mephibosheth did not wash Mephibosheth's clothes.  Mephibosheth did not take care of Mephibosheth [while the king was not in Jerusalem].	2_Samuel
Genesis 24:28	Then Rebekah ran to the house of the mother of Rebekah.  and Rebekah told Rebekah's family about the words [that Abraham's servant said to Rebekah].	Genesis
Joshua 2:18	You(Rahab) will help us(men) [by letting [us(men) climb down this red rope]]. [When we(people) return to this city] you(Rahab) must put this red rope in this window. You(Rahab) (imp) bring your(Rahab's) father, your(Rahab's) mother, your(Rahab's) brothers, and your(people's) families into your(Rahab's) house.	Joshua
1 Samuel 6:2	Then the Philistines called the Philistines’ priests and the Philistines’ magicians. And the Philistines said, ["We(Philistines) should do which thing to the Ark-of-the-Covenant of Yahweh]? How should we(Philistines) return the Ark-of-the-Covenant to Israel?"	1_Samuel
Joshua 18:18	Then the border went to Beth-Arabah and the region named Arabah.	Joshua
Matthew 26:30	_paragraph [After Jesus and those followers/disciples sang a song [that was about God],] Jesus and those followers/disciples went to the mount-Olives.	Matthew
1 Samuel 17:20	So early in the morning David left David’s father’s sheep. And another shepherd took care of those sheep. David put the food into a bag.  And David went to the Israelites’ army.  David did all of the things [that Jesse said].  [When David arrived at the place [that the Israelites were camping at]] the Israelite soldiers were leaving the soldiers’ camp. The soldiers’ were going to the hill [that was in front of the Philistines]. And the soldiers were shouting loudly [in-order-to prepare [to fight]].	1_Samuel
Mark 6:33	But many people saw [Jesus and those men/apostles leaving]. And those people recognized Jesus and those men/apostles. Those people ran from all the towns [(implicit-situational) that were in that region] to the place _implicit [that Jesus was going to]. And those people arrived at that place [before Jesus and those men/apostles arrived at that place _implicit].	Mark
Nehemiah 2:16	I(Nehemiah) still did not tell the Jews, the priests, the leaders/nobles, the officials, or the other people [who will repair the walls] about the things [that I(Nehemiah) was doing].  So the officials did not know the place [that I(Nehemiah) went to that night]. And those officials did not know the things [that I(Nehemiah) was doing].	Nehemiah
2 Samuel 6:9	On that day David was afraid of Yahweh. David asked, ["How will we(David) bring Yahweh’s Ark of the Covenant to me(David)?”]	2_Samuel
Mark 14:19	(paragraph) Those followers/disciples became very sad. And each follower/disciple asked Jesus, ["Am I(follower) that follower/disciple [(implicit-situational) who will give you(Jesus) to your(Jesus's) enemies]?"]	Mark
1 Samuel 2:35	Then I(Yahweh) will choose a priest [who will serve me(Yahweh) faithfully]. That priest will listen to me(Yahweh).  And that priest will obey me(Yahweh). I(Yahweh) will cause [that man’s descendants to become my(Yahweh’s) priests]. And those priests will always serve the king [that I(Yahweh) will choose/appoint].	1_Samuel
Nehemiah 3:6	A man named Joiada and a man named Meshullam repaired the gate-Jeshanah. Joiada was the son of Paseah.  And Meshullam was the son of Besodeiah.  Joiada and Meshullam put the doors in that gate. And Joiada and Meshullam put bars on that gate [so that people could lock those doors].	Nehemiah
1 Samuel 6:3	The priests and the magicians answered the Philistines, ["[If you(Philistines) return the Ark-of-the-Covenant to Israel] you(Philistines) must give a gift/offering to the Israelites' god].  Then (implicit-info) the Israelites' god will forgive your(Philistines') sins. Then the Israelites' god will heal you(Philistines). And the Israelites' god will stop punishing you(Philistines)."	1_Samuel
Joshua 11:6	Then Yahweh said to Joshua, ["(imp) You(Joshua) do not be afraid of those kings]. Tomorrow I(Yahweh) will cause [you(Joshua) to defeat all of those kings]. You(Joshua) will kill all of the soldiers of those kings. You(Joshua) must cut the back legs of those kings' horses. And you(Joshua) must burn all of those kings' chariots."	Joshua
Genesis 8:10	After 7 days Noah again put the dove outside the boat.	Genesis
Genesis 6:18	But I(God) will make a covenant with you(Noah).  You(Noah), your(Noah's) sons, your(Noah's) wife, and the wives of your(Noah's) sons will enter this boat.	Genesis
1 Samuel 25:24	Abigail lie-down in-front-of David's feet. And Abigail said, ["My(Abigail's) master, please (imp) listen to me(Abigail)]. You(David) (imp) let [me(Abigail) speak to you(David)].	1_Samuel
Nehemiah 12:37	At the gate-Fountain those people go-up the steps of the city of David. Those steps go-up the wall. Those people passed the place [where David’s palace was]. Then those people went to the gate-Water [that was on the eastern side of the city].	Nehemiah
1 Samuel 20:9	Jonathan said to David, ["No!] Jonathan (implicit-info) definitely will not kill you(David)! [If I(Jonathan) find-out [that my(Jonathan's) father plans [to hurt you(David)]]] then I(Jonathan) will certainly tell you(David)!"	1_Samuel
Joshua 11:4	Then the armies of all of those kings came to a certain place. Those armies brought many horses and chariots. That army was extremely big.  There were many soldiers!	Joshua
Mark 7:15	No thing [that is outside of a person] is able [to cause [that person to become religiously _implicit dirty/unclean] [by entering that person ]]. Instead, the things _emphasized [that come-out from a person] cause [that person to become religiously _implicit dirty/unclean]."	Mark
Matthew 26:43	_paragraph [When Jesus returned to Jesus's 3 followers/disciples _implicit,] those 3 followers/disciples were sleeping again. For those followers/disciples were very tired/sleepy.	Matthew
Genesis 24:65	and Rebekah asked the servant, ["Who is that man [who is walking towards us(Rebekah)]?"] The servant answered, ["That man is my(servant's) master."] So Rebekah covered Rebekah's face with a cloth.	Genesis
Joshua 16:2	Then the border went from Bethel through the region named Ataroth. the Arkites were living in Ataroth.  ( People called Bethel Luz. )	Joshua
Joshua 10:13	So the sun did not move!   And the moon stopped moving [until the Israelites defeated the Israelites' enemies]. A man named Jashar wrote about these things in Jashar's book. On that day the sun stopped moving in the middle of the sky. The sun did not set on that day.	Joshua
Mark 10:4	Those Pharisees said, ["Moses allowed [a man to write a letter for that man's wife _implicit]]. That letter says [that that woman will not continue to be that man's wife]. Then that man may send that man's wife from that man." (footnote) You(people) (imp) see Deuteronomy 24:1.	Mark
Joshua 4:20	The people carried the 12 stones [that the soldiers brought from the Jordan River]. And Joshua put those stones in a pile near Gilgal.	Joshua
Matthew 21:4	_paragraph These events happened [so that the words [that were said by God _implicitActiveAgent through the prophet] would happen/be-fulfilled].	Matthew
Matthew 19:10	_paragraph Jesus's followers/disciples said to Jesus, ["[If men are not allowed by God _implicitActiveAgent [to divorce those men's wives],] it is-V better [men do not marry women _implicit]"].	Matthew
1 Samuel 26:3	Saul and those soldiers camped beside a road [that was on the hill named Hakilah]. But David heard [that Saul was following David]. So David stayed in the desert.	1_Samuel
Matthew 4:8	(paragraph) The devil took Jesus again. And the devil led Jesus to a very high mountain. (complex) At that place _implicit the devil showed Jesus all of the earth’s countries/kingdom-A and those countries's/kingdom-A glory . (simple) At that place _implicit the devil showed Jesus all of the earth’s countries/kingdom-A and the wonderful/glorious things of those countries/kingdom-A .	Matthew
Genesis 31:53	The God of Abraham, of Nahor, and of the ancestors of Abraham will punish us(Laban) [if we(Laban) lied to each-other(Laban)]." So Jacob promised Laban in the name of the God [who Jacob's father named Isaac worshiped] [that Jacob will do all these things].	Genesis
Genesis 28:4	God-Almighty will bless you(Jacob) and the descendants you(Jacob) [just-like God-Almighty blessed Abraham]. God-Almighty will give this land [that we(Isaac) are foreigners in] to you(Jacob) and to the descendants of you(Jacob). God gave this land to Abraham."	Genesis
Genesis 41:13	And that man explained the dreams correctly!  You(king) allowed [me(officer) to work for you(king) again].  But you(king) hanged the man [who baked bread for you(king)]. That man said [that you(king) will do those things].  That man is Joseph."	Genesis
Matthew 11:3	Those followers/disciples asked Christ, [" Are you(Christ) the person [that we(Jews) are expecting [to come to us(Jews) _implicit]]?] Or should we(Jews) expect [another person to come]?"	Matthew
Genesis 15:21	And the Amorite, Canaanite, Girgashite, and Jebusite live in this land also."	Genesis
Matthew 10:28	You(followers) (imp) do not be afraid of people [who kill the body of people _implicitDifferentNounIndex]. Those people are not able [to kill the spirit/soul of a person _implicit]. Instead, you(people) (imp) be afraid of the person [who is able [to destroy the spirit/soul and the body in hell]].	Matthew
Joshua 9:11	So our(men's) leaders and all of the people [who are living in our(men's) country] said to us(men), ["(imp) you(men) take food]. And (imp) you(men) go to the Israelites. And (imp) you(men) tell the Israelites, ["We(men) are your(Israelites') servants].  So (imp) you(Israelites) make a treaty with us(men).	Joshua
Joshua 18:1	(title) Joshua and the leaders of the Israelites give land to the other tribes. Then all of the Israelites gathered at Shiloh. And the Israelites set-up the tabernacle. At that time the Israelites ruled all of the land [that was in Canaan].	Joshua
Genesis 38:2	Then Judah met a Canaanite girl [that lived in Adullam]. This girl was the daughter of a man named Shua.  Judah married this girl. And Judah sexed this girl.	Genesis
Genesis 27:45	The brother of you(Jacob) will not continue to be angry at you(Jacob) always. The brother of you(Jacob) will forget [that you(Jacob) caused [the father of you(Jacob) to bless you(Jacob)]]. Then I(Rebekah) will send a servant [who will bring you(Jacob) to this place]. I(Rebekah) do not want [the husband of me(Rebekah) and the son of me(Rebekah) to die on the same day!]"	Genesis
Matthew 8:18	(title) People want [people to follow-B Jesus]. (paragraph) [When Jesus saw the crowd [that was around Jesus],] Jesus commanded Jesus’s followers/disciples _implicit [Jesus’s followers/disciples to go with Jesus _implicit to the other side of the lake named Galilee _implicit].	Matthew
Matthew 1:10	Hezekiah became the father of Manasseh. Manasseh became the father of Amon. And Amon became the father of Josiah.	Matthew
Genesis 46:27	Joseph had 2 sons [whom Joseph's wife birthed in Egypt]. Joseph (alt) had 9 sons [whom Joseph's wife birthed in Egypt]. Thus 70 people [who were descendants of Jacob] lived in Egypt. Thus (alt) 75 people [who were descendants of Jacob] lived in Egypt.	Genesis
Mark 11:10	(complex) God did good things for the kingdom-B [that will begin soon] of our(people's) father/ancestor named king _implicit David! (simple) God did good things for the person [who will soon rule us(people) [just-like our(people's) father/ancestor named king _implicit David ruled us(people)]]! You(people) (imp) praise God [who is in heaven ]!"	Mark
Genesis 9:7	I(God) want [you(Noah) and your(Noah's) family to have many children]. I(God) want [many people to live on the earth]."	Genesis
Mark 2:2	And many people gathered in that house _implicit [until there was no space for more people _implicit]. There was not even space at the door. Jesus was telling/preaching the message of God _implicit to those people .	Mark
Mark 6:32	(paragraph) So Jesus and those men/apostles left the other people. And Jesus and those men/apostles went in a boat to a place [that no other people were at].	Mark
Genesis 14:18	Also the king of Salem named Melchizedek brought bread and wine to Abram. Melchizedek was a priest of God-Most-High.	Genesis
Genesis 41:54	Then there was a famine for 7 years [just-like Joseph said]. People [who lived in other countries] did not have food.  But the people [who lived in Egypt] had the food [that Joseph stored].	Genesis
Acts 19:22	Then Paul sent two men [who often helped Paul] to the region named Macedonia.  One man’s name was Timothy.  And the other man’s name was Erastus. But Paul stayed in the region named Asia.	Acts
2 Samuel 20:4	Then the king said to Amasa, ["(imp) You(Amasa) tell[the men [who are in the tribe named Judah] to meet me(David) in 3 days]]. You(Amasa) also must come."	2_Samuel
