reference	verse	book
Mark 12:14	The Pharisees and those people [who supported King _implicit Herod] came. And the Pharisees and those people [who supported King _implicit Herod] said to Jesus, ["Master/Teacher, we(Pharisees) _excl know [you(Jesus) are honest]]. And you(Jesus) do not worry about other people and the things _implicit [that those people think-E about _relation you(Jesus)]. For you(Jesus) treat all people fairly. Instead, you(Jesus) truly teach the people _implicit about the things [that God wants [people to do]]. (implicit-situational) So you(Jesus) (imp) please answer the following question. Do the religious _implicit laws allow [us(Jews) _incl to pay-C taxes to Caesar]? Or do the religious laws not allow [us(Jews) _incl to pay-C taxes to Caesar]?	Mark
Nehemiah 10:16	Adonijah, Bigvai, Adin,	Nehemiah
Matthew 6:1	(title) Jesus teach-how people [people to give money or other things to poor people]. (paragraph) You(people) (imp) be careful [when you(people) do good/righteous actions]. You(people) (imp) do not do those actions in-front-of other people [so that you(people) would be seen by other people]. [If you(people) do good/righteous actions [so that you(people) would be seen by other people],] your(people's) Father [who is in heaven] will not reward you(people).	Matthew
2 Samuel 23:34	Eliphelet was the son of Ahasbai. Eliphelet was from Maakah.Eliam was the son of Ahithophel. Eliam was from Giloh.	2_Samuel
Genesis 29:18	[Because Jacob loved Rachel] Jacob said to Laban, ["[If you(Laban) will allow [me(Jacob) to marry your(Laban's) younger daughter named Rachel]] I(Jacob) will work for you(Laban) for 7 years]."	Genesis
1 Samuel 6:9	Then you(Philistines) (imp) watch the wagon. [If the cows go toward Beth-Shemesh [which is in Israel]] Yahweh is punishing us(Philistines) with these problems. But [if the cows do not go toward Beth-Shemesh] Israel’s god did not punish us(Philistines). Instead we(Philistines) had these problems accidentally."	1_Samuel
Ruth 4:22	Obed had a son named Jesse. And Jesse had a son named David.	Ruth
2 Samuel 10:2	David thought, ["Nahash treated me(David) kindly.] So I(David) will treat Nahash’s son named Hanun kindly." Then David sent several officials to Ammon. David wanted [those officials to tell Hanun [that David was sad [because Hanun's father died]]].	2_Samuel
1 Samuel 14:32	The soldiers took many valuable things from the Philistines.  But the soldiers were extremely hungry [because the soldiers did not eat food on that day]. So the soldiers killed/butchered the sheep, cows, and young cows [that the soldiers took from the Philistines]. And the soldiers ate those animals and those animals’ blood.	1_Samuel
Matthew 24:34	I(Jesus) am telling you(followers) the truth. [When these events happen,] some _implicit people of this group/generation will certainly still be alive.	Matthew
1 Samuel 10:24	Then Samuel said to the people, ["You(Israelites) (imp) look at the man [who Yahweh chose]]. No man [who lives in Israel] is like Saul." Then the people shouted, ["We(Israelites) hope [that our(Israelites’) king named Saul will live for many years]]!"	1_Samuel
1 Samuel 21:8	David asked Ahimelek, ["Do you(Ahimelek) have a spear or a sword]? I(David) did not bring my(David's) sword or a weapon. I(David) need [to do this work for the king very quickly]."	1_Samuel
Joshua 1:7	So (imp) you(Joshua) be strong. And (imp) you(Joshua) be very brave. You(Joshua) (imp) carefully obey all of the laws [that Moses gave to you(Joshua)]. [If you(Joshua) obey those laws] you(Joshua) will always succeed.	Joshua
Mark 13:22	For false-B Christs and people [who tell false-B messages [that do not come from God] to people] will come. Those people will do signs-B and actions/miracles [that will surprise/amaze people] [in-order-to deceive people]. Those people will try [to deceive the people [whom the Lord-A chose-B [to be the Lord's-A people]]].	Mark
Joshua 1:14	Your(people's) wives, your(people's) children, and your(people's) animals may stay in this place. Moses gave this land [that is on the eastern side of the Jordan river] to you(people). But all of your(people’s) men [who are able [to fight]] must prepare [to fight]. Those men must go across the Jordan River first with those men's weapons. And you(people) must help your(people's) relatives [who are in the other tribes].	Joshua
Daniel 11:17	Then the king of the north region will lead the king's whole army to the south region [in order to make peace with the king of the south region]. The king of the north region will give a daughter to the king of the south region [so that the daughter could marry the king of the south region]. But the king of the north region will plan [to destroy the kingdom of the south region]. But the king's plan will fail.	Daniel
Genesis 13:16	I(Yahweh) will cause [you(Abram) to have many descendants].  No person will be able [to count your(Abram's) descendants] [just-like no person is able [to count all the dust [that is on the earth]]].	Genesis
Joshua 2:12	So (imp) you(men/spies) promise me(Rahab) [that you(men/spies) will be kind to my(Rahab's) family [just-like I(Rahab) was kind to you(men/spies)]]. And you(men/spies) (imp) promise Yahweh [that you(men/spies) will be kind to me(Rahab)].  You(men/spies) (imp) prove to me(Rahab) [that you(men/spies) will protect me(Rahab)].	Joshua
Joshua 22:17	(imp) You(people) remember [that God punished us(Israelites) at Peor]. We(Israelites) are still suffering today [because we(Israelites) did not obey God at that place]. God caused [many Israelites to become very sick] [because we(Israelites) did not obey God at Peor].	Joshua
Genesis 17:4	God said, ["I(God) am making a covenant with you(Abram)]. I(God) will cause [you(Abram) to become the father of many nations].	Genesis
1 Samuel 20:37	Then the boy ran to the place [that Jonathan’s arrow was at]. But Jonathan shouted to the boy, ["The arrow is in front of you(boy)]!"	1_Samuel
1 Samuel 16:19	So Saul sent messengers to Jesse. Those messengers said to Jesse, ["You(Jesse) (imp) send your(Jesse's) son named David to Saul]. David is with the sheep."	1_Samuel
1 Samuel 20:28	Jonathan answered, ["David asked/begged [me(Jonathan) to allow [David to go to Bethlehem]]].	1_Samuel
1 Samuel 31:3	The Philistines were fighting the Israelites [that were near Saul] very hard. Many Philistines were shooting arrows at the Israelites.  And one arrow hit/wounded Saul.	1_Samuel
Matthew 9:25	[After Jesus sent the crowd from the house _implicitNecessary,] Jesus entered the girl's room _implicit. And Jesus held the girl's hand. Then the girl get-up.	Matthew
Matthew 18:7	The world of the people _metonymy will have trouble because of the things [that cause [people to sin]]! Those things must happen. But the person [who causes [other people to sin through those things]] will have much trouble.	Matthew
Nahum 3:16	There are many merchants in your(people's) city. And those merchants are selling many things in your(people's) city now. But those merchants are like locusts. Those merchants take all of the valuable things. And then those merchants fly to other places.	Nahum
Genesis 35:14	Jacob put a big stone at the place [where God talked to Jacob]. and Jacob poured a drink offering on the stone. and Israel also poured expensive olive oil on the stone.	Genesis
Genesis 36:3	and Esau also married Basemath [who was Ishmael's daughter]. Basemath was the sister of Nebaioth.	Genesis
1 Samuel 7:3	(title) Yahweh saves the Israelites. One day Samuel spoke to all of the Israelites. Samuel said, ["[If you(people) love Yahweh with all of your(people's) hearts] you(people) must destroy your(people's) foreign gods].  And you(people) must destroy your(people's) idols of Ashtoreth. Then you(people) must completely give yourselves(people) to Yahweh. And you(Israelites) must serve only Yahweh. Then Yahweh will save you(people's) from the Philistines."	1_Samuel
1 Samuel 18:21	Saul thought, ["I(Saul) will let [Michal marry David]]. Then Michal will cause [David to do bad/foolish things].  And the Philistines will defeat David." So Saul said to David, ["You(David) may marry my(Saul's) daughter named Michal]."	1_Samuel
Acts 20:3	Paul stayed at that place for three months. Then Paul planned [to go on a ship [that was traveling to the region named Syria].] But Paul heard [that some Jews planned [to kill Paul] [while Paul traveled]]. So Paul decided [to continue traveling on land through the province named Macedonia.]	Acts
Nehemiah 10:27	Malluk, Harim, and Baanah.	Nehemiah
2 Samuel 10:8	The Ammonite soldiers came out to the city gate. The soldiers [that came from Aram, Tob, and Maakah] were outside the city in a field.	2_Samuel
Mark 10:41	(paragraph) [When the 10 other _implicit followers/disciples heard-D about the thing [that James and John asked-B Jesus for],] those 10 _implicit followers/disciples became angry-B with James and John.	Mark
Matthew 20:18	["We(Jesus) _incl are going to Jerusalem]. And there _implicitSignificantPlace the Son-of-man _1stAs3rd will be given-B to the chief priests and the scribes by a person _implicitActiveAgent. Those priests and those people/scribe will judge the Son-of-man _1stAs3rd. And those priests and those people/scribe will decide [the Son-of-man _1stAs3rd must die].	Matthew
2 Samuel 13:35	Then Jonadab said to the king, ["(imp) You(David) look near those hills.] Your(David's) sons are coming. I(Jonadab) told you(king) [that your(king’s) sons will come]. "	2_Samuel
2 Samuel 12:16	David prayed/pleaded [that God would save the baby]. David did not eat food [so that David could pray for the baby]. During the nights David lay on the ground. And during the nights David wore sackcloth clothes.	2_Samuel
Esther 8:13	The king sent these letters to all the people [that lived in the king's kingdom]. All the people [that lived in Xerxes' kingdom] knew about this new law. On that day the Jews will be able [to protect themselves(Jews) from the Jews' enemies].	Esther
1 Samuel 2:3	People, you(people) (imp) do not continue talking about yourselves(people).  And you(people) (imp) do not be proud. Yahweh is a God [who knows about all things]. Yahweh knows about the things [that people do]. And Yahweh judges the things [that we(people) do].	1_Samuel
Esther 8:17	[When the Jews heard about the new law] the Jews rejoiced. And the Jews celebrated. People [that were not Jews] became Jews [because the people were afraid of the Jews].	Esther
Daniel 2:12	Then the king became very angry. So the king ordered [the king's guards to kill all the astrologers and all the magicians].	Daniel
2 Samuel 6:14	David was wearing special clothes.  And David danced in front of Yahweh wholeheartedly.	2_Samuel
Genesis 8:21	Yahweh smelled the fire. Yahweh was pleased with the offerings of Noah.  Yahweh thought, ["I(Yahweh) will never curse the ground again [in-order-to punish people]].  The thoughts of people are evil. [Even when the people are young] the people's thoughts are evil.  But I(Yahweh) will never again destroy all the animals [that live on the earth].	Genesis
Genesis 19:17	[After the 2 angels brought Lot's family outside the city] one angel said to Lot ["[If you(Lot) want [to continue living]] you(Lot) (imp) run to the mountains!] You(Lot) (imp) do not look at the city again. You(Lot) (imp) do not stop running in the valley. You(Lot) (imp) run to the mountains! [If you(Lot) do not run to the mountains] you(Lot) will be destroyed by Yahweh."	Genesis
Esther 9:10	But the Jews did not take away the things [that those people owned].	Esther
Mark 7:21	Because of the evil things-D [that are in a person ], that person might think evil thoughts. Or that person might sex a person _implicit _otherThingList badly-B . Or that person might steal things. Or that person might kill a person _otherThingList.	Mark
Matthew 18:24	(literalunits) [When that king began to collect that money,] a man [who owed that king 10000 talents] was brought by people _implicitActiveAgent to that king. (modernunits) [When that king began to collect that money,] a man [who owed that king 10000 bags [that contained gold]] was brought by people _implicitActiveAgent to that king. (footnote) (literalunits) 1 talent was like the money/wages [that a man received [when that man worked for 20 years]]. (modernunits) 1 of those bags [that contained gold] was like the money/wages [that a man received [when that man worked for 20 years]].	Matthew
Mark 14:53	(title) The Jewish leaders decide [Jesus should die]. (paragraph) Those people [(implicit-situational) who take-away/arrest Jesus] took Jesus to the chief priest of the house _implicitType. All of the chief priests, the old leaders, and the scribes met each-other(priests) at that place _implicit .	Mark
Philemon 1:10	I(Paul) (title) am asking [you(Philemon) to welcome Onesimus]. [While I(Paul) was in prison] I(Paul) helped [Onesimus to believe in Christ Jesus]. So Onesimus is like my(Paul's) child. Onesimus (footnote) was a slave [who belonged to Philemon]. But (footnote) Onesimus left Philemon.	Philemon
Mark 7:5	(paragraph) (rhetorical) So those Pharisees and those scribes asked Jesus, ["Why do your(Jesus's) followers/disciples not obey the religious _implicit customs [that our(Jews') older leaders taught-B to us(Jews)]?] (statement) So those Pharisees and those scribes said to Jesus, ["Your(Jesus's) followers/disciples are not obeying the religious _implicit customs [that our(Jews's) older leaders taught-B to us(Jews)]]. Instead, your(Jesus's) followers/disciples are eating food with religiously _implicit dirty/unclean hands."	Mark
Joshua 19:19	The tribe named Issachar also owned the towns named Hapharaim, Shion, and Anaharath.	Joshua
Matthew 27:62	(title) Soldiers guard the hole/tomb. _paragraph On the next day, the chief priests and the Pharisees went to Pilate. That day was the day [that was after the day [that people _generic prepared the holiday/feast of Passover _implicit on]].	Matthew
Nehemiah 6:6	That letter said, ["People [who are in the countries [that are close to us(Sanballat)]] say [that you(Nehemiah) and the Jews are planning/plotting [ to leave/rebel the king]]]. Those people say [that you(Nehemiah) are building the wall [so that you(Nehemiah) could protect yourselves(Nehemiah) from the king]]. And Geshem says [that these things are true].Those people also say [that you(Nehemiah) will become the king of the Jews].	Nehemiah
2 Samuel 2:5	So David sent messengers to the men [who were living in Jabesh-Gilead]. The messengers said to those men, ["Saul was your(men's) master]. You(men) were kind to Saul [when you(men) buried Saul’s body].  David hopes [that Yahweh will bless you(men)].	2_Samuel
2 Samuel 11:1	(title) David marries Bathsheba.In the spring the kings often went [in order to fight each-other(kings)].  But David sent Joab, the king’s officers, and the Israelites’ army[in order to fight the other kings]. The Israelites defeated the Ammonites. Then the Israelites attacked Rabbah. But David stayed in Jerusalem.	2_Samuel
Genesis 40:11	At that time I(man) was holding the king's cup. so I(man) picked the grapes [that were on this vine].  And I(man) made wine in the cup. Then I(man) gave the cup to the king."	Genesis
Matthew 24:41	2 women will be crushing grains [by using a stone tool]. One of those women _dual will be taken by God _implicitActiveAgent. And the other woman will be left by God _implicitActiveAgent.	Matthew
Mark 6:6	(complex) Jesus was surprised/amazed [because those people did not have faith]. (simple) Jesus was surprised/amazed [because those people did not believe in Jesus _implicit ]. (title) Jesus sends the 12 followers/disciples [so that those followers/disciples would teach God's message to people]. (paragraph) Then Jesus went to the villages [that were around that place]. And Jesus was teaching God's message _implicit to the people _implicit [who lived in those villages].	Mark
Genesis 50:1	-Title Joseph buries Jacob's body. [After Jacob died] Joseph hugged Joseph's father. and Joseph cried. and Joseph kissed Jacob.	Genesis
Genesis 19:3	But Lot begged the angels [to come to Lot's house]. so the angels agreed [to go to Lot's house]. Then Lot prepared a meal for the angels. Lot baked bread [that did not contain yeast]. and the angels ate the bread.	Genesis
Nehemiah 8:7	Then [after those people stand-up] men [that were in the tribe named Levi] taught those people about the Law. Those men’s names were Jeshua, Bani, Sherebiah, Jamin, Akkub, Shabbethai, Hodiah, Maaseiah, Kelita, Azariah, Jozabad, Hanan and Pelaiah.	Nehemiah
Joshua 14:10	Now Yahweh kept Yahweh's promise. Yahweh caused [me(Caleb) to continue living for 45 more years after that day]. During those years we(Israelites) walked/wandered in the desert. But now I(Caleb) am at this place. And I(Caleb) am 85 years old.	Joshua
Matthew 22:42	["You(Pharisees) (imp) tell me(Jesus) about the Christ]. Which person's son/descendant is the Christ?" _paragraph The Pharisees answered, ["The Christ is the son/descendant of king _implicit David."]	Matthew
Genesis 25:24	Later Rebekah birthed 2 twins.	Genesis
Daniel 1:18	After three years the chief official brought all the young men to Nebuchadnezzar.	Daniel
Acts 3:25	You(people) are the sons of the prophets and the covenant. The covenant is the covenant [that God made with your(people's) fathers]. God said to Abraham, ["I(God) will bless all families on the earth through your(Abraham's) descendants]."	Acts
Genesis 7:19	The water continued becoming deeper. and the water covered the tallest mountains.	Genesis
Nehemiah 5:12	Those leaders said, ["We(leaders) will give to those people the things [that we(leaders) took from those people]]. And we(leaders) will not demand [that those people give extra things to us(leaders)]. We(leaders) will do all of the things [that you(Nehemiah) said]." Then I(Nehemiah) called the priests. And I(Nehemiah) made [the leaders/nobles and officials promise God [that those leaders and those officials would do the things [that those leaders and those officials said]]].	Nehemiah
Matthew 19:9	I(Jesus) tell you(people) [a man [who divorces that man's wife] [and who marries another woman] does a bad-B thing to that man's previous wife [by sexing another woman]]. But a man may divorce that man's wife [if that wife sexes another man]."	Matthew
2 Samuel 17:6	So Hushai came to Absalom. Then Absalom told Hushai about the things [that Ahithophel said]. Then Absalom asked Hushai, ["Should we(Absalom) do the things [that Ahithophel said]]? [If you(Hushai) think [that we(Absalom)  should not do those things]] you(Hushai) advise us(Absalom)."	2_Samuel
Joshua 22:20	Achan [who was the son of Zerah] did not obey the commandment of Yahweh. God commanded us(Israelites) [to destroy all of the things [that our(Israelites') enemy owned]]. But Achan did not destroy those things. Only one man broke God's law.  But God punished all of the Israelites. Achan died [because Achan sinned]. But many other people also died.""	Joshua
Genesis 6:21	You(Noah) must also gather all kinds of food [that you(Noah) will need].  You(Noah) (imp) store this food in the boat for you(Noah) and for the animals."	Genesis
Genesis 27:27	So Jacob went near the father of  Jacob. and Jacob kissed the father of Jacob. [After Isaac smelled the clothes of Esau] Isaac blessed Jacob.  Isaac said, ["[When I(Isaac) smell the son of me(Isaac)] I(Isaac) smell a field [that Yahweh blessed].]	Genesis
Nehemiah 8:3	Ezra stood in front of the people [that were in the big place/square [that was in front of the gate-Water]]. And Ezra read that book to those people from the time [when the sun started rising] until noon. Ezra read that book to the men, the women, and the other people [who were able [to understand those laws]]. And all of those people listened carefully to the words [that were in the Book-of-the-Law].	Nehemiah
Genesis 45:26	[After the brothers arrived at the brothers' house] the brothers said to Jacob, ["Joseph is still living!] And Joseph rules all people [who live in Egypt]." Jacob was very surprised. and Jacob did not believe the things [that Jacob's sons said to Jacob].	Genesis
Matthew 15:31	The crowd was very surprised/amazed. For mute people started speaking. People [who had parts of those people's bodies [that were damaged by things-B _implicitActiveAgent]] started using those parts of those people's bodies. Lame people started walking. And blind people started seeing. So the crowd praised the God of Israel.	Matthew
Joshua 24:19	Then Joshua said to the people, ["You(people) are not able [to serve Yahweh]]. Yahweh is a holy God. And Yahweh wants [you(people) to worship only Yahweh]. [If you(people) sin] [or if you(people) do not obey Yahweh] Yahweh will not forgive you(people).	Joshua
1 Samuel 8:8	These people often sin against me(Yahweh). [After I(Yahweh) brought these people from Egypt], these people did not obey me(Yahweh). These people served other gods. And now these people will not listen to you(Samuel).	1_Samuel
Acts 16:35	[After the sun rose], the Roman officials sent some soldiers to say to the chief guard of the prison, ["You(jailor) free (imp) these two men [so these two men are able [to go]]."]	Acts
Genesis 24:61	Then Rebekah and the female servants of Rebekah sat on the camels. and Rebekah and the female servants of Rebekah followed the servant of Abraham and the men of the servant. Thus the servant and Rebekah left that place.	Genesis
Matthew 5:3	["(literal) People [who have a poor spirit] are blessed by God _implicitActiveAgent ]. ["(dynamic) People [who know [those people need God]] are blessed by God _implicitActiveAgent]. (literal) For the kingdom-B of heaven belongs to those people. (dynamic) For God will be those people's king.	Matthew
Mark 4:11	(complex) Jesus said to those people, ["The secret [that is about the kingdom-B of God] is given to you(people) by God _implicitActiveAgent]. (simple) Jesus said to those people, ["You(people) are allowed by God _implicitActiveAgent [to know-how [God rules God's people] ]]. But I(Jesus) _implicitNecessary say all things [by using stories/parables] to those people [who do not follow-B me(Jesus)] .	Mark
Genesis 1:10	And God called the dry places land [and God called the water [that God had gathered] the ocean].  God saw the land and the oceans. And the land and the oceans were good.	Genesis
2 Samuel 6:1	(title) David brings the Ark of the Covenant to Jerusalem.  Later David again called Israel’s best soldiers. 30000 soldiers came.	2_Samuel
Mark 5:38	Jesus and those people went to the house of the leader of the Jewish church . [(implicit-situational) When Jesus and those people arrived at that house,] Jesus heard much noise _inLDV. And Jesus saw many people [who were crying]. Those people were crying/weep loudly.	Mark
2 Samuel 22:24	People are not able [to say [that I(David) did bad things]]. I(David) am able [to stand in front of Yahweh]. I(David) did not let [me(David) do evil things].	2_Samuel
2 Samuel 15:15	The king’s officials said to David, ["We(officials) are your(David’s) servants]. We(officials) will do all of the things [that you(David) tell [us(servants) to do]]."	2_Samuel
Mark 11:30	John had authority _implicitNecessary [so that John could dip/baptize people into water]. Did John's authority _implicitNecessary come from heaven? Or did John's authority _implicitNecessary come from people? You(priests) (imp) tell-D to me(Jesus) the answer!"	Mark
Matthew 10:4	Simon [who was called by people _implicitActiveAgent Zealot], and Judas-Iscariot [who gave Jesus to Jesus’s enemies].	Matthew
Ruth 2:7	That woman said to me(leader), ["You(leader) (imp) please let [me(Ruth) pick up grain/barley behind the people [that are gathering/harvesting the grain/barley]]"]. So (implicit-info) I(leader) let [that woman gather grain/barley behind the workers/harvesters]. That woman came into this field. And that woman worked from the morning until now.  But that woman rested in the shelter for a few minutes."	Ruth
Esther 1:7	The guests drank wine from gold cups. There were many kinds of cups. The king gave a lot of wine to the people [because the king was very generous].	Esther
1 Samuel 23:23	You(people) (imp) find all of the places [that David hides in]. Then you(people) (imp) return to me(Saul). And you(people) (imp) tell me(Saul) about David. Then I(Saul) will go to your(people’s) region with you(people). [If David is in your(people’s) region] then I(Saul) will find David. I(Saul) will visit each family [that is in Judah] [in-order-to find David]."	1_Samuel
Joshua 10:6	Then the Gibeonites sent a message to Joshua. Joshua was in the Israelites' camp [that was at Gilgal].  The Gibeonites said, ["We(Gibeonites) are your(Joshua's) servants]. (imp) You(Joshua) do not allow [these other kings to destroy us(Gibeonites)]. (imp) You(Joshua) come quickly.  And (imp) you(Joshua) help us(Gibeonites)! (imp) You(Joshua) save us(Gibeonites)! All of the kings of the Amorites have come from the mountains. Those kings' armies are attacking us(Gibeonites)."	Joshua
1 Samuel 10:14	Later Saul’s uncle asked Saul and Saul’s servant, ["Where did you(Saul) go?"] Then Saul said, ["We(Saul) were looking for the donkeys]. But we(Saul) did not find the donkeys. So we(Saul) talked to Samuel."	1_Samuel
Matthew 8:30	(paragraph) A big group of pigs was eating food _implicit near that place.	Matthew
2 Samuel 24:10	Then David became ashamed [because David counted the people].  And David said to Yahweh, ["I(David) sinned badly]. I(David) should not have counted the people. Yahweh, I(David) beg [you(Yahweh) to forgive me(David)]. I(David) was very foolish."	2_Samuel
Joshua 19:36	The tribe named Naphtali also owned the towns named Adamah, Ramah, and Hazor.	Joshua
Daniel 6:6	So all these officials went to the king. The officials said to the king, ["King Darius, we(officials) hope [that you(king) will live forever]].	Daniel
1 Samuel 8:3	But Samuel’s sons did not obey Yahweh [like Samuel obeyed Yahweh]. [When Samuel’s sons were judging people] Samuel’s sons received money from the people. And Samuel’s sons did not judge the Israelites fairly.	1_Samuel
Mark 12:5	Then that man sent-A another servant-B to those people/farmers _implicit. But those people/farmers killed that servant-B. And that man sent-A many other servants-B to those people/farmers _implicit. Those people/farmers beat-C some of those servants-B. And those people/farmers killed other of those servants-B.	Mark
Joshua 17:6	And the daughters of Zelophehad [who was a descendant of Manasseh] also received land [just-like the sons received land]. The leaders of the Israelites gave Gilead to the other descendants of Manasseh.	Joshua
2 Samuel 11:3	So David sent a servant [in order to learn about that woman]. That servant said to David, ["That woman’s name is Bathsheba]. Bathsheba is the daughter of Eliam. And  Bathsheba is the wife of Uriah. Uriah is a Hittite."	2_Samuel
Daniel 12:13	You(Daniel) (imp) be patient [until time ends]. You(Daniel) will die. But then you(Daniel) will live again. And God will give many good things to you(Daniel) at the end of time."	Daniel
1 Samuel 2:20	Eli blessed Elkanah and Elkanah's wife. Eli said to Hannah, ["I(Eli) hope [that Yahweh will give more children to you(Hannah)]]. You(Hannah) gave Samuel to Yahweh. So I(Eli) hope [that Yahweh will give another son to you(Hannah)]." Then Elkanah and Hannah returned to Elkanah's house.	1_Samuel
Genesis 3:2	The woman answered the snake, ["God allows [us(Eve) to eat the fruit of all the trees [that are in the garden]]].	Genesis
Joshua 1:9	I(Yahweh) am commanding [you(Joshua) to be strong and brave]. So (imp) you(Joshua) do not be afraid. Yahweh is your(Joshua's) God. And Yahweh will be with you(Joshua) in all of the places [that you(Joshua) will go to]."	Joshua
Matthew 26:44	Then Jesus left those 3 followers/disciples. And Jesus walk-away again [in-order-to pray]. [When Jesus prayed,] Jesus said the same words [that (implicit-situational) Jesus said [when Jesus prayed earlier]].	Matthew
Daniel 11:9	Then the king of the north region will attack the land of the king of the south region. But the king of the south region will defeat the king of the north region. So the king of the north region will return to the land of the king of the north region.	Daniel
Daniel 7:28	Daniel wrote, ["Then the vision [that God showed to me(Daniel)] ended]. I(Daniel), Daniel, worried about my(Daniel's) thoughts. And I(Daniel) was very afraid. But I(Daniel) did not tell other people about these things."	Daniel
Titus 1:14	And these people will not listen to the false stories [that some Jews made up]. And these people will not listen to those other people. Those other people command these people [to do certain things].  Those other people refuse [to believe true things].	Titus
1 Samuel 2:29	You(Eli) do not respect the sacrifices [that I(Yahweh) told [people to bring to my(Yahweh's) tabernacle]]. You(Eli) honor your(Eli's) sons [more than you(Eli) honor me(Yahweh)]. You(Eli) became fat [because you(Eli) ate the best meat [that the Israelites brought to me(Yahweh)]]."	1_Samuel
Matthew 21:27	_paragraph So those chief priests and those old leaders answered Jesus, ["We(priests) do not know the answer _implicit"]. _paragraph Then Jesus said to those chief priests and those old leaders, ["Then-D I(Jesus) will not tell-C to you(priests) about the authority [that I(Jesus) have [in-order-to do these things]]"].	Matthew
2 Samuel 3:20	[When Abner came to David] 20 men were with Abner.  All of  those men came to David at Hebron.  So David prepared a feast for Abner and those men.	2_Samuel
1 Samuel 14:10	But the Philistines might say, ["You(Jonathan) (imp) come up to us(Philistines)."]  [If the Philistines say those words,] we(Jonathan) will know [that Yahweh will help [us(Jonathan) defeat the Philistines]]. So we(Jonathan) will climb up to the Philistines. And we(Jonathan) will fight the Philistines."	1_Samuel
Matthew 26:32	_paragraph But [after I(Jesus) become alive again,] I(Jesus) will go to Galilee [before you(disciples) go to Galilee]."	Matthew
2 Samuel 19:17	And 1000 people [that were in the tribe named Benjamin] went with Shimei.  And Ziba [who was the leader of Saul's servants] also went with Shimei. And Ziba brought Ziba's 15 sons and Ziba's 20 servants. All of those people went to the Jordan River quickly [in order to meet the king].	2_Samuel
1 Samuel 30:25	At that time David made that law for the Israelites. The Israelites still follow that law today.	1_Samuel
Genesis 17:24	Abraham was 99 years old [when Abraham was circumcised by a person].	Genesis
2 Samuel 5:16	And David also had sons named  Elishama, Eliada, and Eliphelet.	2_Samuel
1 Samuel 27:12	Achish trusted David.  And Achish thought, ["David is an Israelite]. But the Israelites hate David now. So David will serve me(Achish) [until David dies]."	1_Samuel
Genesis 32:4	Jacob said to these messengers, ["you(messengers) (imp) say to the master of me(Jacob) named Esau, ["the servant of you(Esau) named Jacob says, ["I(Jacob) lived with Laban for 20 years]]].	Genesis
Acts 18:11	So Paul stayed in that place for a year and six months. And Paul taught those people about God's word.”	Acts
Matthew 25:42	For [when I(king) was hungry,] you(people) did not give me(king) food _implicit [so that I(king) could eat that food _implicit]. [When I(king) was thirsty,] you(people) did not give me(king) drinks _implicit [so that I(king) could drink those drinks _implicit].	Matthew
Genesis 6:22	And Noah obeyed God.	Genesis
Genesis 22:8	Abraham answered Isaac, ["My(Abraham's) son, God will give the lamb [that we(Abraham) will sacrifice] to us(Abraham)."]  So Abraham and Abraham's son continued walking toward the place.	Genesis
Genesis 41:40	Therefore I(king) choose you(Joseph) [in order to rule my(king's) palace]. All the people [who live in Egypt] will obey you(Joseph). I(king) am the only person [who is in Egypt] [who is greater than you(Joseph)]."	Genesis
Genesis 12:16	The king was kind to Abram [because the king thought [that Abram was Sarai's brother]]. The king gave to Abram sheep, cattle, male donkeys, female donkeys, male servants, female servants, and camel.	Genesis
Joshua 18:12	The northern border of that region was at the Jordan River. Then the border went to the northern side of Jericho.  Then the border went to the western region [that hills were in]. Then the border went to the desert-Beth-Aven.	Joshua
1 Samuel 4:20	[While that daughter-in-law was dying], the woman [who was helping that daughter-in-law] said to that daughter-in-law, ["You(daughter-in-law) (imp) do not worry]! You(daughter-in-law) birthed a son!" But that daughter-in-law did not listen. And that daughter-in-law did not speak to that woman.	1_Samuel
1 Samuel 14:44	Then Saul said, ["Jonathan, I(Saul) must kill you(Jonathan)]! [If I(Saul) do not kill you(Jonathan)] God will punish me(Saul) much."	1_Samuel
Nehemiah 7:49	The temple servants were also descendants of Hanan, Giddel, and Gahar.	Nehemiah
Joshua 9:9	Those men answered Joshua, ["We(men) are your(Israelites') servants]. We(men) came from a country [that is far from this place]. We(men) heard about your(Israelites') God named Yahweh. And we(men) heard about the things [that Yahweh did in Egypt].	Joshua
1 Samuel 30:28	David also sent things to the leaders [who were in Aroer, Siphmoth, and Eshtemoa].	1_Samuel
Genesis 26:25	So Isaac built an altar. and Isaac worshiped Yahweh in that place. Isaac also put the tents of the family of Isaac and the tents of the servants of Isaac in that place. and the servants of Isaac dug a well.	Genesis
1 Samuel 14:49	Saul had sons named Jonathan, Ishvi, and Malki-Shua. Saul's first daughter was named Merab.  And Saul’s second daughter was named Michal.	1_Samuel
Joshua 8:30	Then Joshua built an altar on mount-Ebal for the God of the Israelites named Yahweh.	Joshua
Genesis 37:14	Joseph's father said, ["You(Joseph) (imp) find-out [whether your(Joseph's) brothers and the livestock are safe] [or your(Joseph's) brothers and the livestock have problems]]. Then you(Joseph) (imp) return to me(Jacob). and you(Joseph) (imp) tell me(Jacob) about your(Joseph's) brothers." Thus Joseph's father sent Joseph from the Valley of Hebron to Shechem.	Genesis
Esther 6:3	The king asked the servant, ["Did I(king) honor Mordecai [because Mordecai told me(king) about these two men]?"] The servant answered, ["You(king) did not honor Mordecai."]	Esther
Daniel 10:6	The body of this man was bright [like a valuable stone is bright]. The man's face looked like lightning. And the man's eyes looked like fire. The man's arms and the man's legs looked like shiny bronze. [When this man spoke] the man's voice was loud [like the voices of many people are loud].	Daniel
Matthew 5:19	(literal) So a person [who refuses [to obey even _modifiesOne one of the least important commands/commandments]] [and who teaches other people [those people should also refuse [to obey that command/commandment]]] will be called by God _implicitActiveAgent the least important person in the kingdom-B of heaven. (dynamic) So a person [who refuses [to obey even _implicit one of the least important commands/commandments]] [and who teaches other people [those people should also refuse [to obey that command/commandment]]] will be called by God _implicitActiveAgent the least important person among the people [whom God rules]. (literal) But a person [who obeys the commands/commandments] [and who teaches those commands/commandments to other people _implicit] will be called by God _implicitActiveAgent a great person in the kingdom-B of heaven. (dynamic) But a person [who obeys the commands/commandments] [and who teaches those commands/commandments to other people _implicit] will be called by God _implicitActiveAgent a great person among the people [whom God rules].	Matthew
Joshua 15:48	Yahweh also gave towns [that were in the mountains] to the tribe named Judah. So the tribe named Judah owned the towns named Shamir, Jattir, and Socoh.	Joshua
Nehemiah 13:23	In those days I(Nehemiah) also saw men [that were in the tribe named Judah] [and that married women [that were from Ashdod, Ammon, and Moab]].	Nehemiah
Nehemiah 3:12	Shallum [who was the son of Hallohesh] ruled half of a region of Jerusalem. Shallum repaired the next part of the wall. The daughters of Shallum helped [Shallum repair that part of the wall].	Nehemiah
Matthew 13:28	_paragraph That man answered, ["An enemy planted those plants/weeds."] _paragraph The servants asked that man, ["Do you(man) want us(servants) [to pull-out those plants/weeds from the field _implicit]?"]	Matthew
Genesis 26:19	So Isaac's servants dug a well in the valley [that was near Gerar]. There was water in that well.	Genesis
Titus 3:1	Paul (title) explains how [people should act [when those people are with people [who do not believe in Jesus Christ]]]. You(Titus) (imp) remind people [to respect rulers and other people [who have  authority]]. The people [who believe in Jesus Christ] should obey those people. And the people [who believe in Jesus Christ] should be ready [to do all kinds of good things].	Titus
2 Samuel 5:24	You(David) will hear a sound [that is in the tops of those trees]. That sound will sound like people [that are marching]. Then (imp) you(David) quickly attack the Philistines. I(Yahweh) am Yahweh.  And I(Yahweh) will go in front of you(David)[in order to defeat the Philistines' army]."	2_Samuel
Matthew 26:53	(yesrhetorical) Do you(followers) think [I(Jesus) am not able [to ask [my(Jesus's) Father to immediately send to me(Jesus) very many angels]]]? (statement) You(followers) should know [I(Jesus) am able [to ask [my(Jesus's) Father to immediately send to me(Jesus) very many angels]]].	Matthew
Acts 21:19	Paul greeted the leaders. And Paul reported to the leaders about all those things [which God did to the people [who are not Jews]].	Acts
Philemon 1:22	Other people (title) greet Philemon. You(Philemon) (imp) please also prepare a room [so that I(Paul) could stay in that room]. [Because you(Philemon) are praying for me(Paul)] I(Paul) hope [that God  will cause [me(Paul) to return to you(Philemon)]].	Philemon
2 John 1:5	So sister, I(John) say to you(sister) [that we(John) [who are Christians] should be loving each-other(people)]. This command is not a command [that you(sisters) never heard about earlier]. This command is a command [that we(John) knew about since the time [when we(John) started following Christ]].	2_John
Mark 16:8	(paragraph) Then those women left. And those women run-away from that hole/tomb. For those women were shaking [(implicit-situational) because those women were afraid]. And those women were confused. Those women did not say a thing-C [(implicit-situational) that was about these events] to people [because those women were afraid]. (footnote) In the oldest copies/manuscripts of the book of Mark, the end of Mark is at verse 8. But some old/ancient copies/manuscripts include verses 9 to 20. Some other copies/manuscripts include the following words after Mark 16:8. Those copies/manuscripts say the following words. "Then those women quickly told Peter and the people [who were with Peter] about all of the things [that the young man commanded [those women to tell Peter _implicit and the other followers/disciples _implicit]]. After-B all these things, Jesus sent Jesus's followers/disciples [so that those followers/disciples would teach-how [God _implicitNecessary will save people forever] to people _implicit [that are in every place [that is on earth]]]. That message is special/holy. And that message is always true. Amen."	Mark
Nehemiah 1:6	You(Yahweh) (imp) listen to me(Nehemiah). And you(Yahweh) (imp) look at me(Nehemiah). I(Nehemiah) am your(Yahweh's) servant. And I(Nehemiah) am praying to you(Yahweh) during the days and during the nights for the people of Israel. Those people are your(Yahweh's) servants. You(Yahweh) (imp) hear my(Nehemiah’s) prayer.  I(Nehemiah) admit/confess [that the people of Israel did bad things/sinned]. I(Nehemiah) and the family of my(Nehemiah's) father did bad things/sinned. We(Nehemiah) did not obey you(Yahweh).	Nehemiah
Mark 5:32	(paragraph) But Jesus continued looking at the people _implicit [who were around Jesus] [in-order-to see the person [who touched Jesus]].	Mark
Nahum 2:6	But soldiers will open the gates [that are near the river]. Then the palace will be destroyed by water.	Nahum
Mark 13:15	A person [who is on the roof of that person's house _implicit] must not leave that roof. And that person must not go into that person's house [in-order-to get a thing] . (implicit-situational) Instead that person must run-away quickly to the mountains.	Mark
Matthew 11:9	(yesrhetorical) Then-D did you(people) want [you(people) to see a prophet]? (statement) Instead, you(people) wanted [you(people) to see a prophet]. And I(Jesus) tell you(people) [John the Baptist is the most important prophet].	Matthew
Joshua 4:8	So the Israelites obeyed Joshua. The 12 men carried 12 stones from the middle of the Jordan River. Those men carried 12 stones [because Israel had 12 tribes]. The men obeyed Yahweh [who commanded Joshua [to get the stones]]. Those men put down the stones at the place [where the Israelites camped].	Joshua
Genesis 47:24	But [After you(people) harvest the grain] you(people) must give grain to the king. You(people) may keep grain  [that you(people) harvest].  You(people) (imp) use that grain [in order to plant crops in the king's fields].  And also you(people) (imp) feed your(people's) families with that grain."	Genesis
2 Samuel 22:11	God rode an angel/cherubim. And God flew.God flew with the wings of the wind.	2_Samuel
Matthew 10:21	_paragraph A man will betray a man’s _sameThingList brother [so that that brother would be killed by people _implicitActiveAgent]. And a father will betray a father’s _sameThingList child [so that that child would be killed by people _implicitActiveAgent]. Children will oppose/rebel children’s _sameThingList parents. And those children will cause [those parents to be killed by people _implicitActiveAgent].	Matthew
Daniel 8:15	[After I(Daniel), Daniel, had seen this vision] I(Daniel) tried [to understand the vision]. Then a person [who looked like a man] stood in front of me(Daniel).	Daniel
2 Samuel 24:1	(title) David counts David's soldiers. Yahweh became angry with the Israelites again. So Yahweh caused [David to do a foolish thing]. One day David said to David's officers, ["(imp) You(officers) go]. And (imp) you(officers) count all of the people [that are living in Israel and Judah]."	2_Samuel
Acts 21:8	On the next day, we(disciples) entered the ship. And we(disciples) traveled to the city named Caesarea. At that place, we(disciples) stayed in a house [which belonged to a man named Philip]. Philip's job was telling people about the Good News. Earlier, the apostles had chosen seven men to help the apostles. Philip was one of those seven men.	Acts
Joshua 21:13	So the tribe named Judah also gave the town named Hebron to Aaron's descendants. ( A person [who lived near Hebron] might accidentally kill another person. Then that person should run to Hebron. ) The tribe named Judah also gave the town named Libnah to Aaron's descendants.	Joshua
Joshua 15:17	So a man named Othniel defeated the people [who were living in that city].  Othniel was the son of Kenaz. Then Caleb allowed [Othniel to marry Caleb's daughter named Acsah].	Joshua
1 Samuel 12:11	So Yahweh sent Gideon, Barak, Jephthah, and Samuel. Then Yahweh saved you(Israelites) from your(Israelites’) enemies [who lived near you(Israelites)]. And you(Israelites) lived safely.  People (footnote) called Gideon ‘Jerub-Baal’.	1_Samuel
Genesis 41:26	The 7 good cows represent 7 years. and the 7 good plants also represent 7 years. These 2 dreams have the same meaning.	Genesis
Genesis 36:40	The following men were descendants of Esau.  These men were the leaders of the Edomites. These men were Timna, Alvah, and Jetheth.	Genesis
Joshua 6:22	[While the Israelites were running into the city] Joshua spoke to the 2 men/spies [who came to the city previously]. Joshua said to those 2 men, ["(imp) You(men) go into the woman's/prostitute's house]. And (imp) you(men) bring the woman/prostitute outside the city. And also (imp) you(men) bring all of the people [who are with the woman/prostitute] outside the city. We(people) promised the woman/prostitute [that we(people) will save the woman/prostitute and the woman's/prostitute's family]."	Joshua
Genesis 29:29	Laban also gave Laban's female slave named Bilhah to Rachel.	Genesis
1 Samuel 22:1	(title) David goes to Adullam and Mizpah. Then David left Gath. And David went to a cave [that was near Adullam]. David’s brothers and other relatives heard [that David was at that cave]. So David’s brothers and other relatives went to that cave [in-order-to see David].	1_Samuel
Matthew 24:22	_paragraph [Unless the Lord-A causes [those days to end-A quickly],] all people will die. (literal) But the Lord-A will cause [those days to end-A quickly] for the people [whom the Lord-A chose-B [to be the Lord's-A people]]. (dynamic) But the Lord-A will cause [those days to end-A quickly] [in order to help the people [whom the Lord-A chose-B [to be the Lord's-A people]]].	Matthew
1 Samuel 25:34	Yahweh is the God of Israel.  And Yahweh certainly lives. And Yahweh prevented [me(David) from hurting you(Abigail)]. [If you(Abigail) had not quickly come to me(David)], then I(David) would have killed all of the men [who are with Nabal] today."	1_Samuel
2 Samuel 22:23	I(David) remembered Yahweh's laws.    I(David) did not break Yahweh's laws/decrees.	2_Samuel
1 Samuel 17:39	Then David pick-up Saul's sword. And David tried [to walk]. But David was not able [to walk]. So David said to Saul, ["I(David) am not able [to fight] [because this armor is too heavy]]." So David take-off Saul's armor.	1_Samuel
Joshua 24:21	But the people said to Joshua, ["No!] We(people) will serve Yahweh."	Joshua
Genesis 32:3	At that time Jacob's brother named Esau was living in the region named Seir [which is in the country named Edom]. So Jacob sent some messengers to Esau.	Genesis
Acts 1:18	-CommentBegin Judas was paid money by priests [in order to do these things].  Then Judas bought a field.  But Judas fell down in that field.  And Judas' body burst. Then Judas' intestines came out from Judas' body.	Acts
Matthew 7:12	So you(people) (imp) always treat other _implicit people [just-like you(people) want [those people to treat you(people)]] . For this commandment/principle _inLDV contains the whole message of the religious _implicit laws/Law and the prophets.	Matthew
2 Samuel 15:21	But Ittai said to David, ["I(Ittai) will certainly stay with you(David)]. [If you(David) go to a place] then I(Ittai) will also go to that place. I(Ittai) will stay with you(David) [until I(Ittai) die]."	2_Samuel
Mark 12:11	The Lord-A did this thing. And we(people) see [this thing is wonderful]."" (footnote) You(people) (imp) see Psalms 118:22-23.	Mark
Nehemiah 7:55	The temple servants were also descendants of  Barkos, Sisera, and Temah.	Nehemiah
Genesis 32:11	Please you(God) (imp) protect me(Jacob) from my(Jacob's) brother named Esau. I(Jacob) am afraid [that Esau will kill me(Jacob) and my(Jacob's) people]. And Esau might kill the mothers and the children [that are with me(Jacob)].	Genesis
Acts 18:26	And Apollos began speaking about Jesus to people [who were in the Jewish church]. But when Priscilla and Aquila heard the things [that Apollos was saying], Priscilla and Aquila invited Apollos [to come to Priscilla and Aquila's home]. Priscilla and Aquila wanted [to help [Apollos to understand God's message more correctly]].	Acts
Genesis 21:5	Abraham was 100 years old [when Isaac was born].	Genesis
Nehemiah 12:8	The following men [who were in the tribe named Levi] returned to Judah _implicit. Jeshua, Binnui, Kadmiel, Sherebiah, Judah, and Mattaniah. Mattaniah and the people/Levites [who worked with Mattaniah] was the leader of the people [who sang [in order to thank God]].	Nehemiah
1 Samuel 1:18	Then Hannah said, ["I(Hannah) hope [that I(Hannah) always will please you(Eli)].]" Then Hannah left the tabernacle. And Hannah ate food. And Hannah was happy.	1_Samuel
1 Samuel 26:18	David also said, ["Why are you(Saul) chasing me(David)]? I(David) am your(Saul’s) servant.  Did I(David) sin? Did I(David) hurt you(Saul)?	1_Samuel
Nehemiah 3:9	A man named Rephaiah repaired the next part of the wall.  Rephaiah was the son of Hur.  Rephaiah ruled half of a region of Jerusalem.	Nehemiah
Genesis 1:24	And God said, ["Let many animals be on the earth.]  Let livestock, wild animals and small animals be."  Thus God created all the animals [that live on the earth.]	Genesis
Genesis 19:1	-Title Lot leaves Sodom. The 2 angels arrived in Sodom in the evening [while Lot was sitting near the city's gate]. [When Lot saw the 2 angels] Lot stand-up. and Lot went to the 2 angels. Then Lot bowed to the angels.	Genesis
Mark 1:1	John the Baptist (title) prepares people [so that those people would believe in Jesus]. (paragraph) The Good-News [that is about Jesus Christ [ who is God’s Son]] begins here.	Mark
1 Samuel 2:6	Yahweh causes [certain people to die]. But Yahweh also causes [certain people to live]. Yahweh brings certain people to the place [where people bury dead bodies]/grave. But Yahweh also causes [certain people to become alive again].	1_Samuel
Genesis 2:6	But water came from the ground.  This water flowed to all the places [that were on the earth].	Genesis
Genesis 30:9	Then Leah sent Leah's female slave named Zilpah to Jacob [because Leah was not able [to become pregnant again]]. And Jacob sexed Zilpah.	Genesis
Mark 8:11	(paragraph) Some _implicit Pharisees came to Jesus _implicit. And those Pharisees started to argue with Jesus. Those Pharisees wanted [to test Jesus]. Those Pharisees asked Jesus [Jesus to show to those Pharisees a sign-B [that was from heaven] [(implicit-situational) in-order-to prove Jesus's power came from God]].	Mark
Matthew 3:15	(paragraph) Jesus answered, ["You(John) (imp) agree [to baptize (implicit-situational) me(Jesus)] now]. We(Jesus) should do all of the good/righteous things [that God wants [us(Jesus) to do]]." Then John agreed [to baptize (implicit-situational) Jesus].	Matthew
1 Samuel 20:32	But Jonathan asked Jonathan's father, ["Why do you(Saul) want [to kill David]?]. Did David do a bad thing?"	1_Samuel
Mark 4:24	(paragraph) And Jesus said to the people, ["You(people) (imp) think/consider carefully about the things [that you(people) listen to]]. (literal) The cup [that you(people) measure things for other people _implicit with] will be the cup [that other people will measure things for you(people)]. (dynamic) [If you(people) listen carefully to the things [that I(Jesus) am teaching],] you(people) will understand the meaning of those things . (literal) And even _modifiesAdj more things will be given to you(people) by God _implicitActiveAgent . (dynamic) And you(people) will be able [to understand even _modifiesAdj more things].	Mark
1 Samuel 9:8	Then that servant said to Saul, ["I(servant) have 3 grams of silver]. I(servant) will give this silver to that man/prophet. Then that man/prophet might tell us(servant) about the donkeys."	1_Samuel
Matthew 3:7	(paragraph) (primary) John saw many Pharisees [who were coming [so that John would baptize those Pharisees]] and many Sadducees [who were coming [so that John would baptize those Sadducees]]. (meaning-1) John saw many Pharisees [who were coming to the place [that John was baptizing people _implicit at]] and many Sadducees [who were coming to the place [that John was baptizing people _implicit at]]. John said to those Pharisees and Sadducees, ["You(Pharisees), children of snakes, (rhetorical) who warned you(Pharisees) [to escape from God's anger/wrath ]]? ["You(Pharisees), children of snakes, (statement) you(Pharisees) (imp) do not think [that you(Pharisees) are able [to escape from God's anger/wrath] [(implicit-situational) if you(Pharisees) do not repent]]]. (footnote) John is saying [that the Pharisees and Sadducees are dangerous [just-like a snake is dangerous]].	Matthew
Mark 16:15	(paragraph) Then Jesus told those followers/disciples, ["You(followers) (imp) go to every place [that is on earth]]. And you(followers) (imp) tell/preach the Good-News to all people.	Mark
Esther 7:2	[While the king and Haman were drinking wine] the king said to Esther again, ["Queen Esther, what do you(Esther) want?] I(king) will give all of the things [that you(Esther) want] to you(Esther). I(king) will give half of my(king's) kingdom to you(Esther)."	Esther
Genesis 5:4	Adam lived for 800 years [after Seth was birthed].  Adam also had other children.	Genesis
Matthew 18:22	_paragraph Jesus answered, ["I(Jesus) do not tell-A you(Peter) [you(Peter) must forgive your(Peter's) friend/brother-D or your(Peter's) sister-D _implicit 7 times]]. Instead, I(Jesus) tell-B you(Peter) [ to forgive that friend/brother-D or that sister-D _implicit 77 times]. (footnote) Some people think [the Greek words mean 490 times ].	Matthew
Genesis 41:34	And you(king) should choose officers [who will collect grain from all the farmers [who live in Egypt] during the 7 good years]. [After a farmer harvests 100 liters of crops] those officers should take 20 liters of crops from that farmer.	Genesis
Joshua 11:7	So Joshua and Joshua's soldiers went quickly to the Waters-of-Merom.  And Joshua and Joshua’s soldiers attacked those armies.	Joshua
1 Samuel 14:23	So Yahweh saved the Israelites on that day. The Israelite soldiers (implicit-info) fought the Philistine soldiers for many hours. And the Israelites fought the Philistines near Beth-Aven.	1_Samuel
Matthew 22:14	_paragraph Then _implicit Jesus _implicitNecessary said _implicitNecessary, ["For many people are called by God _implicitActiveAgent]. But few people are chosen by God _implicitActiveAgent."	Matthew
2 Samuel 24:22	Araunah said to David, ["My(Araunah's) master and my(Araunah's) king, you(David) (imp) take all of the things [that you(David) want]]. (imp) You(David) take these oxen. You(David) may use these oxen [when you(David) give the gift/sacrifice to Yahweh]. And you(David) may also use these tools made of wood and these yokes [in order to make the fire]. You(David) (imp) give all of these things to Yahweh.	2_Samuel
Nehemiah 9:20	You(Yahweh) gave your(Yahweh’s) good Spirit to your(Yahweh’s) people [in order to teach your(Yahweh’s) people]. You(Yahweh) continued giving bread/manna to your(Yahweh’s) people [so that your(Yahweh’s) people could eat that bread/manna]. And you(Yahweh) gave water to your(Yahweh’s) people [so that those people would not become thirsty].	Nehemiah
Genesis 41:49	So Joseph stored much grain. People were not able [to measure the grain [that Joseph stored]] [because there was too much grain].	Genesis
Genesis 24:29	Rebekah had an older brother named Laban.  Laban ran to Abraham's servant [who was still at the spring].	Genesis
Matthew 21:10	_paragraph [When Jesus entered Jerusalem,] all _hyperbolic the people [who were in the city] were surprised/amazed. And those people asked the crowd _implicit [who was following-A Jesus], ["Who is this man?"]	Matthew
Genesis 4:8	Later Cain said to Cain's brother named Abel, ["You(Abel) (imp) come to the field with me(Cain)."]  So Cain and Abel went to the field.  Then Cain attacked Cain's brother named Abel.  And  Cain killed Abel.	Genesis
Genesis 48:17	[When Joseph saw [that Jacob put Jacob's right hand on Ephraim's head]] Joseph was upset. So Joseph tried [to move Jacob's right hand from Ephraim's head to Manasseh's head].	Genesis
Genesis 33:15	But Esau said, ["I(Esau) will leave several of my(Esau's) servants at this place with you(Jacob)]".  But Jacob said, ["Why (rhetorical-question) should you(Esau) leave your(Esau's) servants with me(Jacob)?]. You(Esau) (rhetorical-statement) should not leave your(Esau's) servants with me(Jacob). My(Jacob's) master, (imp) you(Esau) let [me(Jacob) please you(Esau)]."	Genesis
2 Samuel 23:26	Helez was from Palti.Ira was the son of Ikkesh. Ira was from Tekoa.	2_Samuel
Genesis 41:56	All the people [who lived in countries [that were near Egypt]] were very hungry also. Then Joseph began to sell grain to the people [who lived in Egypt].	Genesis
Esther 6:5	The king's servant said, ["Haman is in the courtyard."] The king said, ["You(servant) (imp) bring Haman to me(king)."]	Esther
2 Samuel 22:3	My(David's) God is my(David's) rock.  [When I(David) run to God] God protects me(David).   God is my(David's) shield.  And God is strong.  God protects me(David). God is my(David's) high tower [that I(David) am safe from my(David's) enemies in].  Yahweh saves me(David) from people [who want [to hurt me(David)]].	2_Samuel
Genesis 24:23	Then the servant asked Rebekah, ["Who is the father of you(Rebekah) father?] “May I(servant) and the men [who are traveling with me(servant)] sleep in the house of the father of you(Rebekah) tonight?”	Genesis
Genesis 19:13	We(angels) will destroy this city tomorrow. Yahweh heard [people complaining about the evil people [who live in this city]]. so Yahweh sent us(angels) [in-order-to destroy this city]."	Genesis
Genesis 8:15	Then God spoke to Noah.	Genesis
Genesis 18:8	[After the servant cooked the food] Abraham gave the food to the 3 men.  Abraham also gave milk to the 3 men. [While the 3 men ate the food] Abraham stood under the tree near the 3 men.	Genesis
Joshua 22:9	So the people [who were in the tribes named Reuben, Gad, and Manasseh] left the other Israelites. Those Israelites were at Shiloh [which is in Canaan]. And those people traveled toward Gilead. Gilead was the land [that Moses gave to those tribes]. Previously Yahweh commanded [Moses to give that land to those tribes].	Joshua
Esther 4:17	Then Mordecai left the gate of the king's palace. And Mordecai did all the things [that Esther told [Mordecai to do]].	Esther
1 Samuel 28:5	[When Saul saw the Philistines’ army] Saul became extremely afraid.	1_Samuel
Mark 15:31	Similarly the chief priests and the scribes were also laughing/mock at Jesus _implicitNecessary. Those people said to each-other(people) , ["This man saved-A other people from those people's deaths _implicit]. But this man is not able [to save-A this man _reflexive]!	Mark
Mark 5:18	(paragraph) [While Jesus was entering the boat] the man [who was previously controlled by unclean-B spirits] asked/beg Jesus [Jesus to let [that man go with Jesus]].	Mark
Esther 3:5	[When the officials told Haman [that Mordecai did not honor Haman]] Haman became very angry.	Esther
Jonah 2:8	Some people worship worthless idols. [Although God loves those people] those people do not love God.	Jonah
Genesis 4:23	Lamech said to Lamech's 2 wives, ["You(wives) (imp)  listen to me(Lamech)].  I(Lamech) killed a man [because the man wounded me(Lamech)].  I(Lamech) killed a young man [because the man hit me(Lamech)].	Genesis
Acts 19:33	Then the Jews pushed a man named Alexander to the front of the crowd [so that Alexander could speak to the crowd.] And Alexander waved Alexander's hand so that the people would stop talking]. Alexander wanted [to explain to those people [that the Jews did not do a bad thing].]	Acts
Joshua 22:33	[When the Israelites heard the report] the Israelites were pleased. And the Israelites praised God. And the Israelites did not fight the people [who were in the tribes named Reuben and Gad]. And the Israelites did not destroy the land [where those people were living].	Joshua
Mark 8:19	[When I(Jesus) broke 5 pieces/loaves of bread [in-order-to give food to 5000 men _implicitNecessary and many other people _implicit],] how-much-many baskets did you(followers) fill with the pieces [(implicit-situational) that the people did not eat]? (paragraph) Those followers/disciples said to Jesus, ["12"].	Mark
Daniel 7:13	Daniel continued to write, ["[While God showed this vision to me(Daniel)] I(Daniel) saw [a person [who looked like a man] come from the clouds [that were in the sky]]]. This person came to the Ancient-of-Days.	Daniel
2 Samuel 20:2	Then all of the Israelites left David. And those Israelites started following Sheba. But the men [who were in the tribe named Judah] stayed with the king. Those men walked with David from the Jordan River to Jerusalem.	2_Samuel
Daniel 10:15	[While this man was speaking to me(Daniel)] I(Daniel) bowed to the man. And I(Daniel) looked at the ground. I(Daniel) was not able [to speak].	Daniel
Mark 3:5	(paragraph) Jesus looked at those Pharisees. And Jesus was angry with those Pharisees. Jesus also felt very sad [because those Pharisees were very stubborn]. Then Jesus said to the man [who was not able (implicit-situational) [to move that man's hand]], ["You(man) (imp) show your(man's) hand to me(Jesus)."] That man showed that man's hand to Jesus. And that man's hand became completely _implicit healthy.	Mark
2 Samuel 13:19	Tamar put ashes on Tamar's head. And Tamar tore that beautiful robe [that Tamar was wearing]. Tamar put Tamar's hands on Tamar's head. And Tamar left.  Tamar was crying loudly.	2_Samuel
Genesis 45:9	So You(brothers) (imp) leave Egypt quickly. You(brothers) (imp) go to my(Joseph's) father. You(brothers) (imp) tell my(Joseph's) father, ["Your(Jacob's) son named Joseph is living!]  Joseph says, ["God caused [me(Joseph) to rule all people [who live in Egypt]]]. You(Jacob) (imp) come to me(Joseph) quickly.	Genesis
Genesis 24:66	The servant told Isaac about all the things [that the servant did].	Genesis
Esther 1:19	Therefore you(king) should write a new law. No person will be able [to change this new law]. The new law says [that Vashti must not come to you(king) again]. Then you(king) will choose another woman. That woman will become the queen. That woman will be a better queen than Vashti.	Esther
Nehemiah 7:44	148 men [that sang songs] [and that were descendants of Asaph] returned.	Nehemiah
Joshua 21:30	The tribe named Asher gave the towns named Mishal and Abdon to the families [that were Gershon’s descendants].	Joshua
Genesis 25:7	Abraham was 175 years old [when Abraham died].	Genesis
1 Samuel 17:45	But David said to Goliath, ["You(Goliath) fight me(David) with a sword and a spear]. But I(David) fight you(Goliath) with Yahweh-Almighty. Yahweh is the God of the armies of Israel! And you(Goliath) said bad things about Yahweh.	1_Samuel
1 Samuel 26:25	Then Saul said to David, ["David, my(Saul's) son, I(Saul) hope [that Yahweh will bless you(David)]]. You(David) will do great things. And you(David) will succeed." Then David left that place. And Saul returned to Saul's house.	1_Samuel
1 Samuel 17:1	(title) David fights Goliath. The Philistines’ army went to Sokoh [which was in Judah] [to attack the Israelites]. The Philistine soldiers camped at Ephes-Dammim [which was between Sokoh and Azekah].	1_Samuel
Nehemiah 7:65	So the governor ordered [those men not to eat the special food [that people gave to God]]. The governor said [that those men must wait [until the priests used the special stones [that people called Urim and Thummim]]].	Nehemiah
Nehemiah 12:24	The following people were the leaders of the people [who were in the tribe named Levi]. Hashabiah, Sherebiah, Jeshua [who was a son of Kadmiel], and the people [who worked with those men].  Those people stood on the other side [in order to praise God _implicit] [and in order to thank God _implicit]. One group of those people/Levites sang. And then the other group sang. Those two groups sang [just like David [who was God’s man] told [those people to sing]].	Nehemiah
Joshua 20:2	Yahweh said, ["(imp) You(Joshua) tell [the Israelites to choose cities [so that people [who accidentally kill a person] could run to those cities]]]. Previously I(Yahweh) told [you(Joshua) to choose cities] through Moses.	Joshua
Acts 3:15	And so you(people) killed the person [who is the ruler of life]. But God caused [Jesus to live again]. We(Peter) saw [that God did this thing] with our(Peter's) eyes.	Acts
Matthew 16:15	_paragraph Jesus asked, ["But you(followers), who do you(followers) say-C [I(Jesus) am]?"]	Matthew
Acts 2:6	On the second day God separated the water [in order to make the seas and the sky]. On the third day God created land [so that trees and plants could grow]. Will we(people) see land again?  Yes.  We(people) will definitely see land again. The next day God put the sun, the moon, and the stars in the sky.	Acts
Daniel 11:6	After some years the king of the south region and the king of the north region will make a covenant. The daughter of the king of the south region will go to the king of the north region [in order to make peace]. But the daughter of the king of the south region will lose the daughter's power. Likewise the king of the south region will lose the king's power. Then a person will kill the daughter, the daughter's father, and the people [who helped the daughter].	Daniel
Joshua 22:12	Then all of the Israelites became very angry at those three tribes. So the Israelites met at Shiloh. And the Israelites decided [to fight those three tribes].	Joshua
Genesis 18:28	[If there are only 45 righteous people [who live in the city]] will you(Yahweh) destroy the city? Will you(Yahweh) destroy the city because of 5 evil people?" Yahweh answered Abraham, "[[If I(Yahweh) find 45 righteous people] I(Yahweh) will not destroy the city."]	Genesis
Esther 9:13	Then Esther said to the king, ["You(king) (imp) please allow [the Jews [that live in Susa] to continue killing the Jews' enemies tomorrow]]. Also you(king) (imp) please hang the bodies of Haman's 10 sons on the structure [that your(king's) servants hung Haman on]."	Esther
Genesis 16:16	Abram was 86 years old [when Hagar birthed Ishmael].	Genesis
Genesis 9:11	I(God) make this covenant with you(Noah). I(God) will never again destroy all things [that live on the earth] with a flood."	Genesis
2 Samuel 7:15	But I(Yahweh) will always continue loving your(David's) son. I(Yahweh) stopped loving Saul.  I(Yahweh) take-away Saul [so that you(David) could  become the king].	2_Samuel
Mark 1:13	And Jesus stayed in the desert/wilderness for 40 days. And during that time Jesus was told by Satan [to do bad-B things _generic]. But (implicit-background) Jesus did not do the things [that Satan told [Jesus to do]]. Jesus was with the wild animals. And servants/messengers [who came from God] cared for Jesus.	Mark
Matthew 16:8	_paragraph Jesus knew the things-C [that those followers/disciples were saying]. (complex) So Jesus said to those followers/disciples, ["You(followers) do not have much faith in me(Jesus) _implicit]. (simple) So Jesus said to those followers/disciples, ["You(followers) do not believe much in me(Jesus) _implicit]. (rhetorical) Why are you(followers) saying to each-other(followers) [you(followers) did not bring bread]? (statement) You(followers) should not be saying to each-other(followers) [you(followers) did not bring bread].	Matthew
1 Samuel 17:46	Today Yahweh will help [me(David) defeat you(Goliath)]. I(David) will kill you(Goliath). And I(David) will cut-off your(Goliath's) head. Today I(David) will feed the bodies of the Philistine soldiers to the birds and the wild animals. Then all people will know [that God is in Israel].	1_Samuel
Nehemiah 7:59	Those men were also descendants of Shephatiah, Hattil, Pokereth-Hazzebaim and Amon.	Nehemiah
Nehemiah 4:9	But we(Nehemiah) prayed to our(Nehemiah’s) God.  We(Nehemiah) (implicit-info) asked [God to protect us(Nehemiah)]. And men stood on the walls during the day and during the night [in order to guard the city].	Nehemiah
Genesis 10:5	The people [who worked on the sea] were descendants of the sons of Japheth. All the families of the sons of Japheth had many children. and the descendants of each family lived in a different place. and the descendants of each family spoke a different language.	Genesis
1 Samuel 29:5	The Israelites sing songs [that are about this man].  The Israelites say [that Saul killed 1000 soldiers]. But David killed 10000 soldiers."	1_Samuel
Mark 14:59	But those people still did not agree with each-other(people).	Mark
Ruth 4:4	So I(Boaz) thought [that I(Boaz) should tell you(man) about these things]. And I(Boaz) thought [that I(Boaz) should suggest [that you(man) buy that land]]. I(Boaz) am telling you(man) these things in front of the people [that are sitting at this place] and these 10 leaders of our(Boaz's) town. [If you(man) want [to buy/redeem that land]] (imp) you(man) buy/redeem it.  These people (implicit-info) will see/witness [you(man) agreeing [to buy the land]]. But [if you(man) do not want [to buy/redeem that land]] you(man) (imp) tell me(Boaz) [so that I(Boaz) could know].  Only you(man) have the right [in order to buy/redeem that land].  But [if you(man) do not want [to buy/redeem that land]] I(Boaz) have the right [to buy/redeem that land]."  Then that man said, ["I(man) will buy/redeem that land"].	Ruth
2 Samuel 9:4	The king asked Ziba, ["Where is that son?"]Ziba answered, ["That son is at the house of Makir.] Makir is the son of Ammiel. Makir lives in Lo-Debar."	2_Samuel
Matthew 23:3	Therefore you(followers) must do all the things [that those people tell [you(followers) to do]]. But you(followers) (imp) do not act [just-like those people act]. For those people do not do the things [that those people teach-B you(followers) _implicit].	Matthew
Matthew 6:24	(paragraph) No person is able [to serve two masters]. A person will hate one master. And that person will love the other master. Similarly, a person will follow one master. And that person will refuse [to follow the other master]. So _implicit you(people) will not be able [to serve God and wealth also _implicit].	Matthew
Jonah 1:10	Those men found out [that Jonah was run-away from Yahweh].  So those men became very afraid.  Then those men asked Jonah, ["Why are you(Jonah) run-away from Yahweh]?"	Jonah
Genesis 9:2	All the animals [that are on earth], all the birds [that are in the sky], all the animals [that crawl on the ground], and all the fish [that are in the sea] will fear you(Noah) and your(Noah's) descendants. I(God) have given all these animals to you(Noah) and to your(Noah's) descendants.	Genesis
Mark 6:39	(paragraph) Then Jesus commanded those followers/disciples [those followers/disciples to tell-B all the people [all the people to sit-down on the green grass in groups]].	Mark
1 Samuel 2:32	You(Eli) will have trouble. I(Yahweh) will bless Israel. But I(Yahweh) will not bless your(Eli's) family. [While your(Eli’s) descendants are young] your(Eli’s) descendants will die.	1_Samuel
1 Samuel 9:1	(title) Saul searches for Saul's father’s donkeys.  A man named Kish was in the tribe named Benjamin. Kish was an important man. Kish was the son of a man named Abiel. And Abiel was the son of a man named Zeror. And Zeror was the son of a man named Becorath. And Becorath was the son of a man named Aphiah.	1_Samuel
1 Samuel 29:10	So you(David) and your(David's) servants must get up early tomorrow morning.  And you(David) and your(David's) servants must leave in the morning [when the sun will start rising]. You(David) (imp) (implicit-info) return to the city [that I(Achish) gave to you(David)]."	1_Samuel
Matthew 17:14	(title) Jesus heals a boy [who is controlled by a demon]. _paragraph Jesus and the followers/disciples came to a crowd [that (implicit-situational) was at the bottom of the mountain]. Then a man [who (implicit-situational) was in that crowd] came to Jesus. And that man knelt in-front-of Jesus.	Matthew
1 Samuel 30:16	So the Egyptian man led David to the Amalekites.  [When (implicit-info) David and those men arrived at the Amalekites' camp] the Amalekites were eating food.  And the Amalekites were drinking wine.  The Amalekites were celebrating [because the Amalekites took many valuable things from the Philistines and the people [who were in Judah]].	1_Samuel
2 Samuel 3:18	So you(leaders) (imp) help me(Abner) now! Yahweh made a promise to David. Yahweh said, ["I(Yahweh) will save/rescue the Israelites from the Philistines].  The Israelites are my(Yahweh's) people. So I(Yahweh) will save/rescue the Israelites from all of the Israelites' enemies. I(Yahweh) will save/rescue the Israelites through my(Yahweh's) servant named David.""	2_Samuel
Nehemiah 3:10	A man named Jedaiah repaired the next part of the wall. Jedaiah was the son of Harumaph. That part of the wall was beside Jedaiah's house.  A man named Hattush repaired the next part of the wall. Hattush was the son of Hashaboneiah.	Nehemiah
Nehemiah 7:34	1254 men [that were from the other city named Elam] returned.	Nehemiah
Genesis 1:16	God made two lights.  God made a bright light [that God caused  [to shine during the day]].  And God made a smaller light [that God caused  [to shine during the night]].  And God also made the stars.	Genesis
Genesis 13:3	Then Abram left Negev. Abram returned to the place [that is between Bethel and Ai]. Previously Abram had set-up the tent of Abram at the place.	Genesis
Daniel 3:2	Then King Nebuchadnezzar called all the princes, all the rulers, and all the captains. Nebuchadnezzar also called all the officials, all the lawyers, and all the people [that collect taxes]. Nebuchadnezzar wanted [these people to see the statue [that Nebuchadnezzar had made]].	Daniel
Genesis 44:30	So [when I(Judah) return to my(Judah's) father [who is your(Joseph's) servant]] [if the boy is not with us(Judah)] [and if my(Judah's) father [who loves the boy a lot] sees [that the boy is not with us(Judah)]] my(Judah's) father will die.	Genesis
Mark 10:13	(title) Jesus prays [God will do good things for some children]. (paragraph) People were bringing children to Jesus [so that Jesus would put Jesus's hands on those children]. (implicit-situational) Those people wanted [Jesus to pray [God will do good things for those children]]. But Jesus's followers/disciples told those people [the thing [that those people were doing] was bad]. (implicit-situational) Those followers/disciples thought [those people were annoying/bother Jesus].	Mark
1 Samuel 5:3	On the next day the people [who were living in Ashdod] woke up early. And those people saw [that Dagon fell on Dagon's face]. The idol was on the ground.  And the idol was lying in front of the Ark-of-the-Covenant. So the people put Dagon on the table again.	1_Samuel
1 Samuel 8:20	Then we(people) will be like all of the other nations.  We(people) will have a king [who will lead us(people)]. And our(people’s) king will fight our(people’s) enemies for us(people)."	1_Samuel
Joshua 21:19	Therefore the Israelites gave 13 towns to the priests. The priests were Aaron’s descendants. And the Israelites also gave the fields [that were near those towns] to the priests.	Joshua
2 Samuel 4:8	Those two men brought Ish-Bosheth's  head to King David [who was  at Hebron].Then (implicit-info) those two men gave that head to David. And Rekab said to David, ["We(Rekab) will give Ish-Bosheth's head to you(David)]. Ish-Bosheth was Saul's son. Saul was your(David's) enemy.  Saul tried [to kill you(David) often]. Today Yahweh punished Saul and Saul's family [because Saul tried to kill you(David)].  We(Rekab) (implicit-info) killed Ish-Bosheth for you(David). You(David) are our(Rekab's) king  and our(Rekab's) master."	2_Samuel
Genesis 39:8	But Joseph refused [to sleep with Potiphar's wife]. Joseph said to Potiphar's wife, ["My(Joseph's) master told [me(Joseph) to take care of all the things [that are in my(Joseph's) master's house]]].  My(Joseph's) master trusts [me(Joseph) to care for all of the things [that my(Joseph's) master owns]].	Genesis
Mark 5:15	[When those people came to Jesus] those people saw the man [who had been controlled by many _implicit unclean-B spirits named Legion]. That man was sitting at that place. And that man was wearing clothes. And the man thought clearly again _implicit. Then those people became afraid.	Mark
Nehemiah 6:10	One day I(Nehemiah) went to Shemaiah’s house.  Shemaiah was a son of Delaiah. And Delaiah was the son of Mehetabel. Shemaiah must stay inside Shemaiah's house. Shemaiah said to me(Nehemiah), ["Let us(Shemaiah) meet in the temple of God]. We(Shemaiah) will go inside the temple. And we(Shemaiah) will close the doors of the temple [because men are coming [in-order-to kill you(Nehemiah)]]. Those men will come during the night [in-order-to kill you(Nehemiah)]."	Nehemiah
Genesis 18:32	Then Abraham said, ["Lord, please you(Yahweh) (imp) do not be angry at me(Abraham).]  You(Yahweh) (imp) allow [me(Abraham) to ask 1 more question].  [If there are only 10 righteous people] will you(Yahweh) destroy the city?"  Yahweh answered Abraham, ["[If I(Yahweh) find 10 righteous people] I(Yahweh) will not destroy the city."]	Genesis
1 Samuel 30:15	Then David asked that man, ["Will you(man) lead me(David) to the Amalekites]? Those people took our(David's) families."  That man answered David, ["Yes]. But you(David) must promise me(man) [that you(David) will not kill me(man)].  And you(David) must also promise me(man) [that you(David) will not give me(man) to my(man's) master]. Then I(man) will take you(David) to the Amalekites."	1_Samuel
2 Samuel 10:17	A person told David [that the Aramean soldiers were preparing to fight again]. So David called all of  the Israelite soldiers. Then the Israelite soldiers went across the Jordan River. And the Israelite soldiers went to Helam. Then the Aramean soldiers fought David and the Israelite soldiers.	2_Samuel
Acts 1:5	John baptized people with water.  But you(apostles) will be baptized with the Holy Spirit by God after a few days."	Acts
Mark 12:22	And all of the 7 brothers-C died [before those brothers-C had-J a child]. [After all those brothers-C died,] the woman also died.	Mark
Nehemiah 7:4	Nehemiah (title) describes the people [that returned to Judah]. Jerusalem was a big city. But only a few people were living in Jerusalem.  And we(Nehemiah) must repair the houses [that are in Jerusalem].	Nehemiah
Matthew 26:9	This perfume should have been sold by a person _implicitActiveAgent for much money. And that money should have been given by a person _implicitActiveAgent to poor people."	Matthew
1 Samuel 17:47	All of the people [who are at this place] will know [that Yahweh does not need swords and spears [to save Yahweh's people]]. Yahweh will win this battle. And Yahweh will help [us(Israelites) defeat you(Goliath) and the other Philistine soldiers]."	1_Samuel
Acts 16:39	So the officials came to Paul and Silas. And the officials apologized to Paul and Silas. Then the officials led Paul and Silas out of the prison. And the officials asked [Paul and Silas to leave the city].	Acts
1 Samuel 23:8	Then Saul called all of the soldiers [that were in Saul's army].  And those soldiers prepared [to go to Keilah] [in-order-to attack David and the men [who were with David]].	1_Samuel
Nehemiah 7:58	Those men were also descendants of Jaala, Darkon, and Giddel.	Nehemiah
Matthew 22:35	(implicit-subaction) And those Pharisees went to Jesus. One of those Pharisees [who was a person [who teaches the religious laws]] tested Jesus [by asking Jesus the following question].	Matthew
Nehemiah 3:7	A man named Melatiah, another man named Jadon,  the men [who lived in Gibeon], and the men [who lived in Mizpah] built the next part of the wall. Melatiah was from Gibeon. And Jadon was from Meronoth.  Gibeon and Meronoth were ruled by a governor [that was on the western side of the river-Euphrates].	Nehemiah
Matthew 21:23	(title) Jesus talks about Jesus's authority. _paragraph (implicit) Jesus and Jesus's followers/disciples arrived in Jerusalem. Jesus entered the yard/courtyard of the big building of Jerusalem [that Jews worship God in] again _implicit. [While Jesus was teaching there _implicit,] the chief priests and the old leaders of the people came to Jesus. Those chief priests and those old leaders asked Jesus _implicit, ["With which authority do you(Jesus) do these things?] And who gave that authority to you(Jesus)?"	Matthew
Genesis 27:16	Rebekah also put the skins of the 2 goats [that had much hair] on the hands of Jacob and on the neck of Jacob.	Genesis
Joshua 8:4	Joshua told those men, ["(imp) You(men) listen carefully to me(Joshua)]. You(men) must hide in a place [that is behind the city]. (imp) You(men) do not leave that place. And (imp) you(men) be ready [to fight the soldiers [that come out from Ai]].	Joshua
Genesis 20:9	Then Abimelech called Abraham. and Abimelech said to Abraham, ["What did you(Abraham) do to us(Abimelech)?] I(Abimelech) did not act badly to you(Abraham). Why did you(Abraham) cause [my(Abimelech's) kingdom to have trouble]? You(Abraham) should have prevented [me(Abimelech) to take your(Abraham's) wife.]	Genesis
2 Samuel 21:13	David brought Saul’s bones and Jonathan’s bones from Jabesh-Gilead. Then the people gathered the bones of Saul’s seven sons [that the Gibeonites killed].	2_Samuel
Esther 5:3	Then the king said to Esther, ["Why are you(Esther) sad?] What do you(Esther) want? I(king) will give all of the things [that you(Esther) want] to you(Esther). I(king) will give half of my(king's) kingdom to you(Esther)."	Esther
1 Samuel 13:16	Saul, Saul's son named Jonathan, and the soldiers [that were with Saul] were in Gibeah.  Gibeah was in the region [that the tribe named Benjamin owned].  And the Philistines were camping at Mikmash.	1_Samuel
Nehemiah 9:15	[When those people were hungry] you(Yahweh) sent to those people bread [that came from heaven]. And [when those people were thirsty] you(Yahweh) caused [water to come from a rock]. You(Yahweh) told those people [to go] [and to take-D the land]. You(Yahweh) promised [you(Yahweh) would give that land to those people].	Nehemiah
Mark 8:37	(literal) (rhetorical) For what thing is that person able [to give [so that that person could buy that person's soul]]? (literal) (statement) That person is not able [to give a thing [so that that person could buy that person's soul]]. (dynamic) (rhetorical) For what thing is that person able [to give [so that that person could live forever _implicit with God _implicit]]? (dynamic) (statement) That person is not able [to give a thing [so that that person could live forever _implicit with God _implicit]].	Mark
Daniel 11:40	After some time the king of the south region will attack the king of the north region. The king of the north region will fight the king of the south region. The king of the north region will have many men, many horses, and many ships. The king of the north region will attack many countries. The king of the north region will quickly defeat those countries.	Daniel
Genesis 41:15	The king said to Joseph, ["I(king) dreamed]. But no person is able [to explain this dream to me(king)]. I(king) heard [that you(Joseph) are able [to explain dreams]]."	Genesis
Nehemiah 12:1	Nehemiah (title) writes the names of the priests and the names of the people [who were in the tribe named Levi] in a book. The following priests and people [who were in the tribe named Levi] returned to Judah _implicit with Zerubbabel [who was a son of Shealtiel] and with Joshua. Seraiah, Jeremiah, Ezra,	Nehemiah
Matthew 5:29	[If your(person's) right eye causes [you(person) to sin],] you(person) (imp) pull-out that eye. And you(person) (imp) throw-away that eye. [You(person) lose one part of your(person's) body] is bad. But [your(person's) whole body is thrown by God _implicit into hell] is more bad .	Matthew
Matthew 26:50	_paragraph (primary) Jesus said to Judas, ["Friend, you(Judas) (imp) do the action [that you(Judas) came here _implicit [in order to do]]"]. (meaning-1) (rhetorical) Jesus asked Judas, ["Friend, why did you(Judas) come here _implicit?"] (meaning-1) (statement) Jesus said to Judas, ["Friend, you(Judas) should not have come _immediatePastAndShouldNotFeatures here _implicit"]. Then those people went to Jesus. Those people quickly took/grab Jesus. And those people take-away/arrest Jesus.	Matthew
Joshua 5:10	The Israelites celebrated the Passover feast in the evening of the 14th day of the month.  The Israelites were still camping at Gilgal on the plains of Jericho.	Joshua
Matthew 13:51	_paragraph Jesus asked Jesus's followers/disciples _implicitNecessary, ["Did you(disciples) understand all these things-C?"] Jesus's followers/disciples answered, ["Yes."]	Matthew
Genesis 25:15	and Ishmael also had other sons named Hadad, named Tema, named Jetur, named Naphish, and named Kedemah. Kedemah was the youngest son of Ishmael.	Genesis
Mark 1:26	Then that evil/unclean spirit caused [that man to shake much]. That spirit cry-out-A loudly. And that evil/unclean spirit come-out from that man.	Mark
Mark 8:17	(paragraph) Jesus knew the things-C _implicit [that those followers/disciples were saying]. (rhetorical) And Jesus asked those followers/disciples, ["Why are you(followers) arguing with each-other(followers) _implicit [because you(followers) did not bring bread]?] (statement) And Jesus said to those followers/disciples, ["You(followers) should not be arguing with each-other(followers) _implicit [because you(followers) did not bring bread]]. (rhetorical) Do you(followers) still not know/perceive the true things _implicit [that are about me(Jesus)]? (statement) You(followers) should already _implicit know/perceive the true things _implicit [that are about me(Jesus)]. (rhetorical) And do you(followers) still not understand those things _implicit ? (statement) But you(followers) still do not understand those things_implicit . (rhetorical) Are your(followers') hearts too stubborn [(implicit-situational) so that you(followers) are not able [to understand those things]]? (statement) Your(followers') hearts are too stubborn [(implicit-situational) so that you(followers) are not able [to understand those things]].	Mark
Mark 7:35	(literal) Then-C that man's ears were opened by God _implicitActiveAgent. (dynamic) Then-C that man became able [to hear sounds]. (dynamic) And that man became able [to use that man's tongue] [so that that man could speak clearly].	Mark
Genesis 47:31	Then Jacob said to Joseph, ["You(Joseph) (imp) promise me(Jacob) [that you(Joseph) will do these things]]." Then Joseph promised Jacob [that Joseph would do these things]. Then Jacob worshiped God [while Jacob leaned on the top of Jacob's staff].	Genesis
2 Samuel 2:24	But Joab and Abishai continued chasing Abner. [While  the sun was setting] those men came to the hill named Ammah. That hill was near Giah. Giah was near the desert [that  was in Gibeon].	2_Samuel
Genesis 49:10	Judah's descendants will be kings.  A descendant of Judah will always sit on the throne. Judah will rule the nations [until Shiloh comes]. (alt) Judah will rule the nations [until the leader [whom God chooses] comes].  The nations will obey Judah.	Genesis
2 Samuel 22:20	Yahweh brought me(David) to a big place.Yahweh saved/rescued me(David) [because Yahweh loves me(David)].	2_Samuel
Genesis 16:2	One day Sarai said to Abram, ["Yahweh has not allowed [me(Sarai) to have children]]. Therefore you(Abram) (imp) sex my(Sarai's) slave. [If the slave has a child] I(Sarai) will have my(Sarai's) family through the slave."  Abram agreed to sex Sarai’s slave.	Genesis
Mark 14:16	(paragraph) Then those followers/disciples _dual left. And those followers/disciples _dual went to the city of Jerusalem _implicit. And those followers/disciples _dual find-out [all the things [that Jesus said] happened]. So those followers/disciples _dual prepared-B the meal of Passover. (implicit-subaction) Then those followers/disciples _dual returned-B to Jesus and the other followers/disciples.	Mark
Genesis 22:19	Then Abraham and Isaac returned to Abraham's servants. The 4 men returned to Beersheba. Then Abraham stayed in Beersheba.	Genesis
Genesis 9:14	[When I(God) bring clouds over the earth] a rainbow will appear in those clouds.	Genesis
Matthew 7:7	(title) Jesus says [God answers people’s prayers]. (paragraph) You(people) (imp) ask God _implicit for a thing _implicit. And you(people) will receive that thing _implicit from God _implicit. You(people) (imp) search a thing _implicit. And you(people) will find that thing _implicit. You(people) (imp) knock on a door. And that door will be opened by God _implicitActiveAgent for you(people).	Matthew
1 Samuel 10:25	Then Samuel explained to the people the things [that a king must do]. Samuel wrote about the things [that the king must do] in a book. And Samuel put that book in the place [that the people worshiped Yahweh at]. Then Samuel told [the people to return to the people's houses].	1_Samuel
Nehemiah 11:10	The following priests moved to Jerusalem. Jedaiah [who was a son of Joiarib], Jakin,	Nehemiah
2 Samuel 16:19	Previously I(Hushai) served your(Absalom's) father. So I(Hushai) will serve you(Absalom) now. I(Hushai) will serve you(Absalom) [just like I(Hushai) served your(Absalom's) father]."	2_Samuel
Joshua 17:15	Then Joshua answered those people, ["Many people are in your(people's) tribe]. The region [that is in the mountains [that belong to Ephraim]] is too small. So (imp) you(people) go to the forests. And you(people) (imp) cut-down those trees. Then you(people) (imp) build towns [so that you(people) could live in those towns]. The Perizzites and the Rephaites own those forests now."	Joshua
Matthew 10:32	_paragraph [If a person says [that person follows _routinely me(Jesus)] in-front-of other people,] I(Jesus) will also say [that person follows _routinely me(Jesus)] in-front-of my(Jesus’s) Father [_descriptive who is in heaven].	Matthew
2 Samuel 10:11	Joab said to Abishai, ["[If the Aramean soldiers start defeating me(Joab)] then you(Abishai) help me(Joab)]. But [if the Ammonite soldiers start defeating you(Abishai)] then I(Joab) will help you(Abishai).	2_Samuel
Matthew 27:29	Then the soldiers made a royal hat from branches [that had sharp points]. And the soldiers put that hat/crown on Jesus's head. The soldiers put a stick in Jesus's right hand [in order to (implicit-situational) pretend [to give Jesus a royal staff/scepter]]. Then the soldiers knelt/bow in front of Jesus [in order to (implicit-situational) pretend [the soldiers were honoring Jesus]]. And the soldiers laughed/mock at Jesus. The soldiers said, [" King of the Jews _RealmOfAuthority, we(soldiers) greet you(Jesus)!"]	Matthew
Genesis 42:16	One of you(brothers) must return to your(brother's) house. And that man must bring your(brother's) youngest brother to me(Joseph). 9 of you(brothers) must stay in prison.  Then I(Joseph) will know [that you(brothers) are lying] [or that you(brothers) are telling the truth to me(Joseph)]. [If you(brothers) are lying about your(brother's) youngest brother] then you(brothers) are spies."	Genesis
Genesis 43:2	-Title The brothers return to Egypt.  [After Jacob's family ate all the grain [that the brothers brought from Egypt]] Jacob said to Jacob's sons, ["You(sons) (imp) go to Egypt again.] You(brothers) (imp) buy more grain [so that we(Jacob) could eat the grain]."	Genesis
Mark 6:12	(paragraph) Then Jesus's followers/disciples left the place [(implicit-situational) where Jesus told those followers/disciples these things]. And Jesus's followers/ disciples taught/preach people _implicit [people _genericDifferentNounIndex should repent].	Mark
2 Samuel 10:19	All of the kings [who served Hadadezer] saw [that the Israelites defeated those kings’ armies]. So those kings stopped fighting the Israelites. And those kings started serving the Israelites. After that time the Arameans were afraid [to help the Ammonites].	2_Samuel
Matthew 27:32	(title) The Roman soldiers kill Jesus [by putting Jesus on a cross]. _paragraph [While the soldiers and the prisoners were walk-away from Pilate's royal house,] the soldiers and the prisoners passed-A a man named Simon [_descriptive who was from Cyrene named the city _ExplainName]. And the soldiers forced [Simon to carry Jesus's cross [that (implicit-situational) the soldiers will put Jesus on with nails]].	Matthew
1 Samuel 20:34	Jonathan was very angry.  So Jonathan stood up.  And Jonathan left the table. Jonathan did not eat on that day. Jonathan was extremely sad [because Jonathan's father treated David very badly].	1_Samuel
Mark 15:2	(paragraph) Pilate asked Jesus, ["Are you(Jesus) _emphasized the king of the Jews _RealmofAuthority?"] (paragraph) And Jesus answered-A Pilate, ["You(Pilate) _emphasized said this thing"].	Mark
Titus 3:8	You(Titus) are able [to know [that these things are true]]. So I(Paul) tell [you(Titus) to tell the people [that believe in God] [that these things are true]]. Then those people will think [about doing good  things]. These things [that you(Titus) tell to those people] are good. And these things will help those people.	Titus
Genesis 19:33	So that night the 2 daughters caused [their(daughter's) father to become drunk]. and the older daughter sexed Lot. But Lot did not know [that the daughter sexed Lot].	Genesis
Mark 6:18	Previously John said repeatedly to Herod, ["The religious _implicit laws/Law do not allow [you(Herod) to marry your(Herod's) brother's wife]"].	Mark
1 Samuel 27:8	David and the men [who were with David] often attacked/raided the people [who lived in Geshur, Girzi, and Amalek]. (Those people lived in the region [that was near Shur and Egypt] for many years.)	1_Samuel
Genesis 17:18	Then Abraham said to God, ["Is Ishmael the son [that you(God) promised [to give me(Abraham)]]?]."	Genesis
Mark 4:6	But [after the sun rose] the plants were burned by the sun _implicitActiveAgent. And those plants died/withered [because those plants did not have long _implicit roots].	Mark
Titus 2:7	You(Titus) (imp) be showing these people [how to do good things]. [When you(Titus) teach things to people] you(Titus) (imp) be honest. And [when you(Titus) teach things to people] you(Titus)  (imp) teach the people carefully.	Titus
Joshua 14:15	(Previously people called Hebron Kiriath-Arba.  A man named Arba was the most important descendant of Anak.)  Then the Israelites stopped fighting in that region.	Joshua
Genesis 29:15	-Title Laban tricks Jacob. [After Jacob lived with Laban for 1 month] Laban said to Jacob, ["You(Jacob) are my(Laban's) relative]. But I(Laban) should pay you(Jacob) [because you(Jacob) are working for me(Laban)]. You(Jacob) want [me(Laban) to pay you(Jacob) how-much money]?"	Genesis
Genesis 25:8	Abraham was very old [when Abraham died]. [while Abraham was living] Abraham was very happy.	Genesis
1 Samuel 20:19	You(David) (imp) go to the place [that you(David) previously hid at] after 2 days in the evening. Then you(David) (imp) wait by the stone named Ezel.	1_Samuel
1 Samuel 10:15	Saul’s uncle asked, ["You(Saul) (imp) tell me(uncle) about the things [that Samuel said to you(Saul)]."]	1_Samuel
Matthew 12:21	(literal) All _implicit nations of people _metonymy will trust in this person's name. (dynamic) All _implicit nations of people _metonymy will trust this person." (footnote) You(people) (imp) see Isaiah 42:1-4.	Matthew
Joshua 15:61	Yahweh also gave towns [that were in the desert] to the tribe named Judah. So the tribe named Judah owned the towns named Beth-Arabah, Middin, and Sekakah.	Joshua
Genesis 9:18	-Title Noah and Noah's sons live after the flood. The sons of Noah [who left the boat with Noah] were Shem, Ham, and Japheth. Ham had a son named Canaan. [After Ham left the boat] Ham had a son named Canaan.	Genesis
Daniel 3:22	[Because the fire was extremely hot] the fire killed the soldiers [that threw Shadrach, Meshach, and Abednego into the fire].	Daniel
Matthew 8:9	(implicit-situational) I(officer) know [you(Jesus) are able [to say that command]]. For there are people _implicitNecessary [who have authority [in order to give commands to me(officer)]]. And I(officer) also have authority [in order to give commands to soldiers]. And [when I(officer) say to a soldier, ["You(soldier) (imp) go to a place _implicit"],] that soldier goes to a place _implicit. And [when I(officer) say to another soldier, ["You(soldier) (imp) come to me(officer) _implicit"],] that soldier comes to me(officer) _implicit. And [when I(officer) say to my(officer's) servant, ["You(servant) (imp) do a thing _implicit"],] that servant does a thing _implicit."	Matthew
2 Samuel 5:9	[After David's soldiers defeated the Jebusites] David moved into that city. That city had very strong walls.  And David called that city David's City. David built other buildings outside that city. And David also built other buildings inside that city.	2_Samuel
Joshua 8:14	The king of Ai saw the army of Israel. So the king and the king's soldiers woke up early the next morning. And those soldiers quickly went [in-order-to fight the Israelites]. The soldiers [that were from Ai] went to a place [that was on the eastern side of the city].  But the king did not know [that Joshua's soldiers were hiding behind the city].	Joshua
Genesis 12:4	So Abram obeyed Yahweh. and Abram left Haran. Lot also went with Abram. Abram was 75 years old [when Abram left Haran].	Genesis
Genesis 24:1	-Title Isaac marries Rebekah.  [When Sarah died] Abraham was very old. Yahweh had blessed Abraham much.	Genesis
Genesis 41:31	People will forget the good years [because the people will be very hungry].	Genesis
Genesis 34:10	And you(brothers) may live in this region with us(Hamor). You(brothers) may live at a place [that you(brothers) choose]! You(brothers) (imp) stay/settle at this place.  and (imp) you(brothers) trade things with us(Hamor).  And you(brothers) may buy land [that is in this region]".	Genesis
Daniel 11:18	Then the king of the north region will attack the nations [that are near the sea]. That king will capture many people. But a captain [who is in that king's army] will prevent [that king from attacking people]. This captain will cause [the king of the north region to regret [attacking people]].	Daniel
Nehemiah 6:18	Many people [who were in Judah] promised Tobiah [that those people would help Tobiah]. Tobiah was the husband of the daughter of Shekaniah.  Shekaniah was a son of Arah. And Tobiah's son named Jehohanan married the daughter of Meshullam.  Meshullam was a son of Berekiah.	Nehemiah
Mark 1:8	I(John) wash/baptize you(people) with water [because (implicit-situational) you(people) decided [to change-D your(people's) thoughts and your(people's) actions [so that your(people's) thoughts and your(people's) actions please God]]]. But that person [(implicit-situational) who will come after me(John)] will wash/baptize you(people) with the Holy-Spirit. "	Mark
Mark 15:45	[After Pilate find-out from that Roman officer [Jesus was dead],] Pilate allowed [Joseph to take Jesus's body].	Mark
Matthew 22:6	The other people took/grab that king's servants-B. Those people treated those servants-B very badly. And those people killed those servants-B.	Matthew
Genesis 5:21	Enoch had a son [when Enoch was 65 years old].  Enoch named this son Methuselah.	Genesis
Matthew 21:33	(title) Jesus tells a story/parable [that is about certain evil people [who grew crops]]. _paragraph Jesus said, ["You(priests) (imp) listen to another story/parable]. A certain man of the servants-A _metonymy planted a vineyard on that man's land-B. That man of those servants _metonymy built a wall-B around that garden/vineyard. That man of those servants _metonymy built a place [where people _generic squeeze fruit/grapes _generic [in-order-to make wine _generic]]. And that man of those servants _metonymy built a tower [where people _generic were able [to watch the garden/vineyard]]. Then that man rented that garden/vineyard to some farmers. And that man moved-A to another place.	Matthew
Esther 9:4	Mordecai became very important. All of the people [that lived in Xerxes' kingdom] heard [that Mordecai was very important]. Then the king gave more authority to Mordecai.	Esther
Joshua 9:2	All of those kings and those king’s soldiers gathered [in-order-to fight Joshua and the Israelites].	Joshua
1 Samuel 26:1	(title) David does not kill Saul. The people [who were living in Ziph] went to Saul [when Saul was in Gibeah]. And those people said to Saul, ["David is hiding on the hill named Hakilah]. That hill is near Jeshimon."	1_Samuel
Genesis 6:16	You(Noah) (imp) build a roof on the boat.  The roof must be above the top of the wall of the boat 5 meter.  You(Noah) (imp) build a door [that is in the side of the boat].  You(Noah) (imp) build 3 floors in the boat.  You(Noah) (imp) build one floor [that is on the bottom of the boat].  You(Noah) (imp) build another floor [that is in the middle of the boat].  And you(Noah) (imp) build another floor [that is near the top of the boat]. You(Noah) (imp) build a bottom floor, a middle floor, and a top floor.	Genesis
Acts 18:4	On the seventh/last day of each week Paul went to the Jewish Church. And Paul discussed many things with the Jews and Greeks, [so that Paul could persuade [the Jews and Greeks to believe in Jesus]].	Acts
Mark 5:31	(paragraph) Jesus's disciples said to Jesus, ["You(Jesus) see the crowd [that is pushing against you(Jesus)]]. (rhetorical) Why do you(Jesus) ask, ["Who touched me(Jesus) "]?" (statement) We(disciples) are surprised-B _adj [ you(Jesus) ask, ["Who touched me(Jesus)"]]."	Mark
2 Samuel 17:28	Those three men brought beds, bowls and pots. Those three men also brought wheat, barley, flour, roasted grain, beans and small peas.	2_Samuel
Mark 13:19	For people _implicitNecessary will much suffer in those days. People _implicitNecessary never suffered [since God made/created the earth] [more-than _Adp people _implicitNecessary will suffer in those days] . And people _implicitNecessary will never again suffer [more-than people _implicitNecessary will suffer in those days].	Mark
2 Samuel 12:26	(title) David defeats the people [who are living in Rabbah].  Joab continued fighting the people [who were living in Rabbah]. Rabbah was the city [that the Ammonites' king lived in].  And Joab almost finished defeating/capturing that city.	2_Samuel
Matthew 15:12	_paragraph Then Jesus's followers/disciples came to Jesus _implicit. (yesrhetorical) And Jesus's followers/disciples asked Jesus, ["Do you(Jesus) know [the Pharisees were upset [when the Pharisees heard these words]]?"] (statement) And Jesus's followers/disciples said to Jesus, ["The Pharisees were upset [when the Pharisees heard these words]"].	Matthew
2 Samuel 11:9	But Uriah slept with the king’s servants near the door of the palace. Uriah did not go to Uriah's house.	2_Samuel
Esther 4:12	So Hathach went to Mordecai. And Hathach told Mordecai about all the things [that Esther said].	Esther
Genesis 33:20	Then Jacob built an altar at that place. and Jacob named that altar the God of Israel.	Genesis
1 Samuel 8:2	The name of Samuel's first son was Joel. And the name of Samuel's second son was Abijah. Joel and Abijah were leaders in Beersheba.	1_Samuel
Matthew 5:34	But I(Jesus) tell you(person) [ to never promise/swear in God's name [(implicit-situational) you(person) will do something ]]. You(person) (imp) do not promise/swear [(implicit-situational) you(person) will do something] in the name of heaven. (literal) For heaven is God’s throne. (dynamic) For heaven is the place [that God rules at].	Matthew
Matthew 26:8	_paragraph [When the followers/disciples saw that woman's action,] the followers/disciples became angry. (rhetorical) The followers/disciples asked each-other(followers), ["Why did this woman _implicitNecessary waste that perfume _implicitNecessary [by pouring that perfume on Jesus's head]?] (statement) The followers/disciples said to each-other(followers), ["This woman _implicitNecessary should not have wasted _immediatePastAndShouldNotFeatures that perfume _implicitNecessary [by pouring that perfume on Jesus's head]].	Matthew
Mark 14:6	(paragraph) But Jesus said, ["You(people) (imp) stop rebuking this woman]. (rhetorical) Why are you(people) saying bad things about this woman? (statement) You(people) should not say bad things about this woman. This woman did a good thing-B to me(Jesus).	Mark
Genesis 30:7	Later Bilhah became pregnant again. and Bilhah birthed another son for Jacob.	Genesis
Esther 9:6	The Jews killed 500 men [that lived in Susa].	Esther
1 Samuel 11:12	Then the people said to Samuel, ["Which people said [that Saul should not be our(Israelites’) king]]? You(Samuel) (imp) bring those people to us(people). Then we(Israelites) will kill those people."	1_Samuel
Mark 13:27	(literal) Then the Son-of-man _1stas3rd will send-C angels to the 4 winds [in-order-to gather-A the people [whom the Lord-A chose-B [to be the Lord's-A people]]] . (dynamic) Then the Son-of-man _1stas3rd will send-C angels to every place [in-order-to gather-A the people [whom the Lord-A chose-B [to be the Lord's-A people]]]. Those servants/angels will go to every part of the earth and every part of the sky [in-order-to gather those people].	Mark
Mark 10:16	Then Jesus put Jesus's arms around the children _frameInferable. Jesus put Jesus's hands on those children. And Jesus did good things for those children.	Mark
Matthew 27:58	Joseph went to Pilate. And Joseph asked-B Pilate for Jesus's body. So Pilate ordered [Jesus's body be given to Joseph by the soldiers _implicitActiveAgent].	Matthew
Matthew 26:13	I(Jesus) am telling the truth to you(followers). People will talk about the action [that this woman did] in every place [where the Good-News is taught/preach by people _implicitActiveAgent on the whole earth]. So people _otherThingList will remember-C this woman."	Matthew
Genesis 16:14	Therefore people called the well [that is between Kadesh and between Bered] Beer-Lahai-Roi. -Footnote Beer-Lahai-Roi means the well of God [who lives] [and who sees me(Hagar)].	Genesis
Matthew 6:6	But [whenever you(person) pray,] you(person) (imp) go into your(person's) room. You(person) (imp) close the door _frameInferable. And you(person) (imp) pray to your(person's) Father [ who is not seen by people _implicitActiveAgent] . Then-D your(person's) Father [ who sees the actions _implicitNecessary [that are done by people _implicitActiveAgent secretly]] will reward you(person).	Matthew
Genesis 21:32	[After Abraham and Abimelech made the treaty at Beersheba] Abimelech and Phicol [who was the captain of the army of Abimelech] returned to the land of the Philistines.	Genesis
Joshua 15:16	Caleb said to the people [that were with Caleb], ["I(Caleb) want [a man to attack Kiriath-Sepher]]. [If a man defeats the people [who are living in that city]] I(Caleb) will allow [that man to marry my(Caleb's) daughter named Acsah]."	Joshua
Daniel 9:23	[When you(Daniel) started to pray] God answered your(Daniel's) prayer. I(Gabriel) have come [in order to tell you(Daniel) about the things [that God said]]. God loves you(Daniel) very much. Now you(Daniel) (imp) listen to me(Gabriel). I(Gabriel) will explain the vision [that you(Daniel) have seen]."	Daniel
1 Samuel 4:10	So the Philistines fought the Israelites hard. And the Philistines defeated the Israelites. All of the Israelite soldiers ran to the soldiers’ tents. The Philistines killed 30000 Israelite soldiers.	1_Samuel
Genesis 6:6	Then God regretted [that God created people].  God was very sad.	Genesis
Matthew 22:27	Finally the woman died.	Matthew
Genesis 49:17	Dan will be like a snake [that lies near the road]. Dan is a dangerous snake [that hides near the path]. That snake will bite a horse's leg. Then the man [who rides that horse] will fall.	Genesis
Genesis 30:10	Then Zilpah birthed a son.	Genesis
Genesis 21:7	People thought [that I(Sarah) will never nurse a child]. But I(Sarah) birthed a son for Abraham [although Abraham is very old]."	Genesis
1 Samuel 14:41	Then Saul prayed to the God of Israel named Yahweh. Saul asked Yahweh, ["Why did you(Yahweh) not answer me(Saul) today]?  You(Yahweh) (imp) show us(Israelites) the person [who sinned]." Then the men used lots.  And the lots chose Saul and Jonathan.  So the soldiers were innocent.	1_Samuel
Genesis 27:11	But Jacob said to the mother of Jacob named Rebekah, ["The brother of me(Jacob) named Esau has much hair [that is on the body of Esau]]. But I(Jacob) do not have much hair!	Genesis
Esther 3:8	Then Haman said to king Xerxes, ["People [that came from other countries] are living in your(Xerxes') kingdom]. These people do not do all the things [that your(Xerxes') laws say]. And these people have strange customs. You(Xerxes) should not allow [these people to live].	Esther
1 Samuel 6:13	The people [who were living in Beth-Shemesh] were harvesting the people's wheat in the valley. Then the people looked up. And the people saw the Ark-of-the-Covenant.  The people became very happy [when the people saw the Ark-of-the-Covenant].	1_Samuel
Matthew 20:22	_paragraph Jesus said to that mother and James and John, ["You(sons) _trial do not understand the thing [that you(sons) _trial are asking-B me(Jesus) for]]. (literal) Are you(sons) _dual able [to drink the bitter-B drink _implicit from the cup [that I(Jesus) will soon _implicit drink that drink _implicit from]]?" (dynamic) Are you(sons) _dual ready-C [the same hard-B things-B [that will soon _implicit happen to me(Jesus)] to happen to you(sons) _dual]?" _paragraph James and John answered, ["Yes"].	Matthew
Daniel 8:16	I(Daniel) heard the voice of a man [who was standing near the stream named Ulai]. The voice said, ["Gabriel, you(Gabriel) (imp) tell this man about the meaning of this vision]."	Daniel
Daniel 5:22	You(Belshazzar), Belshazzar, are the son of Nebuchadnezzar. You(Belshazzar) knew all these things. But you(Belshazzar) have not been humble.	Daniel
Genesis 24:42	Today I(servant) came to this spring. Then I(servant) said, ["Yahweh, you(Yahweh) are the God of my(servant's) master named Abraham].  You(Yahweh) (imp) allow [me(servant) to find a wife for Abraham's son today].	Genesis
Acts 20:38	Then those people walked with Paul to the ship. Those people were very sad [because Paul said [that those people will not see Paul again]].	Acts
Matthew 25:35	For [when I(king) was hungry,] you(people) gave me(king) food _implicit [so that I(king) could eat that food _implicit]. [When I(king) was thirsty,] you(people) gave me(king) drinks _implicit [so that I(king) could drink those drinks _implicit]. [When I(king) was from another country,] you(people) invited [me(king) to enter your(people's) houses _implicit].	Matthew
Mark 8:18	You(followers) have eyes. (yesrhetorical) But _implicit are you(followers) able [to see]? (statement) So _implicit you(followers) should be able [to see]. You(followers) have ears. (yesrhetorical) But _implicit are you(followers) able [to hear sounds _implicit]? (statement) So _implicit you(followers) should be able [to hear sounds _implicit]. (yesrhetorical) Do you(followers) remember the things _implicit [that I(Jesus) did]? (statement) You(followers) should remember the things _implicit [that I(Jesus) did]. (footnote) You(people) (imp) see Jeremiah 5:21.	Mark
2 Samuel 17:20	Then Absalom's servants came to that woman. And those servants asked that woman, ["Where are Ahimaaz and Jonathan?]" That woman said to those servants, ["Ahimaaz and Jonathan already went across the river."] Then Absalom's servants started looking for Jonathan and Ahimaaz. But those servants did not find Jonathan and Ahimaaz. So those servants returned to Jerusalem.	2_Samuel
2 Samuel 7:10	And I(Yahweh) will choose a place [that my(Yahweh's) people will live at]. The Israelites are my(Yahweh's) people. I(Yahweh) will plant the Israelites [just like a man plants grain]. Then the Israelites will be able [to live in the Israelites' houses]. And other people will not attack the Israelites.  The Israelites suffered in Egypt. But evil people will not cause [the Israelites to suffer again].	2_Samuel
Genesis 3:10	The man answered God, ["I(Adam) heard [you(God) walking in the garden]].  I(Adam) was afraid [because I(Adam) was naked].  So I(Adam) hid from you(God)."	Genesis
Acts 17:14	Then the people [who believe in Jesus] sent Paul to the coast. But Silas and Timothy stayed in Berea.	Acts
2 Samuel 22:32	Who is God? Only Yahweh is God.  Who is the rock? Only our(David's) God is the rock.	2_Samuel
Nehemiah 12:15	Adna was the leader of the family of Harim. Helkai was the leader of the family of Meremoth.	Nehemiah
Titus 2:2	Old men should act well [so that other people would respect those men]. Those men should control themselves(men). Those men should trust God well. And those men should love God and other  people well. And those men should be patient  well [when those men have trouble].	Titus
Matthew 27:65	_paragraph Pilate said, ["You(priests) (imp) take soldiers]. And you(priests) (imp) cause [the hole/tomb to be guarded by those soldiers _implicitActiveAgent extremely well]."	Matthew
Matthew 28:17	[When the followers/disciples saw Jesus,] the followers/disciples honored/worship Jesus. But some of the followers/disciples doubted [the man (implicit-situational) [that the followers/disciples saw] was Jesus].	Matthew
Daniel 3:13	Then Nebuchadnezzar became very angry. Nebuchadnezzar called Shadrach, Meshach, and Abednego. So some soldiers brought these three men to the king.	Daniel
Mark 2:10	But I(Jesus) will show you(people) [that the Son of Man has authority on the earth [so that the Son of Man could forgive sins]]." Then Jesus said to that man [who is not able [to move that man's legs]],	Mark
Joshua 15:25	And the tribe named Judah owned the towns named Hazor-Hadattah and Kerioth-Hezron.  (People called Kerioth-Hezron Hazor.)	Joshua
2 Samuel 23:6	But God will throw-away all evil people [just like farmers throw-away thorns].  People are not able [to pick up thorns with people's hands].	2_Samuel
1 Samuel 17:6	Goliath wore bronze armor on Goliath's legs. And Goliath had a small bronze spear [that hung on Goliath's back].	1_Samuel
Mark 8:1	(title) Jesus provides food for more than 4000 people. (paragraph) During those days [(implicit-situational) while Jesus was still in the region of the Decapolis], another big crowd gathered-C. And those people did not have food. So _implicit Jesus called Jesus's disciples. And Jesus said to those followers/disciples,	Mark
Nehemiah 7:9	372 men [that were from Shephatiah] returned.	Nehemiah
Genesis 22:15	Then the angel of Yahweh called Abraham again.	Genesis
Matthew 2:18	(paragraph) Jeremiah said, [" (literal) A voice is heard by people _implicitActiveAgent in Ramah named the town _implicit] ["(dynamic) People's voices are heard by people _implicitActiveAgent in Ramah named the town _implicit]. (literal) That voice is crying/weeping. (dynamic) Those people are crying/weeping. (literal) That voice is crying/mourning much . (dynamic) Those people are crying/mourning much. (literal) That voice is Rachel of the people/descendants _implicitType [who are crying/weeping because of the children of Rachel of the people/descendants _implicitType]. (dynamic) Rachel of the people/descendants _implicitType are crying/weeping because of the children of Rachel of the people/descendants _implicitType. Rachel of the people/descendants _implicitType refuse [to be comforted by people _implicitActiveAgent]. For the children of Rachel of the people/descendants _implicitType are dead . " (footnote) Rachel was a wife of Jacob [who was the father of the 12 tribes of Israel]. (footnote) You(people) (imp) see Jeremiah 31:15.	Matthew
Genesis 10:11	Then Nimrod went to Assyria. Nimrod built cities named Nineveh, Rehoboth-ir, and Calah.	Genesis
Matthew 10:38	(literal) A person [who does not carry that person's cross [in-order-to follow-B me(Jesus)]] does not deserve [to be my(Jesus's) follower/disciple]. (dynamic) A person [who is not ready [to suffer [because that person follows-B _routinely me(Jesus)]]] does not deserve [to be my(Jesus's) follower/disciple].	Matthew
Genesis 49:22	Joseph is like a vineyard.  People harvest much fruit from Joseph's vines.  Joseph is like a healthy vine.  Water [that comes from a spring] flows through this vineyard. Joseph's branches grow over the wall.	Genesis
Mark 9:34	But those followers/disciples did not say a thing-C [because those followers/disciples had argued-B with each-other(followers) [about which follower/disciple was the greatest follower/disciple]].	Mark
Nehemiah 11:29	En-Rimmon, Zorah, Jarmuth,	Nehemiah
Genesis 18:27	Then Abraham  said to Yahweh, ["[Although I(Abraham) am like dust and like ashes] I(Abraham) had courage [when I(Abraham) spoke to you(Yahweh)]]. So I(Abraham) will speak again.	Genesis
2 Samuel 2:15	Then the young men stood up. Abner chose 12 men [that  were soldiers for  Saul’s son named Ish-Bosheth]. And Joab chose 12 men [that were soldiers for David].	2_Samuel
Matthew 6:28	(paragraph) (rhetorical) Similarly, why do you(people) worry about clothes? (statement) Similarly, you(people) should not worry about clothes. You(people) (imp) think/consider about the flowers/lilies [that are growing in the fields]. Flowers/lilies do not work. And flowers/lilies do not make clothes for those flowers/lilies .	Matthew
1 Samuel 20:40	Then Jonathan gave Jonathan's bow and arrows to the boy. And Jonathan told the boy, ["You(boy) (imp) carry my(Jonathan’s) bow and my(Jonathan’s) arrows to the town]."	1_Samuel
Daniel 9:8	Lord, we(people) are ashamed [because we(people) did not do all the things [that you(Lord) said]]. Our(people's) kings, our(people's) princes, and our(people's) fathers are ashamed.	Daniel
Joshua 22:11	But the other Israelites heard [that those three tribes built that altar]. And the Israelites heard [that that altar was at Geliloth [which was on the western side of the Jordan River]].	Joshua
Acts 3:20	Then the Lord will cause [you(people) to breathe again]. And the Lord will send the Christ to you(people). God chose Jesus [Jesus to be the Christ].	Acts
2 Samuel 11:4	Then David sent messengers to Bathsheba. Those messengers brought Bathsheba to David. Then David sexed Bathsheba.  (Previously Bathsheba was menstruating.  But Bathsheba finished cleaning Bathsheba.)  Then Bathsheba returned to Bathsheba's house.	2_Samuel
1 Samuel 25:5	So David sent ten young men to Nabal. David told those men, ["You(men) (imp) go to Nabal [who is in Carmel]]. You(men) (imp) greet Nabal for me(David).	1_Samuel
1 Samuel 1:8	So Hannah's husband named Elkanah said to Hannah, [“Hannah, why are you(Hannah) crying?] Why do you(Hannah) not eat food? Why are you(Hannah) sad? I(Elkanah) love you(Hannah) more than 10 sons!”	1_Samuel
Genesis 47:11	Then Joseph obeyed the king. Joseph gave the best land [that was in Egypt] to Joseph's father and to Joseph's brothers.  This land was near the city named Rameses.	Genesis
1 Samuel 7:4	So the Israelites destroyed the Israelites’ idols of Baal and idols of Ashtoreth. And the Israelites served only Yahweh.	1_Samuel
Genesis 43:33	Joseph told [the brothers to sit at the table].  First Joseph told [the oldest brother to sit at the table].  Then Joseph told [the second brother to sit at the table].  Then Joseph told [the third brother to sit at the table].  Joseph told [each of the brothers to sit at the table].  Finally Joseph told [the youngest brother to sit at the table]. The brothers were amazed [that this Egyptian official knew the ages of the brothers].	Genesis
Genesis 5:15	Mahalalel had a son [when Mahalalel was 65 years old].  Mahalalel named this son Jared.	Genesis
Mark 14:66	(title) Peter says [Peter does not know-A Jesus]. (paragraph) [While Peter was still _implicit sitting in the yard/courtyard of the chief priest's house _implicit,] a girl [who was a servant of the chief priest] came to that yard/courtyard _implicit.	Mark
2 Samuel 19:25	Then Mephibosheth came from Jerusalem [in order to meet the king]. The king asked Mephibosheth, ["Mephibosheth, why did you(Mephibosheth) not go with me(David) [when (implicit-info) I(David) left Jerusalem]]?"	2_Samuel
Philemon 1:25	I(Paul) pray [that Jesus Christ [who is our(Paul's) Lord] will treat you(Philemon) kindly].	Philemon
Nehemiah 4:5	You(God) (imp) do not forgive those people. And you(God) (imp) do not forget the bad things [that those people did]. Those people insulted us(Nehemiah) in-front-of the people [who are building the wall]."	Nehemiah
Genesis 13:12	Abram lived in Canaan. But Lot lived near the cities [that are in the plain [where the Jordan is]]. This plain is very close to Sodom.	Genesis
Ruth 2:13	Then Ruth said to Boaz, ["My(Ruth’s) master/lord, I(Ruth) hope [that you(Boaz) will continue treating me(Ruth) very kindly]]. [Although I(Ruth) am not one of your(Boaz’s) servants] you(Boaz) comforted me(Ruth). And you(Boaz) spoke kindly to me(Ruth)."	Ruth
Genesis 29:33	Later Leah became pregnant again. and Leah birthed another son. Leah named this son Simeon. Leah said, ["Yahweh heard [that Jacob does not love me(Leah)]]. Therefore Yahweh gave this son to me(Leah)". -Footnote Simeon means [Yahweh heard].	Genesis
Nehemiah 12:14	Jonathan was the leader of the family of Malluk. Joseph was the leader of the family of Shekaniah.	Nehemiah
Nehemiah 13:30	So I(Nehemiah) caused [the priests and the men [that were in the tribe named Levi] to become clean again]. I(Nehemiah) separated the priests and the men [that were in the tribe named Levi] from all of the things [that came from other countries]. And I(Nehemiah) told [each priest and each man [that was in the tribe named Levi] to do certain things].	Nehemiah
Genesis 7:21	All the things [that  lived on the earth] died.  All the birds, all the animals [that  live on the earth], and all the people died.	Genesis
Matthew 5:22	But I(Jesus) tell you(people) [that a person [who is angry with a friend/brother-D or sister _Dimplicit ] will be judged by God _implicitActiveAgent] . Perhaps a person will say to a friend/brother-D or sister _Dimplicit , ["Raca _foreignLanguage!"] That person will be judged by the group of judges _implicitActiveAgent in the court. And Perhaps a person will say to a friend/brother-D or sister _Dimplicit, ["You(brother) are a stupid/foolish person!"] That person will be guilty [so that that person would deserve [to go into the fire of hell]]. (footnote) The Aramaic word Raca means a stupid person.	Matthew
Daniel 12:6	One of the angels spoke to the man [who was wearing the white clothes]. That man was above the river. The angel asked that man, ["How long will these extraordinary things happen]?"	Daniel
Genesis 14:20	And I(Melchizedek) praise God-Most-High [because God-Most-High helped [you(Abram) defeat your(Abram's) enemies]]."  Then Abram gave to Melchizedek .1 things [that Abram had brought from the battle].	Genesis
Joshua 8:28	So Joshua burned the city named Ai. Joshua completely destroyed all of the buildings [that were in that city].  Today no people are living in that place.	Joshua
Mark 5:24	So Jesus went with Jairus. (paragraph) A big crowd followed-A Jesus. And the people pushed against Jesus.	Mark
Nehemiah 7:50	The temple servants were also descendants of  Reaiah, Rezin, and Nekoda.	Nehemiah
Joshua 9:12	(imp) You(Joshua) look at our(men's) bread. [When we(men) left our(men's) houses] this bread was warm and good. But now this bread is dry and bad.	Joshua
Mark 2:17	(paragraph) [After Jesus heard the thing _implicit [that those people/scribes said],] Jesus said to those people/scribes, ["Healthy people _emphasized do not need a doctor ]. But sick people need a doctor. Similarly _implicit I(Jesus) did not come [in-order-to invite good/righteous people [(implicit-situational) good/righteous people to come to me(Jesus)]]. But I(Jesus) came [in-order-to invite people [who do bad _morally actions] [(implicit-situational) people [who do bad _morally actions] to come to me(Jesus)]]. "	Mark
Genesis 38:5	Later this girl birthed another son. and this girl named that son Shelah. This girl was in a town named Kezib [when this girl birthed Shelah].	Genesis
Matthew 7:1	(title) Jesus says [people should not judge other people]. (paragraph) You(people) (imp) do not judge other people _implicit [so that you(people) would not be judged by God _implicitActiveAgent].	Matthew
2 Samuel 3:6	(title) Abner decides [to help David].  The people [that followed David] continued fighting the people [that followed Saul].  Abner was the leader of the people [that followed Saul]. Many people followed Abner [whenever Abner fought David's soldiers].	2_Samuel
Nehemiah 13:25	I(Nehemiah) told/rebuked those men [that those men did a bad thing]. And I(Nehemiah) prayed [that God would punish those men]. I(Nehemiah) beat some of those men. And I(Nehemiah) pulled out some of those men's hairs. And I(Nehemiah) made [those men make a promise to God]. I(Nehemiah) said to those men, ["You(men) (imp) do not allow [your(men's) daughters to marry the sons of people [that come from other countries]]]. And you(men) (imp) do not allow [your(men's) sons to marry the daughters of people [that come from other countries]]. And you(men) (imp) do not marry those daughters.	Nehemiah
Genesis 41:36	You(king) should not allow [people to eat that food].  You(king) will need that food during the 7 bad years. [If you(king) keep that food] then the people [who live in Egypt] will not die during the 7 bad years."	Genesis
Daniel 1:15	After ten days the guard looked at these four young men. The faces of these four young men were more healthy than the faces of the other young men. And the bodies of these four young men were more healthy than the bodies of the other young men.	Daniel
Genesis 8:22	[While the earth exists] people will continue to plant crops. And people will continue to harvest crops. The weather will be cold. And the weather will be hot. and there will be summers.  And there will be winters. And there will be days. and there will be nights.	Genesis
Mark 7:32	Some people [(implicit-situational) who were in that place] brought to Jesus a man [who was not able [to hear sounds]] [and who was not able [to speak clearly]]. And those people asked/beg [Jesus to put Jesus's hand on that man [(implicit-situational) in-order-to heal that man]].	Mark
1 Samuel 22:7	Then Saul said to Saul's officers, ["Men [who are in the tribe named Benjamin], you(officers) (imp) listen to me(Saul)].  Are you(officers) following (implicit-info) David now? Will David give fields and vineyards to all of you(officers)? Will David promise [that all of you(officers) will become leaders of 1000 soldiers]?	1_Samuel
Matthew 20:31	_paragraph People [who were in the crowd] rebuked those men _dual. And those people told those men _dual [to become quiet]. But those men _dual started shouting more loudly, ["Lord-B, Son-of-David, you(Son-of-David) (imp) be kind/merciful to us(men)!"]	Matthew
Genesis 27:33	Then Isaac became very troubled. And the body of Isaac began to shake. and Isaac said to Esau, ["Then who brought food to me(Isaac) [before you(Esau) came into the tent of me(Isaac)]?] I(Isaac) ate that food. and I(Isaac) blessed that person. and God will certainly bless that person."	Genesis
Matthew 13:26	[When the wheat grew [so that the wheat had grains],] those plants/weeds also appeared-A.	Matthew
Genesis 48:9	Joseph answered Joseph's father, ["These 2 boys are my(Joseph's) sons [that God gave to me(Joseph) [while I(Joseph) lived here]]]." Then Jacob said, ["You(Joseph) (imp) bring your(Joseph's) 2 sons to me(Jacob) [so-that I(Jacob) could bless these 2 sons]]."	Genesis
