reference	verse	book
Matthew 12:45	The same thing _event will happen to this group/generation [if (implicit-situational) this group/generation does not change this group's/generation's thoughts and actions [so that those thoughts and actions please God]]	Matthew
Genesis 16:5	Then Sarai said to Abram, ["I(Sarai) blame you(Abram) [that my(Sarai's) servant is acting badly to me(Sarai)]].  I(Sarai) allowed [you(Abram) to sex my(Sarai's) servant].  [When my(Sarai's) servant became pregnant] my(Sarai's) servant began to act badly to me(Sarai). I(Sarai) pray to Yahweh [that Yahweh will punish you(Abram)!]"	Genesis
Daniel 11:41	The king of the north region will also attack the Beautiful Land. That king will defeat many countries. But that king will not defeat Edom and Moab. Also the leaders of Ammon will escape from this king.	Daniel
1 Samuel 19:9	But an evil spirit [that came from Yahweh] entered Saul again. At that time Saul was sitting in Saul's house. And Saul was holding a spear. David was playing a harp.	1_Samuel
2 Samuel 7:29	Please (imp) you(Yahweh) bless my(David's) family. (imp) You(Yahweh) allow [my(David's) family to serve you(Yahweh) forever]. Yahweh-Almighty, you(Yahweh) said these wonderful things. (imp) You(Yahweh) bless my(David's) family forever."	2_Samuel
Genesis 16:9	Yahweh spoke to Hagar through the angel. The angel said to Hagar, ["You(Hagar) (imp) return to your(Hagar's) master named Sarai]. and you(Hagar) (imp) obey Sarai."	Genesis
2 Samuel 2:14	Then Abner said to Joab, ["Let us(Abner) choose some young men [that will fight each-other(men)]].  Those men will fight each-other(men) in front of us(Abner)." Joab said, ["Ok]. We(Joab) will let [the men [who are the best soldiers]  fight each-other(men)]."	2_Samuel
2 Samuel 21:20	Later the Israelites fought the Philistines at Gath. A very large man was at Gath. That man had 6 fingers on each hand. And that man had 6 toes on each foot. That man also was one of Rapha’s descendants.	2_Samuel
Acts 15:33	[After Judas and Silas stayed in Antioch for some time], the people [who believe in Jesus] prayed to God [in order to ask God to help Judas and Silas [while Judas and Silas traveled]]. Then the people [who believe in Jesus] sent Judas and Silas to Jerusalem. So Judas and Silas began to return to the leaders [who were in Jerusalem] [and who had sent Judas and Silas to Antioch].	Acts
Genesis 11:30	Sarai was not able [to have children].	Genesis
Matthew 22:4	_paragraph Then that king sent more servants-B. And that king said to those servants-B, ["You(servants) (imp) tell the people [whom I(king) have invited to the meal/feast _implicit] [that I(king) have prepared my(king's) meal/feast]]. My(king's) cow [that people use [in order to do work]] and my(king's) fat cattle were killed/slaughter by my(king's) servants-B _implicitActiveAgent. And all things-A are prepared-B by my(king's) servants-B _implicitActiveAgent. You(people) (imp) come to the meal/feast!"	Matthew
Genesis 11:20	[When Reu was 32 years old] Reu had a son named Serug.	Genesis
Genesis 23:19	Later Abraham buried Abraham's wife named Sarah in the cave [that is in that field]. That field was in Machpelah [which is near Mamre]. -Footnote Later people in Canaan called Mamre Hebron.	Genesis
Genesis 32:12	You(God) said to me(Jacob), [“I(God) will treat you(Jacob) kindly.] The number of your(Jacob's) descendants will be like the number of the pieces of sand [that are near the sea]. You(Jacob) will not be able [to count your(Jacob's) descendants]"".	Genesis
Matthew 6:10	(complex) We(people) pray-hope [your(Father’s) kingdom-B come]. (simple) We(people) pray-hope [you(Father) rule us(people)]. We(people) pray-hope [the things [that you(Father) want [to happen]] be done by people _implicitActiveAgent also on earth] [just-like the things [that you(Father) want [to happen]] happen in heaven] .	Matthew
Esther 2:19	One day the king's servants called all the women [that did not sex a man]. At that time Mordecai was sitting near the palace's gate.	Esther
Matthew 16:10	(norhetorical) And do you(followers) remember the 7 pieces/loaves of bread _implicit [that were given by me(Jesus) _implicitActiveAgent to 4000 people]? (statement) You(followers) should remember the 7 pieces/loaves of bread _implicit [that were given by me(Jesus) _implicitActiveAgent to 4000 people]. (norhetorical) And do you(followers) remember the number of baskets [that you(followers) filled with bread _implicit [that (implicit-situational) people did not eat]] ? (statement) And you(followers) should remember the number of baskets [that you(followers) filled with bread _implicit [that (implicit-situational) people did not eat]].	Matthew
Acts 21:15	Then we(disciples) prepared [to travel to Jerusalem].	Acts
Matthew 23:13	(title) Jesus tells the people [who teach the religious laws] and the Pharisees 7 times [that those people _DifferentNounIndex will much suffer]. _paragraph People [who teach the religious laws] and Pharisees, people [who pretend [to be good/righteous]], you(scribes) will much suffer! (complex) (literal) You(scribes) close the door of the kingdom-B of heaven in front of people _generic. (complex) (dynamic) The things [that you(scribes) teach to people _genericImplicit] prevent [people from entering the kingdom-B of heaven] [just-like a person prevents [another person from entering a room [by closing the door]]]. (simple) (literal) You(scribes) close the door [so that people are not able [to become God's children]]. (simple) (dynamic) The things [that you(scribes) teach to people _genericImplicit] prevent [people from being ruled by God] [just-like a person prevents [another person from entering a room [by closing the door]]]. (complex) You(scribes) do not enter the kingdom-B of heaven. (simple) You(scribes) do not let [God rule you(scribes)]. (complex) And you(scribes) do not let [the people [who are trying [to enter the kingdom-B of heaven _implicit]] enter the kingdom-B of heaven _implicit]. (simple) And you(scribes) do not let [the people [who try [to be ruled by God]] be ruled by God].	Matthew
Genesis 1:25	God created all the wild animals, all the livestock and all the small animals.  Each animal was able to birth children.  Parents and children were always the same kind of animal.  God saw all these animals. And these animals were good.	Genesis
Mark 14:28	But [after I(Jesus) become alive again,] I(Jesus) will go to Galilee [before you(followers) go to Galilee]. (implicit-situational) And you(followers) will see me(Jesus) at that place again."	Mark
Joshua 15:1	(title) Joshua gives land to the tribe named Judah. The leaders of the tribe named Judah divided the land [that Joshua gave to that tribe]. Those leaders gave land to each group of families. That land included desert-Zin [which was in the southern region].  desert-Zin was near the border of Edom.	Joshua
2 Samuel 7:23	We(Israelites)  are your(Yahweh’s) people. And you(Yahweh) treat us(Israelites) more kindly [than all of the other countries [that are on the earth]]. We(Israelites) are the only people [that you(Yahweh) chose [in order to become your(Yahweh’s) people]]. You(Yahweh) (implicit-info) did not choose other people. You(Yahweh) treat us(Israelites) kindly [so that other people could know your(Yahweh's) name]. And you(Yahweh) did great miracles for us(Israelites). [When we(Israelites) came to this land] you(Yahweh) went in front of us(Israelites). And you(Yahweh) forced [the other nations to leave this land]. You(Yahweh) also forced [those nations' gods to leave this land]. And you(Yahweh) saved/rescued us(Israelites) [when we(Yahweh) were slaves in Egypt].	2_Samuel
Mark 14:29	(paragraph) But Peter said to Jesus, ["[Even-if all of these other _implicit followers/disciples leave/abandon you(Jesus),] I(Peter) will never leave/abandon you(Jesus)"].	Mark
Nehemiah 11:6	468 brave men [who were people/descendants of Perez] lived in Jerusalem.	Nehemiah
Genesis 48:15	Then Jacob blessed Joseph. Jacob said, ["My(Jacob's) ancestors named Abraham and named Isaac served our(Jacob's) God.] [While I(Jacob) lived] God led me(Jacob) [just-like a shepherd leads sheep].	Genesis
Genesis 29:12	Jacob told Rachel [that Jacob was a relative of Rachel's father] [and that Jacob was the son of Rebekah]. So Rachel ran to Rachel's house. and Rachel told Rachel's father about Jacob.	Genesis
1 Samuel 4:2	[After the Philistines and the Israelites started fighting] the Philistines killed about 4000 Israelite soldiers. So the Philistines defeated the Israelites.	1_Samuel
Genesis 30:43	Thus Jacob became very rich. Jacob had many sheep, many goats, male servants, female servants, camels, and donkeys.	Genesis
Nahum 2:12	The lion killed many animals [so that the lion's children could eat those animals]. And the lion killed many animals [in order to feed the lion's female lion]. The lion filled the lion's house with the animals [that the lion killed]. The lion brought the animals [that the lion caught] to the lion's house.	Nahum
1 Samuel 8:12	The king will choose/appoint certain sons [to lead 1000 men].  And other sons will lead 50 men. The king will force [certain sons to plow the king's fields]. And the king will force [other sons to harvest the king's crops]. And the king will force [other sons to make weapons and chariots].	1_Samuel
Genesis 9:24	Noah was sleeping [because Noah was drunk]. [After Noah wake-up] Noah find-out [that Noah's youngest son looked at Noah [while Noah was not wearing clothes]].	Genesis
Genesis 33:9	But Esau said, ["My(Esau's) brother, I(Esau) already have enough animals.] You(Jacob) (imp) keep those animals".	Genesis
Joshua 6:19	All of the silver, all of the gold, all of the bronze, and all of the iron belong to Yahweh. We(Israelites) must give all of those things to Yahweh."	Joshua
1 Samuel 23:16	But Saul’s son named Jonathan went to David.  And Jonathan helped [David trust in God]. And Jonathan encouraged David.	1_Samuel
2 Samuel 24:15	So Yahweh caused [many people to become sick in Israel]. People started becoming sick in that morning. And people continued becoming sick for 3 days. And 70000 people [that were living in Israel] died.	2_Samuel
Joshua 10:14	The sun did not stop moving in the sky before that day or after that day. Yahweh listened to a man on that day. Yahweh was definitely fighting for Israel!	Joshua
Nehemiah 12:6	Shemaiah, Joiarib, Jedaiah,	Nehemiah
Genesis 37:28	So [after those people arrived at the well] the brothers pulled out Joseph from the well. and the brothers sold Joseph to those people for silver -quantity 225 grams. Then those people took Joseph to Egypt.	Genesis
Joshua 14:7	[When I(Caleb) was 40 years old] Moses sent [me(Caleb) to look at this land]. [After I(Caleb) returned to Moses] I(Caleb) told Moses about this land.	Joshua
1 Samuel 23:21	Then Saul said to those people, ["I(Saul) hope [that Yahweh will bless you(people)] [because you(people) helped me(Saul)]].	1_Samuel
Genesis 26:14	[Because Isaac owned many slaves and many animals] the Philistines were jealous of Isaac.	Genesis
Joshua 2:21	Rahab answered, ["I(Rahab) will obey you(men/spies)."]  Then the 2 men/spies left. And Rahab put the red rope in Rahab's window.	Joshua
1 Samuel 15:11	Yahweh said, ["Saul stopped obeying me(Yahweh)].  So I(Yahweh) regret [that I(Yahweh) chose/appointed [Saul to become Israel's king]]. Saul does not obey my(Yahweh's) instructions." Then Samuel became angry. And Samuel cried out to Yahweh during the night.	1_Samuel
1 Samuel 16:11	Then Samuel asked Jesse, ["Do you(Jesse) have another son]?" Jesse answered, ["My(Jesse’s) youngest son is taking care of my(Jesse’s) sheep]."  So Samuel said, ["You(Jesse) (imp) bring that son to me(Samuel)]. We(Samuel) will not eat [until that son arrives]."	1_Samuel
2 Samuel 19:7	Now (imp) you(David) go outside. And (imp) you(David) encourage your(David's) soldiers. [If you(David) do not go to those people now] then all of those people will leave you(David) today.  Then you(David) will have a very big problem."	2_Samuel
1 Samuel 30:29	And David sent things to the leaders [who were in Rakal]. And David also sent things to the leaders of the towns [that the Jerahmeelites and the Kenites were living in].	1_Samuel
Mark 4:27	[While that man slept at night] [and while that man was awake _LDV during the day] those seeds became plants. And those plants grew. But that man did not know-how [those plants grew].	Mark
2 Samuel 22:22	I(David) obeyed the commands of Yahweh.And I(David) did not leave my(David's) God.	2_Samuel
Esther 3:10	The king agreed with Haman. The name of Haman's father was Hammedatha [who was an Agagite]. Then the king gave the king's ring to Haman [so that Haman could write a new law]. Haman was the Jews' enemy.	Esther
Matthew 14:17	_paragraph Those followers/disciples said to Jesus _implicit, ["We(followers) have only 5 pieces/loaves of bread and 2 fish."]	Matthew
Mark 8:25	(paragraph) Jesus put Jesus's hands on that man's eyes again. Then that man looked/stared hard. And that man's eyes were repaired/restored by Jesus _implicitActiveAgent. That man was able [to see all things clearly].	Mark
Genesis 44:32	I(Judah) promised my(Judah's) father [that this young boy will return to my(Judah's) father safely]. I(Judah) said to my(Judah's) father, ["[If I(Judah) do not bring Benjamin to you(Jacob)] you(Jacob) may blame me(Judah)."]	Genesis
Acts 16:27	Then the chief guard of the prison awoke. And the chief guard of the prison saw [that the prison's doors were open]. The chief guard of the prison thought [that the prisoners had already escaped]. So the chief guard of the prison picked up  the chief guard of the prison’s sword. And the chief guard of the prison was ready to kill the chief guard of the prison.	Acts
Genesis 39:16	Potiphar's wife held Joseph's coat [until Potiphar returned to the house].	Genesis
Mark 9:18	[Whenever that spirit attacks-C my(man's) son,] that spirit causes [my(man's) son to fall to the ground _implicit]. Saliva/foam come-out from my(man's) son's mouth. And my(man's) son rubs my(man's) son's top teeth against my(man's) son's bottom teeth hard . Then my(man's) son is not able [to move my(man's) son's body] . I(man) asked your(Jesus's) followers/disciples [your(Jesus's) followers/disciples to force [that evil/unclean _implicit spirit to leave my(man's) son]]. But those followers/disciples were not able [to do that thing]."	Mark
Esther 1:18	Today the important women [that live in Persia and in Media] will hear about the things [that the queen did]. Then those women will not do all the things [that the officials say]. Many women will not do all the things [that the women's husbands say]. And many men will become very angry.	Esther
1 Samuel 1:26	Hannah said to Eli, ["My(Hannah's) master, I(Hannah) am the woman [who stood beside you(Eli)]].  And you(Eli) saw [me(Hannah) praying to Yahweh].	1_Samuel
Matthew 1:21	Mary will birth a son. And you(Joseph) should name that son Jesus. For that son will save-A that son’s people from those people’s bad _morally actions."	Matthew
Genesis 22:12	The angel said to Abraham, ["You(Abraham) (imp) do not kill your(Abraham's) son.]  You(Abraham) (imp) do not hurt your(Abraham's) son. Now I(Yahweh) know [that you(Abraham) respect me(God)]. and I(Yahweh) know [that you(Abraham) were willing [to give your(Abraham's) only son to me(Yahweh)]]."	Genesis
Joshua 6:11	So Joshua ordered [the priests to carry the ark-of-the-covenant around the city -iteration one time]. Then the people returned to the people's tents [in-order-to sleep during the night].	Joshua
Genesis 30:17	Then God answered Leah's prayer. and Leah became pregnant again. Leah birthed a fifth son.	Genesis
Nehemiah 5:18	On each day my(Nehemiah’s) servants cooked one cow, six very good sheep, and some birds for me(Nehemiah). On each tenth day my(Nehemiah's) servants brought much wine. My(Nehemiah's) servants brought many kinds of wine. But I(Nehemiah) did not ask/demand [that the people give that food to me(Nehemiah)] [because the people were paying too much taxes].	Nehemiah
1 Samuel 6:16	The five rulers of the Philistines watched [the Israelites doing those things]. Then those rulers returned to Ekron on that day.	1_Samuel
2 Samuel 18:25	So that guard shouted to King David.  And that guard told David about the man[who was running toward the city alone].The king said, ["[If that man is alone] then that man will tell good news to me(David).]"That man continued running toward the city.	2_Samuel
Genesis 43:22	We(brothers) also brought more money [in-order-to pay for the food [that we(brothers) want [to buy today]]]. We(brothers) do not know [which person put that money in our(brothers') bags]."	Genesis
Mark 14:68	(paragraph) But Peter said [that thing-C _implicitNecessary [(implicit-situational) that the girl said] was not true]. Peter said, ["I(Peter) do not know-D about the thing [that you(girl) are talking about]]. And I(Peter) do not understand the thing [that you(girl) are talking about]." Then Peter went to the entrance of the yard/courtyard _implicit. (footnote) Some manuscripts _copyinLDV of this part of the Scriptures say, ["Then Peter went to the entrance of the yard/courtyard _implicit]. And a male chicken shouted."	Mark
2 Samuel 11:24	Then soldiers [that were standing on the wall of the city] shot arrows at your(David's) servants. Those arrows killed several of your(king's) soldiers.  And your(David's) servant named Uriah is dead."	2_Samuel
Daniel 6:11	[After the king wrote the king's name on the new law] the officials [who were jealous of Daniel] went to Daniel's house. The officials saw [Daniel praying]. And the officials heard [Daniel asking [God to help people]].	Daniel
Genesis 31:2	And Jacob notice [that Laban stopped treating Jacob kindly].	Genesis
1 Samuel 17:4	A soldier named Goliath was in the Philistines' army. Goliath fought very well. Previously Goliath (implicit-info) killed many soldiers. And Goliath was from Gath. Goliath was about 3 meters tall. [While the two armies were preparing to fight] Goliath started walking toward the Israelites' camp.	1_Samuel
Genesis 31:16	God take-away this money and all the animals from our(Rachel's) father. That money and those animals belong to us(Rachel) and to our(Rachel's) children now. So you(Jacob) (imp) obey God [by you(Jacob) taking us(Rachel) to your(Jacob's) house [that is in Canaan]]."	Genesis
Mark 6:16	(paragraph) But [after Herod heard these things-C _implicitNecessary,] Herod said, [" (implicit-situational) This man is John]. I(Herod) of a soldier _metonymyImplicitType killed John [by cut-off John's head]. But _implicit John became alive again !"	Mark
Daniel 3:28	Then Nebuchadnezzar said, ["Shadrach, Meshach, and Abednego honor the true God]. All people must honor the God of Shadrach, Meshach, and Abednego. God sent an angel [in order to save these men [that serve God]]. These men trusted God. And these men did not do all the things [that I(king) said]. These men were willing [to die] [in order to honor the God of these men]. These men do not honor other gods.	Daniel
Acts 18:22	And Paul arrived at the city named Caesarea. Then Paul traveled to Jerusalem [in order to greet the people [who belonged to the church at that place]]. Then Paul traveled to the city named Antioch.	Acts
Genesis 38:12	Judah's wife [who was the daughter of Shua] died many years Later. [After Judah finished mourning Judah's wife] Judah went to a city named Timnah [where Judah's men were cutting the hair from Judah's sheep]. Judah's friend named Hirah [who lived in Adullam] went with Judah to Timnah.	Genesis
2 Samuel 2:22	So Abner again said to Asahel, ["You(Asahel) (imp) stop chasing me(Abner)!] [If you(Asahel) continue chasing me(Abner)]  I(Abner) will kill you(Asahel). Then your(Asahel's) brother named Joab will be angry at me(Abner)!"	2_Samuel
Nehemiah 11:36	Some groups of people [who were in the tribe named Levi] [and who were from Judah] lived in the land [that the tribe named Benjamin owned].	Nehemiah
Nehemiah 2:11	Nehemiah (title) looks at/inspects/examines the walls of Jerusalem.  I(Nehemiah) went to Jerusalem. And I(Nehemiah) stayed in Jerusalem for three days.	Nehemiah
Matthew 22:10	So those servants-B went on the streets. And those servants-B gathered all of the people [whom those servants-B found]. Those servants-B gathered evil people and good people. And the room [where the meal/feast was] became full because of the many _implicit guests.	Matthew
Genesis 49:30	That cave is in a field [that belonged to Machpelah].  That field is in eastern Mamre [which is in Canaan]. Abraham bought that field and that cave from Ephron [so that people could bury the bodies of Abraham's descendants in that cave].	Genesis
Mark 6:34	[When Jesus went onto land,] Jesus saw a big crowd of people. And Jesus pitied those people [because those people were like sheep [that did not have a person [who cared for those sheep]]]. So Jesus started teaching-B to those people many things-C.	Mark
2 Samuel 13:39	[After King David stopped crying/mourning for Amnon], David wanted [to go to Absalom]. David (implicit-info) missed Absalom much.	2_Samuel
Matthew 13:46	[When that person/merchant found a jewelry/pearl [that is very valuable],] that man left. And that man sold all the things [that that man owned] [in order to buy that jewelry/pearl].	Matthew
1 Samuel 6:6	You(Philistines) (imp) do not be stubborn [like the Egyptians and the king of Egypt were stubborn]. Israel’s god punished those Egyptians much. Then the Egyptians told [the Israelites to leave Egypt].	1_Samuel
Genesis 26:3	You(Isaac) (imp) stay in this place. Then I(Yahweh) will be with you(Isaac).  And I(Yahweh) will bless you(Isaac). I(Yahweh) will give all this land to you(Isaac) and to the descendants of you(Isaac). and I(Yahweh) will do all the things [that I(Yahweh) promised the father of you(Isaac) [that I(Yahweh) will do the things]].	Genesis
Matthew 21:18	(title) Jesus causes [bad things to happen to a tree-fig]. _paragraph Early in the morning of the next day _implicit, [while Jesus and Jesus's followers/disciples _implicit were returning to the city _frameInferable,] Jesus became hungry.	Matthew
Joshua 15:38	And the tribe named Judah owned the towns named Dilean, Mizpah, and Joktheel.	Joshua
Mark 6:5	Jesus was not able-B [to do actions through God's power] in that place [(implicit-situational) because those people did not believe in Jesus]. But Jesus was able-B [to put Jesus's hands on sick people _paucal ]. And Jesus caused [those people to become healthy].	Mark
Acts 15:11	We (apostles) believe [that God will save us (Jews) through the kindness of Jesus Christ]. And God will save these people [who believe in Jesus] [and who are not Jews] in the same way."]	Acts
Esther 5:6	[While the king and Haman were drinking wine] the king said to Esther, ["What do you(Esther) want?] I(king) will give all of the things [that you(Esther) want] to you(Esther). I(king) will give half of my(king's) kingdom to you(Esther)."	Esther
Matthew 1:9	Uzziah became the father of Jotham. Jotham became the father of Ahaz. And Ahaz became the father of Hezekiah.	Matthew
Genesis 50:7	So Joseph went to Canaan [in-order-to bury Joseph's father's body.] The king's officers and all the important people [that lived in Egypt] went to Canaan with Joseph.	Genesis
Genesis 12:1	-Title God blesses Abram. One day Yahweh said to Abram, ["You(Abram) (imp) leave your(Abram's) country, your(Abram's) relatives, and your(Abram's) father's family]. and you(Abram) (imp) go to a place [that I(Yahweh) will show to you(Abram)].	Genesis
Joshua 15:60	Yahweh also gave the towns named Kiriath-Baal and Rabbah to the tribe named Judah. ( People called Kiriath-Baal Kiriath-Jearim. ) Therefore the tribe named Judah owned 2 towns [that were in that region].  And the tribe named Judah also owned the villages [that were near those towns].	Joshua
Mark 14:47	But a certain man [who was at that place] pull-out that man's sword. And that man hit-A the chief priest's servant/slave with that sword _implicit. And that man cut-off that servant's/slave ear.	Mark
1 Samuel 16:21	So David came to Saul.  Then David began serving Saul. Saul liked David very much. And David became one of the men [who carried Saul’s shield/armor].	1_Samuel
Joshua 8:1	The (title) Israelites destroy Ai.  Then Yahweh said to Joshua, ["(imp) You(Joshua) do not be afraid]. (imp) You(Joshua) lead all of your(Joshua's) soldiers to Ai. And (imp) you(Joshua) attack Ai.  I(Yahweh) will help [you(Israelites) defeat the king of Ai]. I(Yahweh) will give the king's people, the king's city, and the king's land to you(Israelites).	Joshua
Nehemiah 8:8	Those men [that were in the tribe named Levi] read God’s Book-of-the-Law to those people. And those men explained those laws to those people [so that those people understood the laws [that those men read]].	Nehemiah
Joshua 19:23	So Yahweh gave towns and villages to the people [who were in the tribe named Issachar]. Each group of families [that were in that tribe] received land.	Joshua
Genesis 21:24	Then Abraham said, ["I(Abraham) promise you(Abimelech) [that I(Abraham) will treat you(Abimelech) kindly]"].	Genesis
Daniel 12:12	The people [who are patient for 1335 days] will be happy forever.	Daniel
Matthew 10:33	But [if a person says [that person does not follow _routinely me(Jesus)] in-front-of other people,] I(Jesus) will also say [that person does not follow _routinely me(Jesus)] in-front-of my(Jesus’s) Father [ _descriptive who is in heaven].	Matthew
Daniel 2:3	The king said to these men, ["Tonight I(king) dreamed]. I(king) worry about this dream now. Therefore I(king) want [to know the meaning of this dream]."	Daniel
Joshua 2:17	Then those 2 men said to Rahab, ["We(men) will not keep the promise [that we(men) made to you(Rahab)] [unless you(Rahab) do these things]].	Joshua
Acts 1:8	But the Holy Spirit will come to you(apostles).  And the Holy Spirit will give power to you(apostles).  You(apostles) will tell people about me(Jesus).  You(apostles) will tell all the people [who live in Jerusalem], all the people [who live in Judea], all the people [who live in Samaria], and all the people [who live on the earth] about me(Jesus)."	Acts
Genesis 46:19	Jacob's wife named Rachel had sons named Joseph and named Benjamin.	Genesis
2 Samuel 23:4	That person is like the light [when the sun rises][and when there are not clouds in the sky].That person is like bright light[after the weather is rain]. That rain causes [grass to grow from the ground].	2_Samuel
Mark 11:12	(title) Jesus causes [bad things to happen to a tree-fig]. (paragraph) On-E the next day, [while Jesus and those followers/disciples were leaving Bethany,] Jesus became hungry.	Mark
Matthew 23:33	_paragraph (rhetorical) You(scribes), snakes, group of poisonous snakes, how will you(scribes) avoid [God deciding to punish you(scribes)]? (statement) You(scribes), snakes, group of poisonous snakes, you(scribes) will not be able [to avoid [God deciding to punish you(scribes)]].	Matthew
2 Samuel 11:11	Uriah said to David, ["The Ark of the Covenant is in a tent]. And the soldiers of Israel and the soldiers of Judah are sleeping in tents. My(Uriah's) captain named Joab and Joab's soldiers are sleeping in fields. I(Uriah) will not go to my(Uriah's) house. And I(Uriah) will not eat food at my(Uriah's) house. And I(Uriah) will not drink wine at my(Uriah's) house. And I(Uriah) will not sex my(Uriah's) wife. I(Uriah) certainly will not do those things!"	2_Samuel
Matthew 22:9	So you(servants) (imp) go to the corners of the big _Implicit streets. And you(servants) (imp) invite to the meal/feast _implicit all the people [that you(servants) will find]."	Matthew
Mark 6:22	[(implicit-situational) While the people _frameInferable were eating the meal,] Herodias's daughter came into the room _implicitNecessaryFrameInferable. And [when Herodias's daughter danced,] Herodias's daughter pleased Herod and Herod's guests. (paragraph) The king said to the girl _frameInferable, ["You(girl) ask-B a thing [that you(girl) want] to me(king)]. And I(king) will give that thing to you(girl)."	Mark
Mark 8:30	(paragraph) Then Jesus warned Jesus's followers/disciples [Jesus's followers/disciples not to tell people _generic about Jesus].	Mark
Mark 11:7	Those followers/disciples _dual brought-C that horse/donkey to Jesus. And those followers/disciples _dual put those followers'/disciples' coats/cloaks _dual on that horse/donkey. And Jesus sat on that horse/donkey.	Mark
Genesis 25:33	But Jacob said, ["You(Esau) (imp) promise me(Jacob) [that you(Esau) will allow [me(Jacob) to inherit all the things of the father of us(Jacob)]]”]. So Esau promised Jacob [that Jacob would inherit the things of the father of Jacob].	Genesis
Genesis 22:14	So Abraham named that place [Yahweh gives the things [that I(Abraham) need] to me(Abraham)]. Today people still say, ["Yahweh will give the things [that I(people) need] to me(people) on the mountain."]	Genesis
Genesis 20:11	Then Abraham answered Abimelech, ["I(Abraham) thought [the people [who live in this place] did not respect God]].  I(Abraham) thought [a person will kill me(Abraham) [in-order-to marry Sarah]].	Genesis
Daniel 3:26	King Nebuchadnezzar walked toward the extremely hot fire. Then Nebuchadnezzar shouted, ["Shadrach, Meshach, and Abednego, you(men) (imp) come out from the fire]. You(men) are servants of the greatest God." So Shadrach, Meshach, and Abednego came out from the fire.	Daniel
1 Samuel 16:7	But Yahweh said to Samuel, ["You(Samuel) (imp) do not look at Eliab’s face or Eliab’s height]. [Although Eliab is handsome and tall] I(Yahweh) did not choose Eliab [to become the new king].  Yahweh does not look at the things [that people look at]. People look at the outside of a person. But Yahweh looks at the heart of a person."	1_Samuel
Genesis 6:9	-Title God saves Noah from the flood.  This story is about Noah.  Noah was a good man.  Noah was the most righteous person on the earth.  Noah regularly walked with God.	Genesis
Mark 15:38	(paragraph) Then the curtain of the temple was torn by God _implicitActiveAgent into 2 pieces. The curtain tore from the curtain's _implicit top to the curtain's _implicit bottom.	Mark
Matthew 5:47	(rhetorical) And [if you(people) greet only your(people's) friends/brothers-D and sisters _Dimplicit ,] what thing [that other people do not do] do you(people) do ? (statement) And [if you(people) greet only your(people's) friends/brothers-D and sisters _Dimplicit,] you(people) do the same thing [that other people do ]. _yesrhetorical (literal) Do even gentiles greet gentiles's friends? _yesrhetorical (dynamic) Do even bad _morally people greet bad _morally people's friends? (statement) (literal) Even gentiles greet gentiles's friends. (statement) (dynamic) Even bad _morally people greet bad _morally people's friends.	Matthew
Genesis 14:6	Kedorlaomer and the other 3 kings also defeated the Horite [who lived in the mountains of Edom]. These kings defeated all the people [who lived in that region].  These kings even went to a city named El-Paran [which is near the desert].	Genesis
Jonah 3:2	Yahweh said, ["You(Jonah) (imp) go to the great city named Nineveh]. And you(Jonah) (imp) tell/preach to the people [who are living in Nineveh] the message [that I(Yahweh) will tell to you(Jonah)]."	Jonah
2 Samuel 13:38	[After Absalom run-away/fled to Geshur] Absalom stayed at that place for 3 years.	2_Samuel
2 Samuel 13:5	Jonadab said to Amnon, ["(imp) You(Amnon) go.]  And (imp) you(Amnon) lay down on your(Amnon's) bed. (imp) You(Amnon) pretend [that you(Amnon) are sick]. Then your(Amnon's) father will come to you(Amnon).  Then (imp) you(Amnon) say to your(Amnon's) father, ["I(Amnon) want [my(Amnon's) sister named Tamar to come to me(Amnon)].]  And I(Amnon) want [Tamar to give food to me(Amnon)]. You(father) let [Tamar prepare the food in front of me(Amnon)] [so that I(Amnon) could watch Tamar]. Then Tamar will feed that food to me(Amnon).""	2_Samuel
Nehemiah 4:7	But then Sanballat, Tobiah, the people [that were from Arabia], the people [that were from Ammon], and the people [that were from Ashdod] heard [that we(Nehemiah) were continuing to build the wall]. And Sanballat, Tobiah, and those other people heard that [we(Nehemiah) were repairing the wall at places [that holes were in the wall at]]. Then Sanballat, Tobiah, and those other people became very angry.	Nehemiah
Matthew 19:15	[After Jesus put Jesus's hands on those children,] Jesus left that place.	Matthew
Genesis 42:8	[Although Joseph recognized Joseph's brothers] Joseph's brothers did not recognize Joseph.	Genesis
Mark 4:7	Other seeds fell among plants [that had sharp points]. Those plants [that had sharp points] grew. And those plants surrounded the plants [that grew from those seeds [(implicit-situational) that that farmer planted]]. So the plants [that grew from those seeds] were not able [to make new seeds].	Mark
Joshua 1:13	Joshua said to those people, ["(imp) You(people) remember the command [that Moses said to you(people)]]. Moses served Yahweh. And Moses said, ["Your(people's) God named Yahweh will cause [you(people) to rest]]. And Yahweh will give this land to you(people)".	Joshua
Genesis 41:47	During the 7 good years the crops [that were in Egypt] grew well.	Genesis
Nehemiah 2:12	Then I(Nehemiah) and a few people went out of the city during the night. I(Nehemiah) did not tell people about the things [that I(Nehemiah) wanted [to do for Jerusalem]].  I(Nehemiah) rode an animal. But the other people [that came with me(Nehemiah)] did not ride animals.	Nehemiah
Matthew 28:15	So the soldiers took the money [that (implicit-situational) those chief priests and those old leaders gave to those soldiers]. And those soldiers told-D to people _implicit the things-C [that those old leaders and those chief priests told/instruct [those soldiers to say]]. Then this false _implicit story-B [that (implicit-situational) the soldiers told] was told by many Jews _implicitActiveAgent among the Jews since that time.	Matthew
Matthew 10:26	_paragraph So you(people) (imp) do not be afraid of those people [who (implicit-situational) do not treat you(people) well]. For all the things [that are hidden by people _implicitActiveAgent] will be find-out by God _implicitActiveAgent. And all the things [that are hidden by people _implicitActiveAgent] will be shown to people _implicit by God _implicitActiveAgent.	Matthew
Acts 15:8	God caused [the Holy Spirit to live inside people [who are not Jews] just like God caused [the Holy Spirit to live inside us(Jewish believers)]. When God did that, God showed that God [who even knows all the things [that people think about],] accepts even these people [who are not Jews].	Acts
Joshua 10:38	Then Joshua and the Israelites went to Debir.  And Joshua and the Israelites attacked that city.	Joshua
Genesis 44:25	Later our(Judah's) father said to us(Judah), ["You(Judah) (imp) return to Egypt]. and you(Judah) (imp) buy more food."	Genesis
Genesis 24:45	"[Before I(servant) finished praying to Yahweh] Rebekah come-out from the city. Rebekah was carrying a jar on Rebekah's shoulder. Rebekah walked to the spring. Then Rebekah filled the jar with water. and I(servant) said to Rebekah, ["Please you(Rebekah) (imp) give water [that is in your(Rebekah's) jar] to me(servant)."]	Genesis
2 Samuel 5:23	Then David prayed to Yahweh again.  Yahweh told David, ["(imp) You(David) do not go toward the Philistines]. But (imp) you(David) go around the Philistines. (imp) You(David) take your(David's) army to some trees [that are behind the Philistines]. Then you(David) (imp) attack the Philistines in front of  those trees.	2_Samuel
Genesis 34:4	And Shechem brought Dinah to the house of Shechem.  [After Shechem returned to the house of Shechem] Shechem said to the father of Shechem named Hamor, ["Please you(Hamor) (imp) talk to the father of Dinah [so-that I(Shechem) could marry Dinah]"].	Genesis
Jonah 2:5	I(Jonah) was dying in the water. The deep water surrounded me(Jonah). And weeds were around my(Jonah’s) head.	Jonah
2 Samuel 2:1	(title) David becomes the king of Judah. [After Saul and Jonathan died] David prayed to Yahweh. David asked Yahweh, ["Should I(David) go to Judah?"] Yahweh said to David, ["You(David) (imp) go."] Then David asked Yahweh, ["Which place should I(David) go to?"] Yahweh answered, ["You(David) (imp) go to Hebron."]	2_Samuel
Daniel 2:10	The astrologers said to the king, ["No man [that lives on earth] is able [to tell you(king) about your(king's) dream]]. No king has asked [astrologers to explain a dream [that the king will not tell the astrologers about]].	Daniel
Joshua 1:8	You(Joshua) (imp) always remember the commands [that I(Yahweh) gave to you(Joshua)]. You(Joshua) (imp) think about those laws during the day and during the night. Then you(Joshua) will always obey the laws. [If you(Joshua) obey the laws] you(Joshua) will become rich.  And you(Joshua) will succeed.	Joshua
Joshua 5:15	Then the leader of Yahweh's army said to Joshua, ["(imp) You(Joshua) take-off your(Joshua's) sandals]. The place [that you(Joshua) are standing on] is holy." So Joshua took off Joshua's sandals.	Joshua
Joshua 15:44	And the tribe named Judah owned the towns named Keilah, Aczib and Mareshah. Therefore the tribe named Judah owned 9 towns [that were in that region].  And the tribe named Judah also owned the fields [that were near those towns].	Joshua
1 Samuel 2:23	So Eli said to Eli's sons, [“Why are you(sons) doing these evil things?] The people often tell me(Eli) about the bad things [that you(sons) do].	1_Samuel
Genesis 19:4	That night many men [who lived in Sodom] surrounded Lot's house.  There were old men and young men surrounding Lot's house.	Genesis
Matthew 26:46	You(followers) (imp) stand-up! We(Jesus) _incl go _suggestiveLets! You(followers) (imp) look/behold. The person [who will give me(Jesus) to my(Jesus's) enemies] is coming!"	Matthew
Genesis 26:11	So Abimelech told all the men [to not touch Rebekah].  Abimelech said to the men, ["[If a man touches Isaac or the wife of Isaac] that man will be killed by me(Abimelech)."]	Genesis
Genesis 16:7	Then the angel of Yahweh came to Hagar. Hagar was sitting beside a spring in the desert.  The spring was near the road that leads to Shur.	Genesis
1 Samuel 17:16	For 40 days Goliath came from the Philistines' camp in each morning and in each evening. And Goliath stood in front of the Israelites' army. And (implicit-info) Goliath told [the Israelites to choose one man [that will fight Goliath]].	1_Samuel
Daniel 1:8	But Daniel decided [that God did not want [Daniel to eat the king's food]]. And Daniel decided [that God did not want [Daniel to drink the king's wine]]. So Daniel asked [the chief official to allow [Daniel not to eat the king's food]]. Daniel also asked [the chief official to allow [Daniel not to drink the king's wine]].	Daniel
Genesis 32:16	Jacob sent all these animals to Esau. Jacob also sent a servant with each group of animals.  and Jacob said to these servants, ["You(servants) (imp) walk in-front-of me(Jacob).] You(servants) (imp) walk with these animals [so-that there will be 1 kilometer between the groups of animals]”.	Genesis
Genesis 21:18	You(Hagar) (imp) help [the boy to stand-up.] You(Hagar) (imp) comfort the boy. I(God) will cause [the descendants of the boy to become a great nation.]"	Genesis
Daniel 3:24	Then King Nebuchadnezzar looked into the fire. Nebuchadnezzar was very surprised. So Nebuchadnezzar stood up quickly. And Nebuchadnezzar said to Nebuchadnezzar's officials, ["Did the strong men not tie three men with ropes]? And did the strong men not throw those three men into the fire?" The officials said to the king, ["Yes]. The strong men threw three men into the fire."	Daniel
Nehemiah 5:5	We(Jews) are Jews [just like those people are Jews]. And our(Jews') children are like the children of those people. But we(Jews) must sell our(Jews') sons and our(Jews') daughters.  Our(Jews') sons and our(Jews') daughters will become slaves. Some of our(Jews') daughters already became slaves. But we(Jews) are not able [to keep our(Jews') children] [because other people own our(Jews') fields and our(Jews') gardens of grapes]."	Nehemiah
Genesis 1:7	Thus God created a place between the water.  Some water was above this place [and some water was below this place.]	Genesis
Joshua 9:24	The Gibeonites answered Joshua, ["We(Gibeonites) heard [that Yahweh commanded [Moses to give all of this land to you(Israelites)]]]. And Yahweh told you(Joshua) [to kill all of the people [who are living in this land]]. So we(Gibeonites) knew [that you(Israelites) would kill us(Gibeonites)]. Therefore we(Gibeonites) lied to you(Israelites) [so that you(Israelites) would make a treaty with us(Gibeonites)].	Joshua
Genesis 25:27	[After the 2 boys grew up] Esau skillfully hunted animals. Esau liked [to be in the fields [where Esau hunted animals]]. But Jacob was quiet.  Jacob liked [to stay near the tents of the family of Jacob].	Genesis
Esther 5:2	The king saw [queen Esther standing near the door]. [When the king saw Esther] the king was happy. So the king raised the king's gold scepter [that was in the king's hand]. Then Esther walked to the king. And Esther touched the king's gold scepter.	Esther
2 Samuel 12:25	[Because Yahweh loved Solomon] Yahweh told Nathan [who was a prophet] [that the baby's name was Jedidiah]. Jedidiah (footnote) means "God loves this child."	2_Samuel
1 Samuel 17:9	[If that man kills me(Goliath)] then we(Philistines) will become your(Israelites’) servants. But [if I(Goliath) kill that man] then you(Israelites) will become our(Philistines’) servants."	1_Samuel
1 Samuel 9:18	Then Saul came to Samuel [who was near the gate]. And Saul asked Samuel, ["Where is the house of the man [who sees]]?"	1_Samuel
Matthew 10:29	(yesrhetorical) Are 2 birds/sparrows sold by people _implicitActiveAgent for 1 coin/penny? (statement) 2 birds/sparrows are sold by people _implicitActiveAgent for 1 coin/penny. But a bird/sparrow will not fall to the ground [unless the Father allow-B [that thing to happen ]].	Matthew
1 Samuel 23:22	You(people) (imp) return to your(people's) region. And you(people) (imp) find out the places [that David goes to often]. And you(people) (imp) find out the people [that see David at those places].  I(Saul) heard [that David is very clever].	1_Samuel
Acts 15:22	The people (title) [who were Jews] [and who believe in Jesus] wrote a letter to the people [who are not Jews] [and who believe in Jesus]. Then the apostles and elders and all the people in the group of people [who believe in Jesus] decided [to send Barnabas and Paul and some other men to Antioch]. Those people chose two men [whom the people [who believe in Jesus] respected]. One man’s name was Judas.  People also called that man Barsabas.  The other man’s name was Silas.	Acts
1 Samuel 14:18	So Saul said to the priest named Ahijah, ["You(Ahijah) (imp) bring the Ark-of-the-Covenant]." (At that time the ark-of-the-covenant was in Israel.)	1_Samuel
Mark 9:29	(paragraph) And Jesus said to those followers/disciples, ["You(followers) need to pray [in-order-to cause [this kind of spirit to leave a person]] "]. (footnote) Some manuscripts _copiesInLDV of this part of the Scriptures also say, ["And you(followers) need to not eat food [so that you(followers) could pray] [in-order-to cause [this kind of spirit to leave a person]]"].	Mark
Daniel 11:22	That man will destroy many armies quickly. And then that man will kill the prince [that made the covenant].	Daniel
Joshua 19:25	The tribe named Asher owned the towns named Helkath, Hali, Beten, and Akshaph.	Joshua
2 Samuel 23:3	The God of Israel spoke. The Rock of Israel said to me(David), ["There is a person [who rules people fairly/righteously]].  And [while that person is ruling] that person fears God.	2_Samuel
Matthew 22:2	(complex) ["The kingdom-B of heaven is like a king [who prepared-B a wedding big meal for that king's son]]. (simple) ["God calls-A people [just-like a king [who prepared a wedding big meal for that king's son] invited guests]].	Matthew
Joshua 17:1	Then Joshua and the leaders of the Israelites gave land to the families [that were in the tribe named Manasseh]. Manasseh was Joseph’s first son. And Makir was Manasseh’s first son. Makir was the father of the people [who lived in Gilead]. Makir’s descendants were great soldiers. So Joshua gave the land [that was near Gilead and Bashan] to Makir's family.	Joshua
2 Samuel 2:10	Ish-Bosheth was 40 years old [when Ish-Bosheth became the king of Israel]. Ish-Bosheth ruled Israel for two years. But the people [that were living in Judah] followed David.	2_Samuel
Titus 1:9	We(Paul) taught God's message to people. And we(Paul) are able [to trust that message]. A person [that you(Titus) choose] must believe that message. And that person must obey that message.  Then that person will be able [to help [those people to follow those things] [by teaching those people good things] ]. And that person will be able [to show people [who oppose those things] [that those people  are wrong]].	Titus
Joshua 8:2	You(Israelites) will defeat Ai and Ai's king [just-like you(Israelites) defeated the people [who were living in Jericho] and Jericho's king]. But [after you(Israelites) defeat Ai] you(Israelites) may take all of the things [that you(Israelites) want]. You(Israelites) may take the valuable things and the animals.  And you(Israelites) may keep those things. Now (imp) you(Joshua) tell [some of your(Joshua's) soldiers to hide in a place [that is behind the city]]."	Joshua
2 Samuel 12:7	Then Nathan said to David, ["You(David) are that rich man!] Yahweh [who is the God of Israel] says to you(David), ["I(Yahweh) chose/anointed you(David) [to become the king of Israel]]. And I(Yahweh) saved you(David) from Saul.	2_Samuel
2 Samuel 15:11	200 men [who were from Jerusalem] went to Hebron with Absalom. Absalom invited [those men to go to Hebron].  But those men did not know [that Absalom wanted [to become the king]].	2_Samuel
Genesis 33:8	Then Esau said to Jacob, ["I(Esau) met many of your(Jacob's) servants and many of your(Jacob's) animals [while I(Esau) was coming to this place]]. Why did you(Jacob) send those servants and those animals to me(Esau)?"  and Jacob answered Esau, ["My(Jacob's) master, I(Jacob) give those animals to you(Esau) [in-order-to please you(Esau)]]"	Genesis
Genesis 7:2	For all kinds of animal [that is clean] you(Noah) (imp) take 7 male animals and 7 female animals into the boat.  And for all kinds of animal [that is not clean] you(Noah) (imp) take 1 male animal and 1 female animal into the boat.	Genesis
Mark 9:43	(implicit-situational) You(follower) (imp) do all the things [that will help you(follower) [you(follower) to stop sinning]] [even-if those things are very hard]. [If your(follower's) hand causes [you(follower) to do bad _morally actions],] you(follower) (imp) cut-off that hand. [You(follower) live forever/eternally _implicit [because you(follower) cut-off that hand]] will be good. But [you(follower) enter hell [where the fire always burns] [because you(follower) did not cut-off that hand]] will be extremely bad.	Mark
Mark 6:17	(paragraph) For Herod _emphasized commanded soldiers _implicitNecessary [to arrest John]. Herod commanded those soldiers _implicitNecessary [to tie John in prison]. Herod did these things because of Herodias named Herod's wife _implicitType. Herodias was previously _implicit the wife of Herod's brother named Philip. But Herod married Herodias.	Mark
Genesis 1:20	God said, "[Many fish and many animals live in the water.]  And many birds fly in the sky."	Genesis
2 Samuel 16:23	At that time people thought [that Ahithophel advised people very well] [like a person [that talks to God] advises people well]. David and Absalom thought [that Ahithophel advised people well].	2_Samuel
Nehemiah 7:23	324 men [that were from Bezai] returned.	Nehemiah
Matthew 27:64	So you(Pilate) should order [some of your(Pilate's) soldiers _implicitNecessary to guard the hole/tomb _frameInferable until the third day]. [If the hole/tomb is not guarded by soldiers _implicitActiveAgent,] Jesus's followers/disciples might come [in order to steal the body of Jesus _implicit]. Then those followers/disciples will tell the people [Jesus became alive again [after Jesus was dead]]. Those actions will much deceive people [more-than Jesus's and Jesus's followers'/disciples previous actions deceived people]."	Matthew
Mark 14:15	Then that man will show-A to you(followers) _dual a big room [that is above other rooms]. That room will already have all the things [that you(followers) will need]. You(followers) _dual (imp) prepare-B the meal _implicit for us(Jesus) _incl at that place."	Mark
Nehemiah 8:18	During that week Ezra read God’s Book-of-the-Law to the people of Israel each day. Ezra read those laws to the people from the first day until the last day. And the people celebrated that feast/festival for seven days. The laws of God said [that those people must also meet on the eighth day]. So those people met on the eighth day also.	Nehemiah
Genesis 35:4	So the people gave all the idols to Jacob. and the people gave the earrings of the people to Jacob. Then Jacob buried those idols and those earrings under a big tree [that was near the city named Shechem].	Genesis
Matthew 27:47	_paragraph [When some of the people [who were standing there] heard these words,] some of the people [who were standing there] said, ["This man is calling Elijah"].	Matthew
Mark 10:34	Those people will laugh/mock the Son-of-man _1stas3rd. And those people will spit the Son-of-man _1stas3rd. Those people will whip the Son-of-man _1stas3rd. And those people will kill the Son-of-man _1stas3rd. But after 3 days the Son-of-man _1stas3rd will become alive again."	Mark
Genesis 18:18	I(Yahweh) will cause [Abraham's descendants to become a powerful nation]. and all people [who live on the earth] will be blessed by me(Yahweh) through Abraham.	Genesis
Genesis 17:5	I(God) will change your(Abram's) name.  I(God) will call you(Abram) Abraham [because I(God) will cause [you(Abram) to become the father of many nations]]. -Footnote Abraham means the father of many people.	Genesis
Daniel 7:15	I(Daniel), Daniel, worried about the meaning of these events. These events frightened me(Daniel).	Daniel
Matthew 10:3	Philip, Bartholomew, Thomas, Matthew [who collected _routinely taxes], James [who was the son of Alphaeus], Thaddaeus,	Matthew
Daniel 4:16	You(angels) (imp) cause [this man to think [like a crazy man thinks]]. You(angels) (imp) cause [this man to think [like an animal thinks] for 7 years].	Daniel
1 Samuel 4:18	[When that man told Eli about the Ark-of-the-Covenant] Eli fell from Eli's chair. Eli fell to the ground beside the gate. And Eli's neck broke [because Eli was old] [and because Eli was fat]. Then Eli died. Eli led Israel for 40 years.	1_Samuel
Matthew 21:30	_paragraph Then the father _frameInferable went to the other son. And the father said the same thing-C. That son answered, ["Father, I(son) will go there _implicit"]. But that son did not go to the garden/vineyard _implicit.	Matthew
1 Samuel 23:17	Jonathan said to David, ["You(David) (imp) do not be afraid]. My(Jonathan's) father will not hurt you(David). You(David) will become the king of Israel. And I(Jonathan) will be your(David's) most important officer. My(Jonathan's) father named Saul knows [that these things will happen]."	1_Samuel
Matthew 5:25	(paragraph) You(person) (imp) quickly become a friend of your(person's) enemy [who is taking you(person) to the court _frameInferable] [before you(person) arrive at the court _frameInferable with your(person's) enemy]. Or [if you(person) do not become a friend of your(person's) enemy] your(person's) enemy might accuse you(person) in front of the judge _frameInferable. And that judge might send you(person) to the officer _frameInferable. And you(person) might be sent by those people _implicitActiveAgent to a prison.	Matthew
1 Samuel 1:19	Early the next morning Elkanah’s family woke up. And Elkanah’s family worshiped Yahweh. Then Elkanah’s family returned to Elkanah's house [which was in Ramah]. Later Elkanah sexed Elkanah's wife named Hannah. And Yahweh answered Hannah’s prayer.	1_Samuel
2 Samuel 13:28	Then Absalom ordered Absalom's servants, ["(imp) You(servants) watch Amnon]. Amnon will become drunk. Then I(Absalom) will say to you(servants), ["(imp) You(servants) kill Amnon."] Then (imp) you(servants) immediately kill Amnon. (imp) You(servants) do not be afraid. I(Absalom) am ordering [you(servants) to kill Amnon]. So (imp) you(servants) be strong and brave."	2_Samuel
Genesis 19:19	You(angels) were merciful to me(Lot).  You(angels) saved me(Lot). But I(Lot) am not able [to run to the mountains] [because the mountains are too far from here]. I(Lot) will die [before I(Lot) arrive at the mountains].	Genesis
Genesis 33:3	Jacob walked in-front-of these 3 groups. and [while Jacob walked towards Jacob's brother] Jacob bowed to Esau -iteration 7 times.	Genesis
Mark 5:25	And in that crowd _implicit there was a woman [who bled _inLDV continuously for 12 years] [(implicit-situational) and who was still bleeding at that time].	Mark
Acts 16:3	Paul wanted to take Timothy on his(Paul's) journey. But all those Jews [who lived in that area] knew [that Timothy's father was from Greece]. So Paul caused [a person to cut off Timothy's foreskin] [in order to please those Jews].	Acts
Joshua 7:5	The people [who were living in Ai] killed about 36 Israelites. Then those people chased the Israelites from the gate of the city to a place [where people cut stones from the ground]. Those people killed the Israelites on the hills [that were in that region]. [When the other Israelites heard [that those people killed many Israelite soldiers]] the Israelites became very afraid.	Joshua
2 Samuel 7:7	I(Yahweh) moved to many  places with all of the Israelites.  And I(Yahweh) commanded [the Israelites' leaders  to take care  of my(Yahweh's) people]. But I(Yahweh) never asked [the Israelites' leaders to build a house made of cedar wood for me(Yahweh)]."	2_Samuel
Genesis 20:6	Then God said to Abimelech in the dream, ["I(God) know [that you(Abimelech) did not know [that Sarah is married to Abraham]]]. So I(God) prevented [you(Abimelech) sinning.]  I(God) did not allow [you(Abimelech) to touch Sarah].	Genesis
Genesis 29:35	Then Leah birth another son. Leah named this son Judah. Leah said, ["Now I(Leah) will praise Yahweh."] -Footnote Judah means praise.  At that time Leah was not able [to become pregnant again].	Genesis
2 Samuel 9:8	Mephibosheth bowed to David again. And Mephibosheth said, ["Why are you(David) treating me(Mephibosheth) kindly?] I(Mephibosheth) am your(David's) servant. I(Mephibosheth) am like a dead dog. "	2_Samuel
2 Samuel 22:42	My(David's) enemies asked[people to help my(David's) enemies].    But people did not come [in order to save my(David's) enemies]. My(David's) enemies called Yahweh.    But Yahweh did not answer my(David's) enemies.	2_Samuel
Daniel 10:13	The prince of the kingdom of Persia prevented [me(man) from coming to you(Daniel)] for 21 days. Then Michael [who is one of the chief princes] came [in order to help [me(man) escape from the prince of Persia]].	Daniel
Daniel 2:40	Then there will be a fourth kingdom. That kingdom will be strong [like iron is strong]. People use iron [in order to break things]. Likewise this fourth kingdom will destroy all the other kingdoms.	Daniel
Mark 13:13	(literal) You(followers) will be hated by all _hyperbolic people because of me(Jesus) . (dynamic) You(followers) will be hated by all _hyperbolic people [because you(followers) follow-B _routinely me(Jesus)]. But [if a person continues to follow-B _routinely me(Jesus) until the end of that person's life _implicit,] a person will be saved by God _implicitActiveAgent.	Mark
Matthew 25:41	_paragraph Then the king will say to the evil _implicit people [who are on the king's left side], ["You(people) [_descriptive whom God _implicitNecessary will cause bad things to happen to], you(people) (imp) leave me(king)]. And you(people) (imp) go into the fire [that never ends] [and that was prepared by God _implicitActiveAgent for Satan and Satan's servants/messengers].	Matthew
Genesis 4:5	But God was not pleased with Cain.  God did not accept Cain's offering.  So Cain became very angry.	Genesis
Genesis 27:12	[If the father of me(Jacob) touches me(Jacob)] the father of me(Jacob) will know [that I(Jacob) am not Esau]. Then the father of me(Jacob) will not bless me(Jacob). The father of me(Jacob) will curse me(Jacob) [because I(Jacob) tried [to trick the father of me(Jacob)]]".	Genesis
Joshua 15:37	Yahweh also gave other towns [that were on the western side of the mountains] to the tribe named Judah. So the tribe named Judah owned the towns named Zenan, Hadashah, and Migdal-Gad.	Joshua
2 Samuel 4:11	You(Rekab) are evil men. You(Rekab) killed a man [that was in the man's house]. Ish-Bosheth did not do a bad thing.  Ish-Bosheth was lying on Ish-Bosheth's bed. You(Rekab) killed Ish-Bosheth.  So now I(David) will kill you(Rekab)."	2_Samuel
Genesis 22:5	Then Abraham said to Abraham's 2 servants, ["You(servants) (imp) stay at this place with the donkey]. My(Abraham's) son and I(Abraham) will walk to that place. then we(Abraham) will worship God at that place. Then we(Abraham) will return to you(servants)".	Genesis
Joshua 19:41	The tribe named Dan owned the towns named Zorah, Eshtaol, and Ir-Shemesh.	Joshua
Genesis 25:3	Jokshan had sons named Sheba and named Dedan.  Dedan's descendants lived in Assyria, in Letush, and in Leum.	Genesis
Genesis 21:16	Then Hagar walked for a short time. Then Hagar sit-down. Hagar thought, ["My(Hagar's) son will die soon.] I(Hagar) do not want [to watch [my(Hagar's) son die]]." So Hagar sat at that place. and Hagar began to cry loudly.	Genesis
Mark 10:28	(paragraph) Then Peter started speaking to Jesus. Peter said, ["You(Jesus) (imp) look/behold]. We(followers) _excl left all things [in-order-to follow-B you(Jesus)]!"	Mark
Matthew 11:6	God _implicitNecessary will bless people _generic [who do not reject me(Jesus) because of the things [that I(Jesus) do]] ."	Matthew
Genesis 40:5	On one night these 2 men dreamed. The officer [who made wine for the king] dreamed.  And the officer [who baked bread for the king] also dreamed.	Genesis
Genesis 50:14	[After Joseph buried Joseph's father's body] Joseph returned to Egypt. Joseph's brothers and the other people [who traveled with Joseph [in-order-to bury Jacob's body]] also  returned to Egypt.	Genesis
Acts 21:37	Paul (title) talked to the crowd. [When the soldiers were ready [to carry Paul into the building [where the soldiers sleep],] Paul asked the man [who ruled the soldiers,] ["May I(Paul) please tell you(commander) a message?"] Then the man [who ruled the soldiers] said to Paul, ["I(commander) am surprised [that you(Paul) are able [to speak the Greeks' language]].	Acts
Genesis 3:23	So God forced [the man and the woman to leave the garden [that is in Eden]].  The man [that God created with soil] started to work on the soil.	Genesis
Jonah 4:7	The next day [before the sun started rising] God brought a worm to that plant. That worm ate the plant.  So the plant died.	Jonah
Mark 3:18	And Jesus chose/appointed Andrew, Philip, Bartholomew, Matthew, Thomas, James [who was Alphaeus's son], Thaddaeus, and Simon [who was called by people _implicitActiveAgent Zealot]. (footnote) Zealots opposed the Roman government.	Mark
2 Samuel 15:19	Then David talked to Ittai [who was from Gath]. David asked, ["Why are you(Ittai) coming with us(David)]? You(Ittai) (imp) return to the palace.  And you(Ittai) (imp) stay with King Absalom. You(Ittai) are a foreigner.	2_Samuel
Acts 16:20	The owners of that girl [who was a slave] brought Paul and Silas in front of the Roman officials. And the owners of that girl said, ["These men are Jews. And these men are making trouble in our(Romans) city.	Acts
Genesis 6:17	I(God) will destroy with a flood all things [that are living on the earth].  All the animals [that are on the earth] will die.	Genesis
Nahum 1:4	[When Yahweh speaks to the seas,] Yahweh causes [the seas to become dry]. Yahweh also causes [the rivers to become dry]. The fields [that are in Bashan and in Carmel] become dry. And the flowers [that are in Lebanon] die.	Nahum
Matthew 27:61	[Because (implicit-subaction) Mary-Magdalene and the other Mary followed-A Joseph earlier,] Mary-Magdalene and the other Mary were now _implicit sitting near the front of that hole/tomb.	Matthew
Nehemiah 10:2	Seraiah, Azariah, Jeremiah,	Nehemiah
Philemon 1:3	We(Paul) pray [that God [who is our(Paul's) Father] and Jesus Christ [who is our(Paul's) Lord] will treat you(Philemon) kindly]. And we(Paul) pray [that God and Jesus Christ will cause [you(Philemon) to be peaceful]].	Philemon
Mark 12:16	(literalunits) Those Pharisees and those people [who supported King _implicit Herod] brought a denarius _implicitNecessary to Jesus _implicit. (modernunits) Those Pharisees and those people [who supported King _implicit Herod] brought a Roman _implicit silver coin _implicitNecessary to Jesus _implicit. And Jesus asked those Pharisees and those people [who supported King _implicit Herod] , ["(literalunits) This picture [(implicit-situational) that is on this denarius] appears-B which person?] ["(modernunits) This picture [(implicit-situational) that is on this coin] appears-B which person?] (literalunits) And which name is written by people _implicit on this denarius _implicit?" (modernunits) And which name is written by people _implicit on this coin _implicit?" (paragraph) And those Pharisees and those people [who supported King _implicit Herod] said to Jesus, ["(literalunits) Caesar's picture and Caesar's name are _implicitNecessary on that denarius _implicitNecessary"] ["(modernunits) Caesar's picture and Caesar's name are _implicitNecessary on that coin _implicitNecessary"].	Mark
1 Samuel 22:2	Many other people also went to that cave. David became those people's leader. People [who had trouble] came to the cave. And people [who owed money to other people] also came.  People [who were not happy] also came to the cave. About 400 men came to David.	1_Samuel
Matthew 24:3	_paragraph (implicit-subaction) Later Jesus left the building/temple. Then Jesus sit-down on the mount-Olives. The followers/disciples came to Jesus again _implicit [when no other people were with Jesus and Jesus's followers/disciples]. The followers/disciples said, ["You(Jesus) (imp) tell us(followers) _excl about these things-B _implicit]. When will these things-B happen to the building/temple _implicit? Which sign-B will show-B us(followers) _excl the time [that you(Jesus) are coming again _implicit at]. And which sign-B will show-B us(followers) _excl the time [that the end-A of all things-D is happening at]?"	Matthew
Genesis 31:36	Then Jacob became very angry. And Jacob shouted, ["Did (rhetorical-question) I(Jacob) break a law?] I(Jacob) (rhetorical-statement) did not break a law! Did (rhetorical-question) I(Jacob) treat you(Laban) badly?  I(Jacob) (rhetorical-statement) did not treat you(Laban) badly. Why (rhetorical-question) are you(Laban) hunting me(Jacob)?  You(Laban) (rhetorical-statement) should not be hunting me(Jacob)!	Genesis
2 Samuel 20:1	(title) Sheba causes [Israel to stop following David].  An evil man named Sheba was Bikri's son. Sheba was in the tribe named Benjamin. Sheba was at that place. Sheba played a trumpet [in order to call many people]. Then Sheba shouted, ["We(Sheba) are not in David's kingdom]. Jesse's son is not our(Sheba's) king! People [who are in the tribes of Israel], you(people) (imp) return to your(people's) tents!"	2_Samuel
Joshua 6:8	[After Joshua spoke to the people] the 7 priests [who carried 7 trumpets] started walking.  And those priests started playing those trumpets. The other priests [who carried the ark-of-the-covenant] followed those 7 priests.	Joshua
Ruth 2:9	You(Ruth) (imp) watch the field [that the men are gathering/harvesting grain/barley in]. And you(Ruth) (imp) follow the women. I(Boaz) told [the men to not touch you(Ruth)]. [Whenever you(Ruth) become thirsty] you(Ruth) (imp) go to those containers. And you(Ruth) (imp) drink the water [that is in those containers]. The men filled those containers with water."	Ruth
Genesis 31:19	But [Before Rachel left with Jacob] Rachel stole the idols [that belonged to Laban]. At that time Laban was cut-off  the hair of the sheep of Laban.	Genesis
1 Samuel 9:3	One day Kish's donkeys run-away. So Kish said to Kish's son named Saul, ["You(Saul) (imp) go with one of my(Kish's) servants]. And you(Saul) (imp) look for my(Kish's) donkeys."	1_Samuel
Matthew 19:3	_paragraph Some Pharisees came to Jesus [in order to test Jesus]. Those Pharisees asked, ["Do the religious laws allow [a man to divorce that man's wife] for-B a reason?"]	Matthew
2 Samuel 19:38	Then the king said, ["Kimham will go across the river with me(David)]. And I(David) will do for Kimham the things[that you(Barzillai) want [me(David) to do]]. And I(David) will also do for you(Barzillai) the things [that you(Barzillai) want [me(David) to do]]."	2_Samuel
Nehemiah 3:1	People (title) repair the wall of Jerusalem.  A man named Eliashib was the chief priest.  Eliashib and the other priests started working [in order to repair the wall of Jerusalem].  Eliashib and the other priests repaired the gate-Sheep. Those priests gave/dedicated that gate to God. And those priests put doors in that gate. Eliashib and the other priests also repaired the part of the wall [that was between the gate-Sheep and the tower-Hundred]. Those priests also gave/dedicated that part of the wall to God. Then those priests continued repairing the wall [that led to the tower-Hananel].	Nehemiah
1 Samuel 21:6	So the priest gave that special/consecrated bread to David.  That bread was the only bread [that was at that place].  Each day the priests put hot bread on that table. And the priests take-away the bread [that the priests put on that table on the previous day]. That bread was special [because that bread was near Yahweh].	1_Samuel
Mark 10:51	(paragraph) Then Jesus said to Bartimaeus, ["What do you(Bartimaeus) want [me(Jesus) to do for you(Bartimaeus)]?"] (paragraph) The man [who was not able [to see ]] said to Jesus, ["My(man's) rabbi, I(man) want [to see ]"].	Mark
Nehemiah 12:30	The priests and the people [who were from the tribe named Levi] caused [those people to become religiously clean/pure]. Then those priests and the people [who were from the tribe named Levi] caused [the other people, the gates of Jerusalem _implicit, and the wall of Jerusalem _implicit to become religiously clean/pure].	Nehemiah
1 Samuel 11:3	The leaders of Jabesh said to Nahash, ["You(Jabesh) (imp) wait for 7 days]. We(people) will send messengers to the other people [who are in Israel]. [If people do not come [in order to help us(people)]], then we(people) will serve/surrender to you(Nahash)."	1_Samuel
Matthew 13:5	Some of those seeds fell on ground [that had many stones] [and that did not have much soil]. The plants grew-E quickly [because the soil was not deep].	Matthew
Matthew 27:14	But Jesus did not speak. Jesus did not talk about the things-C [that the chief priests and the old leaders said about Jesus [when (implicit-situational) the chief priests and the old leaders said about Jesus [Jesus did bad things]]]. So the ruler/governor was very surprised/amazed.	Matthew
1 Samuel 19:12	Then Michal helped [David leave the house through a window]. Then David ran from that place. So David escaped from Saul.	1_Samuel
Joshua 12:20	The Israelites defeated the king of Shimron-Meron and the king of Akshaph.	Joshua
Mark 5:16	The people [who saw the events ] described to the other people the things [that happened to the man [who was controlled by unclean-B spirits]] and the things [that happened to the pigs].	Mark
Matthew 24:4	_paragraph Jesus answered, ["You(followers) (imp) watch-out [so that a person will not deceive you(followers)]].	Matthew
Daniel 9:1	A man named Darius was the son of Xerxes. Darius came from a country named Media. Darius became the king of Babylon.	Daniel
Mark 1:29	Jesus (title) causes [many people to become healthy]. (paragraph) [After Jesus left the Jewish church with James and John,] Jesus and Jesus's followers/disciples immediately went to the house of Simon and Andrew.	Mark
Genesis 30:34	Then Laban said to Jacob, ["I(Laban) agree [to give all the goats [that have black marks], all the black lambs, and all the sheep [that have black marks] to you(Jacob)]."]	Genesis
1 Samuel 9:5	Then Saul and that servant arrived in the region named Zuph. Saul said to the servant, ["We(Saul) should return to my(Saul's) father's house]. My(Saul's) father will stop thinking about the donkeys. And my(Saul’s) father will start worrying about us(Saul)."	1_Samuel
Acts 16:32	Then Paul and Silas told the message about the Lord Jesus to the chief guard of the prison and all the people [who were in the house of the chief guard of the prison].	Acts
Esther 9:8	The names of Haman's ten sons were Parshandatha, Dalphon, Aspatha, Poratha, Adalia, Aridatha, Parmashta, Arisai, Aridai and Vaizatha.	Esther
1 Samuel 30:21	Then David and those men returned to the other 200 men [who were waiting].  Those 200 men were not able [to follow David] [because those men were too tired].  So those men did not fight the Amalekites.  Those men stayed at the valley named Besor.  [When David and those men came to those other men] those men came [in order to meet David].  Then David greeted those men.	1_Samuel
Genesis 19:24	Then Yahweh caused [fire and stones to fall from the sky onto Sodom and Gomorrah].	Genesis
Matthew 18:25	That man was not able [to pay that money]. So the king [_descriptive who was that man's master] commanded [that man, that man's wife, that man's children and all the things [that that man owned] be sold by the king's officers _implicitActiveAgent] [so that that man's debt _inLDV would be paid by that man _implicitActiveAgent ].	Matthew
Daniel 10:5	I(Daniel) saw a man. The man was wearing clothes [that were made of good white cloth]. And this man wore a belt [that was made of pure gold].	Daniel
Matthew 10:6	Instead, you(disciples) (imp) go to the people of Israel [_descriptive who are _be-U like sheep [that those sheep's shepherd _implicitNecessary lost]].	Matthew
Joshua 20:7	So the Israelites chose the city named Kedesh [which was in Galilee]. Kedesh was in the mountains [that the tribe named Naphtali owned]. The Israelites also chose the city named Shechem. Shechem was in the mountains [that the tribe named Ephraim owned]. And the Israelites chose the city named Kiriath-Arba. Kiriath-Arba was in the mountains [that the tribe named Judah owned]. ( People called Kiriath-Arba Hebron. )	Joshua
Mark 3:15	Jesus also wanted [those leaders/apostles to have authority [ in-order-to force [evil spirits/demons to leave people]]].	Mark
Matthew 23:5	_paragraph Those people do all those people's actions [so that people _genericDifferentNounIndex would see those actions] [and so that (implicit-situational) people _generic would praise those people]. The boxes [that contain-B God's religious laws] [and that those people wear on those people's foreheads and those people's arms] are very wide. And the sets of threads [that show [that a person _generic serves-A God]] [and that those people wear on those people's clothes] are very long.	Matthew
Joshua 24:31	the Israelites served Yahweh [while Joshua was living]. And [after Joshua died] the Israelites continued serving Yahweh. The Israelites continued serving Yahweh [while the Israelites' leaders were living]. Those leaders saw all of the things [that Yahweh did for the Israelites].	Joshua
Daniel 1:3	A man named Ashpenaz was Nebuchadnezzar's chief official. Nebuchadnezzar ordered [Ashpenaz [who was Nebuchadnezzar's chief official] to bring some Jews to Nebuchadnezzar]. Nebuchadnezzar wanted [Ashpenaz to bring young men [who were sons of Judah's king] and young men [who were sons of Judah's officials]].	Daniel
Philemon 1:13	I(Paul) want [Onesimus to stay with me(Paul)]. I(Paul) am in prison [because I(Paul) tell God's good message to people]. And [if Onesimus were to stay with me(Paul)] Onesimus would be able [to help me(Paul) for you(Philemon)].	Philemon
Joshua 10:15	[After the Israelites defeated those armies] Joshua and Joshua's army returned to the camp [that was at Gilgal].	Joshua
Acts 17:13	But [when the Jews [who lived in Thessalonica] learned [that Paul was preaching [about God's message] in Berea],] the Jews [who lived in Thessalonica] went to Berea. And the Jews [who lived in Thessalonica] caused many of those people [who lived in Berea] to become angry at Paul.	Acts
Joshua 2:9	And Rahab said to those 2 men, ["I(Rahab) know [that Yahweh will give this land to your(men's) people]]. We(people) are very afraid of you(people). All of the people [who are living in this land] are very afraid of you(people).	Joshua
Matthew 7:25	Then _implicit the rain _frameInferable fell-A. The rivers [(implicit-situational) that were by that house] became deep. And the winds blew-A much on that house. But that house did not fall [because that house was built by that person _implicitActiveAgent on stone].	Matthew
Genesis 5:29	Lamech named this son Noah.  Lamech said, ["Noah will comfort us(people)].  We(people) work very hard [because God cursed the ground]."  Noah means [rest].	Genesis
1 Samuel 1:20	So Hannah became pregnant. And Hannah birthed a son. Then Hannah named that boy Samuel. Hannah said, ["I(Hannah) named this boy Samuel [because I(Hannah) asked Yahweh for a baby]]." Samuel (footnote) sounds like ["God heard me(Hannah)"] in Hebrew.	1_Samuel
Esther 6:2	So the servant read a story [that was about Mordecai]. The story said [that Mordecai had told the king about Bigthana and about Teresh]. Those two men guarded the door of the king's room. But those men had planned [to kill King Xerxes]. Mordecai told Esther [that those two men wanted [to kill the king]]. Then Esther told the king about those two men.	Esther
Daniel 4:33	Then all these things immediately happened to me(Nebuchadnezzar). People chased me(Nebuchadnezzar) away from Babylon. I(Nebuchadnezzar) ate grass [like animals eat grass]. Dew [that came from the sky] was on my(Nebuchadnezzar's) body. My(Nebuchadnezzar's) hair grew. My(Nebuchadnezzar's) hair became very long. My(Nebuchadnezzar's) hair looked like the feathers of a big bird. My(Nebuchadnezzar's) nails looked like the feet of birds.	Daniel
Matthew 10:15	I(Jesus) am telling you(disciples) the truth. On the day [when God will judge all the people of the earth] bad things will happen to the people _implicitNecessary [who lived in Sodom of the city _implicitType] and the people _implicitNecessary [who lived in Gomorrah of the city _implicitType]. But on the day [when God will judge all the people of the earth] more terrible things will happen to that town of the people _implicitType [that (implicit-situational) did not accept/welcome you(disciples)].	Matthew
Matthew 23:35	Therefore you(scribes) will be guilty-A [you(scribes) killing all the good/righteous people [who were killed by you(scribes) and your(scribes') parents/ancestors _implicitActiveAgent]]. You(scribes) will be guilty-A [you(scribes) killing good/righteous Abel]. And you(scribes) will be guilty-A [you(scribes) killing Zechariah, [_descriptive who was the son of Berekiah] between the big building of Jerusalem [that Jews honor/worship God in] and the structure [on which people give gifts/sacrifices to God]]. And you(scribes) will be guilty-A [you(scribes) killing all the good/righteous people [who lived between Abel's time and Zechariah's time]].	Matthew
Matthew 8:22	(paragraph) But Jesus said to that follower/disciple, ["You(follower) (imp) follow me(Jesus)]. And you(follower) (imp) let [the dead people _generic bury-A the dead people’s _generic dead people _otherThingList]."	Matthew
1 Samuel 11:5	At that time Saul was plowing the fields with Saul's oxen. [After Saul finished plowing] Saul started walking to Saul’s house.  And Saul heard [the people crying loudly]. So Saul asked those people, ["Why are you(people) crying?"] Then the people told Saul about the things [that the messengers said].	1_Samuel
Joshua 3:10	Yahweh will prove to you(people) [that Yahweh is with you(people)]. Yahweh will prove to you(people) [that Yahweh will defeat the Canaanites, Hittites, Hivites, Perizzites, Girgashites, Amorites, and the Jebusites].	Joshua
Matthew 13:16	(literal) But you(followers) are blessed by God _implicitActiveAgent [because your(followers') eyes see things _implicit]. (literal) And you(followers) are blessed by God _implicitActiveAgent [because your(followers') ears hear things _implicit]. (dynamic) But you(followers) are blessed by God _implicitActiveAgent [because you(followers) understand things _implicit].	Matthew
Matthew 26:59	_paragraph Inside the chiefest priest's house _implicit, the chief priests and all the leaders _implicitNecessary [_restrictive who were in-D the Sanhedrin] were trying [to find-B false things-C [that were about Jesus]] [in order to show [Jesus broke-C laws]]. Those people wanted [Jesus to be killed by the Roman soldiers _implicitActiveAgent].	Matthew
2 Samuel 15:7	After 4 years Absalom said to King David, [" (imp) you(David) let [me(Absalom) go to Hebron]]. Previously I(Absalom) promised Yahweh [that I(Absalom) will worship Yahweh in Hebron].	2_Samuel
1 Samuel 2:24	My(Eli's) sons, Yahweh’s people say bad things about you(sons).	1_Samuel
1 Samuel 10:4	Those men will greet you(Saul). Then those men will give 2 loaves of bread to you(Saul). And you(Saul) will accept those loaves of bread from those men.	1_Samuel
2 Samuel 3:1	The people [that followed Saul]continued fighting the people [that followed David] for many years. But David's army became strong. And Saul's army became weak.	2_Samuel
Genesis 19:30	-Title Lot's daughters become pregnant. Lot was afraid [to continue living in Zoar]. So Lot and Lot's 2 daughters moved to a cave [that was in the mountains].	Genesis
Matthew 26:7	(literal) [While Jesus and Jesus's followers/disciples _implicit were lying/reclining at the table _frameInferable there,] a woman came to Jesus. (dynamic) [While Jesus and Jesus's followers/disciples _implicit were eating there,] a woman came to Jesus. That woman was holding a container/jar of _madeOf beautiful white and yellow stone. That container/jar contained very expensive perfume. And that woman poured that perfume on Jesus's head [in order to (implicit-situational) honor-A Jesus].	Matthew
Matthew 27:25	_paragraph All the people said, ["We(people) are responsible for this man's death]. And our(people's) children will be responsible for this man's death!"	Matthew
1 Samuel 25:35	Then David accepted Abigail’s gifts.  And David said to Abigail, ["You(Abigail) (imp) return to your(Abigail's) house]. And you(Abigail) (imp) do not worry.   I(David) listened to you(Abigail).  So I(David) will not kill those people."	1_Samuel
1 Samuel 9:12	Those women answered Saul, ["Yes].  The man [who sees] is in this town. You(Saul) (imp) walk quickly.  The man [who sees] came to our(women's) town today [because the people will give a sacrifice at the place [that we(women) worship God at]].	1_Samuel
Ruth 1:8	But Naomi said to Naomi's daughters in law, ["My(Naomi's) daughters, you(daughters in law) must return to Moab]. You(daughters in law) (imp) return to the houses of your(daughters in law's) mothers. I(Naomi) hope [that Yahweh will care for you(daughters in law) [like you(daughters in law) cared for me(Naomi) and my(Naomi's) sons]].	Ruth
Joshua 23:11	So you(Israelites) must love your(Israelites') God named Yahweh.	Joshua
Mark 5:27	Then-E _implicit that woman heard about Jesus [ (implicit-situational) who was healing people]. So that woman came to Jesus _implicit in the crowd. [When that woman was behind Jesus _implicitNecessary,] that woman touched Jesus's clothes .	Mark
Joshua 24:4	And I(Yahweh) gave sons named Jacob and Esau to Isaac.  I(Yahweh) gave the land [that is near the mountains of Edom] to Esau. But Jacob and Jacob's sons went to Egypt.	Joshua
Ruth 2:8	So Boaz (implicit-info) walked to Ruth. Then Boaz said to Ruth, ["My(Boaz's) daughter, you(Ruth) (imp) listen to me(Boaz)]. You(Ruth) (imp) do not go to another field [in order to gather grain/barley]. You(Ruth) (imp) do not leave this field. But you(Ruth) (imp) stay in this field with the women [that work for me(Boaz)].	Ruth
Genesis 27:7	Isaac said to Esau, [“you(Esau) (imp) hunt an animal [that I(Isaac) like [to eat]]]. and you(Esau) (imp) cook that animal. Then I(Isaac) will bless you(Esau).  I(Isaac) want [to bless you(Esau) [before I(Isaac) die]].  Yahweh will witness [that I(Isaac) bless you(Esau)].	Genesis
Genesis 27:2	Isaac said, ["I(Isaac) am old.] And I(Isaac) will die soon.	Genesis
Genesis 43:21	But [While we(brothers) were returning to Canaan] we(brothers) stopped traveling at night. At that time We(brothers) found the money [that we(brothers) paid for the food with] in our(brother's) bags. Today we(brothers) brought that money to Egypt [because we(brothers) want [to give that money to you(servant)]].	Genesis
1 Samuel 12:16	So you(Israelites) (imp) stay at this place now. And you(Israelites) (imp) see the great thing [that Yahweh will now do]!	1_Samuel
1 Samuel 14:48	Saul fought well/bravely. And Saul defeated the Amalekites. Saul saved the Israelites from the enemies [that previously took things from the Israelites].	1_Samuel
Genesis 22:9	Then Abraham and Abraham's son arrived at the place [that God told Abraham about]. Then Abraham built an altar at that place. And Abraham put the wood on the altar. then Abraham tied Abraham's son named Isaac. and Abraham put Isaac on the wood [that was on the altar].	Genesis
1 Samuel 28:18	You(Saul) did not obey Yahweh. You(Saul) did not punish the Amalekites [when Yahweh was angry at the Amalekites]. So Yahweh left you(Saul).	1_Samuel
Ruth 2:21	Then Ruth [who was from Moab] said, ["Boaz also said to me(Ruth), ["You(Ruth) (imp) stay with my(Boaz's) workers [until my(Boaz's) workers finish gathering/harvesting all of my(Boaz's) grain/barley]]].""	Ruth
Matthew 18:5	(literal) And [if a person accept/welcome a child [who is like this child] in-H my(Jesus's) name,] a person accept/welcome me(Jesus). (dynamic) And [if a person accept/welcome a child [who is like this child] because of me(Jesus),] a person accept/welcome me(Jesus).	Matthew
Joshua 21:28	The tribe named Issachar gave the towns named Kishion and Daberath to the families [that were Gershon’s descendants].	Joshua
Mark 13:11	But your(followers's) enemies will take-away/arrest you(followers) [in-order-to take you(followers) to the courts _implicitNecessary]. [Before you(followers) speak,] you(followers) (imp) do not worry about the words [that you(followers) should say] . Instead, you(followers) (imp) say the words [that will be given-C to you(followers) by the Holy-Spirit _implicitActiveAgent at that time]. For you(followers) _emphasized will not be speaking. But the Holy-Spirit _emphasized will be speaking instead of you(followers) _implicit.	Mark
Daniel 10:20	The Lord spoke to me(Daniel) again. The Lord said, ["I(Lord) have come to you(Daniel) [in order to explain the words [that are in the Book of Truth] to you(Daniel)]]. Soon I(Lord) will leave [in order to fight the prince of Persia]. But [after I(Lord) leave] the prince of Greece will come to you(Daniel).	Daniel
Matthew 26:40	_paragraph Then Jesus returned to the 3 followers/disciples. And Jesus see-C [those followers/disciples were sleeping]. (norhetorical) Jesus asked Peter, ["Were you(followers) able [to be awake for 1 hour]?] (statement) Jesus said to Peter, ["You(followers) should be able [to be awake for 1 hour]!]	Matthew
Matthew 21:45	_paragraph [When the chief priests and the Pharisees heard Jesus's parables,] the chief priests and the Pharisees knew [those stories/parables were about those chief priests and those Pharisees]. (implicit-situational) Those chief priests and those Pharisees knew [Jesus thought [those chief priests and those Pharisees were-U like the evil farmers]].	Matthew
Matthew 24:13	But [if a person continues to follow-B _routinely me(Jesus) until the end of that person's life _implicit,] a person will be saved by God _implicitActiveAgent.	Matthew
Nehemiah 6:19	Those rulers also continuously told me(Nehemiah) about the good things [that Tobiah did]. And those rulers told Tobiah about the things [that I(Nehemiah) said]. And Tobiah sent letters to me(Nehemiah) [in-order-to scare/intimidate me(Nehemiah)].	Nehemiah
Genesis 22:7	Isaac seek-attention Isaac's father named Abraham. Abraham give-attention to Isaac. Isaac said, ["We(Isaac) have the fire and the wood.] but where is the lamb [that we(Isaac) will sacrifice to God]?"	Genesis
2 Samuel 19:2	[Although David’s army defeated Absalom's army] all of David’s soldiers were very sad.  All of David’s soldiers were crying/mourning [instead of celebrating].  David’s soldiers heard people saying, [“The king is crying/mourning for the king’s son.”]	2_Samuel
Daniel 4:28	All the things [that Daniel said] happened to King Nebuchadnezzar.	Daniel
Joshua 12:18	The Israelites defeated the king of Aphek and the king of Lasharon.	Joshua
Matthew 22:15	(title) The Pharisees ask Jesus about taxes. _paragraph Then those Pharisees left. And those Pharisees planned [to trick Jesus [so that Jesus would say a thing-C [that will cause [Jesus to have trouble]]]].	Matthew
1 Samuel 24:13	People often say, ["Evil people do evil things."] So I(David) will not hurt you(Saul).	1_Samuel
1 Samuel 16:3	Then you(Samuel) (imp) invite Jesse [to go to the altar with you(Samuel)]. And I(Yahweh) will show you(Samuel) the things [that you(Samuel) must do]. You(Samuel) must choose/appoint/anoint for me(Yahweh) the person [that I(Yahweh) will show to you(Samuel)]."	1_Samuel
Joshua 15:45	Yahweh also gave the town named Ekron to the tribe named Judah. And Yahweh gave all of the small towns and fields [that were near Ekron] to the tribe named Judah.	Joshua
Joshua 15:32	And the tribe named Judah owned the towns named Lebaoth, Shilhim, Ain, and Rimmon. Therefore the tribe named Judah owned 29 towns [that were in that region].  And the tribe named Judah also owned the fields [that were near those towns].	Joshua
Acts 19:14	A Jewish man named Sceva was the chief priest.  Sceva had seven sons. And Sceva's sons also tried to [cause [evil spirits to leave people]].	Acts
Mark 16:12	(paragraph) Later, Jesus appeared-C to 2 other followers/disciples _implicitNecessary [while 2 other followers/disciples _implicitNecessary were walking to a village]. But _implicit Jesus's face was different [(implicit-situational) so that those 2 followers/disciples could not recognize Jesus].	Mark
Ruth 3:10	Then Boaz said, ["My(Boaz's) daughter, I(Boaz) pray [that Yahweh will do good things for you(Ruth)]]. Previously you(Ruth) were kind.  But now you(Ruth) are being very kind. You(Ruth) did not try [to marry a young man]. You(Ruth) did not look for a rich young man or a poor young man.	Ruth
Genesis 8:1	-Title The land becomes dry.  But God remembered [that Noah and all the animals were in the boat]. God caused [a wind to blow on the earth].  Then the water started to become less deep.	Genesis
Ruth 2:10	Then Ruth bowed to Boaz. And Ruth moved Ruth's face to the ground. Then Ruth asked Boaz, ["Why are you(Boaz) kind to me(Ruth)]? I(Ruth) am from another country."	Ruth
Matthew 24:25	You(followers) (imp) listen/behold. I(Jesus) am warning-C you(followers) about all of these things _implicit now _implicit [before these things happen].	Matthew
Joshua 10:25	Then Joshua said to those leaders, ["(imp) You(leaders) do not be afraid].  But (imp) you(leaders) be brave.  Yahweh will kill all of your(leaders') enemies [that you(leaders) will fight] [just-like I(Joshua) will now kill these 5 kings.]"	Joshua
Esther 7:10	So the servants hung Haman on the structure [that Haman made [in order to hang Mordecai]]. Then the king stopped being angry.	Esther
Mark 14:42	You(Peter) _plural (imp) get-up! We(Jesus) _incl go _suggestiveLets! You(Peter) _plural (imp) look/behold! The person [who will give me(Jesus) to my(Jesus's) enemies ] is coming!"	Mark
Acts 19:8	Paul also went into the Jewish church. And Paul spoke boldly in that place for three months. Paul tried to persuade people [to believe in the kingdom of God.]	Acts
Matthew 20:27	(literal) And [if a person wants [to become first among you(followers)],] a person should become your(followers') servant-B. (dynamic) And [if a person wants [to lead other people],] a person should serve other people [just-like a servant-B serves other people].	Matthew
Genesis 27:6	Then Rebekah said to the son of Rebekah named Jacob, [" I(Rebekah) heard [the father of you(Jacob) talking to the brother of you(Jacob) named Esau]].	Genesis
1 Samuel 22:10	Ahimelek prayed to Yahweh for David. And Ahimelek gave food to David. Ahimelek also gave Goliath’s sword to David."	1_Samuel
Joshua 19:35	The tribe named Naphtali owned the towns named Ziddim, Zer, Hammath, Rakkath, and Kinnereth.	Joshua
Daniel 1:11	The chief official had ordered [a guard to care for Daniel, Hananiah, Mishael, and Azariah]. So Daniel spoke to that guard.	Daniel
Mark 5:8	For Jesus already _implicit said to the spirit [(implicit-situational) that was controlling that man], ["You(spirit), unclean-B spirit , you(spirit) (imp) leave this man!"]	Mark
2 Samuel 13:3	A man named Jonadab often advised Amnon. Jonadab was the son of Shimeah. Shimeah was David’s brother. Jonadab was very clever.	2_Samuel
Mark 13:10	And [(implicit-situational) before all things end,] the Good-News must first be taught/preach by my(Jesus's) followers/disciples _implicitActiveAgent to all nations of the people _implicitType.	Mark
Matthew 28:20	And you(disciples) (imp) teach [those people to obey all the commands [that I(Jesus) gave to you(disciples)]]. And I(Jesus) am certainly always with you(disciples). I(Jesus) will be with you(disciples) until the end-B of time.	Matthew
Genesis 6:5	Then God saw [that the people [who lived on the earth] were very evil].  God saw [that the people always thought about evil things].	Genesis
Daniel 6:10	[When Daniel heard about the new law] Daniel went to Daniel's house. And Daniel went to the room [that was on the top of Daniel's house].  Daniel looked toward Jerusalem through a window [that was in that room]. Each day Daniel regularly knelt in-front-of that window. And Daniel prayed to God three times. Daniel also thanked God three times each day. Daniel prayed to God three times each day for many years.	Daniel
Acts 3:8	Then that man stand-up very quickly. And that man walked. And that man went with Peter and John into the building [where people meet with God]. And that man walked happily. And that man jumped happily. And that man praised God.	Acts
Genesis 18:23	Then Abraham asked Yahweh, ["Will you(Yahweh) also destroy the righteous people [who live in the city] [when you(Yahweh) destroy the evil people]?]	Genesis
2 Samuel 1:20	(imp) You(Israelites) do not tell this story in Gath.   (imp) You(Israelites) do not say this news in the streets of Ashkelon.    [If you(Israelites) tell those people about the battle]  the daughters of the Philistines will be happy.  And the daughters of the Philistines will rejoice.	2_Samuel
Joshua 3:13	Then the priests will carry Yahweh’s ark-of-the-covenant to the Jordan River. Yahweh rules all of the people [who are living on the earth]. [When the priests enter the water] the river will stop flowing. The river will become like a pile of water.”	Joshua
Genesis 10:12	Nimrod also built Resen [which is the big city between Nineveh and Calah].	Genesis
Joshua 13:22	The Israelites killed many people [while the Israelites were fighting]. And the Israelites also killed a man named Balaam.  Balaam was the son of a man named Beor.  Balaam regularly did magic.	Joshua
1 Samuel 4:11	And the Philistines took/captured the Ark-of-the-Covenant. And the Philistines also killed Eli’s two sons named Hophni and Phinehas.	1_Samuel
Nehemiah 7:66	So 42360 people returned to Judah.	Nehemiah
Nehemiah 9:6	Only you(Yahweh) are Yahweh. You(Yahweh) made the heavens. You(Yahweh) even made the highest heavens. You(Yahweh) made the stars, the earth, and all of the things [that are on the earth]. You(Yahweh) made the seas and all of the things [that are in the seas]. You(Yahweh) cause [all plants and all animals and all people to live]. And very many angels [who are in heaven] worship you(Yahweh).	Nehemiah
2 Samuel 3:19	Abner also spoke to the people [who  were in the tribe named Benjamin]. Then Abner went to Hebron [in order to talk to David]. Abner told David [that the Israelites and the people  [that were in the  tribe named Benjamin] wanted [David to become the king]].	2_Samuel
Daniel 2:22	God explains secrets. [If a person hides a treasure in a dark place] God knows [the treasure is in that place]. God knows about all things [that are in dark places]. God lives in light."	Daniel
Genesis 21:21	[After Ishmael grew up] Ishmael lived in a desert named Paran. The mother of Ishmael brought a woman from Egypt to Ishmael.  Then Ishmael married that woman.	Genesis
Nehemiah 9:11	You(Yahweh) divided the water of the sea-Red in front of our(people's) people/ancestors. So our(people's) people/ancestors walked through the sea-Red on dry ground. But you(Yahweh) threw the people [that were chasing those people/ancestors] into that deep water. Then those people sank in that water [just like a stone [that a person throws] sinks in deep water].	Nehemiah
1 Samuel 7:6	So the Israelites gathered at Mizpah. And the Israelites poured water on the ground in front of Yahweh. The Israelites did not eat food on that day [so that the Israelites could pray]. And the Israelites confessed the Israelites’ sins to Yahweh. The Israelites said, ["We(Israelites) sinned against Yahweh."] [While the Israelites were at Mizpah] Samuel was the leader of the Israelites.	1_Samuel
Mark 10:35	(title) James and John ask-C Jesus [Jesus to honor James and John [when Jesus becomes king]]. (paragraph) Then James [who was a son of Zebedee] and John [who was a son of Zebedee] came to Jesus. And James and John said, ["Master/Teacher, we(James) _excl want [you(Jesus) to do for us(James) _excl the thing [that we(James) _excl ask you(Jesus) [you(Jesus) to do]]]"].	Mark
Genesis 30:40	Then Jacob separated these young animals from Laban's animals. Then Jacob prevented [the animals of Jacob sex the animals of Laban [that had black marks] and the animals of Laban [that were black]].	Genesis
Joshua 9:22	But Joshua called the leaders of the Gibeonites.  And Joshua said to those leaders, ["Why did you(leaders) lie to us(Israelites)?] You(leaders')  live near us(Israelites). But you(leaders) told us(Israelites) [that you(leaders) live at a place [that is far from us(Israelites)]].	Joshua
Nehemiah 7:17	2322 men [that were from Azgad] returned.	Nehemiah
Genesis 9:29	Noah lived for 950 years. Then Noah died.	Genesis
2 Samuel 8:14	Then David told [some David's soldiers to stay at places [that were in Edom]]. All of the Edomites served David. Yahweh caused [David to defeat all of Israel's enemies].	2_Samuel
Acts 17:23	I(Paul) know these things because [when I(Paul) walked through your(Athenians) city], I(Paul) looked carefully at those objects [that you(Athenians) pray to]. And I(Paul) even found a table with a message [which said, ["This is a table [which honors a god [whose name people do not know]]."] I(Paul) will tell you(Athenians) [about this god [to whom you pray] [but whom you(Athenians) do not know]."]	Acts
2 Samuel 15:30	But David continued walking up the Mount of Olives. David was crying/weeping[while David walked]. David covered David's head. And David did not wear David's shoes.  David (implicit-info) did those things [in order to show people [that David was very sad]].  All of the people [who were with David] also covered the heads of those people. And those people also cried/wept[while those people walked].	2_Samuel
Genesis 34:11	Then Shechem also said to Dinah's father and to Dinah's brothers, ["You(brothers) (imp) please be kind to me(Shechem)]. And you(brothers) (imp) (implicit-situational) let [me(Shechem) marry Dinah].  I(Shechem) will give a gift [that you(brothers) ask for] to you(Jacob).	Genesis
Genesis 26:6	So Isaac stayed in Gerar.	Genesis
Joshua 5:9	Then Yahweh said to Joshua, ["[When you(people) were slaves in Egypt] you(people) were ashamed]. But today I(Yahweh) caused [you(people) to not be ashamed]." So people named that place Gilgal.  And today people still call that place Gilgal. Gilgal (footnote) means take-away.	Joshua
Acts 18:18	Paul (title) left Priscilla and Aquila. Paul stayed in Corinth for a short time. Then Paul left the people [who believe in Jesus] [who were in that place]. And Paul went to a town named Cenchrea, [in order to travel on a ship [that was going to the region named Syria]]. But [before that ship sailed from that town], Paul told [a person to cut off Paul's hair [in order to keep a promise [that Paul had made earlier]]. Then Paul went on a ship [that sailed to the region named Syria]. And Priscilla and Aquila went with Paul.	Acts
Matthew 4:15	(paragraph) That person/prophet said, ["Land of Zebulun and Naphtali [which is by the lake on the other side of the river-Jordan] [and which is also _implicit called by people _implicitActiveAgent Galilee of the Gentiles] , you(land) (imp) listen _implicitNecessary].	Matthew
Matthew 24:31	The Son-of-man _1stAs3rd will call-A the Son-of-man's servants/messenger [who come from God] [by playing loudly an instrument/trumpet]. And the Son-of-man _1stAs3rd will send-C those servants/angel [in-order-to gather-A the people [whom the Lord-A chose-B [to be the Lord's-A people]]]. (literal) Those servants/angel will gather those people from the 4 winds. (dynamic) Those servants/angel will gather those people from every part of the earth. Those servants/angel will gather those people from every place.	Matthew
2 Samuel 18:14	Then Joab said, ["I(Joab) will not wait for you(soldier)]." Then Joab got 3 spears. And Joab went to the tree [that Absalom was hanging in]. Absalom was still alive.  So Joab stabbed Absalom's heart with those three spears.	2_Samuel
Joshua 10:1	(title) The sun stops moving. A man named Adoni-Zedek was the king of Jerusalem. Adoni-Zedek heard [that Joshua defeated the people [who were living in Ai]]. Adoni-Zedek also heard [that Joshua completely destroyed that city].  And Adoni-Zedek heard [that Joshua defeated the people [who lived in Jericho]]. Adoni-Zedek also heard [that the Gibeonites made a treaty with Israel]. And Adoni-Zedek heard [that the Gibeonites were living near the Israelites].	Joshua
Mark 9:2	(title) Jesus talks with Moses and Elijah on a mountain. (paragraph) After 6 days, Jesus took Peter, James, and John . And Jesus brought-B Peter, James, and John to a tall mountain [where Jesus, Peter, James, and John were alone]. Then Jesus was changed-D by God _implicitActiveAgent in-front-of Peter, James, and John.	Mark
Nahum 2:10	So the soldiers destroy Nineveh.  The soldiers take away all of the things [that are valuable]. The people [who live in Nineveh] become very afraid. The people's knees and the people's bodies shake [because the people are afraid]. The people's faces become white [because the people are very afraid].	Nahum
Genesis 23:16	So Abraham agreed [to pay silver -quantity 5 kilograms to Ephron].  The Hittites witnessed [that Abraham paid Ephron for the field]. Abraham weighed some silver.  and Abraham gave the silver -quantity 5 kilograms to Ephron.	Genesis
Genesis 11:31	Terah decided [to move from Ur [which is in Babylonia] to Canaan].  So Terah, the son of Terah named Abram, the grandson of Terah named Lot, and the daughter-in-law of Terah named Sarai started moving from Ur to Canaan.  But [when Terah and the family of Terah arrived at Haran], Terah and the family of Terah decided [to live in Haran].	Genesis
Nehemiah 11:12	Other priests [who worked with those priests] worked in the temple. 822 men [who worked in the temple] lived in Jerusalem. Adaiah [who was a son of Jeroham]. Jeroham was a son of Pelaliah. Pelaliah was a son of Amzi. Amzi was a son of Zechariah. Zechariah was a son of Pashhur. And Pashhur was a son of Malkijah.	Nehemiah
1 Samuel 20:21	Then I(Jonathan) will send a boy [to search for the arrows]. I(Jonathan) will say, ["You(boy) (imp) find the arrows."]  Then I(Jonathan) might say to that boy, ["The arrows are on this side of you(boy)]. You(boy) (imp) bring the arrows to me(Jonathan)." [If I(Jonathan) say those words] then Saul will not hurt you(David). Then (implicit) you(David) (imp) come to the house. I(Jonathan) promise Yahweh [that you(David) will be safe].	1_Samuel
Nehemiah 11:9	Joel [who was a son of Zikri] was the leader of all of those people. And Judah [who was a son of Hassenuah] was the second leader of the city.	Nehemiah
Genesis 43:30	Then Joseph ran from the room [because Joseph started to cry] [after Joseph saw Benjamin]. So Joseph ran into Joseph's room. and Joseph cried.	Genesis
Genesis 32:1	-Title Jacob meets Esau. [After Jacob left that place] the angels of God met Jacob.	Genesis
1 Samuel 1:22	But Hannah did not go to Shiloh with Elkanah. Hannah said to Elkanah, [“[When my(Hannah’s) son is able [to eat food]] I(Hannah) will take my(Hannah’s) son to Shiloh]. Then I(Hannah) will give/dedicate my(Hannah’s) son to Yahweh. My(Hannah’s) son will serve Yahweh [until my(Hannah’s) son dies]. My(Hannah’s) son will always live at Shiloh.”	1_Samuel
1 Samuel 23:15	David went to a place named Horesh [which was in the Desert named Ziph]. [While David was at Horesh] David heard [that Saul was coming [to kill David]].	1_Samuel
2 Samuel 22:12	God covered God with darkness.    The dark clouds [that contain rain] covered God.	2_Samuel
Joshua 15:27	And the tribe named Judah owned the towns named Hazar-Gaddah, Heshmon, and Beth-Pelet.	Joshua
Joshua 13:24	Moses also gave land to the groups of families [that were in the tribe named Gad].	Joshua
Mark 9:6	(comment-begin) Peter did not know the thing-C [that Peter should say], [because Peter and the other followers/disciples _dual were extremely afraid]. (comment-end)	Mark
Mark 15:26	There was a sign-C on that cross. And the reason [that Jesus was on that cross for] was written by a person _implicitActiveAgent on that sign-C. That sign-C said-E, ["The king of the Jews _RealmofAuthority"].	Mark
Matthew 27:23	_paragraph Then Pilate asked, ["Why should I(Pilate) _implicitNecessary of the soldiers _metonymy kill Jesus [by putting Jesus on a cross]?] Which evil action did Jesus do [(implicit-situational) so-B that Jesus should die]?" _paragraph But the crowd shouted more loudly, ["You(Pilate) (imp) kill Jesus [by putting Jesus on a cross]!"]	Matthew
Acts 16:30	Then the chief guard of the prison brought Paul and Silas outside the prison. And the chief guard of the prison said to Paul and Silas, ["You(Paul and Silas), what must I(guard) do [so that God will save me(guard)]?"]	Acts
Genesis 31:11	[While I(Jacob) was dreaming] an angel of God came to me(Jacob). That angel seek-attention me(Jacob).  And I(Jacob) give-attention to that angel.	Genesis
Genesis 15:7	Yahweh also said to Abram, ["I(Yahweh) am Yahweh [who led you(Abram) from Ur [which is in Babylonia] [in-order-to I(Yahweh) give this land to you(Abram)]]]."	Genesis
Mark 9:15	[When all _hyperbolic the people [that were in the crowd] saw Jesus,] those people were immediately extremely surprised/amazed. And those people ran to Jesus [in-order-to greet Jesus].	Mark
1 Samuel 31:2	The Philistines were chasing Saul and Saul's sons.  And the Philistines killed Saul's sons named Jonathan, Abinadab, and Malki-Shua.	1_Samuel
Nehemiah 5:15	Previously the rulers/governors collected much taxes from the people. Those rulers took 460 grams of silver from the people. And those rulers/governors also took food and wine from the people. And those rulers'/governors' servants ordered [the people to do things]. But [because I(Nehemiah) respected God] I(Nehemiah) did not do those things.	Nehemiah
Nahum 2:5	The king of Nineveh will call the king's best soldiers. But those soldiers will die in the streets. Some soldiers will run to the wall of the city quickly. Those soldiers will try to protect the soldiers.	Nahum
Mark 11:15	(paragraph) Then Jesus and Jesus's disciples came to Jerusalem. And Jesus entered the temple of the courtyard _implicitType. Jesus started forcing [the people [who were buying animals/sacrifice _implicit in that place] and the people [who were selling animals/sacrifices _implicit in that place] to leave that place _implicit]. Jesus knock-over the tables of the people [who were selling/trade _routinely money] and the seats of the people [who were selling _routinely birds/dove [(implicit-situational) that people gave/sacrifice to God]].	Mark
1 Samuel 12:15	But [if you(Israelites) do not obey Yahweh,] then Yahweh will not help you(Israelites). And [if you(Israelites) stop obeying Yahweh’s commands,] Yahweh will punish you(Israelites). Yahweh will punish you(Israelites) [just-like Yahweh punished your(Israelites’) ancestors].	1_Samuel
Ruth 1:14	Naomi's daughters in law cried again. Then Orpah kissed Naomi. And Orpah goodbye Naomi. Then Orpah returned to Moab. But Ruth refused [to leave Naomi].	Ruth
Genesis 48:16	God was the angel [who saved me(Jacob)]. Now I(Jacob) pray [that God will bless these 2 boys]. I(Jacob) pray [that people will remember me(Jacob) [because these 2 boys will become great]]. And I(Jacob) pray [that people will remember my(Jacob's) ancestors named Abraham and named Isaac [because these 2 boys will become great]].  I(Jacob) pray [that God will cause [these 2 boys to have many descendants]]".	Genesis
Matthew 18:8	[If your(follower's) hand or your(follower's) foot causes [you(follower) to sin],] you(follower) (imp) cut-off that hand or that foot. And you(followers) (imp) throw-away that hand or that foot. It is-V bad-A [you(follower) cut-off that hand or that foot]. But it is-V extremely worse-A [you(follower) be thrown by God _implicitActiveAgent into hell-A [where fire always burns] [because you(follower) did not cut-off that hand or that foot]].	Matthew
Titus 3:4	But then God [who saves us(Paul) from bad things and death] showed us(Paul) [that God is kind]. And God showed us(Paul) [that God loves us(Paul)].	Titus
Genesis 6:7	So God said, ["I(God) will destroy all these people [that I(God) created]].  I(God) will destroy all the animals [that lives on the earth].  I(God) will also destroy all the birds.  I(God) will destroy all these things [because I(God) regret [that I(God) created these things]]."	Genesis
2 Samuel 18:5	Then the king commanded Joab, Abishai, and Ittai, ["(imp) You(Joab) be kind to the young man named Absalom for me(David).]" All of the soldiers heard [David commanding [the officers to be kind to Absalom]].	2_Samuel
2 Samuel 7:25	Yahweh, (imp) you(Yahweh) keep this promise [that is  about my(David's) family and about me(David)] forever. I(David) am your(Yahweh's) servant. Please (imp) you(Yahweh) keep this promise.	2_Samuel
Esther 4:10	Then Esther told [Hathach to go to Mordecai again].	Esther
2 Samuel 2:28	Then Joab played a trumpet. Then Joab's soldiers stopped chasing the Israelites. And those soldiers stopped fighting the Israelites.	2_Samuel
Joshua 7:22	So Joshua sent several men to Achan's tent. Those men ran to the tent. And those men found the things [that Achan hid under Achan's tent]. And those men found the silver under the other things.	Joshua
Ruth 2:2	One day Ruth [who was from Moab] said to Naomi, ["You(Naomi) (imp) let [me(Ruth) go to the fields]]. I(Ruth) will pick up grain/barley [that people left in the fields]. I(Ruth) will work behind people [that will be kind to me(Ruth)]." Naomi said to Ruth, ["My(Naomi's) daughter, (imp) go."]	Ruth
Genesis 25:32	Esau said, ["I(Esau) will die soon [because I(Esau) am extremely hungry]]. [If I(Esau) die] I(Esau) will not need the things of the father of us(Esau)."	Genesis
1 Samuel 30:19	David found all of the things [that the Amalekites took]. And David brought the young people and the old people back to Ziklag. David also brought the sons and the daughters to Ziklag. And David brought all of the valuable things [that the Amalekites took].	1_Samuel
Genesis 2:16	Then God said to the man ["You(Adam) may eat the fruit [that is on all the trees [that are in the garden] except the fruit [that is on one tree]]].	Genesis
Genesis 14:17	[After Abram defeated Kedorlaomer named King and the other kings [who were with Kedorlaomer named king]] Abram returned to the house of Abram. [While Abram was returning to the house of Abram] the king of Sodom met Abram in the Valley named Shaveh. Today people call the Valley named Shaveh the valley of the king.	Genesis
1 Samuel 25:20	So Abigail started riding Abigail's donkey [in order to meet David]. Abigail went into a valley [that was between two mountains].  At that time David and the men [that were with David] were also traveling in that valley. David and those men were coming toward Abigail. So Abigail met David and those men.	1_Samuel
2 Samuel 17:17	Jonathan and Ahimaaz were staying at En-Rogel. Jonathan and Ahimaaz did not want [people to see [Jonathan and Ahimaaz going into the city]]. So a female servant went to Jonathan and Ahimaaz [in order to tell the message to Jonathan and Ahimaaz]. Then Jonathan and Ahimaaz went to King David.	2_Samuel
1 Samuel 18:9	So Saul started watching David carefully [because Saul (implicit) was jealous of David].	1_Samuel
2 Samuel 3:33	King David sang for Abner, ["Abner should not have died[like a foolish man dies]].	2_Samuel
Nehemiah 5:4	And other Jews said, ["The king forces [us(Jews) to pay taxes [because we(Jews) own fields and gardens of grapes]]]. So we(Jews) had to borrow money [in order to pay those taxes to the king].	Nehemiah
1 Samuel 5:11	So the people [who were living in Ekron] called all of the rulers of the Philistines. And those people said to those rulers, ["You(rulers) (imp) send the Ark-of-the-Covenant of Israel to the Israelites]. You(rulers) (imp) let [the Ark-of-the-Covenant return to the Israelites] [before the Ark-Of-the-Covenant kills us(people) and our(people's) people!]" The people were very afraid [because many people died in that city]. God punished those people much in that city.	1_Samuel
Joshua 14:5	So the Israelites divided the land [just like Yahweh commanded Moses].	Joshua
Nehemiah 7:57	And men [that were descendants of Solomon’s servants] also returned.  Those men were descendants of  Sotai, Sophereth, and Perida.	Nehemiah
1 Samuel 28:21	Then the woman came to Saul. That woman saw [that Saul was very afraid].  So that woman said, ["I(woman) am your(Saul's) servant]. And I(woman) obeyed you(Saul).  I(woman) called this spirit [even-though you(Saul) might kill me(woman) now].	1_Samuel
Genesis 28:12	[While Jacob slept] Jacob dreamed that [Jacob saw a ladder]. that ladder was near Jacob. And that ladder was very tall.  The top of that ladder was in heaven. And Jacob saw [some angels of God walking up that ladder to heaven].  And Jacob also saw [some angels of God walking down that ladder to earth].	Genesis
Genesis 6:1	-Title People become evil.  The number of people [that lived on the earth] began to increase.  Those people birthed many daughters.	Genesis
Daniel 5:3	So the servants of Belshazzar brought the gold cups [that Nebuchadnezzar had brought from God's temple [that is in Jerusalem]]. Then the king, the wives of the king, the other women [that the king loved], and the important people drank wine from these cups.	Daniel
Mark 7:12	Then-D _implicit you(Pharisees) do not let [that person give a thing-A to that person's _implicit father or that person's _implicit mother] .	Mark
Genesis 14:12	Those kings also take-away Lot [who was Abram's nephew]. At that time Lot was living in Sodom. And those four kings take-away all the things [that Lot owned]. Then those four kings and the armies of the kings left that region.	Genesis
Mark 1:21	Jesus (title) causes [an evil/unclean spirit to leave a man]. (paragraph) Then Jesus and those men went to Capernaum named the town _implicit. On the next seventh day of the week, Jesus went into the Jewish church. And Jesus started teaching-B God’s message _implicit to the people _implicit [who gathered-C at that place]. (footnote) The seventh day of the week is the day [that Jews rested on] [and that Jews honored/worship God on].	Mark
Genesis 11:18	[When Peleg was 30 years old] Peleg had a son named Reu.	Genesis
Genesis 37:4	[Because Jacob loved Joseph [more than Jacob loved Joseph's brothers]] Joseph's brothers hated Joseph.  So those brothers treated Joseph badly.	Genesis
Matthew 12:5	(yesrhetorical) And did you(Pharisees) read in Moses's _implicit religious laws about the priests [who work in the temple on the Sabbath]? (statement) And you(Pharisees) read _past in Moses's _implicit religious laws about the priests [who work in the temple on the Sabbath]. Those priests are innocent [even-though the religious laws do not allow [people to work on that special/holy day]].	Matthew
Mark 14:9	I(Jesus) tell the truth to you(people). People will talk about the thing [that this woman did] in every place [where the Good-News is taught/preached by people _implicitActiveAgent on the earth]. So people _otherThingList will remember-C this woman."	Mark
Titus 1:15	All things are good for people [who are good]. But no thing is good for people [who are bad] and people [who do not trust in Christ Jesus]. Those people think badly. And those people are not  ashamed [when those people do bad things].	Titus
2 Samuel 13:17	Amnon called Amnon's servant. And Amnon said to that servant, ["(imp) You(servant) take this woman out of my(Amnon's) room now].Then (imp) you(servant) lock the door."	2_Samuel
Matthew 10:9	_paragraph You(disciples) (imp) do not bring gold or silver or copper in your(disciples') belts of the pockets _implicitType.	Matthew
2 Samuel 7:21	You(Yahweh) did this great thing [because you(Yahweh) promised [to help me(David)]]. And you(Yahweh) did this great thing [because you(Yahweh) wanted [to do this thing]]. And you(Yahweh) also told me(David) about this great thing.	2_Samuel
Mark 7:18	(rhetorical) Jesus asked those followers/disciples, ["Are you(followers) like those other people [who do not understand this thing _implicit]?] (statement) Jesus said to those followers/disciples , [" [You(followers) also do not understand this thing _implicit] seem]. (yesrhetorical) Do you(followers) know [that a thing [that goes into a person from outside] is not able [to cause [a person to become religiously _implicit dirty/unclean]]]? (statement) You(followers) should know [that a thing [that goes into a person from outside] is not able [to cause [a person to become religiously _implicit dirty/unclean]]].	Mark
Matthew 3:3	John the Baptist is the person [that God talked about through the prophet named Isaiah]. (paragraph) Isaiah said, ["A voice is shouting in the desert/wilderness, ["You(people) (imp) prepare the path for the Lord]]. You(people) (imp) make straight paths for the Lord . "" (footnote) You(people) (imp) see Isaiah 40:3.	Matthew
Matthew 24:49	Then that servant might start beating-C those other servants. And that servant might start eating much food _implicit. And that servant might start drinking much alcohol _implicit with people [who become _habitually drunk] .	Matthew
Mark 13:14	(paragraph) But you(followers) will see the terrible thing [that causes [the temple _implicitNecessary to become religiously dirty/unclean [(implicit-situational) so that people must leave/abandon that temple]]]. You(followers) will see [that thing standing in a place [where that thing should not be standing]]. (comment-begin) I(Mark) pray/pray-hope [you(person) [who is reading this book _implicit] understand the meaning ]. (comment-end) At-that-time the people [who are in Judea] must run-away to the mountains [(implicit-situational) in-order-to hide]. (footnote) You(people) (imp) see Daniel 9:27, 11:31, and 12:11.	Mark
Nehemiah 7:43	74 men [that were in the tribe named Levi] [and that were descendants of Jeshua] returned. (Those men were descendants of Kadmiel and Hodaviah.)	Nehemiah
Acts 1:16	And Peter said, ["Brothers and sisters, the Holy Spirit said through David in the Scriptures [that these things must happen]].  The Holy Spirit was talking about Judas [who was an apostle].	Acts
Matthew 28:10	Then Jesus said to those women, ["You(women) (imp) do not be afraid]. You(women) (imp) go. And you(women) (imp) tell-B my(Jesus's) followers/brothers-D and sisters-D _implicit [to go to Galilee]. My(Jesus's) followers/brothers-D and sisters-D _implicit will see me(Jesus) there."	Matthew
2 Samuel 9:12	Mephibosheth had a young son named Mika. All of the people [that were in Ziba’s family] became Mephibosheth’s servants.	2_Samuel
Ruth 4:12	We(people) pray [that Yahweh will give many children to you(Boaz) and this young woman]. And we(people) pray [that your(Boaz’s) family will become like Perez’s family].  Tamar birthed Perez for Judah. (footnote) Tamar was from another country [just like Ruth was from another country]."	Ruth
Nehemiah 6:14	My(Nehemiah’s) God , you(God) (imp) punish Tobiah and Sanballat [because Tobiah and Sanballat treated me(Nehemiah) badly].You(God) (imp) also punish the woman/prophet named Noadiah and the other people/prophets [that tried [to scare/intimidate me(Nehemiah)]].	Nehemiah
Daniel 6:1	King Darius decided [to choose 120 officials [in order to rule the entire kingdom]].	Daniel
1 Samuel 17:12	David was the son of Jesse [who was an Ephratite]. Jesse was living in Bethlehem [which was in the land [that the tribe named Judah owned]]. Jesse had eight sons. [When Saul became the king] Jesse was very old.	1_Samuel
1 Samuel 16:22	Then Saul sent a message to Jesse. Saul said, ["You(Jesse) (imp) allow [David to continue serving me(Saul)]].  I(Saul) like David."	1_Samuel
2 Samuel 12:22	David said, ["[While the baby was alive] I(David) did not eat [so that I(David)  could  pray]]. And I(David) cried/wept. I(David) thought, ["Perhaps Yahweh will be merciful to me(David)]. Perhaps Yahweh will let [the baby live]."	2_Samuel
Nehemiah 3:25	A man named Palal [who was a son of Uzai] repaired the next part of the wall. That part of the wall was in-front-of the tower of the king’s house.  That part of the wall was also near the building [that the guards lived in].	Nehemiah
1 Samuel 29:7	So you(David) (imp) return to your(David's) house.  And you(David) (imp) do not be angry. And you(David) (imp) do not cause [the kings of the Philistines to become angry]."	1_Samuel
Matthew 27:1	(title) Judas-Iscariot kills/hang-B Judas. _paragraph In the early morning _significantTime, all the chief priests and the old leaders of the people _frameInferable planned [to cause [Jesus to be killed by the Roman people _implicitActiveAgent]].	Matthew
Joshua 12:7	The Israelites also defeated/conquered the kings [that were on the western side of the Jordan River]. Those kings were between Baal-Gad and mount-Halak.  Baal-Gad was in the valley-Lebanon. And mount-Halak was near Edom.  [After Joshua and the Israelites defeated/conquered those kings] Joshua gave that land to the other tribes of Israel. So each of the 12 tribes received land. Earlier Yahweh promised [to give that land to the Israelites].	Joshua
Joshua 21:16	The tribes named Judah and Simeon also gave the towns named Ain, Juttah, and Beth-Shemesh to Aaron's descendants. And the tribes named Judah and Simeon also gave the fields [that were near those towns] to Aaron's descendants. Therefore the tribes named Judah and Simeon gave 9 towns to Aaron's descendants.	Joshua
1 Samuel 12:3	I(Samuel) am standing in-front-of you(Israelites) now. [If I(Samuel) did a bad thing to you(Israelites),] you(Israelites) (imp) tell me(Samuel) about that thing now in-front-of Yahweh and in front of the king [that Yahweh chose/appointed]. Did I(Samuel) steal an ox or a donkey from you(Israelites)? Did I(Samuel) cheat you(Israelites)? [When I(Samuel) was judging you(Israelites)] did I(Samuel) accept money from you(Israelites)? [If I(Samuel) did those things,] then I(Samuel) will return the things [that I(Samuel) took] to you(Israelites)."	1_Samuel
Acts 19:3	So Paul asked those people, ["Then how did people baptize you(disciples)?"] And those people said, ["People baptized us(disciples) [ like John the Baptist baptized people]."]	Acts
Matthew 27:27	(title) The Roman soldiers _frameInferable laugh/mock at Jesus. _paragraph Then the ruler's/governor soldiers took Jesus into the Praetorium named Pilate's royal house _ExplainName. Those soldiers called all the other _implicit soldiers to that place [so that the whole group of soldiers would stand around Jesus].	Matthew
2 Samuel 3:31	Then David spoke to Joab and all of the people [who were with Joab]. David said, ["(imp) You(Joab) tear your(Joab's) clothes [in order to show people [that you(Joab) are sad]]]. [When you(Joab) walk by Abner’s body] you(Joab) (imp) cry/mourn for Abner." [When David's servants carried Abner's body to the grave] King David followed those servants.	2_Samuel
Matthew 26:16	Then Judas-Iscariot started waiting for a time [so that Judas-Iscariot could give/betray-A Jesus to those priests _implicit].	Matthew
Mark 5:19	But Jesus did not allow [that man to go with Jesus ]. Instead, Jesus said to that man, ["You(man) (imp) go to your(man's) people]. And you(man) (imp) tell those people about the great things [that the Lord-A did for you(man)]. You(man) (imp) tell those people [that the Lord-A was kind/merciful to you(man)]."	Mark
Genesis 30:1	-Title Jacob has more sons.  Rachel was jealous of Rachel's sister named Leah [because Leah birthed children for Jacob]. So one day Rachel said to Jacob, ["[If you(Jacob) do not give children to me(Rachel)] I(Rachel) will die!"]	Genesis
Genesis 24:63	[After the servant and Rebekah traveled for several days] Isaac went to a field [in-order-to think in a quiet place]]. Then Isaac saw [camels traveling on the road].  So Isaac stood up.  And Isaac began walking toward the camels.	Genesis
Acts 16:8	So Paul and those people [who were traveling with Paul] went through Mysia. And Paul and those people [who were traveling with Paul] traveled to the city named Troas.	Acts
2 Samuel 2:12	Later Abner [who was the son of Ner] left Mahanaim. And Abner went to Gibeon.The men [that served Ish-Bosheth] went with Abner to Gibeon. Ish-Bosheth was Saul’s son.	2_Samuel
Joshua 22:31	And Phinehas [who was the son of Eleazar] said to the people [who were in the tribes named Reuben, Gad, and Manasseh], [“Now we(Israelites) know [that Yahweh is with us(Israelites)]]. And we(Israelites) know [that you(people) did not sin against Yahweh]. So Yahweh will not punish the Israelites.”	Joshua
Matthew 6:12	And you(Father) (imp) forgive-B our(people’s) sins [just-like we(people) also forgave-C the people [who sinned against us(people)]] .	Matthew
Matthew 5:35	You(person) (imp) do not promise/swear [(implicit-situational) you(person) will do something] in the name of earth. (literal) For the earth is the place [that God steps on]. (dynamic) For God rules the earth. You(person) (imp) do not promise/swear [(implicit-situational) you(person) will do something] in the name of Jerusalem. For Jerusalem is the city of the great king.	Matthew
Genesis 43:4	But [If you(Jacob) allow [Benjamin to go with us(brothers)]] we(brothers) will go to Egypt. Then we(brothers) will buy food for you(Jacob).	Genesis
Joshua 22:18	Do you(people) refuse [to follow Yahweh]? [If you(people) stop obeying Yahweh today] Yahweh will be angry with all of the Israelites tomorrow.	Joshua
Genesis 27:8	Then Rebekah said to Jacob, [" son of me(Rebekah), you(Jacob) (imp) obey me(Rebekah).]	Genesis
1 Samuel 17:15	David took care of David's father’s sheep in Bethlehem. But David often went to the place [that Saul’s army was camping at]. Then David returned to Bethlehem.	1_Samuel
Matthew 23:1	(title) Jesus warns-C people about people [who pretend [to be good/righteous]]. _paragraph Then Jesus said the following words to the crowd and Jesus's followers/disciples.	Matthew
Joshua 2:10	We(people) heard [that Yahweh caused [the Red Sea to become dry for you(Israelites)]]. Yahweh helped you(Israelites) [after you(Israelites) left Egypt]. And we(people) heard [that you(Israelites) killed King Sihon and King Og]. Those 2 men were the kings of the Amorites [who were living on the eastern side of the Jordan River]. You(Israelites) completely destroyed those people.	Joshua
Mark 15:11	But the chief priests persuaded-B that crowd [that crowd to ask Pilate [Pilate to free Barabbas for-C that crowd instead-C _Adp of Jesus _implicit ]].	Mark
1 Samuel 2:15	[Before a person burned the animal's fat] Eli's sons sent the sons' servant to that person. Then the servant said to that person, ["You(person) (imp) give some raw meat to the priest]. The priest will not accept meat [that you(person) boiled]."	1_Samuel
Joshua 7:17	So each group of families [that was in the tribe named Judah] stood in-front-of Yahweh. Then Yahweh chose the group named Zerah. Then each of the families of Zerah stood in-front-of Yahweh. And Yahweh chose the family of Zimri.	Joshua
Joshua 5:5	Previously all of the men [who come-out from Egypt] were circumcised by priests.  Many boys were born in the desert [after the Israelites left Egypt]. But [while the people were traveling from Egypt] all of the people [who were born in the desert] were not circumcised by priests.	Joshua
Matthew 2:11	(implicit-situational) That star helped [the wise men find the place [that the child was at]]. [After those wise men entered the house ,] those wise men saw the child and the child's mother named Mary. And the wise men immediately _implicit bowed. And those wise men honored/worship the child. Then those wise men opened the boxes of extremely valuable things [ (implicit-situational) which those wise men brought to that child ]. And those wise men gave gifts [which were gold, frankincense named a very valuable incense _implicit, and myrrh named a very expensive oil _implicit]  to the child.	Matthew
2 Samuel 14:2	So Joab sent a messenger to a wise woman [who was living in Tekoa]. That messenger brought that woman to Joab.  Then Joab said to that woman, ["(imp) you(woman) pretend [that you(woman) are crying/mourning for a dead person]].  (imp) You(woman) put on special clothes [that people [who are crying/mourning for a dead person] wear] . You(woman) (imp) do not clean yourself(woman). (imp) You(woman) pretend [that you(woman) were crying/mourning for a dead person for many days].	2_Samuel
1 Samuel 17:30	Then David asked other men about the gift/reward [that King Saul will give to the man [who will kill Goliath]]. And those men said to David the same things [that the other men said].	1_Samuel
Daniel 4:1	King Nebuchadnezzar wrote a letter to all the people [who live on the earth].  Nebuchadnezzar wrote, ["I(Nebuchadnezzar), King Nebuchadnezzar, send this message to all the people [who live on the earth]]. I(Nebuchadnezzar) hope [that all of you(people) have happy and prosperous lives].	Daniel
Matthew 25:17	(literalunits) Similarly, the servant-B [who received 2 talents] earned 2 more talents. (modernunits) Similarly, the servant-B [who received 2 bags ] earned 2 more bags of _quantity gold.	Matthew
Genesis 47:10	Then Jacob blessed the king again. and Jacob left the king.	Genesis
Matthew 21:42	_paragraph (yesrhetorical) Jesus asked those priests and those old leaders, ["Did you(priests) read the following words [that are in-G the Scriptures]?] (statement) Jesus said to those priests and those old leaders, ["You(priests) certainly read _past the following words [that are in-G the Scriptures]]. _paragraph The Scriptures _implicitNecessary say _implicitNecessary, ["Certain people [who were building a building] refused [to use a certain stone]]. (literal) But that stone became the chief stone of the corner of the building _implicit. (dynamic) But that stone became the most important stone of the building _implicit. The Lord-A did this thing. And we(people) see [this thing is wonderful]." (footnote) You(people) (imp) see Psalms 118:22-23.	Matthew
Genesis 47:16	Joseph said to those people, ["[Because you(people) do not have money] you(people) must give your(people's) livestock to me(Joseph)]. Then I(Joseph) will give food to you(people)."	Genesis
