reference	verse	book
1 Samuel 17:27	Then those men told David [that the king will give much money to the man [who will kill Goliath]]. And those men told David about all of the other things [that King Saul will do for the man [who will kill Goliath]].	1_Samuel
Genesis 2:25	At that time the man and the man's wife were naked. But these 2 people were not ashamed.	Genesis
Daniel 1:19	The king spoke to the young men. The king discovered [that Daniel, Hananiah, Mishael, and Azariah were wiser than all of the other young men]. So these four men began to serve the king.	Daniel
Matthew 12:10	And a man [who had a sick/shriveled hand] was there. The Pharisees [who (implicit-situational) were there] were trying [to say/accuse about Jesus [Jesus was doing bad _morally things]]. So those Pharisees asked Jesus, ["Does the religious laws allow [people to heal people _implicit _otherThingList on the Sabbath]?"]	Matthew
Esther 4:2	The king's guards did not allow [people [that were wearing clothes [that were made of sackcloth]] to enter the king's palace]. So Mordecai stood at the gate of the king's palace.	Esther
Joshua 15:41	And the tribe named Judah owned the towns named Gederoth, Beth-Dagon, Naamah, and Makkedah. Therefore the tribe named Judah owned 16 towns [that were in that region].  And the tribe named Judah also owned the fields [that were near those towns].	Joshua
Genesis 21:26	But Abimelech said, ["I(Abimelech) did not know [that my(Abimelech's) servants prevented [you(Abraham) use that well]]]. You(Abraham) did not tell me(Abimelech) about this problem."	Genesis
Genesis 13:15	I(Yahweh) will give all these places to you(Abram) and to your(Abram's) descendants.  These places will belong to you(Abram) and your(Abram's) descendants forever. I(Yahweh) will give to you(Abram) all the places [that you(Abram) are able [to see]].	Genesis
Genesis 9:15	[When I(God) see that rainbow] I(God) will remember my(God’s) covenant [that I(God) made with you(Noah) and all things [that live on the earth]]. I(God) will never again destroy with a flood all things [that live on the earth].	Genesis
1 Samuel 30:10	200 of the men stayed at that place [because those men were very tired]. Those men were not able [to cross the valley]. So David and the other 400 men continued chasing the Amalekites.	1_Samuel
1 Samuel 13:21	The Israelites paid the Philistines about 8 grams of silver [when the Philistines made [the Israelites' plows become sharp]].  And the Israelites paid the Philistines about 4 grams of silver [when the Philistines made [the Israelites' forks, axes, and goads become sharp]].	1_Samuel
1 Samuel 22:19	Doeg also killed all of the people [who were living in Nob]. Nob was the town [that the priests lived in]. Doeg killed the men, the women, the children, and the babies with a sword. And Doeg also killed the cows, the donkeys, and the sheep.	1_Samuel
Jonah 2:9	But I(Jonah) will give a gift/sacrifice to you(Yahweh). I(Jonah) will praise you(Yahweh) with a loud voice.  I(Jonah) will keep the promise [that I(Jonah) made to you(Yahweh)]. I(Jonah) will say, ["Yahweh, you(Yahweh) are the God [who saves people]]."	Jonah
Joshua 3:12	There are 12 tribes in Israel. You(people) (imp) choose 12 men from the tribes of Israel. You(people) (imp) choose 1 man from each tribe [that is in Israel].	Joshua
Daniel 5:23	You(Belshazzar) think [that you(Belshazzar) are more important than God [who lives in heaven]]. You(Belshazzar) demanded [that your(Belshazzar's) servants bring the cups from the temple of God to you(Belshazzar)]. And you(Belshazzar), your(Belshazzar's) wives, the other women [that you(Belshazzar) love], and the important people [that live in your(Belshazzar's) kingdom] drank wine from these cups. Then you(Belshazzar) honored the gods [that other people made]. Those gods were made of gold, silver, bronze, iron, wood, and stone. Those gods are not able [to see things]. And those gods are not able [to hear things]. And those gods are not able [to understand things]. But you(Belshazzar) honored those gods. And you(Belshazzar) did not honor the true God. God controls your(Belshazzar's) life. God rules you(Belshazzar).	Daniel
2 Samuel 14:29	One day Absalom sent a messenger to Joab. Absalom wanted [Joab to go to the king]. But Joab refused [to come to Absalom]. Then Absalom sent another messenger to Joab. But Joab again refused [to come].	2_Samuel
Genesis 30:25	-Title Jacob tricks Laban. [After Rachel birthed Joseph] Jacob said to Laban, ["You(Laban) (imp) allow [me(Jacob) to return to my(Jacob's) house [that is in my(Jacob's) country]]].	Genesis
Genesis 7:8	All kinds of clean animals, all kinds of unclean animals, and all kinds of birds entered the boat.  These animals came to Noah.	Genesis
Genesis 36:7	Esau and Jacob had many animals. These animals were not able [to find enough food in Canaan] [because there were too many animals]. The land [where Esau and Jacob lived] was too small.	Genesis
Genesis 28:15	I(Yahweh) am with you(Jacob). and I(Yahweh) will always protect you(Jacob). and I(Yahweh) will cause [you(Jacob) to return to this land]. I(Yahweh) will not leave you(Jacob). I(Yahweh) will certainly do all these things."	Genesis
Daniel 9:16	Lord, you(Lord) are always righteous. You(Lord) (imp) please stop being angry with the people [who live in Jerusalem]. Jerusalem is your(Lord's) city. Jerusalem is your(Lord's) holy place. All the people [that live near us(people)] hate Jerusalem. And those people hate your(Lord's) people. Those people hate us(people) [because our(people's) fathers did things [that you(Lord) hate]]. And those people hate us(people) [because we(people) have been evil].	Daniel
Genesis 38:11	Then Judah said to Judah's daughter-in-law named Tamar, ["You(Tamar) (imp) return to your(Tamar's) father].  You(Tamar) (imp) live in the house of your(Tamar's) father. But you(Tamar) (imp) do not marry a man.  You(Tamar) (imp) wait [until my(Judah's) son named Shelah grows]. Then you(Tamar) may marry Shelah." But Judah was afraid [that Shelah also would die]. Judah thought [that Shelah will die [like Shelah's brothers died]]. So Tamar returned to the house of Tamar's father.	Genesis
Joshua 2:8	[Before those two men/spies lay down [in order to sleep]] Rahab went up to the roof.	Joshua
2 Samuel 14:27	Absalom had 3 sons and 1 daughter. Absalom's daughter’s name was Tamar. Tamar was very beautiful.	2_Samuel
Genesis 24:39	I(servant) said to my(servant's) master, ["[If the woman [that I(servant) find] does not want [to return to Canaan with me(servant)]] what should I(servant) do?]	Genesis
Joshua 5:1	So Yahweh caused [the Jordan River to become dry] [while the Israelites went across the Jordan River]. [When all of the Amorite kings [who were living on the western side of the Jordan River] heard that [Yahweh did this thing]] those kings became very afraid. And [when all of the Canaanite kings [who were living near the sea-Mediterranean] heard that [Yahweh did this thing]] those kings also became very afraid. Those kings did not want [to fight the Israelites].	Joshua
2 Samuel 23:29	Heled was the son of Baanah. Heled was from Netophath.Ithai was the son of Ribai. Ithai was from Gibeah. Gibeah was in the land [that the tribe named Benjamin owned].	2_Samuel
Joshua 2:3	So the king of Jericho sent a soldier to Rahab's house.  That soldier said to Rahab, ["You(Rahab) (imp) bring the men [who came to you(Rahab)] to me(soldier)]. Those men entered your(Rahab's) house. But those men are spies. Those men came to Jericho [in order to look at our(people's) land]."	Joshua
2 Samuel 3:12	Then Abner sent messengers to David. Abner said, ["Who will rule this land]?  You(David) (imp) make a promise/covenant to me(Abner). Then I(Abner) will cause[all of the Israelites to follow you(David)]."	2_Samuel
Genesis 31:38	I(Jacob) worked for you(Laban) for 20 years. [While I(Jacob) worked for you(Laban)] all of the animal's babies lived [after the babies were born]. and I(Jacob) did not eat any male sheep of you(Laban).	Genesis
Joshua 16:8	Then the border went from Tappuah to the valley-Kanah. Then the border went to the sea-Mediterranean.  Joshua and the leaders of the Israelites gave all of that land to the families of Ephraim.	Joshua
2 Samuel 24:7	Then Joab and those officers went to the city named Tyre and all of the cities [that the Hivites and the Canaanites were living in]. Then Joab and those officers went to Beersheba [which was in the southern region of Judah].	2_Samuel
Mark 10:10	(paragraph) [When Jesus and Jesus's disciples were alone _implicit in a house,] those disciples asked-D Jesus about these things again.	Mark
1 Samuel 30:1	(title) David defeats the Amalekites.  David and the men [who were with David] traveled for 3 days. Then David and those men arrived at Ziklag. [While David was with the Philistines], the Amalekites had attacked the towns [that were in southern Judah]. And the Amalekites also attacked  Ziklag.  Then the Amalekites burned Ziklag.	1_Samuel
Mark 14:72	And immediately a male chicken shouted a second time. Then Peter remembered-D the words [that Jesus previously said to Peter]. Jesus said, ["[Before a male chicken shouts 2 times,] you(Peter) will say [you(Peter) do not know me(Jesus)] 3 times"]. And Peter was not able [to control Peter _reflexive]. And Peter began to cry/weep.	Mark
Genesis 8:12	Noah waited seven more days. Then Noah put the dove outside the boat again.  The dove did not return to the boat.	Genesis
Joshua 10:30	Yahweh caused [the Israelites to defeat the people [who were living in that city] and that city's king]. The Israelites killed all of the people [who were in that city]. No people were living in that city [after the Israelites attacked that city]. And the Israelites killed that city's king [just-like the Israelites killed the king of Jericho].	Joshua
Mark 4:5	Some of the seeds fell on ground [that had many stones]. That ground did not have much soil. The seeds grew-E quickly [because the soil was not deep].	Mark
Acts 4:1	We(John) should not kill our(John's) brother.  Our(John's) brother is our(John's) brother.	Acts
Nahum 3:1	Yahweh (title) will judge the people [who live in Nineveh].  The people [who live in Nineveh] will have many problems! Those people murdered many people! And those people lied to many people! And those people stole many things from other people! Those people are always killing other people!	Nahum
Genesis 21:15	[After Hagar and Ishmael drank all the water] Hagar put Hagar's son under a big bush.	Genesis
Philemon 1:23	Epaphras also is in prison with me(Paul) [because Epaphras serves Christ Jesus]. Epaphras greets you(Philemon).	Philemon
Nehemiah 1:9	But [if you(people) return to me(Yahweh)] [and if you(people) obey my(Yahweh's) commands] then I(Yahweh) will gather my(Yahweh's) people. [Although soldiers took my(Yahweh's) people to places [that are far-away-from the place [that I(Yahweh) chose for you(people)]]] I(Yahweh) will gather my(Yahweh's) people. And I(Yahweh) will bring you(people) to that place again. I(Yahweh) put my(Yahweh's) Name at that place."	Nehemiah
Mark 11:18	(paragraph) The chief priests and the scribes heard-D about the things _implicit [that Jesus did]. And those chief priests and those people/scribes started planning/plotting-B[those chief priests and those people/scribes to kill Jesus]. (implicit-situational) But those chief priests and those people/scribes did not try [to take-away/arrest Jesus at that time]. For those chief priests and those people/scribes were afraid of Jesus [because the things [that Jesus was teaching] surprised/amazed the whole crowd ].	Mark
2 Samuel 14:7	Now all of the people [who are in my(woman's) family] are angry at me(woman). Those people said to me(woman), ["You(woman) (imp) bring the son [that killed the son's brother] to us(people)]. Then we(people) will kill that son [because that son killed the brother of that son]. Then that evil son will not receive/inherit the things [that your(woman's) husband owned]." My(woman's) son is very important to me(woman). I(woman) do not have other children. And [if those people kill my(woman's) son] then my(woman's) husband will not have a descendant. My(woman's) husband's name will not exist on the earth."	2_Samuel
1 Samuel 19:21	A person told Saul [that those men were telling/prophesying God’s messages to people]. So Saul sent other men to that place. But those men also started telling/prophesying God’s messages to people. Then Saul sent other men to that place. But those men also started telling/prophesying God’s messages to people.	1_Samuel
Joshua 24:32	(title) The Israelites bury Joseph’s bones. [When the Israelites left Egypt] the Israelites carried Joseph’s bones. So the Israelites buried Joseph's bones at Shechem. The Israelites buried those bones in the land [that Jacob bought from the descendants of Hamor]. Hamor was the father of Shechem. Jacob bought that land for silver -quantity 100 pieces. Therefore that land belonged to Joseph’s descendants.	Joshua
Mark 9:41	I(Jesus) tell the truth to you(followers). [If a person gives a cup of water to you(followers) [because you(followers) belong to the Christ _1stas3rd],] that person will certainly receive that person's reward from God _implicit.	Mark
2 Samuel 10:3	But [when David's officials came to Ammon] the leaders of Ammon spoke to King Hanun. Those leaders said, ["David does not want [to honor your(Hanun's) father].]  David sent these men to you(Hanun)  [so that these men could explore/spy our(leaders') city]. Then David will attack us(leaders)."	2_Samuel
Nehemiah 2:3	But I(Nehemiah) said to the king, ["I(Nehemiah) hope [that the king will live forever]!] My(Nehemiah's) face looks sad [because soldiers destroyed the city [that people buried the bodies of my(Nehemiah's) ancestors in]]. And fire destroyed the gates of that city."	Nehemiah
Matthew 21:13	Jesus said to those people, ["The Scriptures say, ["My(God's) house will be called by people _implicitActiveAgent a house [where people pray to me(God) _implicit]"]]. But you(people) caused [this house to become like a hole/cave [where thieves gather]]". (footnote) You(people) (imp) see Isaiah 56:7 and Jeremiah 7:11.	Matthew
Matthew 21:36	Then that man sent other servants-B to those people/farmers. That man sent many more servants-B. And those people/farmers treated those servants-B [just-like those people/farmers treated the first servants].	Matthew
2 Samuel 20:15	So Joab and Joab's soldiers came to Abel-Beth-Maakah. And Joab's soldiers surrounded that city. And Joab's soldiers made a dirt hill near the city’s wall [so that Joab's soldiers could climb up the walls of the city].  Joab's soldiers also started hitting the city walls [in order to knock down those walls].	2_Samuel
Matthew 26:70	_paragraph But Peter said [the thing-C [that that girl said] was not true] in front of all the people [who were there]. (literal) Peter said, ["I(Peter) do not know-D about the thing-B [that you(girl) are talking about]"]. (dynamic) Peter said, ["I(Peter) do not know-D that man"].	Matthew
1 Samuel 24:17	Saul said to David, ["You(David) are better than me(Saul)].  You(David) treated me(Saul) kindly. But I(Saul) treated you(David) badly.	1_Samuel
1 Samuel 22:4	So David's parents stayed with the king of Moab.  Then David left David's parents. And David (implicit-info) returned to the cave.  [While David stayed in that cave] David’s parents stayed with the king of Moab.	1_Samuel
Joshua 15:15	Then Caleb fought the people [who were living in Debir]. (Previously people called Debir Kiriath-Sepher.)	Joshua
Matthew 24:24	For false-B Christs and people [who tell false messages [that do not come from God] to people] will come. And those people _newNounIndex will do great signs-B and actions/miracles [that will surprise/amaze people] [in order to deceive people]. Those people will try [to deceive the people [whom the Lord-A chose-B [to be the Lord's-A people]]].	Matthew
Genesis 29:4	One day Jacob said to the shepherds [who were near the well], ["My(Jacob's) friends, where do you(shepherds) live?"] The shepherds answered Jacob, ["We(shepherds) live in Haran."]	Genesis
1 Samuel 3:9	So Eli told Samuel, ["You(Samuel) (imp) return to your(Samuel's) bed]. And you(Samuel) (imp) lie down. [If Yahweh calls you(Samuel) again] you(Samuel) (imp) say to Yahweh, ["Yahweh, you(Yahweh) (imp) speak to me(Samuel)]. I(Samuel) am your(Yahweh's) servant. And I(Samuel) am listening to you(Yahweh)."" So Samuel returned to Samuel's bed. And Samuel lay down.	1_Samuel
Genesis 43:32	Joseph sat at a table. And Joseph's brothers sat at another table. and the Egyptians [who regularly ate with Joseph] sat at another table. The Egyptians did not sit with the brothers [because the Egyptians did not like Hebrews].  Then the servants brought the meal to these three tables.	Genesis
Daniel 7:14	The Ancient-of-Days gave authority, honor, and royal power to this person. All the people served this person. The kingdom of this person will exist forever. This kingdom will never end. No person is able [to destroy this kingdom].	Daniel
Joshua 15:10	Then the northern border went to mount-Edom and mount-Jearim. (People called mount-Jearim Kesalon.) Then the northern border went to Beth-Shemesh and Timnah.	Joshua
Joshua 8:32	Then Joshua wrote the law of Moses on stones in front of all the Israelites. All of the Israelites saw [Joshua writing the law of Moses on the stones].	Joshua
Daniel 2:6	You(astrologers) (imp) tell me(king) about my(king's) dream. And (imp) you(astrologers) explain the meaning of the dream to me(king). [If you(astrologers) are able [to tell me(king) about my(king's) dream]] I(king) will reward you(astrologers). I(king) will give gifts to you(astrologers). And I(king) will cause [people to honor you(astrologers)]. So (imp) you(astrologers) tell me(king) about my(king's) dream. And you(astrologers) (imp) explain the meaning of my(king's) dream to me(king)."	Daniel
1 Samuel 24:15	I(David) hope [that Yahweh will judge you(Saul) and me(David)]. And I(David) hope [that Yahweh will help me(David)]. I(David) hope [that Yahweh will prove [that I(David) did not treat you(Saul) badly]]. And I(David) hope [that Yahweh will protect me(David) from you(Saul)]."	1_Samuel
2 Samuel 21:9	David gave those seven sons to the people [who were from Gibeon]. Then those people killed those seven sons. And those people hung those sons' bodies on poles in front of Yahweh. The seven sons died at the same time. Those people killed those sons [when the people were started to harvest the barley].	2_Samuel
Nehemiah 7:32	123 men [that were from Bethel and Ai] returned.	Nehemiah
Joshua 21:26	Therefore the Israelites gave 10 towns to the families [that were Kohath’s descendants]. And the Israelites also gave the fields [that were near those towns] to those families.	Joshua
Mark 7:4	[After those Pharisees and those Jews come from the market,] those Pharisees and those Jews do not eat food _implicit [unless those Pharisees and those Jews first _implicit religiously/ritually _implicit wash those Pharisees and those Jews _reflexive]. And those Pharisees and those Jews also carefully obey many other laws [that explain-how [people should wash cups, containers/pitchers , and pots of _madeOf copper]]. (comment-end) (footnote) Some manuscripts _copiesInLDV of this part of the Scripture say, " And those Pharisees and those Jews also carefully obey many other laws [that explain-how [people should wash cups, containers/pitchers, pots of _madeOf copper, and beds [(implicit-situational) that people lie on [while those people are eating food]]]]".	Mark
Matthew 21:31	_paragraph Which son did the thing [that the father wanted [the sons _dual to do]]? _paragraph The priests and the old leaders answered, ["The first son did the thing [that the father wanted [the sons _dual to do]]"]. _paragraph Jesus said to those priests and those old leaders, ["I(Jesus) am telling you(priests) the truth]. (complex) Tax collectors and prostitutes are entering the kingdom-B of God instead of you(priests). (simple) Tax collectors and prostitutes are becoming God's children instead of you(priests).	Matthew
Genesis 46:4	I(God) will go to Egypt with you(Jacob). and later I(God) will bring you(Jacob) to Canaan from Egypt. Joseph's hands will close your(Jacob's) eyes [when you(Jacob) die]."	Genesis
Matthew 15:13	_paragraph Jesus said, ["Every plant [that was not planted by my(Jesus's) Father [who is in heaven]] will be completely pull-out from the ground by my(Jesus's) Father _implicitActiveAgent]. (footnote) Jesus is comparing people to plants. God's children are-U like plants [that God plants].	Matthew
Daniel 7:20	And I(Daniel) wanted [the person to explain the ten horns [that were on that animal's head] to me(Daniel)]. I(Daniel) also wanted [the person to explain the small horn to me(Daniel)]. The small horn grew. And the small horn pulled out three of the other horns. This small horn had eyes. And this small horn had a mouth [that said proud things]. The small horn was greater than the other horns.	Daniel
Mark 6:41	Jesus took the 5 pieces/loaves of bread and the 2 fish. Jesus looked at the sky. And Jesus thanked God for the food _implicit. And Jesus broke the bread into many pieces _implicit. Then Jesus gave the pieces _implicit of bread to Jesus's followers/disciples [so that Jesus's followers/disciples could give the pieces _implicit of bread to the people]. Jesus also _implicit divided the 2 fish into pieces for all of the people.	Mark
Mark 6:38	(paragraph) Jesus asked those followers/disciples, ["What number of pieces/loaves of bread do you(followers) have?] You(followers) (imp) go. And you(followers) (imp) look for bread _implicit." (paragraph) So those followers/disciples talked to the people. (implicit-subaction) Then those followers/disciples came back to Jesus. And those followers/disciples said, ["We(followers) _implicitNecessary have _implicitNecessary 5 pieces/loaves of bread _implicitNecessary and 2 fish"].	Mark
Joshua 21:22	The tribe named Ephraim also gave the towns named Kibzaim and Beth-Horon to the other families [that were Kohath's descendants]. So the tribe named Ephraim gave 4 towns to those people. And the tribe named Ephraim also gave the fields [that were near those towns] to those people.	Joshua
Matthew 10:13	(literal) [If that house of the people _implicitType treat you(disciples) kindly,] you(disciples) (imp) let [your(disciples’) peace be in that house]. (dynamic) [If that house of the people _implicitType treat you(disciples) kindly,] you(disciples) (imp) give peace to those people. (literal) [If those people do not treat you(disciples) kindly,] you(disciples) (imp) let [your(disciples’) peace return to you(disciples)]. (dynamic) [If those people do not treat you(disciples) kindly,] you(disciples) (imp) do not give peace to those people.	Matthew
Ruth 3:16	Then Ruth came to Ruth’s mother-in-law.  Naomi asked Ruth, ["My(Naomi’s) daughter, which things happened?"] Then Ruth told Naomi about all of things [that Boaz did for Ruth].	Ruth
Matthew 26:56	But all of these events are happening now _implicit [so that the words [that the people [who tell God's messages to people] wrote about me(Jesus) _implicit] would happen/be-fulfilled]." Then all the followers/disciples left/abandon Jesus. And those followers/disciples run-away.	Matthew
Mark 1:39	So Jesus traveled throughout Galilee. And Jesus taught/preach God's message _implicit in the Jewish churches of the people _frameInferable. And Jesus forced [evil spirits/demons to leave people _implicitDifferentNounIndex].	Mark
Genesis 32:22	-Title Jacob fights with God.  During the night Jacob went across a river named Jabbok. Jacob took the 2 wives of Jacob, the 2 female slaves of Jacob, and the 11 sons of Jacob.	Genesis
Joshua 9:1	The Gibeonites (title) trick the Israelites. All of the kings [who were living on the western side of the river-Jordan] heard about these things. Some of those kings lived in the mountains. And some of those kings lived on the western side of the mountains.  Some of those kings lived near the shore of the sea-Mediterranean. And some of those kings lived near Lebanon.  ( Those kings ruled the Hittites, Amorites, Canaanites, Perizzites, Hivites and Jebusites. )	Joshua
1 Samuel 23:18	Then David and Jonathan made a promise/covenant in front of Yahweh. Then Jonathan went to Jonathan’s house. But David stayed at Horesh.	1_Samuel
Joshua 3:7	Then Yahweh said to Joshua, ["Today I(Yahweh) will cause [you(Joshua) to become a great man]].  All of the Israelites will start respecting/admiring you(Joshua). Then the Israelites will know [that I(Yahweh) am with you(Joshua) [just-like I(Yahweh) was with Moses]].	Joshua
1 Samuel 11:10	Then those people said to the Ammonites, ["Tomorrow we(people) will come/surrender to you(Ammonites)]. Then you(Ammonites) may do the things [that you(Ammonites) want [to do]] to us(people)."	1_Samuel
Acts 17:29	We(humans) are God's children, so we(children) should not think [that God is like gold, silver, or stones.] God is not a thing [which humans design through human's skills].	Acts
Genesis 17:20	I(God) will also bless Ishmael. and I(God) will cause [Ishmael to have many descendants]. Ishmael will be the father of 12 rulers. and I(God) will cause Ishmael's descendants to be a great nation.	Genesis
1 Samuel 4:1	And Samuel told the people [who were living in all of the regions of Israel] about the things [that Yahweh said]. (title) The Philistines take/capture the Ark-of-the-Covenant.  At that time the Israelites gathered [in order to fight the Philistines]. The Israelites camped at Ebenezer. And the Philistines camped at Aphek.	1_Samuel
Genesis 21:17	The boy also was crying.  God heard [the boy crying].  So the angel of God [who was in heaven] called Hagar. The angel said, ["Hagar, why are you(Hagar) crying?] You(Hagar) (imp) do not be afraid! I(God) heard [the boy crying].	Genesis
Joshua 6:10	Previously Joshua commanded [the people not to shout]. Joshua said to the people, ["(imp) You(people) do not shout]. You(people) (imp) do not speak [while we(people) are walking]. (imp) You(people) do not speak [until I(Joshua) tell [you(people) to shout]]. Then (imp) you(people) shout loudly!"	Joshua
1 Samuel 28:19	Yahweh will give Israel and you(Saul) to the Philistines. Tomorrow you(Saul) and your(Saul's) sons will be with me(Samuel). Yahweh will also allow [the Philistines to defeat the army of Israel]."	1_Samuel
Jonah 1:13	But the men tried [to move/row/steer the ship to the land/shore]. But those men were not able [to move/row/steer the ship] [because the wind was blowing harder] [and because the waves were becoming bigger].	Jonah
1 Samuel 21:14	Then Achish said to Achish's servants, ["You(servants) (imp) look at this man]! David is crazy! Why did you(servants) bring David to me(Achish)?	1_Samuel
Matthew 23:38	You(Jerusalem) (imp) look/behold. Your(Jerusalem's) city will become like an empty _implicit house [that is left/abandon by God _implicitActiveAgent].	Matthew
Genesis 3:1	-Title Adam and Eve sin.  The snake was the most clever animal [that God created].  On one day the snake said to the woman, ["Did God forbid [you(Eve) to  eat the fruit of the trees [that are in the garden]]?"]	Genesis
Genesis 49:9	Judah, you(Judah) are like a young lion. [After you(Judah) hunt animals] you(Judah) rest.  [after You(Judah) kill a deer]  you(Judah) lie down [in-order-to you(Judah) rest]. People will not wake you(Judah) [because all people are afraid of you(Judah)].	Genesis
Genesis 30:27	Then Laban said to Jacob, ["[If I(Laban) pleased you(Jacob)] you(Jacob) (imp) stay at this place]. Yahweh blessed me(Laban) [because you(Jacob) worked for me(Laban)].	Genesis
Genesis 41:27	The 7 thin cows represent 7 years. and the 7 thin plants [that the east wind burned] represent 7 years.  During those 7 years your(king's) people will be hungry.	Genesis
Esther 2:18	Then the king had another party for Esther. The king invited all the officials and all the important people [to come to this party]. The king declared [that the day was a holiday for all the people]. And the king gave gifts to many people. The king was very generous.	Esther
Joshua 16:4	So the descendants of Manasseh and the descendants of Ephraim received land. Manasseh and Ephraim were Joseph’s sons.	Joshua
Matthew 24:43	But you(followers) (imp) understand the following lesson. [If the person [who owns the house _frameInferable] knows the time [that the thief _frameInferable will come during the night _frameInferable at],] the person [who owns the house _frameInferable] will be awake. That person/owner will watch-out. And that person/owner will not let [that thief enter that person's/owner house [in order to steal things _implicit]].	Matthew
2 Samuel 1:10	So I(man) went to Saul. And I(man) killed Saul.  I(man) knew [that the Philistines would  kill Saul soon]. Then I(man) took the crown [that was on Saul's head]. And I(man) took the bracelet [that was on Saul's arm] also. And  I(man) brought that crown and that bracelet to you(David). You(David) are my(man’s) master."	2_Samuel
2 Samuel 18:22	Then Ahimaaz [who was Zadok's son] asked Joab again [to allow [Ahimaaz to go to David]]. Ahimaaz said, ["Please (imp) you(Joab) let [me(Ahimaaz) run to David behind that man [who is from Cush]]]." But Joab said, ["My(Joab's) son, why do you(Ahimaaz) want [to go]]? [When you(Ahimaaz) tell David about Absalom] the king will not give good things to you(Ahimaaz)."	2_Samuel
Acts 19:21	Then Paul decided to go to Jerusalem. (alternate translation: Then the Holy Spirit compelled Paul [to go to Jerusalem].) While Paul was traveling to Jerusalem, Paul traveled through the regions named Macedonia and Achaia. And Paul said, ["[After I(Paul) go to those two regions], I(Paul) must also visit that city named Rome"].	Acts
Genesis 1:2	[After God had created the earth] no thing was on the earth.  Water covered the earth [and it was dark in every place.]  And the Spirit of God moved over the water.	Genesis
Matthew 12:26	Similarly _implicit, [if Satan forces [Satan of demons _metonymy to leave people _implicit],] Satan is fighting _reflexive Satan. (norhetorical) Then-D is Satan of the nation/kingdom-C _metonymy able [to continue being/exist powerful]? (statement) Then-D Satan of the nation/kingdom-C _metonymy is not able [to continue being/exist].	Matthew
Genesis 15:10	So Abram brought these animals to Yahweh. Then Abram killed these animals. and Abram cut these animals. and Abram divided each animal into two pieces.  Then Abram put each piece of an animal beside the other piece of the animal. But Abram did not cut the birds.	Genesis
2 Samuel 13:16	But Tamar said to Amnon, ["No!] (imp) You(Amnon) do not tell [me(Tamar) to leave]. You(Amnon) already treated me(Tamar) badly.  But now you(Amnon) are treating me(Tamar) very badly." But Amnon refused [to listen to Tamar].	2_Samuel
Genesis 41:30	But after those 7 years the people [who live in Egypt] will be hungry [because there will be a famine].  The people will forget [that the people had much food during those other years].  This famine will destroy all the crops.	Genesis
Mark 5:21	(title) Jesus heals a sick woman. (title) And Jesus causes [Jairus's daughter to become alive again]. (paragraph) Jesus and Jesus's disciples _implicit went into the boat again. And Jesus and Jesus's disciples _implicit returned to the other side of the lake _implicit. [While Jesus was on the shore of the lake,] a big crowd gathered-C around Jesus.	Mark
Mark 2:9	Which action is easier [to do] ? I(Jesus) _implicitNecessary might say to the man [who is not able [to move that man's legs]], ["Your(man's) bad _morally actions are forgiven by me(Jesus) _implicit"]. Or I(Jesus) _implicitNecessary might say , ["You(man) (imp) get-up!] You(man) (imp) pick-up your(man's) bed/mat. And you(man) (imp) walk!"	Mark
Joshua 11:21	Then Joshua fought the Anakites [who were living in the mountains [that were near Hebron, Debir, Anab, Judah, and Israel]]. Joshua completely destroyed those people and those people's towns.	Joshua
1 Samuel 10:23	So some people ran to the bags. And those people found Saul. Then those people brought Saul to Samuel. [When Saul stood with the other people] Saul was much taller than all of the other people.	1_Samuel
Mark 16:6	(paragraph) Then the young man said to those women, ["You(women) (imp) do not be afraid]. You(women) are looking for Jesus [who is from Nazareth] [and whom soldiers _implicitNecessary killed [by putting on a cross]]. Jesus became alive again! Jesus is not at this place. You(women) (imp) see the place [where people put Jesus's body].	Mark
Nehemiah 9:30	You(Yahweh) were patient with those people for many years. You(Yahweh) warned those people through your(Yahweh’s) Spirit [by sending people [who told your(Yahweh’s) messages to people_generic] to those people]. But those people did not listen to you(Yahweh). So you(Yahweh) allowed [the people [that live in other nations] to defeat those people].	Nehemiah
Matthew 25:33	The Son-of-man _1stAs3rd will put the sheep on the Son-of-man's _1stAs3rd right side. And the Son-of-man _1stAs3rd will put the goats on the Son-of-man's _1stAs3rd left side.	Matthew
Genesis 29:2	[while Jacob was in that region] Jacob saw a well [that was in a field]. and 3 groups of sheep were lying near that well [because these sheep drank water [that was from this well]]. The people [who lived in that place] covered the top of the well with a big stone.	Genesis
Mark 12:23	At the time [that dead people will become alive again at], which man's wife will that woman be? For all _implicit 7 brothers-C married that woman."	Mark
1 Samuel 6:20	Those people said, ["Who is able [to stand in front of Yahweh]]?  Yahweh is a holy God! Where should we(people) take the Ark-of-the-Covenant?"	1_Samuel
1 Samuel 17:56	Then the king said to Abner, ["You(Abner) (imp) find that young man’s father]."	1_Samuel
Acts 3:3	That man [who was not able [to walk]] saw [Peter and John entering that building [where people meet with God]]. And that man asked [Peter and John to give money to that man].	Acts
Mark 12:1	(title) Jesus tells a parable [that is about evil people [who grow crops]]. (paragraph) Then Jesus began telling parables to the people _frameInferable. Jesus said, ["A certain man planted a garden of fruit/grapes]. And that man built a wall-B around that garden of fruit/grapes. And that man built a place [where people _generic squeeze fruit/grapes _generic [in-order-to make wine _generic]]. And that man  built a tower [that people _generic were able [to watch the garden of fruit/grapes] at]. Then that man rented that garden of fruit/grapes to people [who grow crops] . And that man traveled to a place [that was far-away-from that place].	Mark
Genesis 32:27	The man said to Jacob, ["What is your(Jacob's) name?"]  And Jacob answered, ["My(Jacob's) name is Jacob."]	Genesis
2 Samuel 14:1	(title) Absalom returns to Jerusalem. Joab [who was Zeruiah's son] knew [that King David missed Absalom very much].	2_Samuel
Genesis 11:24	[When Nahor was 29 years old] Nahor had a son named Terah.	Genesis
Nehemiah 12:44	At that time the leaders _passivenoagent chose/appointed men [to oversee the rooms [that people stored things in]]. The priests _passivenoagent put the gifts [that people gave], the first part of the grain [that people harvested], and ten of the things [that people gained] in those rooms. The religious laws said [that the people must bring those things from the fields [that were near the towns] to those rooms for the priests and for the people [who were in the tribe named Levi]]. The _passive priests [who served God _implicit in the temple] and the people [who were in the tribe named Levi] [and who served God in the temple] pleased the people [who were from Judah].	Nehemiah
Mark 10:40	But I(Jesus) do not have authority [in-order-to choose the people _dual [who will sit at my(Jesus's) right side and my(Jesus's) left side]]. Those seats _frameInferableDual are for the people [whom those seats were prepared-C by God _implicitActiveAgent for]."	Mark
Genesis 30:22	Then God was merciful to Rachel. and God answered Rachel's prayer.  God allowed [Rachel to become pregnant].	Genesis
2 Samuel 24:21	Then Araunah said, ["My(Araunah's) master, why did you(king) come to me(Araunah)]? I(Araunah) am your(king’s) servant." David answered, ["I(David) came [in order to buy the place [that you(Araunah) thresh grain at]]]. I(David) want [to build an altar for Yahweh]. [After I(David) build that altar] people will stop dying."	2_Samuel
Nehemiah 9:34	Our(people's) kings, our(people's) leaders, our(people's) priests, and our(people's) ancestors did not obey your(God's) laws. And those people did not listen to your(God's) commands and the laws [that you(God) warned [those people to obey]].	Nehemiah
Matthew 6:3	(literal) But [whenever you(person) give money or other things to poor people,] you(person) (imp) do not let [your(person's) left hand know the thing [that your(person's) right hand is doing]]. (dynamic) But [whenever you(person) give money or other things to poor people,] you(person) (imp) do not let [people see [you(person) are doing that thing]].	Matthew
Mark 6:52	For those followers/disciples still _implicit did not understand the action _implicitNecessary [that Jesus _implicitNecessary did _implicitNecessary through God's power _implicitNecessary with the bread].Those followers'/disciples' hearts were stubborn. (implicit-situational) Those followers/disciples still did not understand the power [that Jesus had].	Mark
Genesis 12:17	But Yahweh caused [the king and all the people [that lived in the king's house] to become very sick] [because the king married Abram's wife named Sarai].	Genesis
Nehemiah 7:47	The temple servants were also descendants of Keros, Sia, and Padon.	Nehemiah
Mark 10:18	(paragraph) (rhetorical) Jesus asked that man, ["Why do you(man) say [I(Jesus) am good]?] (statement) Jesus said to that man, ["You(man) should think [before you(man) say [I(Jesus) am good]]]. No person is good. Only God is good.	Mark
2 Samuel 1:23	[While  Saul and Jonathan were alive] we(Israelites) loved Saul and Jonathan.  And  we(Israelites) respected Saul and  Jonathan.[When Saul and Jonathan died]Saul and Jonathan were with each-other(Saul).    Saul and Jonathan were faster than eagles.  And Saul and Jonathan were stronger than lions.	2_Samuel
Acts 21:25	And we(Jews) have decided [that other people [who are not Jews] [and who believe in Jesus] should do certain things.] We(Jews) wrote a letter to those people. The letter tells those people [that those people should not eat food [that people have cooked [in order to pray to gods [who are false]]. And those people should not eat blood. And those people should not eat animals [that people have killed by crushing those animals' necks with a rope] because blood is still in those animals' bodies. And those people should not sin [by sexing a woman [who is not those people's wife]]]."]	Acts
1 Samuel 25:21	Previously David said to those men, ["I(David) guarded Nabal’s animals in the desert]. And I(David) protected Nabal's sheep. I(David) was kind to Nabal.  But Nabal treated me(David) badly.	1_Samuel
Genesis 19:8	I(Lot) have 2 daughters [who have not sexed a man]. I(Lot) will bring my(Lot's) 2 daughters to you(men).  You(men) (imp) do all the things [that you(men) want to do] to my(Lot's) daughters. But you(men) (imp) do not do any thing to these 2 men. These 2 men came to my(Lot's) house. I(Lot) must protect these 2 men."	Genesis
2 Samuel 3:14	Then David sent those  messengers to Saul's son named Ish-Bosheth.  Those  messengers said, ["You(Ish-Bosheth) (imp) give my(David's) wife named Michal to me(David)]. Saul promised [to give Michal to me(David)]. I(David) killed 100 Philistines [in order to marry Michal]."	2_Samuel
2 Samuel 19:27	But Ziba lied to you(David) about me(Mephibosheth). My(Mephibosheth's) master and my(Mephibosheth's)king, you(David) are like one of God’s angels. [If you(David) want [to punish me(Mephibosheth)]] then you(David) should punish me(Mephibosheth).	2_Samuel
Matthew 24:23	In those days, [when (implicit-situational) people will much suffer], a person might say to you(followers), ["You(followers) (imp) look!] Here is the Christ!" Another _implicit person might say, ["There is the Christ!]" But you(followers) (imp) do not believe-A that thing-C.	Matthew
1 Samuel 14:43	Then Saul said to Jonathan, ["You(Jonathan) (imp) tell me(Saul) about the thing [that you(Jonathan) did]]." So Jonathan said to Saul, ["I(Jonathan) tasted some honey [using the end of my(Jonathan's) stick/staff]]. So I(Jonathan) must die now."	1_Samuel
Matthew 22:5	_paragraph But the people _frameInferable ignored the servants-B [who (implicit-situational) were sent to those people by the king]. And those people left. One person went to that person's field. And another person went to the place [where that person worked].	Matthew
Mark 12:12	(paragraph) Then the chief priests, the scribes, and the older leaders wanted [to take-away/arrest Jesus]. For the priests, the people/scribes, and the older leaders knew [that story/parable [that Jesus told] was about the priests, the people/scribes, and the older leaders]. (implicit-situational) Those priests, those people/scribes, and those older leaders knew [Jesus thought [those priests, those people/scribes, and those older leaders were like the evil people/farmers]]. But those priests, those people/scribes, and those older leaders were afraid of the crowd of the people _implicitType [(implicit-situational) _descriptive who liked Jesus]. So those priests, those people/scribes, and those older leaders left Jesus. And those priests, those people/scribes, and those older leaders went from that place.	Mark
Nehemiah 8:16	So the people went to the hills. And (implicit-info) those people got branches. And those people brought branches to those people's houses. Then those people made small shelters with those branches. Those people built those small shelters on the roofs of those people's houses, in the courtyards of those people's houses, in the courtyard of God's house, in the big place [that was beside the gate-Water], and beside the gate-Ephraim.	Nehemiah
Matthew 27:66	So those people went to the hole/tomb. And those people put a mark on the stone at the entrance _implicit of the hole/tomb [so that no person would enter the hole/tomb]. And those people left that group of soldiers there [so that those soldiers would guard that hole/tomb _implicit].	Matthew
Esther 1:4	Xerxes showed Xerxes' great wealth to all of the people [that were at the feast]. Xerxes celebrated with these people for 180 days.	Esther
Genesis 47:3	Then The king asked these 5 brothers about the brothers' work.  Then these 5 brothers said to the king, ["We(brothers) are your(king's) servants]. We(brothers) care for livestock. Our(family's) ancestors also cared for livestock."	Genesis
Mark 5:10	And the spirit asked/beg Jesus much [not to send those spirits far-away-from that region].	Mark
Matthew 26:73	_paragraph Later, the people [who were standing there] went to Peter _nounNotPronoun. And those people said to Peter, ["You(Peter) are certainly one of the people [who were with Jesus]]. For you(Peter) also speak [just-like people [who are from Galilee _implicitNecessary] speak]."	Matthew
Genesis 39:23	That chief guard did not worry about things [because Yahweh blessed Joseph]. And Yahweh caused [Joseph to succeed].	Genesis
1 Samuel 28:23	But Saul refused [to eat food]. Saul said, ["I(Saul) will not eat food]." But Saul's servants also asked/urged [Saul to eat food]. And Saul listened to those servants. So Saul stand-up.  And Saul sat on a couch.	1_Samuel
Genesis 34:23	[If we(Shechem) are circumcised by a person] the animals of these people and the land of these people will belong to us(Shechem). Therefore we(Shechem) should be circumcised by a person. Then these people will stay in the land of us(men)."	Genesis
Joshua 8:16	Then all of the soldiers of Ai chased Joshua and Joshua's soldiers.  So the soldiers of Ai left the city.	Joshua
1 Samuel 13:12	So I(Saul) thought, ["The Philistines will come to Gilgal]. And the Philistines will start fighting us(Israelites) soon. But I(Saul) did not ask Yahweh [to help us(Israelites)]." So I(Saul) decided [to give/sacrifice the gifts/offering to God]."	1_Samuel
Titus 2:8	You(Titus) (imp) say things [that are true]. No person should be able [to say bad things about those things [that you(Titus) say]]. Then a person [who opposes you(Titus)] will be ashamed [because  that person will not be able [to say bad things about us(Paul)]].	Titus
Esther 2:10	Esther did not tell people [that Esther was a Jew]. And Esther did not tell people about Esther's family. [Before the officials brought Esther to the palace] Mordecai said to Esther, ["You(Esther) (imp) do not tell people [that you(Esther) are a Jew]]."	Esther
Genesis 41:2	Then The king saw [7 fat cows [that were healthy] coming from the river]. Those cows ate the grass [that was growing near the river].	Genesis
Joshua 5:7	So Yahweh allowed [those men's sons to grow up]. And those sons replaced those sons' fathers. So Joshua circumcised those sons.  Those sons were not circumcised  [because those sons were not circumcised by priests in the desert].	Joshua
Acts 20:16	Paul decided [not to get off the boat [when we passed the city named Ephesus]] [because Paul did not want [to spend time in the province named Asia].] Paul wanted [to arrive quickly in Jerusalem before the holiday named Pentecost.]	Acts
Matthew 12:25	_paragraph Jesus knew the things-C [that those Pharisees were thinking]. So Jesus said to those Pharisees, ["[If a nation/kingdom-C fights that nation/kingdom-C,] a nation/kingdom-C will destroy a nation/kingdom-C]. And [if a city fights that city,] that city will ruin that city. And [if a family fights that family,] that family will ruin that family.	Matthew
Mark 11:2	And Jesus said to those 2 followers/disciples, ["You(followers) _dual (imp) go to the village [that is in-front-of you(followers) _dual]]. And [when you(followers) _dual enter that village] you(followers) _dual will immediately find-A a young horse/donkey [that was tied-B with a rope _implicit to a post _implicit] [and that was never ridden by a person]. You(followers) _dual (imp) untie that horse/donkey. And you(followers) _dual (imp) bring-C that horse/donkey to this place _implicit.	Mark
2 Samuel 10:4	So Hanun captured David’s officials. Then Hanun cut off half of each official's beard. Hanun (implicit-info) wanted [to embarrass those men]. And Hanun cut off those officials' clothes [so that people could see those officials’ legs]. Then Hanun told[those officials to leave that city].	2_Samuel
1 Samuel 2:5	The people [who were full] must now work [so that the people could buy food]. But people [who were hungry] have much food.  A woman [who did not birth a child] now has seven children. But the woman [who birthed many sons] becomes very sad.	1_Samuel
1 Samuel 25:23	[When Abigail saw David] Abigail quickly got off Abigail's donkey. And Abigail bowed to David. Abigail moved Abigail’s face to the ground.	1_Samuel
Joshua 3:2	After 3 days the officers walked through the camp.	Joshua
Genesis 24:60	[Before Rebekah left] Laban blessed Rebekah. Laban said, ["Our(Laban's) sister, we(Laban) pray [that you(Rebekah) will be the mother of many children]].  and we(Laban) pray [that your(Rebekah's) descendants will capture the cities of the descendant's enemies]."	Genesis
Nahum 2:8	Nineveh is like a pool [that is not able [to contain water]]. People will run from the city [like water flows from a pool]. Those people will shout, ["You(people) (imp) stop run-away]! You(people) (imp) return to Nineveh. You(people) (imp) defend the city." But no person will return to Nineveh.	Nahum
1 Samuel 12:1	(title) Samuel goodbyes the Israelites.  Then Samuel said to all of the Israelites, ["I(Samuel) did all of the things [that you(Israelites) asked [me(Samuel) to do]]]. And I(Samuel) chose/appointed a king for you(Israelites).	1_Samuel
Philemon 1:17	So (imp) you(Philemon) welcome Onesimus [because you(Philemon) and I(Paul) serve God]. you(Philemon) (imp) welcome Onesimus [just like you(Philemon) welcome me(Paul)].	Philemon
Mark 12:18	(title) Some Sadducees ask Jesus about the time [that dead people will become alive again at] . (paragraph) Then some _implicit Sadducees came to Jesus. Those Sadducees wanted [to ask Jesus about the time _implicit [that dead people will become alive again at]]. Sadducees _genericDifferentNounIndex believe/say-C [that people [who die] will not become alive again].	Mark
Acts 17:31	God already chose the day [when God will judge all people].  And God already chose the person [who will judge all people]. And people know [that God has chosen that man] [because God caused [that man to live again [after that man died]]."]	Acts
Matthew 12:15	(title) Jesus is the servant-A [that God chose]. _paragraph Jesus knew about that plan _implicit. So Jesus left that place. A big crowd followed-B Jesus. And Jesus healed all the people [who were sick].	Matthew
1 Samuel 3:14	So I(Yahweh) promised Eli and Eli’s family, ["I(Yahweh) will not forgive you(Eli)]. [Even if you(Eli) give sacrifices and offerings to me(Yahweh)], I(Yahweh) will not forgive you(Eli).""	1_Samuel
1 Samuel 4:7	Then the Philistines became afraid. And the Philistines said, ["A god entered the place [where the Israelites are camping]]! We(Philistines) never fought the Israelites’ god.	1_Samuel
Joshua 13:9	That land was between Aroer, the town [that was in the middle of the valley-Arnon], and Dibon.  Aroer was at the side of the valley-Arnon. The plain named Medeba was in that land.	Joshua
Joshua 6:27	So Yahweh was with Joshua. And all of the people [who were living in that region] heard about the things [that Joshua did].	Joshua
Matthew 15:27	_paragraph That woman said ["Lord-B, yes]. But the dogs eat the small pieces of bread [that fall from the table of the owner of those dogs]."	Matthew
Matthew 12:28	(complex) But [if I(Jesus) use the power of the Holy-Spirit [in order to force [demons to leave people _implicit]],] the kingdom-B of God is now here. (simple) But [if I(Jesus) use the power of the Holy-Spirit [in order to force [demons to leave people _implicit]],] God is now here [in order to rule you(people)].	Matthew
Mark 8:29	(paragraph) Then Jesus asked Jesus's followers/disciples, ["But you(followers), who do you(followers) say-C [I(Jesus) am]?"] (paragraph) Peter answered Jesus, ["You(Jesus) are the Christ"].	Mark
Nehemiah 2:13	During the night I(Nehemiah) went out of the city through the gate-Valley. And we(Nehemiah) went toward well-Jackal and the gate-Garbage. We(Nehemiah) looked/examined at the walls of Jerusalem [that were broken by the enemies] and the gates [that that were burned with fire by the enemies].	Nehemiah
Nehemiah 9:16	But our(Nehemiah’s) ancestors became proud. And our(Nehemiah’s) ancestors did not want [to change]. Our(Nehemiah’s) ancestors did not obey your(Yahweh’s) commands.	Nehemiah
Matthew 23:24	(literal) You(scribes), leaders [who are not able [to see]], you(scribes) take-out a small fly from your(scribes') drink _implicitNecessary. (dynamic) You(scribes), leaders [who are not able [to see]], you(scribes) obey the least important religious laws. (literal) But you(scribes) swallow a big animal/camel. (dynamic) But you(scribes) ignore the most important religious laws. (dynamic) You(scribes) are like a person [who take-out a small fly from that person's drink _implicitNecessary] [but who swallows a big animal/camel].	Matthew
Nehemiah 8:12	Then all of the people left. And those people ate food. And those people drank drinks. And those people sent food to people [who did not have food]. Those people celebrated. And those people were very happy [because those people understood the words [that Ezra and the people [that were in the tribe named Levi] read]].	Nehemiah
Daniel 8:3	I(Daniel) looked at the stream. And I(Daniel) saw [a male sheep standing by the stream]. The male sheep had two long horns. But one horn was longer than the other horn. The longer horn grew [after the other horn grew].	Daniel
Genesis 36:32	Bela [who was the son of Beor] was the king of Edom. Bela was born in a city named Dinhabah.	Genesis
Genesis 37:25	Then the brothers sat down [in order to start eating food].  [While the brothers were eating,] the brothers looked up.  And the brothers saw a group of Ishmaelites [who were coming from Gilead]. Those people's camels were carrying spices, medicine, and myrrh. Those people were taking those things to Egypt [(implicit-situational) in order to sell those things].	Genesis
Genesis 31:30	I(Laban) know [that you(Jacob) want [to return to your(Jacob's) house]]. but you(Jacob) should not have stolen my(Laban's) idols."	Genesis
Genesis 9:6	[If a person kills another person] people must kill that person.  People must kill that person [because I(God) created people [who are like me(God)]].	Genesis
Genesis 24:55	But Rebekah's mother and Rebekah's brother said, ["You(servant) (imp) allow [Rebekah to stay with us(mother) for 10 days]]. Then Rebekah may go with you(servant)."	Genesis
Daniel 2:46	Then Nebuchadnezzar bowed in front of Daniel. And Nebuchadnezzar honored Daniel. Nebuchadnezzar ordered [the servants of Nebuchadnezzar to give gifts to Daniel].	Daniel
1 Samuel 5:6	Then Yahweh started punishing the people [who were living in Ashdod] and those people's neighbors. Yahweh caused [those people to have many problems]. Yahweh caused [large sores/tumors to appear on those people’s skin].	1_Samuel
Mark 14:10	(paragraph) Then Judas-Iscariot, [ _descriptive who was 1 of the 12 disciples,] went to the chief priests [because Judas-Iscariot wanted [to give/betray-A Jesus to the chief priests]].	Mark
2 Samuel 17:14	Absalom and all the Israelites said, ["Hushai’s plan is better than Ahithophel’s plan]." Yahweh caused[the Israelites to listen to Hushai][because Yahweh was planning [to destroy Absalom]].	2_Samuel
Mark 8:7	Those followers/disciples also had small fish _paucal. Jesus thanked God _implicit for those fish. And Jesus told [those followers/disciples to give those fish to the people _implicit also].	Mark
2 Samuel 19:29	The king said to Mephibosheth, ["(imp) You(Mephibosheth) do not say more words]. Saul owned (implicit-info) much land. Previously (implicit-info) I(David) gave all of that land to you(Mephibosheth). But (implicit-info) recently I(David) gave all of that land to Ziba.  Now you(Mephibosheth) and Ziba will divide Saul's land."	2_Samuel
Matthew 17:27	But we(Jesus) _incl do not want _implicitNecessary [to offend the tax collectors]. So you(Peter) (imp) go to the lake _frameInferable. And you(Peter) (imp) fish _inLDV there. You(Peter) (imp) take the first fish [that you(Peter) catch]. You(Peter) (imp) open that fish's mouth. And you(Peter) will find a coin [that is the amount of money of 4 Greek silver coins]. You(Peter) (imp) take that coin. And you(Peter) (imp) give that coin to those tax collectors [in order to pay my(Jesus's) tax and your(Peter's) tax]."	Matthew
Acts 18:21	But [while Paul was leaving those Jews], Paul promised those Jews, ["I(Paul) will come back to this place [if God wants [me(Paul) to come back]]."] Then Paul traveled on a ship [that left from the city named Ephesus].	Acts
2 Samuel 14:17	Now I(woman) say to you(David), ["My(woman's) king, I(woman) hope [that your(David’s) words will protect me(woman) from that man]]. You(David) are like one of God’s angels. You(David) know the things [that are good] and the things [that are evil].  I(woman) hope [that your(David's) God named Yahweh will be with you(David)].”"	2_Samuel
1 Samuel 9:2	Kish had a son named Saul. Saul was very handsome. And Saul was taller than all of the other men [who lived in Israel].	1_Samuel
1 Samuel 15:23	People [who use evil magic] are extremely bad.  But people [who refuse [to obey Yahweh]] are also extremely bad.  And people [who worship idols] are evil.  But people [who are proud] are also evil. You(Saul) refused [to obey Yahweh].  So Yahweh refuses [to let [you(Saul) be the king]]."	1_Samuel
Daniel 4:29	One year later the king was walking on the flat roof of the palace [that was in Babylon].	Daniel
Nehemiah 4:12	Then the Jews [that lived near those enemies] came to us(Nehemiah). And those Jews said -iteration many times, ["Those enemies will attack us(Jews) at each place [that we(Jews) might go to]"].	Nehemiah
Genesis 42:36	Jacob said to Jacob's sons, ["You(sons) are stealing my(Jacob's) children from me(Jacob)!] Joseph is dead. Now Simeon left me(Jacob). and you(brothers) want [to take Benjamin from me(Jacob) also].  Many bad things are happening to me(Jacob)!"	Genesis
Matthew 23:34	Therefore I(Jesus) am sending to you(scribes) prophets, wise people and scribes [in order to (implicit-situational) help [you(scribes) follow God]]. But _implicit you(scribes) will kill some of those people. You(scribes) will crucify some of those people. You(scribes) will whip some of those people in your(scribes') religious buildings [that Jews meet in]. And you(scribes) will travel to many towns [in order to chase/pursue some of those people].	Matthew
Genesis 23:18	Abraham bought this land from Ephron [while Abraham stood at the gate of the city]. and the Hittites witnessed [that Abraham bought the land].	Genesis
Genesis 42:38	But Jacob said, ["I(Jacob) will not allow [Benjamin to go with you(Reuben) to Egypt]].  Joseph is dead.  So Benjamin is the only son of my(Jacob's) wife named Rachel [who is still alive]. A bad thing might happen to Benjamin [while you(Reuben) are traveling to Egypt]. Then I(Jacob) will be sad [until I(Jacob) die]."	Genesis
2 Samuel 22:7	I(David) had much-many trouble. So I(David) called Yahweh.  I(David) cried out to my(David's) God.    God heard my(David's) voice from God's temple.    My(David's) voice came to God's ears.	2_Samuel
1 Samuel 18:30	The Philistines’ army continued fighting the Israelites’ army. But David and David’s soldiers always defeated the Philistines. David and David's soldiers fought better than Saul’s other officers. And many people heard about the things [that David did].	1_Samuel
Matthew 18:10	(title) Jesus tells a story/parable [that is about a sheep [that is lost]]. _paragraph (literal) You(people) (imp) do not think/consider [ one of these children [_restrictive who (implicit-situational) believe in me(Jesus)] is worthless]. (dynamic) You(people) (imp) Know [these children [_restrictive who believe in me(Jesus)] are valuable]. (literal) For I(Jesus) tell you(people) [these children's angels [who are in heaven] always see the face of my(Jesus's) Father [who is in heaven]]. (dynamic) For I(Jesus) tell you(people) [these children's angels [who are in heaven] are always with my(Jesus's) Father [who is in heaven]].	Matthew
Matthew 25:29	(literal) For a person [who has things] will receive many more things-A. (dynamic) For a person [who uses the things [that that person received]] will receive many more things. (literal) And a person [who does not have things] will lose the things-A [that a person already _implicit has]. (dynamic) And a person [who does not use the things-A [that a person received]] will lose the things [that a person already _implicit received].	Matthew
2 Samuel 18:30	Then the king said, ["(imp) You(Ahimaaz) wait at this place]." So Ahimaaz stood at that place.	2_Samuel
Joshua 2:5	Those 2 men left this city in the evening [when the soldiers were closing the gate of the city]. And I(Rahab) do not know the place [where those 2 men went]. You(soldiers) (imp) go quickly. You(soldiers) might catch those 2 men.”	Joshua
Esther 2:3	You(king) should choose officials [that are in all the countries [that you(king) rule]]. Those officials should bring all the beautiful young women [that did not sex a man] to the palace [that is in Susa]. These women will live at the women's house [that is in the palace]. A man [that does not have testicles] named Hegai cares for your(king's) women [that did not sex a man]. Hegai will also care for these women. Hegai will cause [these women to become very beautiful].	Esther
Acts 19:35	Then an official [who ruled the people [who live in that city]] caused [the people to stop talking.] And the official said, ["People [who live in Ephesus]. All the people know [that we(people) people [who live in Ephesus] care for Artemis' temple.] And all the people know [that we(people) guard the idol [which is the image of Artemis [who is great] [and which fell from the sky].]	Acts
2 Samuel 8:2	David also defeated the Moabites. David made [those people lie down on the ground]. For each group of three people, David killed two people. And David allowed [one person to live].  So David killed many Moabites. The Moabites [that David did not kill] served David. David forced [those people to give money to David every year].	2_Samuel
1 Samuel 19:10	Saul tried [to kill David] [by throwing that spear at David]. But David moved quickly. So Saul's spear went into the wall. That night David ran/escaped from Saul's house.	1_Samuel
Genesis 1:21	Thus God created the big animals [that live in the ocean].  God created all the fish and all the animals [that live in the ocean].  And God also created all the birds.  God saw all these animals. And these animals were good.	Genesis
Matthew 16:9	(norhetorical) Do you(followers) understand me(Jesus) _implicit? (statement) You(followers) still do not understand me(Jesus) _implicit. (norhetorical) Do you(followers) remember the 5 pieces/loaves of bread _implicit [that were given by me(Jesus) _implicitActiveAgent to 5000 people]? (statement) You(followers) should remember the 5 pieces/loaves of bread _implicit [that were given by me(Jesus) _implicitActiveAgent to 5000 people]. (norhetorical) And do you(followers) remember the number of baskets [that you(followers) filled with bread _implicit and fish _implicit]? (statement) And you(followers) should remember the number of baskets [that you(followers) filled with bread _implicit and fish _implicit].	Matthew
1 Samuel 14:31	On that day the Israelites defeated the Philistines. The Israelites fought the Philistines from Mikmash to Aijalon.  [After the Israelites finished fighting,] the Israelites were extremely tired.	1_Samuel
Acts 15:41	Paul and Silas went to the towns in Syria and Cilicia. And Paul helped [the churches to believe strongly in Lord Jesus].	Acts
Genesis 33:18	Thus Jacob traveled from Northwest Mesopotamia to Canaan.  Later Jacob went to a city named Shechem. Jacob stayed at a place [that was east of that city].	Genesis
Matthew 25:22	_paragraph (literalunits) The servant-B [who received 2 talents] came to the master-A. (modernunits) The servant-B [who received 2 bags] came to the master-A. That servant-B said, ["Master-A, you(master) (imp) look]. (literalunits) I(servant) used the 2 talents [that you(master) gave/entrust me(servant)]. (modernunits) I(servant) used the 2 bags [that you(master) gave/entrust me(servant)]. (literalunits) And I(servant) earned 2 more talents. (modernunits) And I(servant) earned 2 more bags."	Matthew
Joshua 8:7	[When we(Israelites) run from those soldiers] (imp) you(soldiers) leave the place [where you(soldiers) are hiding]. Then (imp) you(soldiers) run to the city. And you(soldiers) defeat the people [who are still in the city]. Your(soldiers’) God named Yahweh will cause [you(soldiers) to defeat those people].	Joshua
Nehemiah 7:53	The temple servants were also descendants of  Bakbuk, Hakupha, and Harhur.	Nehemiah
1 Samuel 20:38	Then Jonathan shouted, ["You(boy) (imp) run quickly]! You(boy) (imp) do not stop running!" Then the boy pick-up the arrow. And the boy brought the arrow to Jonathan.	1_Samuel
Genesis 8:16	God said, ["You(Noah) (imp) leave the boat].  And your(Noah's) wife, your(Noah's) sons, and your(Noah's) son's wives must leave the boat.	Genesis
Nehemiah 10:5	Harim, Meremoth, Obadiah,	Nehemiah
2 Samuel 17:2	I(Ahithophel) will attack David [while David is tired and weak]. I(Ahithophel) will attack David hard [so that all of David's people would run-away from David]. But I(Ahithophel) will kill only the king. I(Ahithophel) (implicit-info) will not kill other people.	2_Samuel
Nehemiah 7:41	1247 priests [that were from Pashhur] returned.	Nehemiah
Acts 15:35	But Paul and Barnabas continued to stay in Antioch. And Paul and Barnabas and many other people taught people about God and Paul and Barnabas and many other people preached the message about Lord Jesus.	Acts
Matthew 13:34	_paragraph Jesus told all these things to the crowd [by using parables]. Jesus always told those people things [by using stories/parables].	Matthew
Philemon 1:2	We(Paul) are also writing this letter to Apphia [who also believes in Christ Jesus] and Archippus [who also struggles with us(Paul) for Christ Jesus]. And we(Paul) are also writing this letter to the other people [who worship God in your(Philemon's) house].	Philemon
2 Samuel 22:36	You(Yahweh) protect me(David) with your(Yahweh's) shield.  Your(Yahweh's) shield saves me(David). [Because you(Yahweh) helped me(David)] I(David) became great.	2_Samuel
1 Samuel 17:36	I(David) killed lions and bears. And I(David) am able [to kill Goliath]. Goliath is a Philistine. No person circumcised Goliath. Goliath must die [because Goliath said bad things about God's army]. We(Israelites) (implicit-info) are the army of the God [who lives]!	1_Samuel
Genesis 2:21	So God caused [Adam to sleep].  [While Adam was sleeping] God took one rib from Adam' body.  Then God healed Adam's skin.	Genesis
Joshua 10:40	So Joshua defeated all of the kings and all of the people [that were in that region]. Joshua defeated the people [who lived in the mountains] and the people [who lived in the southern region of Canaan].  Joshua also defeated the people [who lived near the western mountains].  Previously the God of the Israelites named Yahweh commanded [Joshua to completely destroy all of those people].  No people were living in those places [after the Israelites defeated those people].	Joshua
1 Samuel 20:8	Jonathan, you(Jonathan) please (imp) be kind to me(David). I(David) am your(Jonathan's) servant. You(Jonathan) promised Yahweh [that you(Jonathan) will be my(David's) friend]. [If I(David) treated your(Jonathan’s) father badly] then you(Jonathan) (imp) kill me(David)! But you(Jonathan) please (imp) do not allow [your(Jonathan's) father to kill me(David)]!"	1_Samuel
1 Samuel 26:15	Then David said, ["You(Abner) are very brave].  And you(Abner) are the best soldier in Israel. So why did you(Abner) not guard the king? A man came into your(Abner's) camp [in-order-to kill the king].	1_Samuel
Nehemiah 10:35	And we(people) will also bring to the house of Yahweh in every year the first crops [that we(people) harvest] and the first fruit of every tree.	Nehemiah
Genesis 17:3	Then Abram bowed to God. and God spoke to Abram.	Genesis
Matthew 1:5	Salmon became the father of Boaz. Boaz's mother was Rahab. Boaz became the father of Obed. Obed's mother was Ruth. Obed became the father of Jesse.	Matthew
Genesis 40:8	These 2 men answered, ["We(officers) dreamed last night.] But no person is able [to explain these dreams to us(officers)]."  Then Joseph said to these 2 officers, ["Only God is able [to explain dreams]]. You(officers) (imp) tell me(Joseph) about these dreams."	Genesis
Joshua 21:18	The tribe named Benjamin also gave the towns named Anathoth and Almon to Aaron's descendants. So the tribe named Benjamin gave 4 towns to Aaron's descendants. And the tribe named Benjamin also gave the fields [that were near those towns] to Aaron's descendants.	Joshua
2 Samuel 11:17	[When the men [who were in that city] started fighting Joab's soldiers] those men killed several of the soldiers [that were in David's army]. And the enemy also killed Uriah [who was a Hittite].	2_Samuel
Esther 9:25	But [after Esther told the king about Haman's plan] the king ordered [the king's servants to hang Haman]. And the king wrote letters [that ordered [the Jews to protect themselves(Jews)]]. And the king also ordered [the king's servants to hang the bodies of Haman's sons on structures].	Esther
Genesis 14:11	Then those four kings took all the things [that the people [who lived in Sodom] and the people [who lived in Gomorrah] owned]. Those kings even took the food of the people.	Genesis
2 Samuel 11:6	So David sent a messenger to Joab. That messenger said to Joab, ["You(Joab) (imp) send Uriah [who is a Hittite] to me(David)]." So Joab sent Uriah to David.	2_Samuel
Titus 3:11	You(Titus) know [that that person is doing bad things]. And the bad things [that that person does] prove [that that person is wrong].	Titus
Nehemiah 13:17	I(Nehemiah) told/rebuked/scolded the leaders of Judah [that those leaders were doing a bad thing]. I(Nehemiah) said to those leaders, ["Why are you(leaders) doing a bad/wicked thing?] Why are you(leaders) allowing [people to work on the seventh day of the week]?  Those people are not honoring the seventh day of the week.	Nehemiah
Genesis 36:43	And Magdiel and Iram were also leaders. These men were the leaders in Edom. Esau was the ancestor of the Edomites. The places [where these families lived] and the man [who was the leader of that family] had the same name.	Genesis
Acts 15:7	[After these men talked about this problem for a long time], Peter stood up. And Peter said to the apostles and elders, ["My(Peter's) brothers, I know [that you (brothers) remember all the things [that happened a little earlier.]] God chose me(Peter) from among us(elders) [in order to tell the Good News to people [who are not Jews]]. The people [who are not Jews] heard [me(Peter) talking about the Good News]. Then (consequently), those people believed in Jesus.	Acts
Matthew 22:17	So you(Jesus) (imp) tell us(Pharisees) your(Jesus's) opinion about the following question. Is-V it right-A [we(Jews) _incl pay-C taxes to Caesar]? Or is-V it not right-A [we(Jews) pay-C taxes to Caesar]?"	Matthew
Nehemiah 3:27	The men [that lived in Tekoa] repaired the next part of the wall. That part of the wall led from the big tower to the wall-Ophel.	Nehemiah
Joshua 24:20	[If you(people) stop following Yahweh] [and if you(people) serve other gods] Yahweh will stop helping you(people). And Yahweh will cause [bad things to happen to you(people)]. Previously Yahweh treated you(people) kindly.  But [If you(people) stop following Yahweh] Yahweh will destroy you(people)."	Joshua
Daniel 7:18	But the true God will give the kingdom to the people [who are faithful to God]. Then those people will have the kingdom forever."	Daniel
Genesis 1:29	And God said to the 2 people, ["I(God) created for you(people) all the plants [that produce grain]].  And I(God) created for you(people) all the trees [that  produce fruit].  You(people) may eat the grain and the fruit.	Genesis
Matthew 28:2	_paragraph Suddenly the ground shook violently. For a servant/angel of the Lord-A came from heaven to the entrance of the hole/tomb. That servant/angel moved-B the stone. And that servant/angel sat on the stone.	Matthew
Mark 14:27	(title) Jesus tells Jesus's followers/disciples [those followers/disciples will leave/abandon Jesus]. (paragraph) Then Jesus said to those followers/disciples, ["All of you(followers) will leave/abandon me(Jesus) [(implicit-situational) just-like sheep leave/abandon those sheep's shepherd [when that shepherd dies]]]. For the Scriptures say, ["I(God) will kill the shepherd]. And the sheep _frameInferable will run-away." (footnote) You(people) (imp) see Zechariah 13:7.	Mark
1 Samuel 30:6	The men [that were with David] wanted [to kill David [by throwing stones at David]]. So David was very upset.  The men were very angry [because the Amalekites take away the men's sons and daughters]. But David was comforted by Yahweh [who was David's God].	1_Samuel
Genesis 49:27	Benjamin is like a wolf [that is hungry].  In the morning this wolf eats the animal [that the wolf hunted].  In the evening this wolf divides the food [that the wolf killed]."	Genesis
Genesis 42:37	Then Reuben said to Jacob, ["You(Jacob) may kill my(Reuben) 2 sons [if I(Reuben) do not bring Benjamin to you(Jacob)]]. You(Jacob) (imp) trust me(Reuben).  I(Reuben) will take care of Benjamin. and I(Reuben) will bring Benjamin to you(Jacob)."	Genesis
1 Samuel 24:3	Saul came to a place [where some sheep were in pens]. There was a cave near that place. So Saul went into that cave [in-order-to urinate].  But David and the men [who were with David] were hiding in the back of that cave.	1_Samuel
Joshua 10:22	Then Joshua said, ["(imp) You(soldiers) move the stones [that are in-front-of the cave]].  And (imp) you(soldiers) bring those five kings to me(Joshua)."	Joshua
Genesis 19:34	The next day the older daughter said to the younger daughter, ["Last night I(daughter) sexed our(daughter's) father]. We(daughters) should cause [our(daughter's) father to become drunk again]. Then you(daughter) will be able [to sex our(daughter's) father] also. Thus we(daughters) will have descendants through our(daughter's) father."	Genesis
Nehemiah 10:1	The following people put the people’s marks on the agreement. Nehemiah [who was a son of Hakaliah] [and who was the ruler/governor of Judah _implicit], Zedekiah,	Nehemiah
Genesis 42:15	But I(Joseph) will allow [you(brothers) to prove [that you(brothers) are not lying]]. You(brothers) must bring your(brother's) youngest brother to me(Joseph).	Genesis
Daniel 2:39	[After you(king) die] there will be another kingdom. That kingdom will be less powerful than your(king's) kingdom. Then a third kingdom will rule the whole earth. The third kingdom is like the statue's bronze stomach.	Daniel
1 Samuel 20:20	Then I(Jonathan) will shoot three arrows near that stone. I(Jonathan) will pretend [to shoot at that stone].	1_Samuel
1 Samuel 15:14	But Samuel said, ["Why do I(Samuel) hear cows and sheep]? You(Saul) did not obey Yahweh!"	1_Samuel
Genesis 45:14	Then Joseph hugged Joseph's brother named Benjamin. and Joseph cried. Benjamin cried also.	Genesis
Matthew 27:34	There the soldiers offer Jesus wine [that was mixed by those soldiers _implicitActiveAgent with a substance [that people _generic use [so that people _generic would not have much pain]]]. But [after Jesus tasted-A that wine,] Jesus refused [to drink that wine].	Matthew
Matthew 17:6	_paragraph [When the followers/disciples heard that voice,] the followers/disciples fell. And the followers/disciples put those followers'/disciples' faces on the ground. The followers/disciples were extremely afraid.	Matthew
Titus 1:8	On-the-contrary, that person must treat well people [who visit that person]. And that person must love things [that are good]. That person must be sensible. That person must be fair and good. That  person must be able [to control that person's actions].	Titus
Genesis 39:3	Potiphar saw [that Yahweh was blessing Joseph] [and that Yahweh was causing [Joseph to succeed]].	Genesis
Matthew 20:11	[After those people/workers received that denarius,] those people/workers started to complain about the man [who owned the vineyard].	Matthew
Mark 9:17	(paragraph) A man [who was in the crowd] answered Jesus, ["Master/Teacher, I(man) brought my(man's) son to you(Jesus)]. My(man's) son is controlled by an evil/unclean _implicit spirit [that causes [my(man's) son to not be able [to speak]]].	Mark
Joshua 17:5	So the tribe named Manasseh owned 10 regions [that were on the western side of the Jordan River]. The tribe named Manasseh also owned 2 other regions named Gilead and Bashan. Those regions were on the eastern side of the Jordan River.	Joshua
Genesis 6:11	God thought [that the people [who lived on the earth] were very evil].  The people were very violent.	Genesis
Philemon 1:6	I(Paul) pray [that God will teach you(Philemon) about all the good things [that God has given to us(Paul)]]. And I(Paul) pray [that God will cause [you(Philemon) to be united to other people [who believe in Christ]]]. I(Paul) pray [that these things will happen] [so that people would honor Christ].	Philemon
Nehemiah 6:4	Sanballat and Geshem sent the same message to me(Nehemiah) -Iteration four times. And I(Nehemiah) sent the same answer to Sanballat and Geshem each time.	Nehemiah
Joshua 2:15	The house [that Rahab lived in] was on the wall of the city. So Rahab put a rope through Rahab's window.  Then those 2 men/spies went down to the ground on that rope.	Joshua
2 Samuel 15:9	The king said to Absalom, ["You(Absalom) may go."] So Absalom went to Hebron.	2_Samuel
Genesis 30:24	and Rachel also said, ["I(Rachel) pray to Yahweh [that Yahweh will give another son to me(Rachel)]."] and Rachel named the son of Rachel Joseph. -Footnote Joseph means another.	Genesis
Joshua 9:13	And (imp) you(Israelites) look at our(men's) bags [that contained wine]. [When we(men) left our(men's) houses] these bags were new. But now these bags are old. And these bags are not able [to contain wine]. (imp) You(Israelites) look at our(men's) clothes and our(men's) sandals. [While we(men) were walking to this place] our(men's) clothes and sandals became old."	Joshua
Mark 3:25	[If a family fights _reflexive that family,] that family is not able [to continue existing].	Mark
Joshua 19:42	The tribe named Dan also owned the towns named Shaalabbin, Aijalon, and Ithlah.	Joshua
Matthew 8:24	Suddenly there was a terrible storm on the lake [so-B waves started entering the boat] . But Jesus was sleeping.	Matthew
Matthew 26:2	["You(followers) know [there are 2 days until the Passover named the feast _implicitExplainName]]. At that time the Son-of-Man's _1stAs3rd enemies will take the Son-of-Man _1stAs3rd [in order to kill the Son-of-Man _1stAs3rd [by putting the Son-of-Man _1stAs3rd on a cross]]."	Matthew
Genesis 23:4	Abraham said, ["I(Abraham) am a foreigner [who is living in your(Hittites') land]]. Will you(Hittites) sell a tomb to me(Abraham)? Then I(Abraham) will bury my(Abraham's) wife in that tomb."	Genesis
Genesis 37:27	We(Judah) should sell Joseph to these people. We(Judah) should not kill Joseph [because Joseph is our(Judah's) brother].”  The other brothers agreed with Judah.	Genesis
1 Samuel 1:7	Each year Elkanah and Elkanah's family went to Shiloh.  [Whenever Hannah was at the tabernacle] Peninnah was cruel to Hannah.  So Hannah cried. And Hannah did not eat food [because (implicit-info) Hannah was very sad].	1_Samuel
Genesis 44:7	But Joseph's brothers said to that servant, ["My(brother's) master, why do you(master) say those things?] We(brothers) (implicit) did not steal a cup! Your(master's) servants certainly did not  do that bad thing!	Genesis
Mark 4:4	[While that person/farmer was scattering those seeds] some of the seeds fell on the path. And the birds came. And those birds ate those seeds.	Mark
Matthew 26:11	There will always be poor people around you(followers). But I(Jesus) will not always be here _implicit with you(followers). (footnote) You(people) (imp) see Deuteronomy 15:11.	Matthew
Matthew 25:32	The people _implicitNecessary [who _implicitNecessary are _implicitNecessary from _implicitNecessary all the nations] will be in front of the Son-of-man _1stAs3rd. And the Son-of-man _1stAs3rd will separate good/righteous _implicit people from evil _implicit people [just-like a person [who cares for sheep] separates sheep from goats].	Matthew
Genesis 45:4	So Joseph said to Joseph's brothers, ["You(brothers) (imp) come near me(Joseph)]. [After Joseph's brothers came near Joseph] Joseph said to Joseph's brothers, ["I(Joseph) am your(brothers') brother named Joseph].  You(brothers) caused [me(Joseph) to become a slave in Egypt].	Genesis
Ruth 1:17	I(Ruth) will die at the place [that you(Naomi) will die]. I(Ruth) will be buried at that place by people. I(Ruth) swear to Yahweh [that I(Ruth) will stay with you(Naomi)] [until I(Ruth) die]. [if I(Ruth) do not keep this promise] I(Ruth) will ask [Yahweh to punish me(Ruth)]."	Ruth
Nehemiah 4:16	On each day half of the men repaired the wall. And the other half of the men guarded the wall. The men [who were guarding the wall] had spears, shields, and bows. And those men wore coats of hard leather/armor. And the leaders of those people stood behind the people [who were building the wall].	Nehemiah
Acts 19:17	When the Jews and Greeks heard about the things [that those spirits did], the Jews and Greeks became afraid. And many people really honored the Lord Jesus.	Acts
Matthew 11:20	(title) Jesus talks about people [who do not repent]. _paragraph Then Jesus began to tell the towns of the people _metonymy [where Jesus did many actions through God's power] [that the things [that the towns of the people _metonymy did] were bad] [because those people did not change those people's thoughts and those people's actions [so that those people's thoughts and those people's actions pleased God]].	Matthew
1 Samuel 4:3	Then the Israelite soldiers returned to the place [where the Israelites were camping]. And the leaders of Israel asked each other, ["Why did Yahweh allow [the Philistines to defeat us(Israelites)]]? Let us(Israelites) bring the Ark-of-the-Covenant from Shiloh to this place. Then Yahweh will help [us(Israelites) fight the Philistines]. And Yahweh will protect us(Israelites) from our(Israelites') enemies."	1_Samuel
Mark 15:47	Mary-Magdalene and Mary [who was the mother _implicitNecessary of Joseph and James _implicit] saw the place [where Jesus's body was put by Joseph _implicitActiveAgent].	Mark
Daniel 6:20	[When the king was near the pit] the king shouted, ["Daniel, you(Daniel) are a servant of the true God]. Did God save you(Daniel) from the lions?"	Daniel
Nehemiah 9:7	Yahweh, you(Yahweh) are Yahweh God. You(Yahweh) chose Abram. And you(Yahweh) caused [Abram to come from Ur [that was in Chaldea]]. Then you(Yahweh) named Abram Abraham.	Nehemiah
Genesis 47:5	Then the king said to Joseph, ["Your(Joseph's) father and your(Joseph's) brothers came to you(Joseph)].	Genesis
Ruth 1:12	So you(daughters in law) should return to the houses of your(daughters in law's) parents. I(Naomi) am not able [to marry another man] [because I(Naomi) am too old]. [even if I(Naomi) marry a man tonight] [and if I(Naomi) were to give birth to sons] you(daughters in law) would not be able [to wait [for those sons to grow up]]. No person will care for you(daughters in law) [while those sons grow up].	Ruth
Genesis 12:12	[When the Egyptians see you(Sarai)] the Egyptians will say, ["This woman is Abram's wife."] Then an Egyptian man will kill me(Abram) [so that the Egyptian man will be able [to marry you(Sarai)]].	Genesis
Genesis 24:37	Abraham told me(servant) [to promise Abraham that [I(servant) will not search for a wife for Abraham's son in Canaan]].	Genesis
Joshua 18:20	The border [that was on the eastern side] was the Jordan River. Yahweh gave all of that land to the groups of families [that were in the tribe named Benjamin].	Joshua
Genesis 10:23	Aram had sons named Uz, named Hul, named Gether, and named Meshech.	Genesis
2 Samuel 11:26	Later Bathsheba heard[that Bathsheba's husband named Uriah was dead]. So Bathsheba cried/mourned for Uriah.	2_Samuel
Mark 7:17	(paragraph) Then Jesus left the crowd . And Jesus entered a house. Jesus's disciples [(implicit-situational) _descriptive who were with Jesus] asked-D Jesus about that lesson/parable .	Mark
Genesis 24:15	[Before the servant finished praying to Yahweh] Rebekah [who was the daughter of Bethuel] come-out from the city. Bethuel was the son of Milcah and of Nahor [who was Abraham's brother]. Rebekah was carrying a jar on Rebekah's shoulder.	Genesis
Mark 14:40	[When Jesus returned again to those 3 followers/disciples _implicit,] those 3 followers/disciples were sleeping again. For those followers/disciples were very tired/sleepy. (implicit-subaction) Jesus wake-up-B those followers/disciples. And those followers/disciples did not know the thing [that those followers/disciples should say to Jesus].	Mark
Genesis 11:11	Shem lived for 500 years [after Arphaxad was born].  and Shem had other children.	Genesis
Matthew 24:39	And those people did not know [the time [that water completely covered-C the earth at] will happen] [until that time/flood happened] [and until that water/flood take-away those people]. Similarly, people will not know [the Son-of-man _1stAs3rd is coming] [until the Son-of-man _1stAs3rd comes].	Matthew
1 Samuel 16:14	(title) David serves Saul.  Yahweh’s Spirit left Saul. And an evil spirit [that Yahweh sent to Saul] caused [Saul to become very afraid].	1_Samuel
Esther 3:9	You(Xerxes) should order [your(Xerxes') officials to kill these people]. I(Haman) will put 10000 silver coins into your(Xerxes') treasury for the people [that kill these people]."	Esther
Nehemiah 11:4	Other people [who were in the tribes named Judah and Benjamin] lived in Jerusalem.) The following people are the people/descendants of Judah [who moved to Jerusalem]. Athaiah [who was a son of Uzziah]. Uzziah was a son of Zechariah. Zechariah was a son of Amariah. Amariah was a son of Shephatiah. Shephatiah was a son of Mahalalel. And Mahalalel was a person/descendant of Perez.	Nehemiah
1 Samuel 17:32	Then David said to Saul, ["We(David) should not be afraid of this Philistine]. I(David) am your(Saul's) servant. I(David) will go.  And I(David) will fight Goliath!"	1_Samuel
Genesis 49:23	Joseph's enemies shot arrows at Joseph.  These enemies were angry at Joseph. and these enemies attacked Joseph.	Genesis
Daniel 8:4	I(Daniel) watched [the male sheep attacking other animals]. Those animals were in the north region, the south region, and the west region. That male sheep was more powerful than all the other animals. No person was able [to save the other animals from that male sheep]. That male sheep did all the things [that the male sheep wanted [to do]]. And that male sheep became great.	Daniel
1 Samuel 25:37	In the morning Nabal was not drunk/sober.  So Abigail told Nabal about David.  Then Nabal became (implicit-info) very afraid.  And Nabal's heart was not able [to move]. Nabal became like a stone.	1_Samuel
Genesis 11:4	Then the people said to the people, ["We(people) should build a city].  And we(people) should build a tower.  The top of the tower will be in the clouds. Then we(people) will become famous. And we(people) will not need [to live in different places]."	Genesis
Jonah 1:5	All of The men [who worked on that ship] were afraid. Each man cried out to that man's god. Those men asked [the men's  gods to help the men]. Some (implicit-info) heavy things were on that ship. Those men threw the heavy things from the ship into the sea [so that the ship would become lighter]. But Jonah had gone inside that ship [because Jonah wanted [to sleep]]. So Jonah was sleeping.	Jonah
Genesis 5:10	Enosh lived for 815 years [after Kenan was born].  Enosh also had other children.	Genesis
Acts 1:20	Then Peter said, ["The Holy Spirit wrote about these things in the book named Psalms].  The Holy Spirit wrote, ["People should not go near that man's land]. No person should live on that land."  The Holy Spirit also wrote, ["You(apostles) (imp) allow another man [to do that man's work]]."  -Footnote The Holy Spirit wrote these things in Psalms 69 25 and 109 8.	Acts
Genesis 43:34	Then The servants brought food from Joseph's table to Joseph's brothers.  The servants brought one plate of food to each brother. But the servants brought 5 plates of food to Benjamin.  Thus Joseph's brothers ate with Joseph.  And Joseph's brothers drank with Joseph.	Genesis
Matthew 1:6	And Jesse became the father of David [who later became the king of Israel-A _implicit]. _paragraph David became the father of Solomon. Solomon's mother named Bathsheba _implicit was previously _implicit the wife of Uriah.	Matthew
Nehemiah 7:70	Some of the leaders of the families gave gifts [in order to pay the workers]. The governor gave 8.5 kilograms of gold to the temple treasury. The governor also gave 50 bowls and 530 robes to the priests.	Nehemiah
Daniel 4:8	Then Daniel came to me(Nebuchadnezzar). Daniel's other name is Belteshazzar. Belteshazzar is like the name of my(Nebuchadnezzar's) god. The spirit of the holy gods is in Daniel. I(Nebuchadnezzar) told Daniel about my(Nebuchadnezzar's) dream.	Daniel
Genesis 9:20	Noah became a farmer. and Noah planted a vineyard.	Genesis
Mark 9:16	(paragraph) Jesus asked those followers/disciples, ["What _destinationArg are you(followers) arguing with those people/scribes _implicit?"]	Mark
Joshua 15:52	Yahweh also gave other towns [that were in the mountains] to the tribe named Judah. So the tribe named Judah owned the towns named Arab, Dumah, and Eshan.	Joshua
Nehemiah 10:21	Meshezabel, Zadok, Jaddua,	Nehemiah
Joshua 24:15	Perhaps you(Israelites) do not want [to serve Yahweh]. Then you(Israelites) must choose today the gods [that you(Israelites) will serve]. Will you(Israelites) serve the gods [that your(Israelites') ancestors served [when your(Israelites') ancestors lived on the other side of the river-Euphrates]]? Or will you(Israelites) serve the gods [that the Amorites served]?  You(Israelites) are now living in the land [that the Amorites owned]. Perhaps you(Israelites) will choose those gods.  But my(Joshua's) family and I(Joshua) will serve Yahweh."	Joshua
Matthew 19:27	_paragraph Peter said to Jesus, ["We(followers) _excl have left all things-A [in order to follow-B you(Jesus)]!] What then-D will we(followers) _excl receive?"	Matthew
Genesis 44:21	Then you(Joseph) said to your(Joseph's) servants, ["You(brothers) (imp) bring your(brothers') youngest brother to  me(Joseph) [so that I(Joseph) could see your(brothers') youngest brother]]."	Genesis
Genesis 31:54	Then Jacob killed an animal. and Jacob sacrificed that animal on that mountain. Then Jacob and Laban and the relatives of Jacob and of Laban ate a meal. [After Jacob and Laban finished eating] Jacob and Laban stayed on the mountain during the night.	Genesis
1 Samuel 14:45	But the soldiers said to Saul, ["You(Saul) (imp) do not kill Jonathan]!  Jonathan saved Israel today! We(soldiers) will definitely not allow [you(Saul) to hurt Jonathan]! Today God helped [Jonathan fight the Philistines]." So the soldiers saved Jonathan. And the soldiers did not let [Saul kill Jonathan].	1_Samuel
1 Samuel 20:33	Then Saul threw Saul's spear at Jonathan. Saul tried [to kill Jonathan]. So Jonathan knew [that Jonathan's father wanted [to kill David]].	1_Samuel
Matthew 7:21	(title) Jesus talks about false disciples. (paragraph) (literal) Some of the people [who say to me(Jesus), ["Lord, Lord _bothAddressees "]] will not enter the kingdom-B of heaven. (dynamic) Some of the people [who say to me(Jesus), ["Lord, Lord"]] will not become God's people. (literal) Instead, the people _emphasized [who do the things [that please my(Jesus's) Father [who is in heaven]]] will enter the kingdom-B of heaven. (dynamic) Instead, the people _emphasized [who do the things [that please my(Jesus's) Father [who is in heaven]]] will become God's people.	Matthew
Matthew 4:25	Big crowds of people [who came from Galilee, from the Decapolis named the region _implicitType, from Jerusalem, from Judea, and from the region [that is on the other side of the river-Jordan]] followed Jesus.	Matthew
Matthew 26:42	_paragraph Jesus left again [in order to (implicit-situational) pray]. (literal) And Jesus prayed, ["My(Jesus's) Father, [if I(Jesus) must drink this cup of pain _implicitInLDV,] you(Father) (imp) do the things-B [that you(Father) want [to do]]."] (dynamic) And Jesus prayed, ["My(Jesus's) Father, [if the events [that will cause [me(Jesus) to suffer]] need to happen,] you(Father) (imp) do the things-B [that you(Father) want [to do]]."]	Matthew
Joshua 9:16	After 3 days the Israelites found out [that the Gibeonites were living near the Israelites].	Joshua
Matthew 26:38	(literal) Then Jesus said to those 3 followers/disciples, ["My(Jesus's) heart/soul is very sad [so-B that I(Jesus) am almost dying]]. (dynamic) Then Jesus said to those 3 followers/disciples, ["I(Jesus) am very sad [so-B that I(Jesus) am almost dying]]. You(followers) (imp) stay at this place. And you(followers) (imp) continue to be awake."	Matthew
Genesis 24:26	Then the servant worshiped Yahweh.	Genesis
Matthew 12:19	This person will not argue violently. And this person will not shout this person's message _implicit to people _implicit. People _generic will not hear this person's voice in the streets.	Matthew
Nehemiah 13:6	But Eliashib gave that room to Tobiah [while I(Nehemiah) was not in Jerusalem]. In the 32nd year [when Artaxerxes was the king of Babylon] I(Nehemiah) returned to the king. Later I(Nehemiah) asked the king [to allow [me(Nehemiah) to return to Jerusalem]].	Nehemiah
Acts 17:9	The officials forced [Jason and the other people [who believe in Jesus] to give some money to the officials]. The officials said [that [if those people did bad things again] the official would keep that money]. But [if those people did not do bad things again] the officials would return that money to Jason and the other people [who believe in Jesus]. Then the officials allowed Jason and the other people [who believe in Jesus] to leave  that place.	Acts
Daniel 11:30	Soldiers [that come from the west region] will come in ships. And those soldiers will fight the king of the north region. The king will be afraid. So the king will return to the king's country. The king will be angry with the people [who worship God]. And the king will try [to destroy those people]. The king will listen to people [who do not worship God].	Daniel
1 Samuel 17:35	I(David) chase that animal. And I(David) attack that animal. And I(David) take the sheep from that animal’s mouth. [If the animal attacks me(David)] I(David) grab that animal’s hair. Then I(David) hit that animal. And I(David) kill that animal.	1_Samuel
Genesis 27:42	But Rebekah find-out [that Esau wanted [to kill Jacob]]. So Rebekah called Jacob. and Rebekah said to Jacob, ["The brother of you(Jacob) named Esau is planning [to kill you(Jacob)]].	Genesis
Mark 7:31	(title) Jesus heals a man [who is not able [to hear sounds]]. (paragraph) Then Jesus left the region of Tyre. And Jesus traveled through Sidon named the region _implicitType. Then Jesus went to the lake-Galilee in the region of the Decapolis.	Mark
Matthew 23:26	(literal) Pharisee [who is not able [to see]], you(Pharisee) (imp) first clean the inside of the cup and the inside of the bowl. (dynamic) Pharisee [who is not able [to see]], you(Pharisee) (imp) first stop wanting many things. and you(Pharisee) stop being selfish. (literal) Then the outside of the cup and the outside of the bowl will also be clean. (dynamic) Then you(Pharisee) will be able [to truly do good/righteous actions]. (dynamic) You(Pharisee) (imp) do not be like a person [who cleans the outside of a cup or a bowl] [but who does not clean the inside of a cup or a bowl].	Matthew
Acts 17:20	You(Paul) are telling us(teachers) about a message [which we(teachers) have never heard before.] We(teachers) want [to understand the meaning of the message."]	Acts
2 Samuel 6:7	But Yahweh became very angry with Uzzah [because Uzzah did not honor Yahweh]. People must not touch (implicit-info) the Ark of the Covenant [because Yahweh's spirit is inside the ark]. So God killed Uzzah [while Uzzah was standing next to the Ark of the Covenant].	2_Samuel
Genesis 2:9	God caused [many beautiful trees and many trees [that  produced good fruit] to grow in that garden].  God also put 2 special trees in the middle of the garden.  The fruit [that is on one of these 2 trees] causes [people to live forever].  The fruit [that is on the other tree] causes [people to know about good things and about evil things].	Genesis
Joshua 21:38	The tribe named Gad gave the towns named Ramoth and Mahanaim to the families [that were Merar's descendants].  Ramoth was in Gilead. ( A person [who lived near Ramoth] might accidentally kill another person. Then that person should run to Ramoth. )	Joshua
2 Samuel 18:28	Then Ahimaaz greeted the king. And Ahimaaz bowed to the king. And Ahimaaz said to the king, ["I(Ahimaaz) praise your(David's) God named Yahweh!] My(Ahimaaz) king, Yahweh defeated the men [who wanted [to kill you(David)]]."	2_Samuel
Nehemiah 12:38	The second group of people [who sang] went to the other side of the city. I(Nehemiah) and half of the people followed those people on the top of the wall. We(Nehemiah) passed the tower-Ovens. And we(Nehemiah) went to the wall-Broad.	Nehemiah
Mark 14:67	And that girl saw [Peter causing [Peter to be warm] [(implicit-situational) by sitting near a fire]]. That girl looked carefully at Peter. (paragraph) Then that girl said, ["You(Peter) also were with Jesus [who is from Nazareth]"].	Mark
2 Samuel 2:13	A man named Joab was the son of Zeruiah. Joab and the soldiers [that were with David] also went to Gibeon. Joab and David's soldiers met Abner and Ish-Bosheth’s soldiers at the pool [that was in Gibeon]. Abner’s soldiers sat down on one side of that pool. And Joab’s soldiers sat down on the other side of that pool.	2_Samuel
1 Samuel 20:42	Jonathan said to David, ["You(David) must leave now]. I(Jonathan) hope [that Yahweh will give peace to you(David)]. We(Jonathan) promised Yahweh [that we(Jonathan) will always be friends]. Yahweh saw/witnessed [that we(Jonathan) promised [to be friends forever]]. And our(Jonathan's) descendants will also be friends." Then David left. And Jonathan returned to the town.	1_Samuel
Mark 2:26	[When Abiathar was the chief priest,] David entered God's house. And David ate the special/holy bread, [even-though the religious _implicit laws/Law allows [only priests to eat that special/holy bread]]. And David also gave that bread to the men [who were with David]."	Mark
Mark 15:34	(literal) At the 9th hour, Jesus cry-out-B loudly to God _implicit, ["Eloi-Eloi-lema-sabachthani?"] (dynamic) At 3PM, Jesus cry-out-B loudly to God _implicit, ["Eloi-Eloi-lema-sabachthani?"] (comment-begin) Those words mean-B [My(Jesus's) God, my(Jesus's) God, why did you(God) leave/abandon me(Jesus)?] (comment-end) (footnote) You(people) (imp) see Psalms 22:1.	Mark
Nehemiah 8:17	All of the people [that returned from Babylon] built small shelters. And those people lived in those shelters for one week. Previously the people of Israel did not celebrate this feast/festival since the time of Joshua [who was the son of Nun] until that day. So the people of Israel were very happy/joyful.	Nehemiah
2 Samuel 4:6	Rekab and Baanah went into that house. Those two men pretended [that those two men will get some wheat]. But Rekab and Baanah stabbed Ish-Bosheth in the stomach. Then Rekab and Rekab's  brother named Baanah run-away.	2_Samuel
Genesis 36:20	Seir was a Horite [who lived in Canaan]. Seir had sons named Lotan, named Shobal, named Zibeon, and named Anah.	Genesis
Matthew 10:18	Because of me(Jesus) you(disciples) will be brought by people _implicitActiveAgent to rulers/governors and kings [so that you(disciples) would tell those people and the people [who are not Jews] about God].	Matthew
Ruth 3:8	At about midnight Boaz woke up. And Boaz turned around. Then Boaz saw [a woman lying beside Boaz’s feet]! Boaz (implicit-info) was very surprised.	Ruth
Acts 1:7	Jesus said to the apostles, ["The Father has much authority].  Only the Father is able [to choose the days [that these things will happen at]].  You(apostles) are not able [to know the dates [that these events will happen at]].	Acts
1 Samuel 14:1	One day Jonathan said to the young soldier [who carried Jonathan's shield], ["You(soldier) (imp) come with me(Jonathan)].  Let us(Jonathon) go to the Philistines' camp [that is on the other side of this valley]." But Jonathan did not tell Jonathan's father [that Jonathan will go to the Philistines' camp].	1_Samuel
Genesis 5:28	Lamech had a son [when Lamech was 182 years old].	Genesis
2 Samuel 22:35	God teaches me(David) [how to fight].  My(David's) arms are able [to bend a bronze bow].	2_Samuel
Genesis 11:14	[When Shelah was 30 years old] Shelah had a son named Eber.	Genesis
Joshua 21:40	Therefore the Israelites gave 12 towns to the families [that were Merar’s descendants]. Those families were the last families [that were in the tribe named Levi].	Joshua
Daniel 2:42	But the toes were iron and clay. Therefore that kingdom will be strong and weak.	Daniel
Matthew 19:23	_paragraph Then Jesus said to Jesus's followers/disciples, ["I(Jesus) am telling you(followers) the truth]. (complex) [A rich person entering the kingdom-B of heaven] is hard-B. (simple) [A rich person let [God rule that person]] is hard-B.	Matthew
Esther 3:14	Haman told [each ruler to show the letter to the people [that lived in that ruler's country]]. Haman wanted [all the people to kill the Jews on that day].	Esther
Genesis 31:39	[When a wild animal killed one of your(Laban's) animals] I(Jacob) did not bring the animal [that died] to you(Laban). On-the-contrary I(Jacob) gave an animal [that belonged to me(Jacob)] to you(Laban). But [When your(Laban's) animals were stolen by a person] you(Laban) forced [me(Jacob) to pay for those animals].	Genesis
Nehemiah 12:40	Then the two groups of people [who sang [in order to thank God]] went into the house of God. And those two groups/choirs stood at the places [that those group/choirs should stand at]. I(Nehemiah) and half of the leaders also stood in the place [that I(Nehemiah) and half of the leaders should stand at].	Nehemiah
Mark 1:10	(literal) [When Jesus come-out from the water,] Jesus immediately saw [the sky being opened by God _implicit] [and the Spirit of God _implicit [ _descriptive who looked like a bird/dove] come-down onto Jesus]. (dynamic) [When Jesus come-out from the water,] Jesus immediately saw [the Spirit of God _implicit [ _descriptive who looked like a bird/dove] come-down from the sky]. (dynamic) And that Spirit come-down onto Jesus.	Mark
Matthew 24:20	You(followers) (imp) pray-B [you(followers) will not need [to run-away] in-E winter or on the seventh day of the week].	Matthew
Daniel 2:20	Daniel said to Daniel's three friends, ["Always (imp) you(friends) honor God [because God is wise and powerful]].	Daniel
Genesis 36:22	Lotan had sons named Hori and named Homam. Timna was Lotan's sister.	Genesis
Acts 17:27	God did these things [so that people will seek God] [and so that maybe people will look for God [in order to know God]]. But God is not far from any person.	Acts
Matthew 14:15	_paragraph [When the time was almost evening,] Jesus's followers/disciples came to Jesus. And Jesus's followers/disciples said to Jesus _implicit, ["People _generic do not live in this place]. And the time is almost evening. You(Jesus) (imp) send-A these people from this place [so that these people could go to villages [in order to buy food for themselves(people)]]."	Matthew
Mark 3:21	[When Jesus's family heard about this thing,] Jesus's family went [in-order-to take Jesus from that house _implicit]. For Jesus's family said, ["Jesus is crazy"].	Mark
Daniel 2:38	God has allowed [you(king) to rule all the people, all the animals, and all the birds]. God has allowed [you(king) to rule the whole earth]. God has anointed you(king) [in order to rule all these people and all these animals]. You(king) are like the head of the statue [that was gold].	Daniel
Genesis 21:30	Abraham answered, ["[If you(Abimelech) agree [that I(Abraham) dug this well]] you(Abimelech) (imp) accept these lamb."]	Genesis
Joshua 3:5	Then Joshua said to the people, ["You(people) (imp) prepare [to see Yahweh]]. You(people) must be holy. Tomorrow Yahweh will amaze you(people)." (check how we did ‘consecrate' in other places)	Joshua
Mark 9:13	But I(Jesus) tell you(followers) [Elijah already came]. And people did all the evil _implicit things [that those people wanted [to do to Elijah]] . These things happened to Elijah [just-like the Scriptures said [these things will happen to Elijah]]." (footnote) [When Jesus said, ["Elijah"],] Jesus was talking about John the Baptist. You(people) (imp) see Matthew 17:11-13.	Mark
Genesis 36:19	The previous men were the sons of Esau. (Esau was also called Edom by people.) And the previous men were leaders.	Genesis
Genesis 14:3	So These 5 kings gathered all the armies of the kings [in order to fight with the four kings].  Then These five kings lead the king's armies to a valley named Siddim. The Dead-Sea is in the Valley named Siddim.	Genesis
1 Samuel 12:6	Then Samuel said to the people, ["Yahweh chose/appointed Moses and Aaron]. And Yahweh brought your(Israelites’) ancestors to this place from Egypt.	1_Samuel
Acts 20:1	Paul (title) traveled through a region named Macedonia and another region named Greece. [After the people [who lived in Ephesus] stopped arguing], Paul called the people [who believe in Jesus]. And those people [who believe in Jesus] came to Paul. Then Paul encouraged those people [who believe in Jesus]. Then Paul said goodbye to those people [who believe in Jesus]. And then Paul left that place. And Paul traveled to the region named Macedonia.	Acts
2 Samuel 1:15	Then David called a soldier. And David told that soldier, ["You(soldier) (imp) kill this man!"] So that soldier killed the Amalekite.	2_Samuel
Nehemiah 9:3	[While those people  were standing at that place] those people read from the Book-of-the-Law of Yahweh [who was the God of those people] for one fourth of that day. And for another fourth of the day those people admitted/confessed [that those people had done bad _morally things]. During that time those people also worshiped Yahweh [who was the God of those people].	Nehemiah
1 Samuel 18:22	Then Saul said to Saul’s servants, ["You(servants) (imp) talk to David]. You(servants) (imp) say to David, ["The king likes you(David)].  And all of Saul's servants love you(David). So you(David) should become the king’s son-in-law.""	1_Samuel
Joshua 8:33	All of the Israelites, the old leaders, the officials, and the judges were standing around Yahweh's ark-of-the-covenant. The Israelites stood in-front-of the priests [who carried the ark-of-the-covenant]. The foreigners [who were living with the Israelites] were also standing at that place. Half of the people stood in-front-of mount-Gerizim.  And the other half of the people stood in-front-of mount-Ebal. Moses earlier commanded [the people to stand around the ark-of-the-covenant [whenever a person blessed the people]].	Joshua
Genesis 46:29	[After Jacob and Jacob's family arrived in Goshen] Joseph rode Joseph's chariot to the place [that Joseph's father was at].  [When Joseph met Joseph's father] Joseph hugged Joseph's father. and Joseph cried much.	Genesis
Genesis 30:13	So Leah said, ["I(Leah) am very happy!] Now women will see [that I(Leah) am happy]". So Leah named that child Asher. -Footnote Asher means happy.	Genesis
Matthew 14:7	So Herod promised/swear to Herodias's daughter [Herod will give Herodias's daughter the thing [that Herodias's daughter asks-B Herod for]].	Matthew
Genesis 45:11	I(Joseph) will provide food for you(Israel) at that place. There will be a famine for five more years. I(Joseph) (implicit) will take care of you(Israel) [while there is a famine]. [If you(Israel) do not come to Goshen] you(Israel), your(Israel's) family, and all of the people [who belong to you(Israel)] will become very poor."	Genesis
Genesis 32:29	Then Jacob asked the man, ["What is your(man's) name?"]  But the man said to Jacob, ["Why do you(Jacob) want [to know my(man's) name]?]" Then the man blessed Jacob.	Genesis
Acts 20:32	And now I(Paul) am asking God [to take care of you(leaders).] You(leaders) remember (imp) the message [that is about God's goodness]. That message  is able [to make you(leaders) strong. And that message blesses all people [who belong to God].	Acts
Joshua 19:18	The tribe named Issachar owned the towns named Jezreel, Kesulloth, and Shunem.	Joshua
Acts 16:19	[When the owners of that girl [who was a slave] realized [that the girl was not able to earn money for the owners], the owners of that girl [who was a slave] held on to Paul and Silas. And the owners of that girl [who was a slave] pulled Paul and Silas into the place [where people meet] [in order to force [Paul and Silas to meet the authorities/leaders of Philippi]].	Acts
2 Samuel 17:10	Then the soldiers[who are very brave]and all of the other soldiers will become afraid. All of the people[who are living in Israel] know [that your(Absalom's) father fights very well]. And all of the people [who are living in Israel] also know [that your(Absalom's) father's soldiers are brave].	2_Samuel
Mark 9:30	(title) Jesus talks about Jesus's death again. (paragraph) Jesus and Jesus's disciples left that place. And Jesus and those followers/disciples traveled through Galilee. Jesus did not want [people to know-C the place _implicit [ where Jesus and those followers/disciples were]].	Mark
Jonah 1:4	But Yahweh caused [a strong wind to blow on the Mediterranean Sea]. And that wind caused a very big storm. The men [who were on that ship] were afraid [that the storm might break the ship into pieces].	Jonah
2 Samuel 11:12	Then David said to Uriah, ["(imp) You(Uriah) stay at this place for one more day].  Tomorrow I(David) will send you(Uriah) to the battle." So Uriah stayed in Jerusalem on that day.	2_Samuel
Nehemiah 13:20	[After I(Nehemiah) did those things] some people [that sold things] stayed near the gates outside Jerusalem during the night one or two times.	Nehemiah
Matthew 27:30	Those soldiers spit on Jesus . Those soldiers took the stick. And those soldier hit Jesus's head with that stick repeatedly-A.	Matthew
Matthew 17:21	(footnote) Some copies/manuscripts of this part of the Scriptures include the words [that are in Mark 9:29]: And Jesus said to those followers/disciples, ["You(followers) need to pray [in-order-to cause [this kind of spirit to leave a person]] "].	Matthew
Genesis 15:19	This land is the place [where the Kenite, Kenizzite and Kadmonite live].	Genesis
Genesis 44:3	[After the sun rose the next day] the brothers left with the brothers' donkeys.	Genesis
Matthew 16:6	Jesus said to those followers/disciples, ["You(followers) (imp) be careful]. You(followers) (imp) watch-out for the Pharisees' yeast and the Sadducees' yeast."	Matthew
Matthew 27:56	Among those women be-F Mary-Magdalene, Mary, [_descriptive who was the mother of James and Joseph], and the mother named Salome _implicit of Zebedee's sons _dual named James _implicit and John _implicit.	Matthew
Genesis 43:23	The servant said, ["You(brothers) (imp) do not be afraid.] Your(brothers') God [who is the God of your(brothers') father] put that money in your(brothers') bags. I(servant) received the money [that you(brothers) paid me(servant) for the grain]." Then the servant brought Simeon to the brothers.	Genesis
Daniel 2:43	You(king) saw iron and clay. But a person is not able [to mix iron with clay]. Likewise this kingdom will be two parts always.	Daniel
Genesis 19:10	But the 2 angels [who were in Lot's house] opened the door.  Then the 2 angels pulled Lot into the house. Then the 2 angels closed the door.	Genesis
Joshua 18:4	So each tribe should choose 3 men. I(Joshua) will send those men [to look at this land]. Then those men will write about the land [that those men see]. Then those men will return to me(Joshua).	Joshua
Nehemiah 7:14	760 men [that were from Zakkai] returned.	Nehemiah
Genesis 10:10	First Nimrod built a kingdom [that was in Babylonia].  Nimrod built cities named Babylon, Erech, Akkad, and Calneh.	Genesis
Matthew 18:30	_paragraph But the first servant refused [to be patient with the other servant]. Instead, the first servant left. And the first servant caused [the other servant to be put by people _implicitActiveAgent into a prison [so that that other servant would stay there [until that other servant paid the debt _inLDV]]].	Matthew
Genesis 34:5	A few days later Jacob find-out [that Shechem forced [Dinah to sex Shechem]]. but [because the sons of Jacob were in the field with the cattle] Jacob waited [for the sons of Jacob to return to Jacob].	Genesis
Joshua 17:14	Then the people [that were descendants of Joseph] said to Joshua, ["Why did you(Joshua) give only one region to us(people)?]. Many people are in our(people's) tribe. And Yahweh blessed us(people)."	Joshua
Nehemiah 7:28	42 men [that were from Beth-Azmaveth] returned.	Nehemiah
Daniel 5:21	People chased away Nebuchadnezzar from Babylon. Then Nebuchadnezzar became crazy. And Nebuchadnezzar lived with the wild animals. Nebuchadnezzar ate the grass [that animals eat]. Dew [that came from the sky] was on the body of Nebuchadnezzar. Then one day Nebuchadnezzar realized [that the great and true God rules the kingdoms of men]. God gives kingdoms to any person [that God chooses]. [After Nebuchadnezzar realized [that God rules all kingdoms]] God caused [Nebuchadnezzar to be the king again].	Daniel
Matthew 9:9	(title) Jesus calls-A Matthew. _paragraph [While Jesus was walking from that place along lake-Galilee _implicit,] Jesus saw a man named Matthew [who was sitting at the place [that people [who collect taxes] work at]]. Jesus said to Matthew, ["You(Matthew) (imp) follow-B _routinely me(Jesus)"]. And Matthew get-up. And Matthew followed-A Jesus. _implicit-subactions Then Jesus went with Matthew to Matthew's house.	Matthew
Matthew 14:29	_paragraph Jesus said, ["You(Peter) (imp) come."] _paragraph Then Peter come-out of the boat. Peter started walking on the water. And Peter came toward Jesus.	Matthew
Nehemiah 5:17	Also 150 Jews and officials ate with me(Nehemiah). And officials [that came from the nations [that were close to us(Nehemiah)]] also ate with us(Nehemiah).	Nehemiah
1 Samuel 2:2	No god is holy [like Yahweh is holy].  You(Yahweh) are the only God. Only our(Hannah's) God is strong [like a rock is strong].	1_Samuel
Nehemiah 11:24	Pethahiah regularly talked/reported to the king about the people [who (implicit) were living in Jerusalem]. Pethahiah was a son of Meshezabel. Meshezabel was one of the people/descendants of Zerah [who was a son of Judah].	Nehemiah
Genesis 48:20	Thus Jacob blessed Joseph's 2 sons. Then Jacob said, ["[When a person blesses another person [who lives in Israel]] that person will say, ["I(person) pray that [God will cause [you(person) to be like Ephraim and like Manasseh]]"]]."  Thus Jacob caused [Ephraim to be greater than Manasseh].	Genesis
Matthew 5:9	People [who help other people [other people to live peacefully with each-other(people)]] are blessed by God _implicitActiveAgent. (literal) For those people will be called by God _implicitActiveAgent children of God. (dynamic) For God's relationship with those people will be like a father's relationship with that father's children.	Matthew
Genesis 50:24	-Title Joseph dies. Joseph said to Joseph's brothers, ["I(Joseph) will die soon]. But God will care for you(brothers). God will lead you(brothers) from this land to the land [that God promised [to give to Abraham, to Isaac, and to Jacob]."]	Genesis
Daniel 9:24	Gabriel said, ["God has decided [to punish God's people and God's city for 490 years]]. Then God will stop punishing your(Daniel's) people. God will forgive the sins [that people have done]. And God will cause [good things to happen forever]. All the things [that the prophets wrote about] will happen. Then God will anoint the most holy person.	Daniel
1 Samuel 5:12	The people [who did not die] had large sores/tumors on the people's skin. So the people [who were living in Ekron] cried out loudly to heaven.	1_Samuel
Nehemiah 10:18	Hodiah, Hashum, Bezai,	Nehemiah
1 Samuel 23:14	David stayed in many caves [that were in the desert]. And David also stayed in the hills [that were in the desert named Ziph].  Saul continued searching for David. But God did not allow [Saul to capture David].	1_Samuel
Joshua 8:8	[After you(soldiers) defeat the people [who are in Ai]] (imp) you(soldiers) burn the city. (imp) you(soldiers) do these things [that Yahweh commanded [you(soldiers) to do]]. You(soldiers) (imp) go quickly.”	Joshua
Matthew 6:8	So you(people) (imp) do not act [just-like those people act]. For your(people’s) Father knows the things [that you(people) need] [before you(people) ask your(people’s) Father for those things _implicit].	Matthew
Genesis 5:7	Seth lived for 807 years [after Enosh was born].  Seth also had other children.	Genesis
Joshua 23:9	Yahweh helped [you(Israelites) defeat great and powerful nations]. Yahweh forced [those nations to leave] [so that you(Israelites) could live in this land]. No nation was able [to defeat you(Israelites)].	Joshua
Joshua 21:15	The tribes named Judah and Simeon also gave the towns named Holon and Debir to Aaron’s descendants.	Joshua
2 Samuel 9:3	The king asked, ["Are Saul’s descendants still alive?] I(David) want [to treat Saul’s descendants kindly]."Ziba answered the king, ["One of Jonathan’s sons is still alive.]But that son is not able [to walk][because that son's feet are hurt/injured]."	2_Samuel
Matthew 4:21	(paragraph) [While Jesus was walking from that place ,] Jesus saw two other men. Those men _dual were James [who was the son of Zebedee named a man _implicitType] and James's brother named John. James and John were in a boat with the father of James and John named Zebedee. And James and John were repairing the nets of James and John . Then Jesus called James and John.	Matthew
Genesis 41:52	Joseph named the second son Ephraim.  -footnote Ephraim means [God gave children to me(Joseph)]. Joseph said, ["God gave children to me(Joseph) [while I(Joseph) was in the country [where I(Joseph) had many troubles]]]".	Genesis
Genesis 27:10	Then you(Jacob) (imp) take that food to the father of you(Jacob). Then the father of you(Jacob) will bless you(Jacob) [before the father of you(Jacob) dies]".	Genesis
Genesis 3:16	And God said to the woman, ["I(God) will cause [you(Eve) to hurt much [while you(Eve) birth the children of you(Eve)]]].  You(Eve) will love the husband of you(Eve). but the husband of you(Eve) will rule you(Eve)."	Genesis
Joshua 7:23	Those men brought all of those things to Joshua and all of the Israelites. And those men put those things on the ground in-front-of Yahweh.	Joshua
Mark 11:4	(paragraph) Those followers/disciples _dual left. And those followers/disciples _dual found-A a young horse/donkey [that was standing outside _AdverbInLDV on-D the street _frameInferable]. That horse/donkey was tied-B with a rope _implicit to a door of the post _metonymy . And those followers/disciples _dual untied that horse/donkey.	Mark
Nehemiah 3:4	A man named Meremoth repaired the next part of the wall. Meremoth was a son of Uriah. And Uriah was a son of Hakkoz. A man named Meshullam repaired the next part of the wall. Meshullam was a son of Berekiah. And Berekiah was a son of Meshezabel.  A man named Zadok [who was a son of Baana] repaired the next part of the wall.	Nehemiah
Genesis 21:12	But God said to Abraham, ["You(Abraham) (imp) do not be sad about the boy and about the female slave]. You(Abraham) (imp) listen to Sarah. The descendants [who I(God) promised [to give to you(Abraham)]] will be the descendants of Isaac.	Genesis
2 Samuel 15:22	David said to Ittai, ["Ok]. (imp) You(Ittai) go. You(Ittai) (imp) continue walking/marching." So Ittai [who was a Gittite] and all of the men and the families [that were with Ittai] continued walking/marching.	2_Samuel
2 Samuel 6:8	Then David became angry [because Yahweh killed Uzzah]. Later people called that place Perez-Uzzah.  Perez-Uzzah (footnote) means God punished Uzzah.	2_Samuel
Esther 2:16	So the servants took Esther to the king. At that time Xerxes had been the king for about 7 years. Esther went to the king in the tenth month.  That month's name was Tebeth.	Esther
1 Samuel 23:3	But the men [who were with David] said to David, ["We(men) are afraid [whenever we(men) are in Judah]]. But [if we(men) go to Keilah [in order to fight the Philistines]] then we(men) will be very afraid!"	1_Samuel
2 Samuel 16:18	Hushai said to Absalom, ["I(Hushai) will serve the king [that Yahweh, all these people, and the Israelites choose]]. I(Hushai) will stay with that king.	2_Samuel
Mark 6:42	All of the people ate the bread _implicit and fish _implicit. And all of the people were satisfied _adjective.	Mark
Genesis 49:20	Asher's descendants will grow much food on Asher's land.  Kings will eat the food [that Asher harvests].	Genesis
Genesis 20:3	But one night God spoke to Abimelech in a dream. God said, ["You(Abimelech) will die [because Sarah is married to Abraham]]."	Genesis
Esther 8:6	[If you(king) do not change the law [that Haman wrote]] people will kill my(Esther's) people. [If people kill my(Esther's) family] I(Esther) will be very sad."	Esther
Genesis 38:24	three months Later a person said to Judah, ["Your(Judah's) daughter-in-law named Tamar is pregnant.]  Tamar sexed a man for money.” Then Judah said, ["You(person) (imp) bring Tamar to this place].  We(Judah) must kill Tamar [by burning Tamar].”	Genesis
Acts 19:30	Paul wanted [to go to that theater.  And Paul wanted [to speak to those people]. But the other people [who believe in Jesus] did not allow [Paul to speak to those people].	Acts
Genesis 36:42	And Kenaz, Teman, and Mibzar were also leaders of the Edomites.	Genesis
Genesis 19:16	But Lot did not leave the house quickly. So the 2 angels pushed Lot, Lot's wife, and the 2 daughters of Lot outside the house. and the 2 angels led Lot outside the city. Thus Yahweh was merciful to Lot and to Lot's family.	Genesis
Joshua 20:6	That man should stay in that city [until a judge decides [that that man is not guilty]].  And that man should stay in that city [until the chief priest dies]. Then that man may return to that man's house.”	Joshua
Matthew 16:22	_paragraph Peter led Jesus from the other followers/disciples. And Peter started telling Jesus [the thing [that Jesus said] was bad]. Peter said to Jesus, ["Lord-B, God will save you(Jesus) from these things!] These things will never happen to you(Jesus)!"	Matthew
Joshua 7:10	Then Yahweh said to Joshua, ["(imp) you(Joshua) stand up!] Why are you(Joshua) lying on the ground?	Joshua
2 Samuel 17:1	Ahithophel said to Absalom, ["(imp) You(Absalom) let [me(Ahithophel) choose 12000 men]]. Then I(Ahithophel) will chase David tonight.	2_Samuel
Matthew 5:24	Then-D you(person) (imp) leave your(person's) gift at that place in front of that structure/altar. First, you(person) (imp) go. And you(person) (imp) ask that person [that person to forgive you(person)]. Then you(person) (imp) come again _implicit to the altar _implicit. And you(person) (imp) give/offer your(person’s) gift to God _implicit.	Matthew
2 Samuel 22:14	Yahweh's voice was like thunder [that came from heaven]. God-Almighty shouted loudly.	2_Samuel
Matthew 11:26	For Father, you(Father) much wanted [to do this thing _emphasized].	Matthew
Genesis 11:15	Shelah lived for 403 years [after Eber was born]. and Shelah had other children.	Genesis
Joshua 1:12	Then Joshua spoke to the people [who were in the tribes named Reuben and Gad] and half of the people [who were in the tribe named Manasseh].	Joshua
Matthew 11:17	Those children are saying, ["We(children) played the instrument/flute for you(children)]. But you(children) did not dance. And _implicit we(children) sang a sad song of death. But you(children) did not cry/mourn."	Matthew
Esther 9:3	All the important people helped the Jews. And all of the rulers and all of the king's officials helped the Jews. Those people helped the Jews [because those people were afraid of Mordecai].	Esther
Genesis 48:2	[When Joseph arrived at Jacob's house] a person said to Jacob, ["Your(Jacob's) son named Joseph came here [in-order-to Joseph speak to you(Jacob)]]." At that time Jacob was very weak. But Jacob slowly sat up in Jacob's bed.	Genesis
Acts 17:21	All the people [who were born in Athens] and all the people [who were from other nations] [and who were living in Athens] continually talked about ideas [which were new]. And those people continually listened to other people's ideas [which were new].	Acts
Genesis 31:1	-Title Jacob leaves Laban. On one day Jacob heard [Laban's sons talking to each-other(sons)]. The sons said, ["Jacob took all the things [that our(son's) father owned]]. Thus Jacob became rich."	Genesis
Matthew 10:36	_paragraph And that man's enemies will be the people [who live in that man’s house]. (footnote) You(people) (imp) see Micah 7:6.	Matthew
Matthew 7:3	(paragraph) (rhetorical) Why do you(person) look at the piece of dust of _madeOf wood [that is in the eye of your(person's) friend/brother-D or sister-D _implicit ] [even-though you(person) do not notice the big piece of wood [that is in your(person’s) eye]]? (statement) [If you(person) do not notice the big piece of wood [that is in your(person’s) eye],] you(person) should not look at the piece of dust of _madeOf wood [that is in the eye of your(person’s) friend/brother-D or sister-D _implicit]. (footnote) Jesus is saying [sins in a person's life be-U like a piece of wood [that is in a person's eye]].	Matthew
Matthew 13:20	A person [who hears the message] [and who immediately happily/joyfully receives that message] is _be-U like the seeds [that fell on ground [that had many stones]].	Matthew
Nehemiah 2:18	I(Nehemiah) also told those people about the kind things [that God did for me(Nehemiah)] and the things [that the king said to me(Nehemiah)]. Then those people said, ["Let us(people) start building the wall again]." So those people started doing this good thing.	Nehemiah
Joshua 15:4	The southern border of Judah’s land went from Azmon to the stream of Egypt. Then the border went to the Mediterranean Sea. Those places were in the southern part of Judah’s land.	Joshua
Mark 15:23	Then those soldiers offered Jesus wine [that was mixed by those soldiers _implicitActiveAgent with a very expensive substance [that people use [so that people would not have much pain]]] . But Jesus did not drink that wine.	Mark
Matthew 22:8	_paragraph Then the king said to the king's other _implicit servants-B, ["The wedding meal/feast is ready]. But the people [that I(king) invited to the meal/feast _implicit] did not deserve [to come to the meal/feast _implicit].	Matthew
2 Samuel 2:26	Then Abner shouted to Joab, ["Will we(Abner) continue killing each-other(men)]? [If we(Abner) continue fighting each-other(men)] all of the people  will  become angry. You(Joab) (imp) tell [your(Joab’s)  soldiers to stop chasing other Israelites]."	2_Samuel
Genesis 43:29	Then Joseph saw Joseph's brother named Benjamin. Benjamin and Joseph had the same mother. Then Joseph asked the brothers, ["Is this boy your(brothers') youngest brother [that you(brothers) told me(Joseph) about]?"] Then Joseph said to Benjamin, ["my(Joseph's) son, I(Joseph) hope [that God blesses you(Benjamin)]!"]	Genesis
Acts 19:1	Paul (Title) went to the city named Ephesus. [While Apollos was in the city named Corinth], Paul traveled on the road [that went through the province named Asia]. And Paul arrived in Ephesus. And Paul found some people [who believe in Jesus] [and who were living at that place].	Acts
1 Samuel 26:2	So Saul chose 3000 special soldiers.  Then Saul and those soldiers went to the Desert named Ziph. And Saul and those soldiers started searching for David.	1_Samuel
Mark 13:4	Peter, James, John, and Andrew said, ["You(Jesus) (imp) tell us(followers) _excl about these things-B _implicit]. When will these things-B happen to these buildings _implicit? What sign-B will show-B us(followers) _excl [these things-B will happen/be-fulfilled soon]?"	Mark
Joshua 22:2	And Joshua said to those soldiers, ["You(soldiers) did all of the things [that Moses commanded [you(soldiers) to do]]].  Moses served Yahweh. And you(soldiers) also obeyed me(Joshua).	Joshua
