reference	verse	book
Mark 2:8	(paragraph) (literal) Immediately Jesus knew in Jesus's spirit [those people/scribes were thinking about those things in those people's/scribes's hearts]. (dynamic) Immediately Jesus realized [those people/scribes were thinking about those things]. So Jesus said to those people/scribes , ["Why (rhetorical) are you(people) thinking about those things in your(scribes's) minds/hearts?] ["You(people) (statement) should not think those things in your(scribes's) minds/hearts].	Mark
Esther 9:17	On March 8 those Jews rested. That day those Jews had feasts. And those Jews celebrated.	Esther
Daniel 5:15	I(king) told [the wise men and the enchanters to read these words]. I(king) asked [these wise men to tell me(king) about the meaning of this message]. But these men were not able [to explain the message to me(king)].	Daniel
Joshua 17:2	The other families [that were in the tribe named Manasseh] also received land. Men named Abiezer, Helek, Asriel, Shechem, Hepher, and Shemida were the leaders of those families. Those men were also descendants of Manasseh [who was the son of Joseph].	Joshua
Esther 5:13	But I(Haman) am not happy [because Mordecai does not honor me(Haman)]. [When I(Haman) see [Mordecai [who is a Jew] sitting at the gate]] I(Haman) become very angry."	Esther
1 Samuel 25:29	[Although a man is chasing you(David) [in order to kill you(David)]]  Yahweh will protect you(David).  Yahweh is your(David's) God.  And Yahweh will cause [you(David) to continue living]. But Yahweh will throw-away the lives of your(David's) enemies [just-like a man throw-away a stone].	1_Samuel
Joshua 6:15	On the seventh day the Israelites woke-up [when the sun rose]. Then the Israelites walked/marched around the city -iteration seven times. The Israelites walked/marched [just-like the Israelites walked/marched on the other days]. But on the seventh day the Israelites walked around the city -iteration seven times.	Joshua
Nehemiah 4:23	I(Nehemiah), my(Nehemiah’s) friends, the people [that worked with us(Nehemiah)], and the people [that guarded us(Nehemiah)] always wore our(Nehemiah’s) clothes. And we(Nehemiah) always carried our(Nehemiah’s) weapons. We(Nehemiah) carried our(Nehemiah’s) weapons [while we(Nehemiah) were bringing water].	Nehemiah
Mark 14:20	But Jesus _paragraph said to those followers/disciples, ["That follower/disciple [who (implicit-situational) will give me(Jesus) to my(Jesus's) enemies] is one of these 12 followers/disciple]. That follower/disciples is dipping bread _implicit into the bowl _frameInferable with me(Jesus).	Mark
Ruth 4:18	These people are the descendants of Perez. Perez had a son named Hezron.	Ruth
Matthew 5:43	(title) Jesus says [people should love all people]. (paragraph) You(people) heard [that our(Jesus's) people/ancestors were told _distantPast by the religious _implicit laws/Law _implicitActiveAgent, [ " You(people) (imp) love the person [who lives near you(people)]]]. And you(people) (imp) hate your(people's) enemy." (footnote) You(people) (imp) see Leviticus 19:18. The scribes said [people should hate people's enemies]. But the Scriptures did not say [that people should hate people's enemies].	Matthew
Genesis 12:5	Abram took Abram's wife named Sarai and Abram's nephew named Lot.  Abram also took all the things [that Abram owned]. And Abram took all Abram's servants from Haran. Then Abram traveled to Canaan.	Genesis
Mark 13:29	Similarly, [when you(followers) see [these events happening],] you(followers) will know [the Son-of-man will return-B _implicitNecessary soon] . (literal) You(followers) will know [the Son-of-man _1stas3rd is already _implicit at the door [(implicit-situational) because the Son-of-man _1stas3rd is ready [to come inside the house]]]. (dynamic) The Son-of-man _1stas3rd be-U like a person [who is at the door] [(implicit-situational) and who is ready [to come inside the house]] .	Mark
Genesis 43:15	So the brothers took those gifts to Egypt. The brothers also took the money [that the brothers found in the brothers' bags] to Egypt.  And the brothers also took more money to Egypt [in-order-to buy more grain]. And the brothers took Benjamin.  The brothers quickly traveled to Egypt. [After the brothers arrived in Egypt] the brothers went to Joseph [in-order-to speak to Joseph].	Genesis
Jonah 1:14	Then the men cried out to Yahweh.  And those men said, ["Yahweh, you(Yahweh)  (imp) please do not let [us(men) die] [because we(men) are causing [this man to die]]]. This man might not have done bad things. So you(Yahweh) (imp) do not punish us(men) [when this man dies]. Yahweh, you(Yahweh) always do the things [that you(Yahweh) want [to do]]."	Jonah
Joshua 21:45	Previously Yahweh promised the Israelites [that Yahweh would do many good things for the Israelites]. And Yahweh did all of those good things. Yahweh kept all of the promises.	Joshua
Jonah 3:1	Jonah (title) goes to Nineveh. Then Yahweh spoke to Jonah again.	Jonah
Joshua 6:21	The Israelites completely destroyed all of the people [who were living in that city]. The Israelites killed all of the men and all of the women. The Israelites killed all of the young people and all of the old people. The Israelites also killed all of the cows, sheep, and donkeys.	Joshua
Mark 15:21	(title) Soldiers kill Jesus [by putting Jesus on a cross]. (paragraph) A certain man named Simon, [who was from Cyrene,] [and who was the father of Alexander and Rufus,] was coming into Jerusalem _implicit from an area [that was outside the city]. [While Simon was passing-A Jesus _implicit and those soldiers _implicit,] those soldiers forced [Simon to carry Jesus's cross].	Mark
2 Samuel 21:17	But a man named Abishai [who was Zeruiah’s son] killed that Philistine soldier. So Abishai saved David from that soldier.Then David’s soldiers said to David, ["You(David) must not fight the Philistines with us(soldiers) again]. [If the Philistines kill you(David)] then we(people) will not have a king."	2_Samuel
Mark 8:31	(title) Jesus talks about Jesus's death. (paragraph) Then Jesus started teaching-A those followers/disciples about the things [that must happen to the Son-of-man ]. Jesus said [the Son-of-man will suffer many times]. And Jesus said [ the Son-of-Man will not be accepted by the Jewish _implicit old leaders, the chief priests, and the people [who teach the religious _implicit laws/Law]]. Jesus also said [the Son-of-Man will be killed by people _implicitActiveAgent] [and the Son-of-Man will become alive again after 3 days].	Mark
Mark 14:36	And Jesus said, ["Abba!] Father, you(Father) are able [to do all things]. (literal) You(Father) please (imp) take-away this cup from me(Jesus). (dynamic) You(Father) please (imp) save-A me(Jesus) [so that I(Jesus) will not need [to suffer]]. But you(Father) (imp) do not do the things-B [that I(Jesus) want]. Instead, you(Father) (imp) do the things-B [that you(Father) want]. (footnote) The word of Aramaic named Abba means "father".	Mark
Genesis 39:21	But Yahweh continued to bless Joseph.  Yahweh caused [the chief guard of the prison to like Joseph].	Genesis
Daniel 8:12	God allowed [the horn to defeat the people of God]. The people of God stopped giving sacrifices to God every day. The people of God did evil things [instead of doing all the things [that God said]]. The horn did not allow [people to worship God]. The horn always did the things [that the horn wanted [to do]].	Daniel
Genesis 44:20	We(Judah) told you(Joseph), ["We(Judah) have an old father].  And our(Judah's) father has a young son [that was born [when our(Judah's) father was old]].  That son's brother is dead. That son's mother (implicit) gave birth to two sons.  So the youngest son is now that son's mother's only son [who is still living]. That son's father loves that son a lot.	Genesis
Genesis 13:17	You(Abram) (imp) stand-up! You(Abram) (imp) walk through this land [because I(Yahweh) am giving this land to you(Abram)]".	Genesis
Matthew 23:17	(norhetorical) You(scribes), stupid/foolish people [who are not able [to see]], are the gold _madeOf things-A [that are in that building/temple] greater than that building/temple? (statement) You(scribes), stupid/foolish people [who are not able [to see]], the gold _madeOf things-A [that are in that building/temple] are not greater than that building/temple. (yesrhetorical) Or is that building/temple [_descriptive which causes [those gold _madeOf things-A to be special/sacred]] greater than those gold _madeOf things-A? (statement) That building/temple [_descriptive which causes [those gold _madeOf things-A to be special/sacred]] is greater than those gold _madeOf things-A.	Matthew
Genesis 29:26	Then Laban said to Jacob, ["The people [who live in this place] do not allow [the younger daughter to marry a man [before the older daughter marries a man]]].	Genesis
2 Samuel 24:14	David said to Gad, ["I(David) am extremely upset]. But Yahweh is very kind/merciful. So Yahweh may punish us(David). I(David) do not want [people to punish us(David)]."	2_Samuel
Mark 9:39	(paragraph) But Jesus said, ["You(followers) (imp) do not prevent [that man doing that thing]]. For [after a person does an action through God's power [by using my(Jesus's) name of the authority _implicitType],] that person will not be able [to soon say evil things [that are about me(Jesus) ]].	Mark
Matthew 21:20	_paragraph [When the followers/disciples saw [the tree-fig die/wither],] the followers/disciples became surprised/amazed. Those followers/disciples asked Jesus _implicit, ["How did the tree-fig _frameInferable die/wither very quickly?"]	Matthew
Genesis 13:7	So the servants [who cared for Abram's animals] began to argue with the servants [who cared for Lot's animals]. The Canaanites and the Perizzite were also living in that place at that time.	Genesis
Nehemiah 11:33	Hazor, Ramah, Gittaim,	Nehemiah
1 Samuel 24:9	Then David said to Saul, ["Certain people say [that I(David) want [to hurt you(Saul)]]]. But you(Saul) should not listen to those people.	1_Samuel
Genesis 28:20	Then Jacob said to Jacob, ["I(Jacob) want [God to be with me(Jacob)]]. and I(Jacob) want [God to protect me(Jacob) [while I(Jacob) am traveling to northwest Mesopotamia]]. And I(Jacob) want [God to give food and clothes to me(Jacob)].	Genesis
Matthew 26:67	_paragraph Then some _implicit of the men [who were there] started to spit Jesus's face. And some _implicit of those men beat-C Jesus with those priests' hands/fist. (implicit-subaction) Other men covered Jesus's eyes with a cloth [so that Jesus could not see]. And other men hit-A Jesus with those men's palms.	Matthew
1 Samuel 23:25	Later Saul and Saul's soldiers started searching for David. But a person told David [that Saul was looking for David]. So David went to the desert named Maon. And David stayed in a cave [that was in that desert]. [When Saul heard [that David went to that desert]] Saul also went to the Desert named Maon.	1_Samuel
2 Samuel 19:8	So the king stood up.  And the king went to the gate of the city. When the people heard [that the king was sitting at the gate] all of the people came to the king. But all of the Israelites [who followed Absalom] run-away to the Israelites' houses.	2_Samuel
Mark 14:25	I(Jesus) tell the truth to you(followers). I(Jesus) will not drink wine again until the day [(complex) that I(Jesus) drink a new wine in the kingdom-B of God on] [(simple) that I(Jesus) drink a new wine [after God starts ruling God's people] on]."	Mark
Genesis 35:3	Then We(Jacob) will return from this place to Bethel. And I(Jacob) will build an altar for God at Bethel [because God helped me(Jacob) [when I(Jacob) had trouble]]. God was with me(Jacob) in every place [that I(Jacob) was at].	Genesis
Genesis 30:3	Then Rachel said to Jacob, ["You(Jacob) (imp) sex the female slave of me(Rachel) named Bilhah].  Then Bilhah will birth a child for me(Rachel). Then I(Rachel) will have a family through Bilhah."	Genesis
Joshua 4:4	So Joshua chose 1 man from each tribe of Israel. Then Joshua called those 12 men.	Joshua
1 Samuel 3:12	Previously I(Yahweh) said [that I(Yahweh) will punish Eli and Eli's family]. Now I(Yahweh) will do those things. I(Yahweh) will not stop punishing Eli’s family [until I(Yahweh) finish punishing Eli’s family].	1_Samuel
1 Samuel 21:10	(title) David goes to Gath.  So David ran/fled from Saul. And David went to a man named Achish [who was the king of Gath].	1_Samuel
1 Samuel 20:18	Then Jonathan said to David, ["Tomorrow the New-Moon feast will start]. But you(David) will not come to the feast. My(Jonathan's) father will see [that you(David) are not sitting at the table].	1_Samuel
Matthew 24:28	The big birds [that eat dead animals] _frameInferable gather in the place [that there is a dead animal at]. (implicit-situational) Therefore [when you(followers) see a vulture,] you(followers) know [there is a dead animal there]. (implicit-situational) Similarly, [when these things happen] people will know [the Son-of-man _1stAs3rd is here again].	Matthew
Joshua 21:21	The tribe named Ephraim gave the towns named Shechem and Gezer to the other families [that were Kohath's descendants]. Shechem was in the mountains [that the tribe named Ephraim owned]. ( A person [who lived near Shechem] might accidentally kill another person. Then that person should run to Shechem. )	Joshua
Acts 16:29	Then the chief guard of the prison told [a person to bring a light to the chief guard of the prison]. Then the chief guard of the prison ran inside the prison. And the chief guard of the prison was very afraid. And the chief guard of the prison knelt down in front of Paul and Silas.	Acts
Daniel 10:2	[After I(Daniel), Daniel, saw this vision] I(Daniel) was sad for three weeks.	Daniel
2 Samuel 20:11	One of the men [that was following Joab] stood by Amasa's body. That man said to the other soldiers, ["[If you(soldier) want [to follow Joab and David]] (imp) you(soldiers) follow Joab!]"	2_Samuel
Mark 8:3	[If I(Jesus) send these hungry people now _implicit from this place to these people's houses,] these people will become very weak. And these people might fall-B [while these people are traveling]. For some of these people came from places [that are far from this place]."	Mark
Genesis 37:19	The brothers said to each-other(brothers), ["The boy [who dreams] is coming!]	Genesis
Joshua 19:39	So Yahweh gave towns and villages to the tribe named Naphtali. Each group of families [that were in that tribe] received land.	Joshua
2 Samuel 19:37	You(David) let (imp) [me(Barzillai) return to my(Barzillai's) town][so that I(Barzillai) could die near the grave of my(Barzillai's) father and my(Barzillai's) mother]. But this man is your(David’s) servant named Kimham.  My(Barzillai's) master and my(Barzillai's) king, you(David) (imp) let[Kimham go across the river with you(David)].  You(David) (imp) do for Kimham the things [that you(David) want [to do]]."	2_Samuel
2 Samuel 18:3	But the soldiers said to David, ["You(David) must not go with us(soldiers)]. Absalom's men want [to kill you(David)]. Those men do not want [to kill us(soldiers)]. So you(David) should stay in the city. [If we(soldiers) have trouble] you(David) will help us(soldiers)."	2_Samuel
Esther 9:20	Mordecai wrote about all these events in letters. Then Mordecai sent the letters to all the Jews [that lived in Xerxes' kingdom].	Esther
Joshua 18:15	Then the border went from Kiriath-Jearim to the springs [that were at Nephtoah].	Joshua
Mark 5:7	That man shouted loudly, ["(rhetorical) Jesus, Son of God-Most-High, what will you(Jesus) do to me(man)?] [" (statement) Jesus, Son of God-Most-High, you(Jesus) (imp) do not treat me(man) badly!] You(Jesus) (imp) promise/swear in God's name [ you(Jesus) will not hurt/torture me(man)] !"	Mark
1 Samuel 7:1	Then the men [who lived in Kiriath-Jearim] came to the Ark-of-the-Covenant. And those men took the Ark-of-the-Covenant to Abinadab's house [which was on a hill].  Then the people chose/appointed [Abinadab's son named Eleazar to guard the Ark-of-the-Covenant].  So Eleazar cleaned Eleazar. So those people consecrated (vocab-alternate) Eleazar. And Eleazar gave/offered gifts/sacrifices [so that God would accept Eleazar].	1_Samuel
Joshua 13:28	Moses gave all of those regions and towns to the families [that were in the tribe named Gad].	Joshua
2 Samuel 2:2	So David and David’s two wives went to Hebron. One wife’s name was Ahinoam. Ahinoam was from Jezreel.  And the other wife’s name was Abigail. Abigail was the widow of Nabal. Abigail was from Carmel.	2_Samuel
2 Samuel 1:27	Israel's strong men died during the battle. The enemy broke the strong men's weapons."	2_Samuel
1 Samuel 9:22	Then Samuel took Saul and Saul's servant into a big room. About 30 people were in that room. Previously Samuel invited those people to that room. Then Samuel told [Saul to sit down in front of those people].	1_Samuel
2 Samuel 13:32	Jonadab was one of Shimeah’s sons. Jonadab was David’s brother. Jonadab said to David, ["(imp) You(David) do not think [that all of your(David’s) sons are dead].] Only Amnon is dead.  Absalom was planning[to kill Amnon][because Amnon rapedAbsalom’s sister named Tamar].	2_Samuel
Matthew 20:1	(title) Jesus tells a story/parable [that is about people [who work in a vineyard]]. _paragraph (complex) For the kingdom-B of heaven is like a person [who owns land]. (simple) God [who rules God's people] is like a person [who owns land]. That person left that person's house _implicit early in the morning [in order to find people [who will work in that person's vineyard]].	Matthew
Joshua 16:10	The people [that were in the tribe named Ephraim] were not able [to force [the Canaanites to leave Gezer]]. So the Canaanites continued living among Ephraim’s descendants. But the people [that were in the tribe named Ephraim] forced [those Canaanites to become slaves].	Joshua
2 Samuel 22:2	David said,["Yahweh is my(David's) rock]. Yahweh protects me(David). And Yahweh saves/rescues me(David).	2_Samuel
Joshua 13:17	Moses also gave the land [that was near Heshbon] and all of the towns [that were on the plain] to those people. The names of those towns were Dibon, Bamoth-Baal, and Beth-Baal-Meon.	Joshua
Mark 9:32	But those followers/disciples did not understand the thing-C [that Jesus was saying to those followers/disciples _implicit]. And those followers/disciples were afraid [to ask Jesus about that thing-C _implicit].	Mark
Genesis 30:23	Then Rachel birthed a son. And Rachel said, ["I(Rachel) praise God.]  I(Rachel) was ashamed [because I(Rachel) did not have a son].  But now God gave a son to me(Rachel).”	Genesis
Acts 2:5	In the beginning God created the heavens and the earth. There were no things on the earth. And darkness covered the deep water. Then God said, ["Let there be light."]  Then there was light.	Acts
1 Samuel 16:12	So Jesse sent a man [to bring Jesse's youngest son to Jesse]. That son was very healthy and very handsome. Yahweh said to Samuel, ["You(Samuel) (imp) stand up].  And you(Samuel) (imp) pour oil on this boy’s head.  I(Yahweh) chose this son."	1_Samuel
Matthew 26:62	_paragraph Then the chiefest priest stand-up-A. (yesrhetorical) And the chiefest priest asked Jesus, ["Are you(Jesus) going to speak [in-order-to (implicit-situational) defend yourself(Jesus)]?] (statement) And the chiefest priest said to Jesus, ["You(Jesus) (imp) speak [in-order-to (implicit-situational) defend yourself(Jesus)]]. What do you(Jesus) _implicitNecessary say _implicitNecessary about the things-C [that these 2 _implicit men said about you(Jesus)]?"	Matthew
Mark 14:22	[While Jesus _paragraph and those followers/disciples were eating the meal _implicit of Passover,] Jesus pick-up some _implicit bread. And Jesus thanked God for that bread. Then Jesus broke that bread. And Jesus gave that bread to those followers/disciples. Then Jesus said, ["You(followers) (imp) take this bread _implicit]. (primary) This bread is my(Jesus's) body. (meaning-1) This bread is like my(Jesus's) body."	Mark
1 Samuel 15:19	Why did not you(Saul) obey Yahweh? Why did you(Saul) keep the best animals?  And why did you(Saul) do evil things?  Yahweh sees the evil things [that you(Saul) do]."	1_Samuel
Mark 9:36	(paragraph) Then Jesus called-A a small child. And Jesus put that child among the followers/disciples. Jesus put Jesus's arms around that child. And Jesus said to those followers/disciples,	Mark
Daniel 6:5	Then these officials said to the other officials, ["We(officials) are not able [to prove [that Daniel breaks any laws of the king]]]. But we(officials) are able [to accuse [Daniel of doing all the things [that the laws of Daniel's God say]]]."	Daniel
1 Samuel 3:15	Then Samuel slept until the morning. [After Samuel got up] Samuel opened the doors of the tabernacle. Samuel was afraid [to tell Eli about the things [that Yahweh said]].	1_Samuel
Mark 9:1	Then Jesus said to the disciples and the crowd , ["I(Jesus) tell the truth to you(people)]. (complex) Some of the people [who are standing here] will not die [until those people see the kingdom-B of God come with power ]. (simple) Some of the people [who are standing here] will not die [until those people see-B [God ruling God's people with power _inLDV]] ."	Mark
1 Samuel 17:19	Your(David's) brothers are with Saul and the Israelite army in the valley named Elah. The Israelites are fighting the Philistines in that valley."	1_Samuel
1 Samuel 28:13	The king said to that woman, ["You(woman) (imp) do not be afraid]! What do you(woman) see?" The woman said, ["I(woman) see a spirit [that is coming out of the earth]]."	1_Samuel
Nehemiah 8:9	But [when the people heard the words of the Law] those people cried/wept. Those people (implicit-info) cried [because previously those people did not obey those laws]. Then Nehemiah [who was the ruler/governor], Ezra [who was the priest] [and who taught the people about the Law], and the people [that were in the tribe named Levi] [and who taught the people about the laws] spoke to those people. Nehemiah said, ["This day is special/holy for Yahweh [who is your(people's) God]]. So you(people) (imp) do not be sad. And you(people) (imp) do not cry/mourn."	Nehemiah
Joshua 11:20	Yahweh caused [those people to become stubborn] [so that those people would fight the Israelites].  Yahweh wanted [to completely destroy those people]. So Yahweh was not merciful to those people. Previously Yahweh commanded [Moses to kill all of those people]. So Joshua obeyed Yahweh.	Joshua
2 Samuel 3:15	So Ish-Bosheth ordered [men to take-away Michal from Michal's husband named Paltiel]. Paltiel was the son of Laish.	2_Samuel
Nahum 1:5	Yahweh shakes the mountains. And Yahweh causes [the hills to melt]. The earth and all of the people [who live on the earth] fear Yahweh.	Nahum
Mark 14:52	Then that young man left that young man's sheet. And that young man was not wearing clothes [while that young man run-away] .	Mark
Matthew 8:33	The men [who cared for the pigs] run-away. Those men went into the city _frameInferable . And those men told people _implicit about all of these things-B. Those people also told people _implicit about the things-B _implicitNecessary [that happened to the 2 _implicit men [who were controlled by evil spirits/demon]].	Matthew
Nehemiah 8:11	The people [that were in the tribe named Levi] helped [the other people to become calm]. The people [that were in the tribe named Levi] said to those people, ["You(people) (imp) be quiet]. And you(people) (implicit-info) (imp) stop crying. This day is special/holy. So you(people) (imp) do not be sad."	Nehemiah
Esther 1:5	After that party Xerxes invited all the people [that lived in Susa] [to come to another party]. Xerxes invited the important people [that lived in Susa] [to come to this party]. And Xerxes also invited the people [that were not important] [to come to this party]. This party was in the garden [that was at Xerxes' palace]. Xerxes celebrated with these people for 7 days.	Esther
2 Samuel 11:16	So [while Joab and the soldiers were attacking the city] Joab saw the place [that the enemies’ best soldiers were protecting the city at]. Then Joab ordered [Uriah to go to that place].	2_Samuel
Acts 3:10	And those people recognized the man. That man was the man [who sat at the gate [in-order-to ask [people to give money to that man]]]. The people called this gate Beautiful. So those people were very surprised [because those people saw [that man [who was not able [to walk]] doing those things]].	Acts
Genesis 23:1	-Title Sarah dies. Sarah was 127 years old [when Sarah died].	Genesis
Nehemiah 3:19	A man named Ezer [who was a son of Jeshua] ruled the people [who were living in Mizpah]. Ezer repaired the next part of the wall. That part of the wall was in front of the path [that led to the building [that soldiers stored those soldiers' weapons in]]. And that part of the wall led to a corner of the wall.	Nehemiah
Joshua 18:2	But at that time 7 of the tribes of Israel still did not own land. Earlier God promised [that God would give land to all of the tribes of Israel].	Joshua
Genesis 41:32	So Your(king's) 2 dreams have the same meaning. You(king) had 2 dreams [because God is telling you(king) [that these things will definitely happen soon]].	Genesis
Acts 20:26	So today I(Paul) am telling you(leaders) about a thing [that I(Paul) know [is true]]. God will not blame me(Paul) [if any person dies [before any person believes in Jesus].]	Acts
Genesis 32:31	Then the sun rose. And Jacob left that place. But Jacob limped [because God touched Jacob's hip].	Genesis
1 Samuel 1:2	Elkanah had two wives. One wife’s name was Hannah. And the other wife’s name was Peninnah. Peninnah had children. But Hannah did not have children.	1_Samuel
2 Samuel 6:11	Yahweh’s Ark of the Covenant was in Obed-Edom’s house for 3 months. Yahweh blessed Obed-Edom and Obed-Edom's family.	2_Samuel
Esther 6:8	You(king) (imp) give a royal robe [that you(king) wore] to that man. And you(king) (imp) bring a horse [that you(king) rode] to that man. And you(king) (imp) put a crown on that horse's head.	Esther
Daniel 11:42	That king will rule the people [who live in many countries]. That king will also rule the people [who live in Egypt].	Daniel
2 Samuel 2:9	Then Abner said/declared [that Ish-Bosheth was the new king of Israel].  Ish-Bosheth was  the king of  Gilead, Ashuri, and Jezreel.  Ish-Bosheth was also the king of Ephraim, Benjamin, and other regions [that were in Israel].	2_Samuel
2 Samuel 10:1	(title) David defeats the Ammonites.  Later the king of the Ammonites died. Then the king's son named Hanun became the king of Ammon.	2_Samuel
Matthew 22:29	_paragraph Jesus answered, ["You(Sadducees) are making _imperfectiveNotBackgrounded a mistake [because you(Sadducees) do not understand the Scriptures or God's power]].	Matthew
Mark 13:8	For nations will fight-A each-other(nations). And countries/kingdoms-A will fight each-other(countries). The ground will shake much in many places. The land will also _implicit not produce enough food [so that the people will die/starve]. These events will be-U like the first pains of a woman [who will soon birth a baby]. (implicit-situational) These events will be signs-B [that show [people _generic will soon suffer more]].	Mark
Nehemiah 10:20	Magpiash, Meshullam, Hezir,	Nehemiah
Genesis 31:37	You(Laban) looked at all the things [that I(Jacob) own]. but you(Laban) did not find any thing [that belongs to you(Laban)]. [If you(Laban) found any thing [that belongs to you(Laban)]] you(Laban) (imp) show it to us(Jacob) now. You(Laban) (imp) put that thing in-front-of your(Laban's) relatives and in-front-of my(Jacob's) relatives now. Our(Jacob's) relatives will know [that I(Jacob) did not steal any thing from you(Laban)].	Genesis
Genesis 44:28	[When one of Rachel's sons left me(Jacob)] I(Jacob) thought, ["A wild animal ate that son]." And I(Jacob) did not see that son again.	Genesis
Matthew 2:2	Those wise men asked the people _implicit [who were in Jerusalem ], ["Where (primary) is the Jews' king [who was born recently _implicit]?] ["Where (meaning-1) is the person [who was born recently _implicit] [and who will become the king of the Jews]?] (primary) In the eastern land/region _significantLocation we(men) saw that king's star . (meaning-1) We(men) saw that king's star [when that star rose]. (implicit-situational) And that star showed us(men) [that king was born]. So we(men) came [in-order-to honor/worship that king]."	Matthew
1 Samuel 1:12	[While Hannah was praying] Eli watched Hannah's mouth.	1_Samuel
Genesis 17:7	I(God) will make a covenant with you(Abram) and with your(Abram's) descendants. I(God) will be your(Abram's) God forever.  and I(God) will be the God of your(Abram's) descendants forever.	Genesis
Genesis 5:25	Methuselah had a son [when Methuselah was 187 years old].  Methuselah named this son Lamech.	Genesis
Mark 14:5	(literalunits) For that perfume might be sold by that woman _implicitActiveAgent for more-than _Adj 300 denarii. (modernunits) For that perfume might be sold by that woman _implicitActiveAgent for the amount of money [that a person earns in about _Adj a year]. And that money might be given by that woman _implicitActiveAgent to poor people." And those people much told that woman [the thing [that woman did] was bad].	Mark
Genesis 27:28	I(Isaac) pray to God [that God will give enough rain to you(Esau).]  And God will give you(Esau) good soil [so-that you(Esau) could have much grain and good wine].	Genesis
Daniel 2:48	Then the king gave great authority to Daniel. And the king gave many gifts to Daniel. The king caused [Daniel to rule all the people in Babylon]. And the king caused [Daniel to be more important than all the astrologers and all the magicians].	Daniel
Esther 10:2	The king's secretaries wrote about all of the great things [that Xerxes did]. The secretaries also wrote about all the things [that Mordecai did]. The king caused [Mordecai to become very important].	Esther
Joshua 5:3	So Joshua made knives with flint stones. Then Joshua circumcised the Israelites at Gibeath-Haaraloth.	Joshua
Matthew 27:16	A Jewish _implicit man named Jesus-Barabbas was a famous prisoner [who was put in prison by the Roman soldiers _implicitActiveAgent].	Matthew
Joshua 8:22	Then the other Israelite soldiers [who were in the city] came out from the city. And those soldiers helped [Joshua fight the soldiers [that were from Ai]]. So the soldiers [that were from Ai] were between the 2 groups of Israelite soldiers. The Israelites killed all of the soldiers [that were from Ai]. No soldiers [that were from Ai] escaped from the army of Israel.	Joshua
1 Samuel 18:14	David always did things very well [because Yahweh was with David].	1_Samuel
Mark 3:6	Then the Pharisees _frameInferable go-out. And those Pharisees immediately started planning/plotting with the people [who supported King _implicit Herod] against Jesus [so that those people could kill Jesus].	Mark
Matthew 1:20	_paragraph But [after Joseph thought about these things,] suddenly an angel of the Lord-A appeared-C to Joseph in a dream. And that servant/angel said to Joseph, ["Joseph son of king _implicit David, you(Joseph) (imp) do not be afraid [to marry Mary]]. That action (implicit-situational) will not be bad _morally. (literal) For the child [who is in Mary] be-F from the Holy-Spirit. (dynamic) For the Holy-Spirit _emphasized caused [the child to grow in Mary]. (implicit-situational) No man caused [Mary to become pregnant ].	Matthew
1 Samuel 14:2	Saul was staying under a tree [that was near Gibeah]. About 600 men were with Saul.	1_Samuel
Daniel 3:14	Nebuchadnezzar said to these men, ["Shadrach, Meshach, and Abednego, do you(men) not worship my(Nebuchadnezzar's) gods]? And did you(men) not worship the gold statue [that I(Nebuchadnezzar) made]?	Daniel
Genesis 34:6	[While Jacob was waiting for the sons of Jacob] the father of Shechem named Hamor came to Jacob [in-order-to talk to Jacob].	Genesis
1 Samuel 31:9	Then the Philistines cut off Saul’s head. And the Philistines took Saul's armor. Then the Philistines sent men/messengers throughout the regions [that the Philistines lived in].  And those men/messengers went into the temples of the Philistines’ idols [in order to tell people [that Saul was dead]]. And those men/messengers told all of the Philistines [that Saul was dead].	1_Samuel
2 Samuel 23:33	Jonathan was the son of Shammah. Jonathan was from Harar.Ahiam was the son of Sharar. Ahiam also was from Harar.	2_Samuel
Mark 4:26	(title) Jesus tells a parable [that is about seeds [that grow]]. (paragraph) (complex) Jesus also said, ["This story/parable describes the kingdom-B of God ]. (simple) Jesus also said, ["I(Jesus) _implicitNecessary will tell-D _implicitNecessary a story/parable [that explain-how [God rules God's people ]]]. A man scattered seeds on the ground.	Mark
Matthew 13:11	_paragraph (complex) Jesus answered, ["You(followers) are allowed by God _implicitActiveAgent [to understand the secrets [that are about the kingdom-B of heaven]]]. (simple) Jesus answered, ["You(followers) are allowed by God _implicitActiveAgent [to understand the secrets [that explain-how [God rules God's people]]]]. But I(Jesus) use stories/parables [because some people are not allowed by God _implicitActiveAgent [to understand those secrets]].	Matthew
2 Samuel 10:10	Then Joab sent the other soldiers to Joab’s brother named Abishai.  Joab told [Abishai and those soldiers to fight the Ammonite soldiers].	2_Samuel
1 Samuel 9:26	[When the sun started rising in the morning] Samuel got up. And Samuel said to Saul [who was on the roof], ["You(Saul) (imp) prepare [to go]]. I(Samuel) will send you(Saul) to your(Saul's) house." So Saul prepared [to go]. Then Samuel went outside the house with Saul and Saul’s servant.	1_Samuel
1 Samuel 30:12	Those men gave some figs and some raisins to that man.  So that man ate that food. Then that man felt well. Previously that Egyptian man did not eat food for 3 days and 3 nights. And that Egyptian man did not drink water for 3 days and 3 nights.	1_Samuel
Mark 14:34	Then Jesus said to those followers/disciples, ["My(Jesus's) soul is very sad [so that I(Jesus) am almost dying]]. You(followers) (imp) stay at this place. And you(followers) (imp) continue to be awake _inLDV."	Mark
Esther 3:4	Each day the officials asked Mordecai these questions. but Mordecai did not answer the officials' questions. Then the officials told Haman [that Mordecai did not bow to Haman]. The officials thought [that Haman might punish Mordecai]. Mordecai had told the officials [that Mordecai was a Jew].	Esther
Genesis 19:25	Thus Yahweh destroyed those 2 cities. Yahweh also destroyed all the things [that were in the valley named Jordan]. Yahweh destroyed all the people [who lived in the cities] and all the plants.	Genesis
Mark 2:14	[While Jesus was walking,] Jesus saw Levi [who was the son of Alphaeus]. Levi was sitting at the place [that the people [who collect taxes] work at]. Jesus said to Levi, ["You(Levi) (imp) follow-A me(Jesus)]. And you(Levi) (imp) (implicit-situational) follow-B _routinely me(Jesus)". Then Levi stand-up-A. And Levi followed Jesus.	Mark
2 Samuel 23:22	Benaiah also did many other great things. Benaiah was Jehoiada’s son. Benaiah was famous [like those 3 powerful soldiers were famous].	2_Samuel
Matthew 12:11	_paragraph (yesrhetorical) Jesus asked those Pharisees, ["[If a sheep of a person [who is among you(Pharisees)] falls into a hole on the Sabbath,] will a person pull-out a sheep of a person [who is among you(Pharisees)] from a hole?] (statement) Jesus said to those Pharisees, ["[If a sheep of a person [who is among you(Pharisees)] falls into a hole on the Sabbath,] a person will pull-out a sheep of a person [who is among you(Pharisees)] from a hole].	Matthew
1 Samuel 9:21	Then Saul said, ["But I(Saul) am in the tribe named Benjamin]. Benjamin is the smallest tribe [that is in Israel]. And my(Saul's) family is the least important family [that is in the tribe named Benjamin]. Why do you(Samuel) say [that all of the people [who are in Israel] are looking for me(Saul)]?"	1_Samuel
Matthew 25:9	_paragraph But the wise young women answered, ["No]. There might not be-E enough oil for us(women) _wise and you(women) _stupid. Instead, you(women) _stupid (imp) go to the people [who sell oil]. And you(women) _stupid (imp) buy oil for yourselves(women) _stupid."	Matthew
Nehemiah 3:32	The people [who made things with gold] and the people [who sold things] repaired the next part of the wall. That part of the wall led from the room [that was on the corner of the wall] to the gate-Sheep.  So (implicit-info) the people repaired all of Jerusalem's wall.	Nehemiah
Ruth 3:13	You(Ruth) (imp) stay at this place tonight. In the morning I(Boaz) will talk to that man. [If that man wants [to be your(Ruth's) kinsman-redeemer]] I(Boaz) must let [that man buy/redeem you(Ruth)]. [If that man wants [to protect your(Ruth's) property and your(Ruth's) family]] I(Boaz) must let [that man buy/redeem you(Ruth)].  But [if that man does not want [to be your(Ruth's) kinsman-redeemer]] I(Boaz) will certainly buy/redeem you(Ruth). But [if that man does not want [to buy/redeem you(Ruth)]] I(Boaz) will certainly buy/redeem you(Ruth). I(Boaz) promise/swear to Yahweh [that I(Boaz) will buy/redeem you(Ruth)].  So you(Ruth) (imp) lie at this place until the morning."	Ruth
Matthew 11:12	(complex) From the days [when John the Baptist was teaching/preaching people _implicit about God _implicit] until this day the kingdom-B of heaven is violently _inLDV attacked by evil people _implicitActiveAgent. (simple) From the days [when John the Baptist was teaching/preaching people _implicit about God _implicit] until this day evil people _implicitNecessary are violently persecuting the people of God. (complex) And violent people are trying [to defeat/capture-B the kingdom-B of heaven]. (simple) And violent people are trying [to prevent [people from becoming people of God]].	Matthew
1 Samuel 17:24	[Whenever the Israelites saw Goliath] the Israelites run-away [because the Israelites were very afraid].	1_Samuel
Nehemiah 11:27	Hazar-Shual, Beersheba, the villages [that were near Beersheba],	Nehemiah
2 Samuel 11:22	Then that messenger went to King David. And that messenger told David all of the things [that Joab said].	2_Samuel
Genesis 27:32	But Isaac asked Esau, ["Who are you(son)?"]  Esau answered, ["I(Esau) am the firstborn son of you(Isaac) named Esau."]	Genesis
Mark 15:5	(paragraph) But Jesus did not answer [(implicit-situational) even-though Jesus was not guilty]. So Pilate was surprised/amazed.	Mark
Nehemiah 7:22	328 men [that were from Hashum] returned.	Nehemiah
Genesis 8:3	The water continued to become less deep for 150 days.	Genesis
1 Samuel 1:5	But Elkanah gave much meat to Hannah [because Elkanah loved Hannah much]. But Yahweh did not allow [Hannah to birth a child].	1_Samuel
Joshua 10:9	So Joshua and Joshua's army walked/marched from Gilgal to Gibeon during the night. [When Joshua and Joshua's army arrived at Gibeon] those armies were very surprised.	Joshua
2 Samuel 19:1	(title) Joab is angry at David.  A person told Joab, ["The king is crying/mourning for Absalom]. The king (implicit-info) is very sad [because Absalom is dead]."	2_Samuel
Matthew 25:45	_paragraph The king will say, ["I(king) am telling you(people) the truth]. [Whenever you(people) did not do these good _implicit actions for one of my(king's) friends/brothers-D [who are among you(people)] or one _implicit of my(king's) sisters-D _implicit [who are among you(people)],] you(people) did not do these actions for me(king) _emphasized."	Matthew
Genesis 41:35	Then these officers should store this food in the cities for you(king).  And these officers should guard that food.	Genesis
Matthew 22:19	You(Pharisees) (imp) show me(Jesus) the coin [that people _generic use [in order to pay that tax]]." Those people brought to Jesus a Roman silver coin.	Matthew
Nehemiah 2:6	At that time the queen was sitting beside the king. Then the king asked me(Nehemiah), ["How-long will you(Nehemiah) stay in that city]? And when will you(Nehemiah) return to this place?" The king wanted [to send me(Nehemiah) to Jerusalem]. So I(Nehemiah) told the king about the date [when I(Nehemiah) would return to Babylon].	Nehemiah
Mark 5:41	Jesus held the girl's hand. And Jesus said to the girl in the girl's language _implicit, ["Talitha-koum!"]  These words mean. Little girl, I(Jesus) say to you(girl), ["You(girl) (imp) get-up!"].	Mark
Acts 20:13	Paul (title) goodbyes  the church's leaders [who live in Ephesus]. Then we(disciples) entered a ship. And we(disciples) traveled to the city named Assos. But Paul walked to Assos. Paul planned [to enter that ship with us(disciples) in Assos].	Acts
Matthew 13:27	_paragraph The servants-A of that man came to that man. (yesrhetorical) And those servants asked, ["Master, did you(man) scatter good seeds in your(man's) field?] (statement) And those servants said, ["Master, you(man) scattered good seeds in your(man's) field]. Where did those plants [that people do not want] come from?"	Matthew
Genesis 45:27	But the brothers told Jacob about all the things [that Joseph said to the brothers]. and [after Jacob saw the wagons [that Joseph sent to Jacob [so that Jacob could ride to Egypt]]] Jacob became happy.	Genesis
Matthew 4:14	Thus the things [that were said by God _implicitActiveAgent through the prophet named Isaiah] happened/be-fulfilled.	Matthew
Nehemiah 2:4	The king said to me(Nehemiah), ["Which thing do you(Nehemiah) want [me(Artaxerxes) to do]?"]  Then I(Nehemiah) prayed to the God of heaven.	Nehemiah
Daniel 5:30	That night a person killed Belshazzar [who was the king of Babylon].	Daniel
Genesis 21:31	So people call that place Beersheba [because Abraham and Abimelech made a promise].  -Footnote Beersheba means well of the promise.	Genesis
1 Samuel 28:12	[When that woman saw Samuel], that woman screamed loudly. And that woman said to Saul, ["Why did you(Saul) trick me(woman)]? You(Saul) are Saul!"	1_Samuel
Matthew 1:19	Mary’s future _implicit husband, Joseph, was a good _morally/righteous man . And Joseph (implicit-situational) thought [ Mary was pregnant [because Mary sexed another man]]. But Joseph did not want [to publicly cause [Mary to feel ashamed]]. So Joseph planned [to secretly end Joseph’s relationship with Mary]. (footnote) At that time people thought [men should not marry a woman [who already sexed other men]].	Matthew
Nahum 3:18	King of Assyria, your(king's) leaders are sleeping. Your(king's) rulers are also lying down [because the rulers want [to sleep]]. Your(king's) people ran to the mountains. And no person will gather your(king's) people.	Nahum
Mark 1:16	Jesus (title) chooses the first people [who will follow-B _routinely Jesus]. (paragraph) One day _implicit, [while Jesus walked beside the sea-Galilee named the big lake _implicitGeoName,] Jesus saw Simon and Simon's brother named Andrew. Simon and Andrew were throwing-B a net into the lake [(implicit-situational) in-order-to catch fish _generic] [because Simon and Andrew caught _routinely fish _generic [in-order-to earn money]].	Mark
Matthew 16:13	(title) Peter says/declares [Jesus is the Christ]. _paragraph Jesus came to the area/region of Ceasarea-Philippi with Jesus's disciples _implicit. Jesus asked Jesus's followers/disciples, ["Who do people say-C [the Son-of-man _1stAs3rd is]?"]	Matthew
Genesis 9:22	Ham [who had a son named Canaan] looked at Ham's father. Then Ham told Ham's brothers [who were outside the tent] [that Noah was not wearing clothes].	Genesis
Genesis 30:2	Then Jacob became angry at Rachel. and Jacob said to Rachel, ["I(Jacob) am not able [to give children to you(Rachel)]]! Only God is able [to give children to you(Rachel)]. God has prevented [you(Rachel) from becoming pregnant]."	Genesis
Genesis 39:10	Potiphar's wife talked to Joseph every day. But Joseph refused [to sex Potiphar's wife]. And Joseph did not stay near Potiphar's wife.	Genesis
Joshua 8:5	I(Joshua) and the soldiers [who are with me(Joshua)] will walk to the city. The soldiers [that are in Ai] will come-out from the city [in-order-to fight us(Israelites)]. Then we(Israelites) will run from those soldiers [just-like we(Israelites) ran from those soldiers a few days ago].	Joshua
Genesis 9:12	And God said, ["I(God) will show a sign of the covenant to you(Noah)].  I(God) am making this covenant with you(Noah) and with all of the alive creatures. This covenant is for all of your(Noah's) descendants.	Genesis
Matthew 27:26	_paragraph Then Pilate freed Barabbas for those people. But Pilate ordered [soldiers _implicitNecessary to whip Jesus]. And Pilate gave Jesus to soldiers _implicitNecessary [so that soldiers _implicitNecessary would kill Jesus [by putting Jesus on a cross]].	Matthew
Esther 6:12	Then Mordecai returned to the gate of the palace. But Haman went quickly to Haman's house. Haman was very ashamed.	Esther
Genesis 14:10	There were many holes [that contained tar] in the Valley of Siddim. [When the armies of Sodom and Gomorrah ran from these four kings] some soldiers fell into the holes. But the other soldiers ran to the mountains.	Genesis
Titus 1:13	That person said true things. So you(Titus) (imp) continue proving to these people [that those people are wrong]. Then these people will trust God well. And these people will follow God  well.	Titus
Esther 9:11	That day a messenger told the king [that the Jews had killed 500 men [that lived in Susa]].	Esther
2 Samuel 15:14	Then David spoke to all of David's officials [who were with David in Jerusalem]. David said, ["We(David) must leave/flee from this place immediately]! [If we(David) do not leave now] then Absalom will catch us(David). Absalom will come to this place quickly [in order to catch us(David)]. Absalom wants [to destroy us(David)]. And Absalom wants [to kill all of the people [who are living in Jerusalem]]."	2_Samuel
Joshua 15:21	The tribe named Judah owned all of the towns [that were in the southern region of Canaan]. Those towns were near the border of Edom. The tribe named Judah owned the towns named Kabzeel, Eder, and Jagur.	Joshua
Joshua 11:1	(title) The Israelites defeat the kings [that are in the northern region]. A man named Jabin was the king of Hazor.  Jabin heard about all of the kings [that the Israelites defeated].  So Jabin sent messages to the king of Madon, the king of Shimron, and the king of Akshaph.  The king of Madon was a man named Jobab.	Joshua
Genesis 39:6	So Potiphar allowed [Joseph to care for all the things [that Potiphar owned]].  Potiphar did not worry about Potiphar's things.  Potiphar did not think about Potiphar's work. Potiphar rested. and Potiphar enjoyed [eating Potiphar's food].	Genesis
Mark 6:9	You(followers) (imp) wear shoes/sandals. (literal) But you(followers) (imp) do not wear two shirts. (dynamic) But you(followers) (imp) do not take extra clothes."	Mark
Matthew 27:5	_paragraph So Judas threw the money _frameInferable into the building/temple. Then Judas left that place _implicit. And Judas killed Judas [by hanging Judas from a tree].	Matthew
Daniel 8:19	Gabriel spoke to me(Daniel) again. Gabriel said, ["I(Gabriel) will tell you(Daniel) about things [that will happen]]. These things will happen [after God stops being angry]. This vision is about the time [that God has chosen].	Daniel
Mark 16:18	Those people will be able [to pick-up poisonous _implicit snakes]. (implicit-situational) And those snakes will not hurt those people. And [if those people drink a poisonous drink,] a poisonous drink will not hurt-A those people. Those people will put those people's hands on sick people. And those sick people will become healthy."	Mark
Joshua 15:14	Three Anakite families were living in Hebron.  So Caleb forced [those 3 families to leave that city]. Men named Sheshai, Ahiman, and Talmai were the leaders of those families. Those men were descendants of Anak.	Joshua
Mark 15:16	(title) Roman soldiers laugh/mock at Jesus. (paragraph) Then those soldiers take-away Jesus into the royal house [(implicit-situational) that the Roman ruler/governor lived in] of the yard/courtyard _implicitType. (comment-begin) That royal house was called the Praetorium. (comment-end) Those soldiers called all _hyperbolic the other _implicit soldiers to that place _implicit.	Mark
2 Samuel 8:8	Tebah and Berothai were two of the towns [that Hadadezer ruled]. The people [who were living in those towns] had many bronze things. David took those valuable things.	2_Samuel
Daniel 6:4	Then the other officials began to watch Daniel. These other officials were jealous of Daniel. These other officials wanted [to see [Daniel break a law of the king]]. But Daniel did not break any laws of the king. Daniel was honest. And Daniel always did Daniel's work well. No man was able [to prove that [Daniel did bad things]].	Daniel
Joshua 13:32	Moses gave those regions to those tribes [when Moses was in the plains [that are in Moab]]. That land was on the eastern side of the Jordan River. And that land was on the eastern side of Jericho.	Joshua
Acts 20:15	On the next day, we(disciples) left that place. And we(disciples) entered another ship. And we(disciples) arrived at the island named Kios. On the next day we(disciples) traveled to the island named Samos. On the next day we(disciples) arrived at the town named Miletus.	Acts
Matthew 16:16	_paragraph Simon-Peter answered, ["You(Jesus) are the Christ]. You(Jesus) are the Son of God [_descriptive who lives]."	Matthew
Genesis 18:17	-Title Abraham plead with Yahweh. Yahweh asked Yahweh, ["Should I(Yahweh) tell Abraham about my(Yahweh's) plan?]	Genesis
Genesis 16:15	Later Hagar birthed a son for Abram. and Abram named the son Ishmael.	Genesis
Matthew 3:4	(paragraph) John (implicit-cultural) wore rough clothes [that were like the clothes [that poor people and prophets wore]]. John wore clothes of _madeOf animal’s/camel’s hair. And John wore a belt of _madeOf leather around John’s waist. John (implicit-situational) also only ate food [that John found in the desert/wilderness]. John ate insects/locusts and wild honey.	Matthew
1 Samuel 30:20	David also brought all of the sheep and the cows.  The men [who were with David] made [those animals walk in-front-of the men].  And those men repeatedly said, ["These animals are David’s reward]."	1_Samuel
2 Samuel 5:11	A man named Hiram was the king of Tyre. Hiram sent messengers to David. Hiram also gave special wood to David. And Hiram sent men [who made buildings with wood] and other men [who made buildings with stones] to David. Those men built a palace for David.	2_Samuel
2 Samuel 17:16	Then Hushai said to the priests, ["(imp) You(priests) quickly send a messenger to David]. (imp) You(priests) tell [David to immediately leave that place [that is near the river in the desert]]. And (imp) you(priests) tell [David to immediately go across the Jordan River]. [If David does not go across that river] then Absalom will catch David and all of the people [who are with David]."	2_Samuel
Joshua 8:11	All of the soldiers [who were with Joshua] walked/marched to Ai with Joshua. Then Joshua and the soldiers stopped walking/marching in-front-of the city. And those soldiers set-up the soldiers' tents on the northern side of Ai. There was a valley between those soldiers and the city.	Joshua
Mark 2:19	(paragraph) Jesus answered those people, ["Do guests of a man [who is marrying a woman] refuse [to eat food] [while the man [who is marrying the woman ] is still with those guests]?] Those guests do not refuse [to eat food] [while those guests still have the man [who is marrying the woman] with those guests].	Mark
Acts 17:33	At that time, Paul left the meeting.	Acts
Joshua 7:18	Then Joshua told [each man [that was in that family] to stand in-front-of Yahweh]. Yahweh chose Achan [who was the son of Carmi]. Carmi was the son of Zimri. And Zimri was the son of Zerah.  Zerah was in the tribe named Judah.	Joshua
Daniel 3:19	Then Nebuchadnezzar became very angry with Shadrach, Meshach, and Abednego.  Nebuchadnezzar ordered [the servants of Nebuchadnezzar to make [the fire be extremely hot]].	Daniel
Matthew 15:15	_paragraph Peter said, ["You(Jesus) (imp) explain that lesson/parable to us(followers)"].	Matthew
Genesis 12:20	Then the king commanded the king's soldiers [to take Abram from Egypt]. So Abram and Abram's wife left Egypt. And Abram took all the things [that Abram owned].	Genesis
Mark 14:33	Jesus took-B Peter, James, and John [(implicit-situational) when Jesus went [in-order-to pray]]. And Jesus started to become very sad and upset/troubled.	Mark
Mark 13:33	You(followers) (imp) watch-out! You(followers) (imp) be awake/alert! For you(followers) do not know the time [(implicit-situational) that the Son-of-man _1stas3rd will return-B on]. (footnote) Some manuscripts of this part of the Scriptures say, ["You(followers) (imp) watch-out!] You(followers) (imp) be ready! And you(followers) (imp) pray! For you(followers) do not know the time [(implicit-situational) that the Son-of-man _1stas3rd will return-B on]."	Mark
2 Samuel 15:31	A person told David, ["Ahithophel is helping Absalom]."So David prayed, ["Yahweh, (imp) please you(Yahweh) cause [Ahithophel to advise Absalom [to do a foolish thing]]]."	2_Samuel
Mark 3:31	(paragraph) Then Jesus's mother and Jesus's brothers arrived. [While Jesus's mother and Jesus's brothers were standing outside the house _implicitNecessary [that Jesus was in]] Jesus's mother and Jesus's brothers sent a person _implicitNecessary to Jesus [in-order-to call Jesus].	Mark
Jonah 2:4	I(Jonah) thought, ["You(Yahweh) sent me(Jonah) to a place [that is far from you(Yahweh)]]. But I(Jonah) will look toward your(Yahweh’s) holy temple [that is in Jerusalem] again."	Jonah
1 Samuel 25:6	Then you(men) (imp) say to Nabal, ["We(men) hope [that you(Nabal) and your(Nabal's) family will live for many years]]! And we(men) hope [that you(Nabal) and your(Nabal's) family will be healthy].	1_Samuel
Joshua 17:7	The land [that the tribe named Manasseh owned] was between Asher and Mikmethath.  Mikmethath was on the eastern side of Shechem. The border went from Mikmethath to a place named En-Tappuah.	Joshua
Esther 1:1	A man named Xerxes was the king of many countries. King Xerxes ruled the people [that lived in 127 countries]. King Xerxes ruled all the countries [that were between India and Cush].	Esther
Matthew 19:1	(title) Jesus teaches-A about people [who end those people's marriages [that are with other people]]. _paragraph [After Jesus said those things,] Jesus left Galilee. And Jesus went to the area/region of Judea, [_descriptive that is on the other side of the river-Jordan].	Matthew
Genesis 50:21	Therefore you(brothers) (imp) do not be afraid. I(Joseph) will care for you(brothers) and for your(brother's) children." Thus Joseph comforted Joseph's brothers [by speaking kindly to Joseph's brothers].	Genesis
2 Samuel 19:30	Then Mephibosheth said to the king, ["Ziba may have all of that land]. I(Mephibosheth) am happy [because you(David) are returning to your(David's) house safely]."	2_Samuel
1 Samuel 22:17	Then the king commanded the officers [who were near Saul], ["You(guards) (imp) kill the priests of Yahweh]. These priests are helping David. These priests knew [that David was run-away from me(Saul)].  But these priests did not tell me(Saul) about David." But Saul's officers refused [to kill Yahweh's priests].	1_Samuel
Matthew 3:8	(literal) You(Pharisees) (imp) produce fruit [that shows [ you(Pharisees) repented]]. (dynamic) You(Pharisees) (imp) do actions [that show [ you(Pharisees) repented]].	Matthew
Daniel 6:19	The next morning the king woke up very early. The king quickly went to the pit [that the lions were in].	Daniel
Mark 7:16	You(people) [who have ears [in-order-to hear things _implicit]], you(people) (imp) listen to these words." (footnote) Most manuscripts of this part of the Scriptures do not include verse 16.	Mark
Ruth 4:10	I(Boaz) will also marry Ruth [who is from Moab]. Ruth was Mahlon's wife. I(Boaz) will do these things [in order to protect the dead man's name and the dead man's property]. [If Ruth gives birth to a son] that son (implicit-info) will be Elimelech's grandson. Therefore that man's relatives and the people [that live in that man's town] will not forget that man's name.  Today you(people) saw/witnessed [me(Boaz) doing these things]!"	Ruth
Genesis 42:5	So the sons of Jacob went to Egypt.  Many other people [who lived in Canaan] also went to Egypt [in-order-to buy grain]. all the people [who lived in Canaan] were very hungry.	Genesis
Genesis 31:50	[If you(Jacob) treat my(Laban's) daughters badly] [or if you(Jacob) marry other women] you(Jacob) (imp) remember [that God will watch you(Jacob) and me(Laban)]".	Genesis
2 Samuel 6:18	[After David finished giving/sacrificing those gifts/sacrifices] David blessed the people with Yahweh-Almighty's name.	2_Samuel
1 Samuel 3:17	Then Eli asked Samuel, ["Yahweh said to you(Samuel) which things?] You(Samuel) must tell me(Eli) about all of the things [that Yahweh said to you(Samuel)]. God will punish you(Samuel) severely [if you(Samuel) do not tell me(Eli) about all of the things [that Yahweh said to you(Samuel)]]."	1_Samuel
Genesis 34:15	But we(sons) will allow [you(Shechem) to marry Dinah] [if all men [who live in the town of you(Shechem)] are circumcised by a person].	Genesis
Daniel 4:26	The angel said, ["You(angels) (imp) allow [the roots of the tree to be in the ground]]." The angel said this command [because you(king) will become the king again]. But you(king) will become the king again [after you(king) know [that God rules the earth]].	Daniel
Ruth 2:19	Ruth's mother-in-law asked Ruth, ["Where did you(Ruth) gather grain/barley today?] Where did you(Ruth) work? I(Naomi) will pray [that Yahweh will do good things for the man [that helped you(Ruth)]]!"  Then Ruth told Ruth's mother-in-law about the man [that owned the field [that Ruth worked in]]. Ruth said, ["The name of the man [that I(Ruth) worked with today] is Boaz."]	Ruth
Joshua 20:8	The Israelites also chose the city named Bezer. Bezer was on the eastern side of the Jordan River. ( Bezer was near Jericho. ) Bezer was in the desert [that the tribe named Reuben owned]. The Israelites also chose the city named Ramoth [which was in Gilead]. Gilead was in the region [that the tribe named Gad owned]. And the Israelites chose the city named Golan [which was in Bashan]. Bashan was in the region [that the tribe named Manasseh owned].	Joshua
Matthew 26:34	_paragraph Jesus said to Peter, ["I(Jesus) am telling you(Peter) the truth]. On this night [before a male chicken shouts-C,] you(Peter) will tell people 3 times [you(Peter) do not know me(Jesus)]."	Matthew
Nahum 2:4	[When the soldiers attack Nineveh,] the soldiers' horses will pull the soldiers' chariots through the streets quickly. There will be many chariots in Nineveh. The horses will pull the chariots very quickly [so that the chariots could look like lightning].	Nahum
2 Samuel 23:37	Zelek was from Ammon.Naharai was from Beeroth. Naharai carried the armor of Joab. Joab was Zeruiah’s son.	2_Samuel
Titus 3:2	People should not say bad things about other people. And people should not quickly argue with other people. Instead people should be gentle. And People should be truly humble [when those people are  with a person].	Titus
Matthew 1:23	That person/prophet said, ["You(people) (imp) listen/behold ]. The woman [who never sexed a man] will become pregnant . And that woman will birth a son. And people will call-C that son Immanuel." (comment-begin) Immanuel means ["God is with us(people)"] in Hebrew _implicit. (comment-end)	Matthew
1 Samuel 24:10	Today I(David) proved to you(Saul) [that I(David) do not want [to hurt you(Saul)]]. Yahweh sent you(Saul) to me(David) [while I(David) was in this cave]. These men told me(David) [to kill you(Saul)]. But I(David) refused [to kill you(Saul)].  I(David) thought, ["I(David) will not hurt my(David's) master [because Yahweh chose/appointed [Saul to be the king]]]."	1_Samuel
1 Samuel 17:31	Some men heard [David talking]. Then those men told Saul about David. So Saul ordered [a soldier to bring David to Saul].	1_Samuel
Nehemiah 9:18	Our(Nehemiah's) ancestors made for our(Nehemiah's) ancestors a gold _implicit idol [that looked like a young cow]. Then our(Nehemiah's) ancestors said, ["This young cow is your(people's) god [that brought you(people) from Egypt]"]. And our(Nehemiah's) ancestors said terrible things/blasphemed about you(Yahweh). But You(Yahweh) did not leave/abandon your(Yahweh's) people at that time.	Nehemiah
Genesis 18:25	You(Yahweh) will certainly not destroy the righteous people [when you(Yahweh) destroy the evil people]. The righteous people are not like the evil people. You(Yahweh) will certainly judge the people correctly."	Genesis
Matthew 25:10	_paragraph But [while the 5 _implicit stupid/foolish young women were going [in order to buy the oil],] the man/bridegroom arrived. The 5 _implicit wise young women [who were ready] went into the wedding party/feast . And the door of that building _implicit was closed by people _implicitActiveAgent.	Matthew
Mark 13:9	(paragraph) So you(followers) (imp) watch-out for people _implicit [who will oppose you(followers) ]. People [(implicit-situational) who oppose you(followers) ] will take you(followers) to the courts. And you(followers) will be beaten by your(followers's) enemies _implicitActiveAgent with whips in the synagogues. You(followers) will stand in-front-of rulers/governors and kings [(implicit-situational) so that those rulers/governors and those kings would judge you(followers) ]. (literal) These things will happen because of me(Jesus). (dynamic) These things will happen [because you(followers) follow-B _routinely me(Jesus)]. But because of these things _implicit you(followers) will be able [to tell-C those rulers/governors and those kings the Good-News _implicitNecessary [(implicit-situational) that is about me(Jesus)]].	Mark
Matthew 6:15	But [if you(people) do not forgive other _implicit people’s sins,] then-D your(people’s) Father also _implicit will not forgive your(people’s) sins.	Matthew
1 Samuel 25:41	Abigail bowed to David's servants.  And Abigail said, ["I(Abigail) am your(servants’) servant]. And I(Abigail) am ready [to serve you(servants)]. I(Abigail) will wash your(servants’) feet."	1_Samuel
Genesis 16:4	So Abram sexed Hagar. and Hagar became pregnant. [When Hagar find-out [Hagar was pregnant]] Hagar began to act badly to Sarai.	Genesis
Joshua 11:19	Only the Hivites [who were living in Gibeon] made a treaty with the Israelites. Joshua defeated all of the people [who were living in the other cities].	Joshua
Matthew 19:25	_paragraph [When the followers/disciples heard these words,] the followers/disciples became very surprised/amazed. (rhetorical) And those followers/disciples asked Jesus _implicit, ["Then-D _implicit who will be saved-A by God _implicitActiveAgent?"] (statement) And those followers/disciples said to Jesus _implicit, ["Then-D _implicit perhaps no person will be saved-A by God _implicitActiveAgent!"].	Matthew
2 Samuel 23:18	A man named Abishai was the brother of Joab. Abishai was the son of Zeruiah. Abishai was the leader of the three important officers. One day Abishai killed 300 soldiers with Abishai's spear. So Abishai became famous [like those 3 powerful soldiers were famous].	2_Samuel
Matthew 26:41	You(followers) (imp) continue to be awake. And you(followers) (imp) pray [so that you(followers) will not want [to do bad-B things]]. (literal) The spirit-A _frameInferable is willing [(implicit-situational) to do good-B things]. (dynamic) You(followers) want [to do good things]. (literal) But the body _frameInferable is weak [so-B that (implicit-situational) the body does not do good-B things]. (dynamic) But your(followers') bodies are weak [so-B that (implicit-situational) you(followers) do not do good-B things]."	Matthew
Genesis 26:4	I(Yahweh) will cause [you(Isaac) to have many descendants]. There are many stars in the sky.  The number of the descendants of you(Isaac) will be like the number of the stars. and I(Yahweh) will give all this land to the descendants of you(Isaac). All the nations [that are on the earth] will be blessed by me(Yahweh) through the descendants of you(Isaac).	Genesis
Daniel 9:12	You(Lord) did all of the things [that you(Lord) promised us(people) [that you(Lord) would do]]. So you(Lord) punished our(people's) rulers. And you(Lord) punished us(people). You(Lord) punished the people [who live in Jerusalem] [more than you(Lord) punished the people [who live in other cities]].	Daniel
Matthew 14:21	The number of men [who ate that bread _implicit and those fish _implicit] was about 5000. And women and children also ate that bread _implicit and those fish _implicit.	Matthew
2 Samuel 20:14	Sheba went through all of the regions[that the tribes of Israel owned]. Then Sheba went to Abel-Beth-Maakah. Then Sheba went through the region named Beroth.  All of the men [who were living in Beroth]started following Sheba.	2_Samuel
Genesis 3:19	[When you(Adam) work in the field] you(Adam) will sweat. and you(Adam) will work hard [until you(Adam) die] [in-order-to obtain food].  Then [when you(Adam) die] you(Adam) will return to the ground.  I(God) made you(Adam) with dust. and [when you(Adam) die] you(Adam) will become dust again."	Genesis
Genesis 44:11	Then each brother put the brother's bag on the ground. Then that brother opened that brother's bag.	Genesis
2 Samuel 2:21	Then Abner said to Asahel, ["You(Asahel) (imp) stop chasing me(Abner)]. You(Asahel) (imp) fight another man. You(Asahel) (imp) take away that man's  sword/weapons." But Asahel continued chasing Abner.	2_Samuel
Daniel 12:10	Then God will cause [many people to be holy and good]. But wicked people will continue to do evil things. Wicked people will not understand these things. But wise people will understand these things.	Daniel
2 Samuel 6:17	The people brought Yahweh's Ark of the Covenant into Jerusalem.  Then the people put the Ark of the Covenant inside a special tent [that David set-up]. Then David gave/sacrificed gifts/offerings to Yahweh.	2_Samuel
Joshua 10:28	On that day Joshua defeated the city named Makkedah. Joshua completely destroyed all of the people [who were living in that city]. Joshua killed all of those people.  And Joshua killed the king of Makkedah [just-like Joshua killed the king of Jericho].	Joshua
Mark 5:3	That man lived among the holes/caves [where people put dead bodies]. People were not able [to tie that man] [even-if those people used chains].	Mark
Matthew 21:35	_paragraph [(implicit-subaction) After that man's servants-B arrived at the garden/vineyard,] those people/farmers took/grab that man's servants-B. And those people/farmers beat-C one of those servants-B. Those people/farmers killed another servant-B. And those people/farmers threw stones at another servant-B [in order to kill that servant].	Matthew
Matthew 8:14	(title) Jesus heals many people. (paragraph) Later, _implicit [when Jesus entered Peter’s house,] Jesus saw the mother of Peter’s wife. The mother of Peter’s wife was lying in a bed _implicit [because the mother of Peter's wife had a fever].	Matthew
Nehemiah 12:42	And priests named Maaseiah, Shemaiah, Eleazar, Uzzi, Jehohanan, Malkijah, Elam and Ezer also stood in the house of God. Jezrahiah was the leader of the two groups of people [who sang]. Then those two groups sang.	Nehemiah
Mark 6:37	(paragraph) But Jesus said to those followers/disciples, ["You(followers) _imperativeWithEmphasizedAgent give to those people some food _implicitNecessary [so that those people could eat that food _implicit]"]. (paragraph) (rhetorical) (literalunits) Then those followers/disciples asked Jesus, ["Should we(followers) spend 200 denarii for food [in-order-to give food to those people]?"] (rhetorical) (modernunits) Then those followers/disciples asked Jesus, [" Should we(followers) spend the amount of money [that a man earns [by working for 8 months]] for food [in-order-to give food to those people]?"] (statement) (literalunits) Then those followers/disciples said to Jesus, ["We(followers) should not spend 200 denarii for food [in-order-to give food to those people]"]. (statement) (modernunits) Then those followers/disciples said to Jesus, ["We(followers) should not spend the amount of money [that a man earns [by working for 8 months]] for food [in-order-to give food to those people]"].	Mark
2 Samuel 13:6	So Amnon lay down on Amnon's bed. And Amnon pretended [that Amnon was sick]. King David went to Amnon.  Then Amnon said to David, ["(imp) I(Amnon) want [my(Amnon's) sister named Tamar to come to me(Amnon)]].  I(Amnon) want [to watch [Tamar making special bread for me(Amnon)]]. Then Tamar will feed that bread to me(Amnon)."	2_Samuel
Acts 1:17	Judas served Jesus with us(apostles).  The Holy Spirit said [that Judas would lead men to Jesus [so that the men could arrest Jesus]]."	Acts
Mark 15:20	[After those soldiers laughed/mock at Jesus,] those soldiers take-off the purple coat/robe [ that Jesus was wearing]. And those soldiers put-on Jesus's clothes on Jesus. Then those soldiers take-away Jesus [in-order-to kill Jesus [by putting Jesus on a cross]].	Mark
Matthew 25:38	When did we(people) _excl invite [you(Lord) to enter our(people's) houses _implicit] [because we(people) _excl saw [you(Lord) were a foreigner]]? (literal) When did we(people) _excl put clothes on you(Lord) [because we(people) _excl saw [you(Lord) were not wearing clothes]]? (dynamic) When did we(people) _excl give clothes to you(Lord) [because we(people) _excl saw [you(Lord) needed clothes]]?	Matthew
2 Samuel 18:15	Then ten young soldiers [that carried Joab’s armor]surrounded Absalom. Those soldiers hit Absalom. And those soldiers killed Absalom.	2_Samuel
Matthew 16:11	(rhetorical) Why do you(followers) not understand [I(Jesus) was not talking to you(followers) about bread]? (statement) You(followers) should understand [I(Jesus) was not talking to you(followers) about bread]. You(followers) (imp) watch-out for the yeast of the Pharisees and of the Sadducees."	Matthew
Genesis 10:25	Eber was the father of two sons named Peleg and Joktan. Eber named Eber's son Peleg [because the people on the earth were divided]. Peleg means to divide.	Genesis
Daniel 7:5	Then I(Daniel) saw the second animal. That animal looked like a bear. There were three ribs in the bear's mouth. A person said to the bear, ["You(animal) (imp) stand up]. And you(animal) (imp) eat a lot of meat."	Daniel
Genesis 4:6	God asked Cain, [" Why are you(Cain) angry?"]	Genesis
Nehemiah 9:10	You(Yahweh) punished the king/Pharaoh of Egypt, all of the officials of that king/Pharaoh, and the people [who lived in that king's/Pharaoh’s land]. You(Yahweh) did things [that showed [that you(Yahweh) are God]]. And you(Yahweh) did things [that only you(Yahweh) are able [to do]]. You(Yahweh) knew [that those people treated our(people's) people/ancestors very badly [because those people/ancestors were proud]]. [Because (implicit) you(Yahweh) did these things] many people knew your(Yahweh’s) name. And many people know your(Yahweh’s) name today.	Nehemiah
Matthew 21:34	[When the fruit/grapes were almost ready/ripe [so-that people should soon pick/harvest that fruit/grapes],] that man sent-C that man's servants-B to those people/farmers [in-order-to collect that man's fruit].	Matthew
Genesis 27:20	But Isaac asked the son of Isaac, ["How did you(Esau) find this animal very quickly?"] Jacob answered Isaac, ["The God of you(Isaac) named Yahweh helped me(Esau) [to find this animal]]."	Genesis
Matthew 23:9	And you(followers) (imp) do not call-C a person [who is on earth] religious _implicit father . For you(followers) have 1 Father. And that Father is in heaven.	Matthew
Genesis 35:23	Israel and Leah had 6 sons. Reuben was Israel's first son. then Israel had sons named Simeon, named Levi, named Judah, named Issachar, and named Zebulun.	Genesis
2 Samuel 20:8	Abishai and those soldiers came to a large rock [that was in Gibeon]. Then Amasa came [in order to meet those soldiers]. Joab was wearing the clothes [that soldiers wore].  And Joab was wearing a belt. A knife/dagger was hanging from that belt. [When Joab walked toward Amasa] Joab pulled that knife/dagger from Joab's belt.	2_Samuel
Matthew 28:13	And those old leaders and those chief priests told those soldiers, ["You(soldiers) must say, ["Jesus's followers/disciples came to the hole/tomb _implicit in-E the night]]. And Jesus's followers/disciples stole Jesus's body [while we(soldiers) were sleeping]. "	Matthew
Genesis 48:4	And God-Almighty said to me(Jacob), ["I(God-Almighty) will cause [you(Jacob) to be fruitful]] ["I(God-Almighty) will cause [you(Jacob) to have many children]]. And I(God-Almighty) will cause [the number of your(Jacob's) descendants to increase]. Your(Jacob's) descendants will become many nations. And I(God-Almighty) will give this land to your(Jacob's) descendants forever."	Genesis
Genesis 46:28	-Title Jacob arrives in Egypt. [Before Jacob arrived in Egypt] Jacob sent Judah to Egypt [in order to talk to Joseph]. Then Joseph told Judah about the road [that leads to Goshen].	Genesis
Jonah 4:1	Jonah (title) becomes angry [because Yahweh does not punish the people [who are in Nineveh]]. But Jonah became upset [because God did not punish those people]. Jonah became angry.	Jonah
Nehemiah 12:13	Meshullam was the leader of the family of Ezra. Jehohanan was the leader of the family of Amariah.	Nehemiah
Mark 14:23	Then Jesus _paragraph pick-up a cup [that (implicit-situational) contained wine]. And Jesus thanked God for the wine _implicit [that was in that cup]. Then Jesus gave that cup to those followers/disciples. And all of those followers/disciples drank wine _implicit from that cup.	Mark
1 Samuel 12:19	Then all of the Israelites said to Samuel, ["You(Samuel) (imp) pray to your(Samuel's) God named Yahweh for us(Israelites)]. We(Israelites) are your(Samuel’s) servants. You(Samuel) (imp) pray [that we(Israelites) will not die]. We(Israelites) now know [that we(Israelites) sinned [when we(Israelites) asked Yahweh for a king]]."	1_Samuel
Matthew 3:13	(title) Jesus is baptized by John . (paragraph) Then Jesus came from Galilee to the river-Jordan [so that Jesus would be baptized by John ].	Matthew
Mark 12:39	Those people/scribes like-B [to sit in the most important seats [that are in the Jewish churches]]. And [when those people/scribes are at special meals/feasts,] those people/scribes like-B [to sit in the seats [where the most important people sit]].	Mark
Genesis 29:31	-Title Jacob has children. [Because Yahweh knew [that Jacob loved Rachel [more-than Jacob loved Leah]]]Yahweh allowed [Leah to have children]. But Yahweh did not allow [Rachel to have children].	Genesis
Daniel 9:3	So I(Daniel) prayed to God. And I(Daniel) fasted. I(Daniel) wore clothes [that were made of sackcloth]. And I(Daniel) put ashes on my(Daniel's) body.	Daniel
Matthew 26:58	And Peter followed-A Jesus and those other people _implicit to the yard/courtyard of the chiefest priest of the house _metonymy. But Peter did not go near Jesus. Peter entered the yard/courtyard. And Peter sat with the servants/guards of the chiefest priest _implicit [in order to see the next events].	Matthew
1 Samuel 17:37	Yahweh saved me(David) from lions and bears. And Yahweh will also save me(David) from Goliath!" Then Saul said to David, ["You(David) (imp) go]. And I(Saul) hope [that Yahweh will be with you(David)]."	1_Samuel
Ruth 1:20	But Naomi said to the people, ["You(people) (imp) do not call me(Naomi) Naomi]. You(people) (imp) call me(Naomi) Mara [because Yahweh caused [me(Naomi) to be sad]]." Naomi means happy. But Mara means sad.	Ruth
Acts 15:31	The people [who believe in Jesus] read the letter. And those people were glad [because the letter said a message [that comforted those people]].	Acts
Matthew 5:5	People [who are humble] [and who are gentle with other people _implicit] are blessed by God _implicitActiveAgent. For those people will receive/inherit the earth.	Matthew
Genesis 27:29	Nations will serve you(Esau). and many people will bow to you(Esau). You(Esau) will be the master of the brothers of you(Esau).  and the sons of the mother of you(Esau) will bow to you(Esau). [If a person curses you(Esau)] God will curse that person. And [if a person blesses you(Esau)] God will bless that person.”	Genesis
Genesis 25:19	–Title Isaac has descendants. Isaac was the son of Abraham.	Genesis
Daniel 11:3	Then a strong king will come. That king will rule people with great power. And that king will do all the things [that the king wants [to do]].	Daniel
2 Samuel 2:32	David's soldiers got Asahel's corpse. Then those men buried Asahel's corpse in the tomb of Asahel's father.  That tomb was in Bethlehem. Then Joab and Joab's soldiers started marching. Those soldiers walked/marched during the night. [When the sun started rising] those soldiers arrived at Hebron.	2_Samuel
Genesis 38:23	Then Judah said, ["Then that prostitute may keep the things [that I(Judah) gave to the prostitute]]. I(Judah) do not want [people to laugh at me(Judah)]. I(Judah) sent the goat [that I(Judah) promised [to give to the prostitute]] to the prostitute. but you(Hirah) were not able [to find the prostitute]."	Genesis
Esther 9:32	The letter [that Esther wrote] became a law for the Jews. And the king's secretaries wrote about all of these events in the king's book.	Esther
Acts 16:18	That girl continued saying that message for many days. Then Paul became very upset. So Paul turned around. And Paul said to that spirit, ["[Because I(Paul) have the power of Jesus Christ,] I(Paul) command [you(spirit) to come out of that girl]."] Immediately that spirit left that girl.	Acts
Mark 9:7	(paragraph) Then a cloud appeared. And that cloud's shadow covered those followers/disciples, Jesus, Moses, and Elijah. A voice spoke from that cloud. That voice said, ["This person is my(God’s) Son, [ _descriptive whom I(God) love]]. You(men) (imp) listen to this person!"	Mark
Joshua 6:1	The Israelites (title) defeat the people [who live in Jericho]. The people [who were living in Jericho] were very afraid [because the Israelites were near the people’s city]. So the people closed the gates of the city. And the people guarded the walls of the city. The people did not allow [people to enter the city]. And the people did not allow [people to leave the city].	Joshua
Genesis 50:3	At that time The doctors [who lived in Egypt] prepared a body for 40 days.  So these doctors prepared Jacob's body.  The Egyptians mourned Jacob for 70 days.	Genesis
Nehemiah 12:5	Mijamin, Moadiah, Bilgah,	Nehemiah
Matthew 8:2	And a man [who had leprosy] came to Jesus. That man knelt/bow in-front-of Jesus. And that man said, ["Master/Lord-C, [if you(Jesus) are willing [(implicit-situational) to heal me(man)],] you(Jesus) are able [to cause [me(man) to become religiously/ritually _implicit clean/clean-B]]"]. (footnote) Jewish law said [people [who had leprosy] were not religiously/ritually _implicit clean/clean-B]. Those people were not able [to honor/worship God in the Jewish church]. And those people also were not able [to come close to other people].	Matthew
1 Samuel 6:17	The Philistines sent five gold sores/tumors to the Israelites. The gold sores/tumors were gifts/offerings for Yahweh [so that Yahweh would forgive the Philistines’ sins]. The Philistines had five big towns.  So the Philistines sent five gold sores/tumors. The names of those five towns were Ashdod, Gaza, Ashkelon, Gath, and Ekron.	1_Samuel
Genesis 39:19	Joseph's master heard the story [that Joseph's master's wife told to Joseph's master]. And Joseph's master heard Joseph's master's wife saying, ["Your(master's) slave treated me(wife) very badly"].  Then Joseph's master became very angry.	Genesis
Ruth 4:8	So the man/kinsman-redeemer said to Boaz, ["You(Boaz) yourself(Boaz) (imp) buy the land."]  And that man took off that man’s shoe/sandal.	Ruth
Mark 12:40	Those people/scribes take property from women [who had husbands [who died]] [(implicit-situational) by cheating those women/widows]. And those people/scribes pray long prayers publicly _implicit _inLDV [so that other people would see [those people/scribes praying]]. (implicit-situational) Then those other people might think [those people/scribes are good/righteous]. Therefore _implicit those people/scribes will be much punished by God _implicitActiveAgent [(implicit-situational) more-than other people will be punished by God _implicitActiveAgent]."	Mark
1 Samuel 14:28	But one of the soldiers told Jonathan, ["Your(Jonathan's) father told us(soldiers) [that we(soldiers) must not eat food today]].  Your(Jonathan’s) father said [that your(Jonathan’s) father will curse the soldiers [that eat food today]]! Therefore we(soldiers) are very weak."	1_Samuel
Joshua 24:9	A man named Balak was the king of Moab. Balak was the son of Zippor. Balak prepared [to fight the Israelites]. And Balak told [a man named Balaam to curse you(people)]. Balaam was the son of Beor.	Joshua
Genesis 24:35	Yahweh has blessed Abraham much. and Abraham has become very rich. Yahweh has given many sheep, many cattle, much silver, much gold, male servants, female servants, camels, and donkeys to Abraham.	Genesis
Nehemiah 11:15	The following men [who were in the tribe named Levi] moved to Jerusalem. Shemaiah [who was a son of Hasshub]. Hasshub was a son of Azrikam. Azrikam was a son of Hashabiah. And Hashabiah was a son of Bunni.	Nehemiah
Genesis 15:18	Thus on that day Yahweh made a covenant with Abram. and Yahweh said, ["I(Yahweh) will give the land [that is between the river [that is in Egypt] and the river named Euphrates] to your(Abram's) descendants].	Genesis
Mark 11:24	Therefore I(Jesus) am telling you(followers) [you(followers) (imp) believe [you(followers) already received all the things [that you(followers) ask-B God for [by you(followers) praying]]]]. And those things will be given-C by God _implicitActiveAgent to you(followers).	Mark
Matthew 25:25	(literalunits) So I(servant) was afraid [that (implicit-situational) you(master) would punish me(servant) [if I(servant) lost your(master's) talent]]. (modernunits) So I(servant) was afraid [that (implicit-situational) you(master) would punish me(servant) [if I(servant) lost your(master's) gold]]. So I(servant) went. (literalunits) And I(servant) hid your(master's) talent in the ground. (modernunits) And I(servant) hid your(master's) gold in the ground. You(master) (imp) look. (literalunits) Here is the talent [that belongs to you(master)]. (modernunits) Here is the bag of _quantity gold [that belongs to you(master)]."	Matthew
Acts 21:18	The next day, Paul went with us(disciples) [in order to see James]. All of the leaders were with us(disciples).	Acts
Genesis 49:33	[After Jacob finished speaking to Jacob's sons] Jacob lay down on Jacob's bed.  Then Jacob died.	Genesis
Matthew 13:12	A person [who received things from God _implicit] will receive more things from God _implicit. And that person will have very many things. A person [who did not receive things from God _implicit] will not keep the things [that that person has]. Those things will be taken by God _implicitActiveAgent from that person.	Matthew
1 Samuel 9:23	Then Samuel said to the man [who was preparing the meal], ["You(man) (imp) bring the special meat [that I(Samuel) gave to you(man)]]."	1_Samuel
Matthew 2:17	Thus the things [that were said by God _implicitActiveAgent through-B the prophet named Jeremiah ] happened/be-fulfilled.	Matthew
Matthew 3:9	And you(Pharisees) (imp) do not think [you(Pharisees) are able [to say to yourselves(Pharisees)]], ["Our(Pharisees's) father is Abraham]. Therefore (implicit-situational) God will not punish us(Pharisees) ." You(Pharisees) (imp) (implicit-situational) look at these stones _frameInferable. I(John) tell you(Pharisees) [God is able [to make/create children of Abraham from these stones]].	Matthew
2 Samuel 13:21	[After King David heard about the thing [that Amnon did]], David was extremely angry.	2_Samuel
Genesis 41:4	Then the 7 thin cows ate the 7 fat cows. Then the king woke up.	Genesis
Nehemiah 7:45	138 men [that guarded the temple gates] [and that were descendants of Shallum, Ater, Talmon, Akkub, Hatita and Shobai] returned.	Nehemiah
Mark 2:4	Those people (implicit-situational) wanted [Jesus to cause [that man to become healthy]]. But those people were not able [to bring that man through the door _implicit to Jesus] because of the crowd. So those people made a hole in the roof above Jesus. [After those people made that hole,] those people lowered the bed/mat [that that man [who was not able [to move that man's legs]] was lying on]. (footnote) In-those-days in Israel-C houses had flat roofs [that people made with poles, small sticks and hard soil]. So people could easily make a hole in the roof.	Mark
Mark 5:6	(paragraph) That man saw Jesus [when Jesus was far-away-from that man]. And that man ran to Jesus _implicit. And that man bowed in-front-of Jesus.	Mark
Nahum 3:13	You(people) (imp) look at your(people's) soldiers.  All of your(people's) soldiers are weak.  The gates of your(people's) city are open [so that your(people's) enemies could come in].  Fire burned your(people's) gates.	Nahum
Mark 4:17	But [(literal) because those people do not have good _implicit roots in those people _reflexive] [(dynamic) because those people do not much believe God's message _implicit ] those people will quickly stop believing that message _implicit. [When those people have trouble ] [or when those people are persecuted by other people _implicitActiveAgent [because those people _implicitNecessary believe _implicitNecessary in God's _implicit message]] those people immediately stop following-B God _implicit.	Mark
Mark 4:14	(literal) The person [who scatters seeds] plants the message of God _implicit. (dynamic) The person [who scatters seeds] is like a person [who tells people _implicit about God's message].	Mark
1 Samuel 10:2	[After you(Saul) leave me(Samuel) today] you(Saul) will meet two men near Rachel's tomb. Rachel's tomb is at the place named Zelzah [which is near the border of the land [that the tribe named Benjamin owns]]. Those two men will say to you(Saul), ["The donkeys [that you(Saul) were looking for] were found by a person]. But now your(Saul's) father stopped thinking about your(Saul's) father's donkeys. Now your(Saul's) father is worrying about you(Saul). Your(Saul's) father is asking your(Saul's) father's friends, ["Should I(father) start looking for my(father's) son?"]	1_Samuel
Ruth 2:4	Then Boaz arrived from Bethlehem. Boaz said to the people [that were gathering/harvesting the grain/barley], ["I(Boaz) pray [that Yahweh will be with you(people)]"]! And those people said to Boaz, ["We(people) pray [that Yahweh will do good things for you(Boaz)]"]!	Ruth
Matthew 25:26	_paragraph That servant's master-A said, ["You(servant) are an evil and lazy servant]. You(servant) knew [I(master) gather/harvest crops _implicit [where I(master) did not plant seeds _implicit]]. You(servant) knew [I(master) gather crops _implicit [where I(master) did not scatter seeds _implicit]].	Matthew
2 Samuel 17:26	The Israelites and Absalom camped in Gilead.	2_Samuel
1 Samuel 24:14	Why are you(Saul) chasing me(David)? You(Saul) are the king of Israel.  But I(David) am not important. I(David) am like a dead dog. I(David) am like a small insect/flea [that lives on a dog]. You(Saul) (implicit-info) should do important things.	1_Samuel
Matthew 1:1	(title) Matthew writes a list/genealogy of Jesus's fathers/ancestors.This list/genealogy is a list of the fathers/ancestors of Jesus Christ. Jesus was a son/descendant of David [who (implicit-background) was the king of Israel] and a son/descendant of Abraham [who (implicit-background) is the father/ancestor of all the Jews]. (footnote) The Greek word Christ is like the Hebrew word Messiah. Those words _dual mean the person [that God chose/anointed [to become the leader [who would save God's people]]].	Matthew
Acts 21:7	Then the ship left Tyre. And the ship traveled to the city named Ptolemais. At that place, we(disciples) greeted the people [who believe in Jesus]. And we(disciples) stayed with the people [who believe in Jesus] for one night.	Acts
Daniel 9:20	[While I(Daniel) was praying] I(Daniel) confessed [that I(Daniel) and all the people [who are from Israel] had done things [that the Lord hates]]. I(Daniel) prayed to the Lord [who is my(Daniel's) God] about the Lord's holy place.	Daniel
Joshua 9:8	Then the Hivites said to Joshua, ["We(men) are your(Israelites') servants]." But Joshua asked those men, ["Who are you(men)?]  And where did you(men) come from?"	Joshua
Nahum 1:1	A man named Nahum was from a town named Elkosh. Elkosh was in a country named Judah. One day God showed a vision to Nahum. God told Nahum [that God will punish the people [who live in a city named Nineveh]]. Nineveh was in a country named Assyria.	Nahum
Genesis 14:15	That night Abram divided the men into groups. Then Abram and the men of Abram attacked the 4 kings. The men of Abram surprise the these 4 kings.  So these 4 kings and the armies of these 4 kings ran from Abram and the men of Abram.  The men of Abram chased the 4 kings to a city named Hobah [which is north of Damascus]. Hobah is in the region [that is north of Damascus].	Genesis
1 Samuel 27:10	Achish often asked David, ["Who did you(David) attack/raid today]?" David always answered king Achish, ["I(David) attacked/raided the people [who are living in the southern region of Judah]]." Or David answered, ["I(David) attacked/raided the people [who are living in the Desert of Jerahmeel]]."  Or David answered, ["I(David) attacked/raided the people [who are living in the Desert of the Kenites]]."	1_Samuel
Esther 1:14	The names of the wise men [that the king trusted] were Carshena, Shethar, Admatha, Tarshish, Meres, Marsena, and Memucan. These 7 wise men were the most important officials in Xerxes' kingdom. The king spoke to these 7 men often.	Esther
1 Samuel 25:26	Yahweh certainly lives.  And Yahweh is your(David’s) God.  Yahweh prevented [you(David) from killing Nabal's people]. I(Abigail) hope [that your(David's) enemies will become like Nabal].  And I(Abigail) hope [that all of the people [who want to hurt you(David)] will become like Nabal].	1_Samuel
Joshua 6:7	Then Joshua commanded the people, ["(imp) You(people) start walking around the city]. The soldiers [who have weapons] must walk in-front-of the ark-of-the-covenant."	Joshua
2 Samuel 15:27	The king also said to the priest named Zadok, ["You(Zadok) are a man [that God speaks through]]. (imp) You(Zadok) return to the city. And (imp) you(Zadok) take your(Zadok's) son named Ahimaaz. And (imp) you(Zadok) also take Abiathar’s son named Jonathan.  You(Zadok) and Abiathar take your(Zadok’s) two sons to Jerusalem.	2_Samuel
Joshua 18:14	Then the border went from Beth-Horon to Kiriath-Baal.  (Certain people called Kiriath-Baal Kiriath-Jearim.) The people [that were in the tribe named Judah] owned that town.	Joshua
2 Samuel 2:29	Then Abner and Abner's soldiers walked/marched through the Arabah Valley. Those men walked/marched during the night. And those men went across the Jordan River. Then those men continued walking/marching during the morning. Then those men arrived at Mahanaim.	2_Samuel
1 Samuel 17:21	The Israelites gathered on one hill. And the Philistines gathered on another hill. The 2 armies prepared [to fight each other].	1_Samuel
1 Samuel 20:14	But you(David) (imp) always be kind to me(Jonathan) [just-like Yahweh is kind to people]. Then I(Jonathan) will not be killed by people.	1_Samuel
2 Samuel 17:19	Then that man’s wife put a blanket over the well. Then that woman scattered grain on that blanket. People did not know [that Jonathan and Ahimaaz were hiding in that well].	2_Samuel
Daniel 4:32	People will chase you(Nebuchadnezzar) away from this city. You(Nebuchadnezzar) will live with the animals. And you(Nebuchadnezzar) will eat grass [like animals eat grass]. You(Nebuchadnezzar) will live with animals for 7 years. Then you(Nebuchadnezzar) will know [that I(God) rule the kingdoms of men]. I(God) am able [to give kingdoms to any person [that I(God) choose]]."	Daniel
Genesis 41:29	Your(king's) people will harvest many crops for 7 years.  All the people [who live in Egypt] will have enough food.	Genesis
Genesis 18:21	So I(Yahweh) am going to Sodom and Gomorrah [in order to see the things [that those people are doing]].  [If those people are doing evil things,] then the people [who cried out to me(Yahweh)] are right.  [If those people are not doing evil things,] I(Yahweh) will know [that those people are not evil]."	Genesis
Genesis 14:5	[While Kedorlaomer and the 3 other kings [who fought with Kedorlaomer] were going [in-order-to fight these five kings]] Kedorlaomer and the 3 other kings defeated the Rephaite [who lived in Ashteroth-Karnaim], the Zuzite [who lived in Ham], and the Emite [who lived in Shaveh-Kiriathaim].	Genesis
Genesis 32:8	Jacob thought, ["[If Esau attacks one group] the other group will be able [to run from Esau]."]	Genesis
Genesis 21:14	The next morning Abraham gave food and a bag [that contained water] to Hagar. and Abraham told Hagar [to leave]. So Hagar took the food and water.  and Hagar and the son of Hagar started to wander in the desert in Beersheba.	Genesis
Genesis 26:2	[While Isaac was traveling to Gerar] Yahweh appeared to Isaac. and Yahweh said to Isaac, ["You(Isaac) (imp) do not go to Egypt]. You(Isaac) (imp) live in this place.	Genesis
Genesis 37:17	The man answered Joseph, ["Your(Joseph's) brothers left this place already]. I(man) heard [that your(Joseph's) brothers are going to Dothan]." So Joseph went to Dothan [in-order-to look for Joseph's brothers].	Genesis
1 Samuel 22:6	(title) Saul kills Ahimelek and the priests [who were at Nob]. Saul heard [that some people saw David and David’s men]. At that time Saul was sitting under a tree [that was on a hill]. The hill was in Gibeah. All of Saul’s officers were standing near Saul. And Saul was holding a spear.	1_Samuel
2 Samuel 7:13	That son will build a house for me(Yahweh). And I(Yahweh) will cause [that son’s kingdom to  exist forever].	2_Samuel
1 Samuel 13:14	But now Yahweh will take away your(Saul's) kingdom from you(Saul). Yahweh looked for another man [who will obey Yahweh].  And Yahweh looked for a man [who will love Yahweh].  Yahweh chose/appointed that man [to rule Yahweh's people]. Yahweh chose that man [because you(Saul) did not obey Yahweh's command]."	1_Samuel
2 Samuel 21:22	Those 4 men were Rapha’s descendants.  Rapha  was from Gath. David and David’s soldiers killed those 4 men.	2_Samuel
Matthew 4:6	Then the devil said to Jesus, ["[If you(Jesus) are God's Son,] you(Jesus) (imp) jump-down from this place _implicit]. For the Scriptures say, (paragraph) ["God will command God's angels for you(Jesus)] . And those servants/angels will lift you(Jesus) in those servants'/angels' hands [(implicit-situational) in order to protect you(Jesus) ][so that you(Jesus) will even _implicit not hit a stone with your(Jesus's) foot]."" (footnote) You(people) (imp) see Psalms 91:11 and Psalms 91:12.	Matthew
Mark 13:24	(paragraph) But in those days, [after people much suffered ] the sun will become dark-A. And the moon will stop shining-A.	Mark
Matthew 7:4	(rhetorical) Why do you(person) say to your(person's) friend/brother-D or sister-D _implicit, ["You(friend) (imp) let [me(person) take-out the piece of dust of _madeOf wood from your(friend's) eye"]], [while a big piece of wood is in your(person's) eye]? (statement) You(person) should not say to your(person's) friend/brother-D or sister-D _implicit, ["You(friend) (imp) let [me(person) take-out the piece of dust of _madeOf wood from your(friend's) eye"]], [while a big piece of wood is in your(person's) eye].	Matthew
1 Samuel 4:8	The Israelites will certainly defeat us(Philistines) now! Who will protect us(Philistines) from these powerful gods? Those gods defeated the Egyptians in the desert.	1_Samuel
Ruth 4:1	(title) Boaz marries Ruth. Boaz went to the town gate. And Boaz sat down near that gate. Then the man/kinsman-redeemer [that Boaz talked about] walked near the gate. So Boaz said to that man, ["My(Boaz’s) friend, you(man) (imp) come to this place]. And you(man) (imp) sit down." So that man came to Boaz. And that man sat down.	Ruth
1 Samuel 7:8	So the Israelites said to Samuel, ["You(Samuel) (imp) do not stop praying to our(Israelites’) God named Yahweh for us(Israelites)]! You(Samuel) (imp) ask Yahweh [to save us(Israelites) from the Philistines]!"	1_Samuel
Acts 18:2	At that place, Paul met a Jew named Aquila [who was from the city named Pontus]. The emperor of the country named Italy was a man named Claudius. Claudius had already commanded [that all the Jews must leave Rome, which was a city in Italy]. So Aquila had recently come to Corinth from Italy with his(Aquila's) wife named Priscilla. Then Paul went to the place [where Aquila and Priscilla stayed] [in order to see Aquila and Priscilla].	Acts
2 Samuel 12:18	On the seventh day the baby died. David's servants were afraid [to tell David [that the baby was dead]]. Those servants thought, ["[While the baby was alive] David did not listen to us(servants)]. [If we(servants) tell David [that the baby is dead]], then David might become very upset."	2_Samuel
Acts 21:11	Agabus came to us(disciples). And Agabus took Paul's belt. And Agabus tied Agabus' own hands and feet with Paul's belt. And Agabus said, ["The Holy Spirit says, ['The Jews [who live in Jerusalem] will tie the man [who owns this belt] [like I(Agabus) tied myself(Agaubs) with this belt]. And the Jews will allow the people [who are not Jews] [to capture the person [who owns this belt]']"].	Acts
Genesis 9:13	I(God) put my(God's) rainbow in the clouds. This rainbow will be a sign of the covenant [that I(God) made with the earth].	Genesis
Matthew 6:7	(literal) And [whenever you(people) pray,] you(people) (imp) do not pray [just-like the Gentiles pray]. (dynamic) And [whenever you(people) pray,] you(people) (imp) do not pray [just-like the people [who do not know God] pray]. Those people much repeat words [while those people are praying]. For those people think [those people will be heard by God _implicitActiveAgent because of those people's many words].	Matthew
Genesis 2:17	But you(man) must not eat the fruit [that causes [you(man) to know about good things and about evil things]].  [If you(man) eat that fruit] you(man) will certainly die."	Genesis
Joshua 21:1	(title) The leaders of the Israelites give towns to the families [that are in the tribe named Levi]. The leaders of the tribe named Levi went to Eleazar, Joshua, and the leaders of the other tribes of Israel. Eleazar was the priest. And Joshua was the son of Nun.	Joshua
Mark 16:4	(paragraph) But [(implicit-situational) after those women arrived at that hole/tomb,] those women looked at that hole/tomb . And those women saw [that stone was already _implicit moved-B by a person _implicitActiveAgent from that entrance _implicit]. That stone was very big.	Mark
Joshua 5:13	[When Joshua was near Jericho] Joshua saw a man [that was standing in-front-of Joshua]. That man was holding a sword with the man’s hand. Joshua went to that man. And Joshua asked that man, [“Are you(man) a friend?] Or are you(man) an enemy?”	Joshua
Genesis 48:10	At that time Jacob was not able [to see well] [because Jacob was very old]. So Joseph brought the 2 boys to Jacob. Then Jacob kissed the 2 boys. and Jacob hugged the 2 boys.	Genesis
Genesis 37:26	Then Judah said to Judah's brothers, ["[If we(Judah) kill our(Judah's) brother] [and if we(Judah) hide our(Judah's) brother's blood] will we(Judah) receive money?"].	Genesis
Mark 1:9	John (title) dips/baptizes Jesus into water. (paragraph) In-those-days Jesus came from Nazareth named town _implicit [ _descriptive which is in Galilee named region _implicit,] to John _implicit. And Jesus was dipped/baptized by John in the river-Jordan.	Mark
Esther 9:28	All the generations of Jews must celebrate these two days. All the Jews [that live in cities] and all the Jews [that live in villages] must celebrate these two days. The Jews must always celebrate on these two days [that people call Purim].	Esther
1 Samuel 25:2	A certain man [who lived in Maon] was very rich. That man owned land [that was near the city named Carmel].  That man had 1000 goats and 3000 sheep. One day that man was cutting the sheep’s hair/wool at Carmel.	1_Samuel
Matthew 23:6	[Whenever those people are at special meals/feasts,] those people like-B [to sit in the seats [that the most important people _frameInferable sit in]]. And those people like-B [to sit in the most important seats [that are in the religious buildings [that Jews meet in] ]].	Matthew
Genesis 8:19	Then all the animals, all the animals [that crawl on the ground], and all the birds left the boat. All the animals left the boat with the families of the animals.	Genesis
Acts 15:32	And Judas and Silas [who were also people [who tell God's messages to people]] said many things [that comforted the people [who believe in Jesus]].  And Judas and Silas said many things that [caused [the people [who believe in Jesus] to have more faith].	Acts
Genesis 2:2	[After God finished creating all things on the sixth day] God rested on the seventh day.  God did not work on the seventh day.	Genesis
1 Samuel 10:26	Saul also returned to Saul's house [that was in Gibeah]. And God caused [certain brave men to go to Gibeah with Saul].	1_Samuel
Acts 21:26	On the next day, Paul went with those four men to the temple. And Paul did the things [that Moses' law says] [so that Paul would become acceptable to God]. And Paul told the priest [which day the priest should kill animals for Paul and the four men [who were with Paul]].	Acts
Genesis 4:14	You(God) forced [me(Cain) to stop working in the fields].  Now I(Cain) must hide from you(God).  I(Cain) will wander on the earth.  But any person [who finds me(Cain)] will kill me(Cain)."	Genesis
Nehemiah 3:17	People [who were in the tribe named Levi] repaired the next part of the wall. A man named Rehum [who was a son of Bani] led those people. A man named Hashabiah ruled the people [who were in half of the region named Keilah]. Hashabiah repaired the next part of the wall for the people [who lived in that region].	Nehemiah
2 Samuel 14:9	But that woman said to David, ["You(David) are my(woman’s) king and my(woman’s) master]. Please you(David) (imp) forgive me(woman) and my(woman’s) family. You(David) did not do a bad thing."	2_Samuel
Ruth 4:9	Then Boaz said/announced to the ten old men [that were leaders of that town] and the other people [that were at that place], ["Today you(people) saw/witnessed [me(Boaz) buying from Naomi all of the land [that Elimelech, Kilion, and Mahlon owned]]].	Ruth
1 Samuel 7:9	Then Samuel chose a young lamb. And Samuel gave/sacrificed that lamb to Yahweh. And Samuel cried out to Yahweh for the Israelites. And Yahweh heard Samuel.	1_Samuel
Genesis 4:3	Later Cain brought an offering to God.  Cain's offering was some plants [that Cain harvested].	Genesis
Matthew 8:8	(paragraph) (literal) The officer said, ["Master/Lord-C, I(officer) do not deserve [ for you(Jesus) to come under my(officer's) roof]]. (dynamic) The officer said, ["Master/Lord-C, I(officer) do not deserve [ for you(Jesus) to come into my(officer's) house]]. (implicit-situational) So you(Jesus) (imp) do not come to my(officer's) house. (literal) Instead, you(Jesus) (imp) only _adv say the word _frameInferable. (dynamic) Instead, you(Jesus) (imp) only say, ["You(servant) (imp) become healthy!"]. Then-D my(officer's) servant will become healthy.	Matthew
Joshua 15:24	And the tribe named Judah owned the towns named Ziph, Telem, and Bealoth.	Joshua
Joshua 21:12	But previously the Israelites gave the villages [that were near Kiriath-Arba] and the fields to Caleb [who was the son of Jephunneh].	Joshua
1 Samuel 3:10	Then Yahweh came to Samuel. And Yahweh stood at that place. Then Yahweh called Samuel again.  Yahweh said, ["Samuel, Samuel!"] Then Samuel said, ["Yahweh, you(Yahweh) (imp) speak to me(Samuel)]. I(Samuel) am your(Yahweh's) servant. And I(Samuel) am listening."	1_Samuel
Genesis 35:24	Israel and Rachel had two sons named Joseph and named Benjamin.	Genesis
Matthew 19:5	(yesrhetorical) And did you(Pharisees) read in the Scriptures _implicit [God said the following words]? (statement) And you(Pharisees) read _past in the Scriptures _implicit [God said the following words]. God said, ["Therefore , a man will leave that man's father and that man's mother]. And that man will be joined-B by God _implicitActiveAgent to that man's wife. So those 2 people _frameInferable will become 1 body." (footnote) You(people) (imp) see Genesis 2:24.	Matthew
Acts 20:17	So [when we arrived in the city named Miletus,] Paul sent people [to ask the church leaders [who were in Ephesus] to come to Paul]. Then all those church leaders came to Paul.	Acts
2 Samuel 11:7	[When Uriah came to David] David asked Uriah about Joab, the other soldiers, and the war.	2_Samuel
Nehemiah 1:11	Yahweh, you(Yahweh) (imp) listen carefully to my(Nehemiah's) prayer. I(Nehemiah) am your(Yahweh's) servant. And the people of Israel are your(Yahweh's) servants. And we(people) are happy [when we(people) honor your(Yahweh's) name]. You(Yahweh) (imp) cause [me(Nehemiah) to succeed today] [by causing [Artaxerxes to treat me(Nehemiah) kindly]]." I(Nehemiah) was the person [that brought wine to the king].	Nehemiah
Matthew 6:5	(title) Jesus teach-how people [people to pray]. (paragraph) Similarly, _implicit [whenever you(people) pray,] you(people) (imp) do not act [just-like the hypocrites act]. [While those people/hypocrite pray] those people/hypocrite like [to stand in the synagogues and at the streets' corners [so that those people/hypocrite would be seen by people]] . I(Jesus) tell you(people) the truth. Those people/hypocrite already have those people's/hypocrite whole _implicit reward.	Matthew
2 Samuel 19:39	Then the king and all of the people went across the Jordan River.  Then the king kissed Barzillai. And the king blessed Barzillai. Then Barzillai returned to Barzillai's house.	2_Samuel
Matthew 21:25	John had _implicitNecessary authority _implicitNecessary [in order to dip/baptize people into water]. Did John's authority come from heaven? Or did John's authority come from people? _paragraph Those chief priests and those old leaders talked about this question to each-other(priests). Those chief priests and those old leaders said, ["We(priests) might say, ["John's authority _implicitNecessary came _implicitNecessary from heaven"].] But Jesus will ask-D us(priests), ["Then-D why did you(priests) not believe John of the message _metonymy ?"]	Matthew
Matthew 15:19	For evil thoughts come from a person's heart-A. Because of those evil thoughts _implicit that person might kill a person _implicitDifferentNounIndex. Or that person might sex a person _implicitDifferentNounIndex [who is not the wife or husband of that person]. Or that person might sex a person _implicitDifferentNounIndex badly-B. Or that person might steal things _implicit. Or that person might say things [that are not true about another person _differentNounIndex]. Or that person might say evil things [that are about another person _differentNounIndex].	Matthew
Genesis 49:25	Your(Joseph's) father's God helps you(Joseph). God-Almighty blesses you(Joseph). God sends water to you(Joseph) [by causing [the weather to be rain]]. God sends water [that flows in springs] to you(Joseph).  God causes [your(Joseph's) wives to birth many children].  And God causes [your(Joseph's) livestock to birth many babies].	Genesis
Joshua 24:16	Then the people answered Joshua, ["We(Israelites) will never serve other gods!] We(people) will continue serving Yahweh!	Joshua
Mark 16:17	And people [who believe in me(Jesus) _implicit] will be able [to do actions [by using God's power]]. [By using my(Jesus's) name of the authority _implicitType] those people will force [evil spirits/demons to leave people _implicit]. And those people will speak-B new languages.	Mark
Matthew 2:9	(paragraph) [After the wise men heard the things [that king Herod said],] the wise men continued traveling. And you(people) (imp) listen/behold! (primary) The star [which those wise men saw in the eastern land/region] went in front of the wise men [until that star stopped moving over the place [that the child was at in Bethlehem _implicit]]. (meaning-1) The star [which those wise men saw [when that star rose]] went in front of the wise men [until that star stopped moving over the place [ that the child was at in Bethlehem _implicit]].	Matthew
2 Samuel 2:16	Then (implicit-info) those men started fighting each-other(men). Each man grabbed an enemy's head. And each man stabbed an enemy with that man's knife. So all of the men died. After that day people called that place [that was in Gibeon] Helkath-hazzurim.  Helkath-hazzurim (footnote) means The Field of Knives.	2_Samuel
Mark 14:55	(paragraph) Inside the chief priest's house _implicit, the chief priests and all the leaders [who were in-D the Sanhedrin] were trying [to prove [Jesus broke-C the law]]. Those leaders wanted [Jesus to be killed by the Roman rulers _implicitActiveAgent]. But those leaders were not able [to prove [Jesus broke-C the law]].	Mark
Genesis 37:31	Then The brothers killed a goat. And the brothers put the goat's blood on Joseph's beautiful robe.	Genesis
Daniel 8:22	[After the big horn broke] four new horns grew. Therefore four kingdoms will receive power from Greece. But those kingdoms will be less powerful than Greece.	Daniel
Genesis 19:22	But you(Lot) must run to that town quickly [because I(angel) will not be able [to destroy Sodom] [until you(Lot) arrive in that town]]." That town is named Zoar [because the town is small].  -Footnote Zoar means small.	Genesis
Daniel 7:8	[While I(Daniel) was looking at the ten horns] I(Daniel) saw [a small horn beginning to grow]. This small horn grew among the other horns. And the small horn pulled out three of the other horns. This small horn had eyes [that were like the eyes of a man]. And this horn had a mouth [that said proud things].	Daniel
Genesis 7:22	All the animals [that breathed air] died.	Genesis
Matthew 28:8	_paragraph Then those women quickly left that hole/tomb. Those women were afraid of that servant/angel _implicit. But those women were very happy/joyful. And those women ran [in order to tell Jesus's followers/disciples Jesus's message _implicit].	Matthew
Jonah 1:7	Then the men [who were working on the ship] said to each-other(men), ["A person [who is on this ship] is causing this problem]. Let us(men) use lots.  The lots will choose the person [who  is causing this trouble]." So the men used lots. And the lots chose Jonah.	Jonah
Acts 15:3	The group of people [who believe in Jesus] helped Paul and Barnabas and the other people [whom the group of people [who believe in Jesus] sent with Paul and Barnabas] [to prepare for Paul and Barnabas' and the other people's trip to Jerusalem]. [While Paul and Barnabas and the other people [whom the group of people [who believe in Jesus] sent with Paul and Barnabas] traveled to Jerusalem] Paul and Barnabas and the other people [who believe in Jesus] sent with Paul and Barnabas] went through the countries named Phoenicia and Samaria. Paul and Barnabas and the other people [whom the group of people [who believe in Jesus] sent with Paul and Barnabas] told the people [who live in Phoenicia and Samaria] [that people [who are not Jews] had believed in the God [who is true].] This news caused [all the people [who believe in Jesus] to be very glad/happy].	Acts
1 Samuel 29:4	But the Philistines’ officers became angry at Achish.  Those officers said to Achish, ["You(Achish) (imp) tell [David to return to the city [that you(Achish) gave to David]]].  David must not fight the Israelites with us(Philistines). [If David fights with us(Philistines)], David might attack us(Philistines). David might want [to please David's king]. So David might try [to kill our(Philistines’) soldiers].	1_Samuel
Matthew 1:2	_paragraph Abraham became the father of Isaac. Isaac became the father of Jacob. And Jacob became the father of Judah and of Judah’s brothers.	Matthew
2 Samuel 21:14	Those people buried Saul’s bones and Jonathan’s bones in the tomb of Saul’s father named Kish. That tomb was in Zela.Zela was in the land [that the tribe named Benjamin owned].  Those people did all of the things [that David commanded [those people to do]].Then God answered the Israelites’ prayers.	2_Samuel
Mark 6:35	(paragraph) [When the time was almost evening,] Jesus's disciples came to Jesus. And those followers/disciples said to Jesus, ["People do not live in this place]. And the time is almost evening.	Mark
Matthew 16:26	(complex) (rhetorical) What does a person gain [by owning the whole earth] [if a person loses that person's soul]? (complex) (statement) A person does not gain a thing [by owning the whole earth] [if a person loses that person's soul]. (simple) (rhetorical) What does a person gain [by owning the whole earth] [if a person will not live forever _implicit with God _implicit]? (simple) (statement) A person does not gain a thing [by owning the whole earth] [if a person will not live forever _implicit with God _implicit]. (complex) (rhetorical) And what is a person able [to give [in order to buy that person's soul]]? (complex) (statement) And a person is not able [to give a thing [in order to buy that person's soul]]. (simple) (rhetorical) And what is a person able to give [in order to live forever _implicit with God _implicit]? (simple) (statement) And a person is not able to give a thing [in order to live forever _implicit with God _implicit].	Matthew
Joshua 14:9	So on that day Moses promised me(Caleb), ["I(Moses) will give the land [that you(Caleb) walk on] to you(Caleb)]. Your(Caleb's) children will own that land forever. I(Moses) will give that land to you(Caleb) [because you(Caleb) obeyed my(Moses') God named Yahweh completely]."	Joshua
Titus 2:6	And you(Titus) (imp) tell the young men [that those young men must always control themselves(men)].	Titus
2 Samuel 7:27	Yahweh-Almighty, you(Yahweh) are Israel's God. You(Yahweh) showed these things to me(David). And I(David) am your(Yahweh's)  servant. You(Yahweh) said to me(David), ["I(Yahweh) will cause [your(David's) family to become great."]]So I(David) will be brave. And I(David) will ask you(Yahweh) [to do these things].	2_Samuel
Matthew 16:25	(literal) For a person [who wants [to save-A that person's life]] will lose that person's life. (dynamic) For a person [who wants [to continue living on this earth _implicit [just-like (implicit-situational) that person is living now]]] will not live forever _implicit with God _implicit. (literal) But a person [who loses that person's life for me(Jesus)] will find that person's life. (dynamic) But [if a person is willing [to die for me(Jesus)],] that person will live forever _implicit with God _implicit.	Matthew
Joshua 23:16	[if you(Israelites) break Yahweh's promise/covenant] Yahweh will certainly destroy you(Israelites). [if you(Israelites) serve other gods] the other nations will take this land from you(Israelites). [If you(Israelites) worship those gods] Yahweh will become very angry with you(Israelites). Then Yahweh will destroy you(Israelites). And no Israelites will live in this good land [that Yahweh gave to you(Israelites)]."	Joshua
Genesis 12:11	[Before Abram entered Egypt] Abram said to Abram's wife named Sarai, ["You(Sarai) are a very beautiful woman].	Genesis
Genesis 10:22	Shem had sons named Elam, named Asshur, named Arphaxad, named Lud, and named Aram.	Genesis
2 Samuel 12:23	But now the baby is dead. Why should I(David) continue not eating [so that I(David) could pray]? I(David) am not able [to cause [the baby to live again]]. Later I(David) will go to that baby. But that baby will not return to me(David)."	2_Samuel
Genesis 7:7	Noah, the wife of Noah, the sons of Noah, and the wives of Noah's sons entered the boat.  Those people entered the boat [in-order-to escape from the flood].	Genesis
Matthew 4:11	(paragraph) Then the devil left Jesus. And angels immediately came. And angels began to serve Jesus.	Matthew
Philemon 1:16	Then Onesimus will not be only your(Philemon's) slave. Instead Onesimus will be your(Philemon's) friend [who also believes in Christ Jesus]. I(Paul) love Onesimus much. But you(Philemon)  should love Onesimus [more than I(Paul) love Onesimus]. You(Philemon) will love Onesimus [because Onesimus is your(Philemon's) faithful slave]. But you(Philemon) will also love Onesimus [because  Onesimus is united to the Lord by God].	Philemon
1 Samuel 20:27	But the next day was the second day of the month. And David did not eat with Saul. So Saul said to Jonathan, ["Why did the son of Jesse not come to the feast for these two days?]"	1_Samuel
Matthew 2:10	[When the wise men saw the star,] those wise men became extremely happy/joyful.	Matthew
1 Samuel 23:7	Saul (title) chases David. A person told Saul [that David went to Keilah]. Then Saul said, ["God will allow [me(Saul) to kill David]].  God caused [David to enter a city [that has gates and walls]]. So David will not be able [to leave that city]!"	1_Samuel
Genesis 25:1	–Title Abraham dies.  [After Sarah died] Abraham married a woman named Keturah.	Genesis
Joshua 3:11	The priests will carry the ark-of-the-covenant to the Jordan River in front of you(people).	Joshua
Daniel 9:5	We(people) have done things [that you(Lord) hate]. We(people) have done evil things. We(people) have not done all the things [that your(Lord's) commands say]. And we(people) have not done all the things [that your(Lord's) laws say].	Daniel
Mark 16:20	Then those followers/disciples went to every _hyperbolic place. And those followers/disciples told/preach the Good-News _implicit to people _implicit. The Lord-B helped those followers/disciples [so that those followers/disciples could do actions through God's power [in-order-to show-B people _implicit [the message was true]]].	Mark
Acts 1:10	The apostles were staring at the sky [that Jesus went to].  Suddenly two men [who were wearing white clothes] were standing beside the apostles.	Acts
Matthew 27:40	And those people said to Jesus _implicit, ["You(Jesus) [who said _implicitNecessary [that you(Jesus) will destroy the big building [that Jews honor/worship God in]] [and that you(Jesus) will build the building/temple again in 3 days]], you(Jesus) (imp) save-A yourself(Jesus)!] You(Jesus) (imp) come-down from that cross [if you(Jesus) truly _implicit are the Son-of-God ]!"	Matthew
Matthew 27:42	Those people said to each-other(people) _implicit, ["This man saved-A other people from those people's deaths _implicit]. But this man is not able [to save-A this man]! [If _implicitNecessary this man is the king of Israel _RegionOfAuthority,] let _jussive this man come-down from that cross now. Then-D we(people) will believe-B in this man.	Matthew
Philemon 1:7	Friend, you(Philemon) love God and other people. And You(Philemon) cause [God's special people to be truly happy]. These things cause [me(Paul) to be very happy]. And these things help me(Paul) [to trust God].	Philemon
Daniel 8:21	The goat is like the king of Greece. The big horn [that is between the goat's eyes] is like the first king.	Daniel
Genesis 37:21	[When Reuben heard [Reuben's brothers saying those things]] Reuben tried [to save Joseph from Reuben's brothers].  So Reuben said to Reuben's brothers, ["We(Reuben) must not kill Joseph].	Genesis
Matthew 5:44	But I(Jesus) tell you(people) [to love your(people's) enemies] [and to pray for the people [who persecute you(people)]].	Matthew
Daniel 11:4	[After that king comes] that king's kingdom will be divided by other people into four regions. One region will be in the north region. One region will be in the south region. One region will be in the east region. And one region will be in the west region. That king's children and that king's grandchildren will not rule that king's kingdom. On the contrary other people will rule that king's kingdom. But those people will be less powerful than that king.	Daniel
Genesis 46:25	Bilhah birthed sons named Dan and named Naphtali for Jacob.  Bilhah was the female slave [that Laban gave to Laban's daughter named Rachel]. Thus 7 people [who were descendants of Jacob and Bilhah] went to Egypt.	Genesis
Daniel 5:25	I(Daniel) will read the words [that the hand wrote on the wall]. Mene. Mene. Tekel. Peres.	Daniel
Matthew 1:14	Azor became the father of Zadok. Zadok became the father of Achim. And Achim became the father of Eliud.	Matthew
Genesis 29:23	But that night Laban brought Laban's daughter named Leah to Jacob. But Jacob thought [that Laban brought Rachel to Jacob]. So Jacob sexed Leah that night.	Genesis
1 Samuel 18:11	Saul thought, ["I(Saul) will kill David with this spear]." So Saul threw the spear at David.  But David escaped from Saul -iteration 2 times.	1_Samuel
2 Samuel 12:28	(imp) You(David) bring the  other soldiers to this place. Then (imp) you(David) attack this city. (imp) You(David) defeat these people [before I(Joab) defeat these people]. [If I(Joab) defeat these people] then people will call this city Joab's city."	2_Samuel
Nehemiah 10:7	Meshullam, Abijah, Mijamin,	Nehemiah
Acts 3:21	Jesus must stay in heaven [until the time comes]. [When the time comes] God will make[ all things to be new] again. A long time ago, God spoke about this time through the holy people [who tell God's messages].	Acts
2 Samuel 19:33	David said to Barzillai, ["(imp) You(Barzillai) go across the river with me(David)]. And (imp) you(Barzillai) stay with me(David) in Jerusalem. I(David) will take care of you(Barzillai)."	2_Samuel
Genesis 18:14	I(Yahweh) am able [to do all things].  I(Yahweh) will return to you(Abraham) after 1 year. and Sarah will certainly have a son."	Genesis
Genesis 38:17	Judah answered Tamar, ["I(Judah) will give a young goat to you(Tamar)]."  Then Tamar said, ["You(Judah) must give some thing to me(Tamar) now [until you(Judah) send the goat to me(Tamar)]]."	Genesis
2 Samuel 20:25	A man named Sheva was the king's secretary. And Zadok and Abiathar were the priests.	2_Samuel
Matthew 4:19	Jesus said to the brothers , ["You(brothers) (imp) come ]. You(brothers) (imp) follow-B _routinely me(Jesus) . And I(Jesus) will send you(brothers) [so that you(brothers) would gather people _generic [(implicit-situational) who will follow-B _routinely me(Jesus) ] [instead of catching fish]]."	Matthew
Joshua 19:29	Then the border went to Ramah and Tyre. Tyre had tall walls [that were around the city]. And the soldiers [who lived in Tyre] protected that city. Then the border went to Hosah.  Then the border went to the sea-Mediterranean and the region-Akzib.	Joshua
Acts 16:17	This girl followed Paul and the rest of us(disciples). This girl shouted, ["These men are servants of God [who is the most powerful]. These men are telling/teaching you(people) about God [who is able to save you(people)."]	Acts
Genesis 36:39	[After Baal-Hanan [who was the son of Acbor] died] a man named Hadad became the king. Hadad was born in a city named Pau. The wife of Hadad was a woman named Mehetabel.  Mehetabel was the daughter of Matred. And Matred was the daughter of Me-Zahab.	Genesis
Nehemiah 5:9	So I(Nehemiah) continued speaking. I(Nehemiah) said, ["The things [that you(leaders) are doing] are bad]. You(leaders) should fear God. And you(leaders) should not cause [our(Nehemiah's) enemies [that are not Jews] to criticize us(Nehemiah)].	Nehemiah
Genesis 12:15	The officers saw Sarai. and the officers told the king of Egypt [that Sarai was very beautiful]. Then the officers took Sarai to the king's palace.	Genesis
1 Samuel 14:47	(title) Saul fights Israel’s enemies.  [After Saul became the king of Israel,] Saul fought all of Israel’s enemies. Saul fought the people [who were living in Moab], the people [who were living in Ammon], the people [who were living in Edom], the kings of Zobah, and the Philistines. Saul defeated those enemies [whenever Saul fought Israel’s enemies].	1_Samuel
2 Samuel 24:6	Then Joab and those officers went to Gilead and the region [that is near Tahtim-Hodshi]. Then Joab and those officers went to Dan-Jaan and Sidon.	2_Samuel
Joshua 18:23	And the tribe named Benjamin owned the towns named Avvim, Parah, and Ophrah.	Joshua
Joshua 24:28	(title) Joshua dies. Then Joshua told [the people to return to the people's houses]. So all of the people returned to the people's land.	Joshua
Acts 20:8	We(Christians) met in a room [that was in the third floor of a building]. Many lamps were burning in that room.	Acts
Genesis 23:8	and Abraham said to the Hittites, ["[If you(Hittites) will allow [me(Abraham) to bury my(Abraham's) wife in this region]] you(Hittites) (imp) speak to Ephron [who is the son of Zohar]].	Genesis
Acts 18:9	One night, Paul saw a vision. Paul heard the Lord say to Paul, ["Do not(imp) be afraid. Continue telling people about my message. Do not(imp) stop telling people about me(Jesus)	Acts
Matthew 18:20	(literal) For [whenever 2 or 3 friends/brothers-D or sisters-D _implicit meet-C in a place in-H my(Jesus's) name [in order to pray (implicit-situational)] [and in order to worship (implicit-situational) me(Jesus)]] I(Jesus) am there with 2 or 3 friends/brothers-D or sisters-D _implicit. (dynamic) For [whenever 2 or 3 friends/brothers-D or sisters-D _implicit meet-C in a place [in order to pray me(Jesus)] [and in order to worship (implicit-situational) me(Jesus)]] I(Jesus) am there with 2 or 3 friends/brothers-D or sisters-D _implicit."	Matthew
Genesis 12:6	[After Abram arrived in Canaan] Abram went to the big tree [that is in a plain named Moreh].  Moreh is near a city named Shechem. At that time the Canaanite were living in that region.	Genesis
2 Samuel 19:11	King David sent a message to the priests named Zadok and to Abiathar. That message said, ["You(men) (imp) tell the leaders of Judah [that I(David) said, ["I(David) heard news]]].  I(David) heard [that the Israelites want [to ask [me(David) to become the king again]]]. Why are you(leaders) the last tribe [that will invite [me(David) to return to the king's palace]]?	2_Samuel
Mark 6:11	But people _implicitNecessary [who live in a town] might not greet you(followers) kindly. Or those people _implicitNecessary might not listen to you(followers). [If people do those things-B,] you(people) (imp) leave that town. You(people) (imp) shake your(followers') feet [so that that town's _implicit dust falls from your(followers') feet] [when you(followers') leave]. This action will warn those people [(implicit-situational) that God will judge those people].	Mark
1 Samuel 2:34	I(Yahweh) will prove to you(Eli) [that I(Yahweh) will do these things]. Your(Eli's) sons named Hophni and Phinehas will die on the same day.	1_Samuel
Matthew 8:4	Then Jesus said to that man, ["You(man) (imp) listen to me(Jesus) _implicit]. You(man) (imp) do not tell a person about this thing [(implicit-situational) that happened]. Instead you(man) (imp) go. And you(man) (imp) show yourself(man) to the priest. And you(man) (imp) give to God _implicit a gift/sacrifice. Moses commanded [people _implicitNecessary [who have been healed by God _implicitActiveAgent] to give a gift/sacrifice to God _implicit ]. Those actions will show/testify to the people [(implicit-situational) that you(man) are religiously/ritually _implicit clean/clean-B].	Matthew
Genesis 37:22	You(brothers) (imp) throw Joseph into a well [that is in the desert]. but you(brothers) (imp) do not hurt Joseph." Reuben planned [to return to that well later]. Then Reuben will save Joseph. And Reuben will send Joseph to Joseph's father.	Genesis
Genesis 30:12	Later Zilpah birthed another son.	Genesis
Matthew 10:30	(literal) And all the hairs [that are on your(follower’s) head] are counted by God _implicitActiveAgent. (dynamic) God knows the number of hairs [that are on your(follower’s) head].	Matthew
Daniel 11:44	But that king will hear news [that is about the east region]. And that king will hear news [that is about the north region]. Then that king will begin to worry. And that king will become very angry. So that king will go to those regions. Then that king will kill many people [who live in those regions].	Daniel
Joshua 2:1	(title) Joshua sends men/spies to Jericho. Joshua was the son of a man named Nun.  One day Joshua secretly sent 2 men/spies from Acacia to Jericho. Joshua said to those 2 men/spies, ["You(men) (imp) go [in order to look at the land]].  And (imp) you(men) look at Jericho." So those 2 men/spies went to Jericho. And those 2 men/spies went to a woman's/prostitute's house. That woman's/prostitute's name was Rahab. And those 2 men/spies stayed at Rahab's house.	Joshua
Matthew 5:21	(title) Jesus says [people should not be angry with each-other(people)] . (paragraph) You(people) heard [our(Jesus’s) people/ancestors were told _distantPast by the religious _implicit laws/Law _implicit, ["You(person) (imp) do not murder a person _implicitWithNewThingIndex]]. And a person [who murders a person _implicitWithNewThingIndex] will be judged by a judge _implicitActiveAgent." (footnote) You(people) (imp) see Exodus 20:13.	Matthew
Matthew 2:7	(paragraph) [(implicit-situational) after Herod heard these words] Herod called those wise men secretly. And Herod learned from those wise men the time [that the star appeared at] [so that (implicit-situational) Herod would know the age of the child].	Matthew
Matthew 13:9	You(people) [who have ears], you(people) (imp) listen to these words."	Matthew
1 Samuel 17:34	But David said to Saul, ["I(David) am your(Saul's) servant]. And I(David) protect my(David's) father's sheep.  [Whenever a lion or a bear tries [to take away one of my(David's) sheep]] I(David) protect that sheep.	1_Samuel
Genesis 47:18	the next year the people came to Joseph again. and the people said, ["You(Joseph) know [that we(people) do not have money].] and you(Joseph) own all our(people's) animals. We(people) do not have other things. We(people) only have our(people's) bodies and our(people's) land.	Genesis
Mark 10:32	(title) Jesus talks about Jesus's death at a third time. (paragraph) Jesus and Jesus's disciples continued traveling on-D the road [that led to Jerusalem]. And Jesus was walking in-front-of those followers/disciples. Those 12 _implicit followers/disciples were surprised/amazed [(implicit-situational) because Jesus was going to a place [where many people opposed Jesus]]. And other _implicit people [who were also _implicit following-A Jesus] were afraid. Jesus take-away those 12 followers/disciples from those other people _implicit. And Jesus started to tell-C about the things [that will happen soon _implicit to Jesus] to those 12 followers/disciples.	Mark
Joshua 21:3	So the Israelites obeyed Yahweh. The Israelites gave towns and fields to the people [who were in the tribe named Levi]. Those towns and fields were in the regions [that Yahweh already gave to the other tribes].	Joshua
Genesis 49:18	Lord, I(Jacob) am waiting [for you(God) to save me(Jacob)].	Genesis
