reference	verse	book
Nahum 3:19	No doctor is able [to heal your(king's) wounds]. Your(king's) wounds will cause [you(king) to die]. [When people hear [that you(king) will die],] those people will become happy. Those people will celebrate [because you(king) are dead]. All people suffered [because you(king) treated those people very badly].	Nahum
Matthew 19:24	I(Jesus) am telling you(followers) again. [A big animal/camel goes through the hole of a needle] is very hard-B. (complex) But [a rich person enters the kingdom-B of God] is extremely hard-B. (simple) But [a rich person lets [God rule that person]] is extremely hard-B."	Matthew
Nehemiah 13:13	I(Nehemiah) told Shelemiah, Zadok, and Pedaiah [to take care of those rooms]. Shelemiah was the priest.  And Zadok knew well the religious law/Scribe.  And Pedaiah was in the tribe named Levi. And I(Nehemiah) told [Hanan to help those men]. Hanan was the son of Zakkur [who was the son of Mattaniah].  I(Nehemiah) chose those men [because the people trusted those men]. Those men gave the things [that were in those rooms] to the other people [that were in the tribe named Levi].	Nehemiah
Mark 5:33	Then the woman became afraid. And the woman started shaking . For the woman knew the thing [that happened to the woman] . The woman came to Jesus _implicit. And the woman bowed in-front-of Jesus. And the woman honestly _adverbialFormOfHonestInLdv told-D Jesus about the things [that that woman did]. (implicit-situational) The woman admitted/confess [ the woman touched Jesus's clothes].	Mark
Acts 15:30	So the people [who believe in Jesus] [and who live in Jerusalem] sent Barnabas and Paul and Judas and Silas to Antioch. [When Paul and Barnabas and Judas and Silas arrived in Antioch], Barnabas and Paul and Judas and Silas gathered the people [who believe in Jesus]. Then Barnabas, Paul, Judas, and Silas gave the letter to the people [who believe in Jesus].	Acts
Joshua 13:29	Moses also gave land to certain families [that were in the tribe named Manasseh]. Half of the families [that were in the tribe named Manasseh] lived on the eastern side of the Jordan River. And the other families lived on the western side of the Jordan River.  So Moses gave land to the families [that lived on the eastern side of the Jordan River].	Joshua
1 Samuel 1:25	Then Hannah gave the bull to the priests.  And the priests killed/sacrificed the bull to Yahweh. Then Hannah took Samuel to Eli.	1_Samuel
Mark 14:64	You(leaders) heard [Jesus _implicitNecessary much insult the Lord-A [(implicit-situational) by saying [Jesus was equal to the Lord]]]. What do you(leaders) think-A?" (paragraph) And all of those leaders agreed [that Jesus was guilty] [and that Jesus deserved [Jesus to die]].	Mark
Acts 15:4	[When Paul and Barnabas and the other people [whom the group of people [who believe in Jesus] had sent with Paul and Barnabas] arrived in Jerusalem], the apostles and elders and all the other people [who were in the group of people [who believe in Jesus]] welcomed Paul and Barnabas and the other people [whom the group of people [who believe in Jesus] had sent with Paul and Barnabas]. Then Paul, Barnabas and the other people [whom the group of people [who believe in Jesus] had sent with Paul and Barnabas] told the group of people [who believe in Jesus] about all the things [that God had done]. Paul said [that God had given the power to Paul and Barnabas and the other people [whom the group of people [who believe in Jesus] had sent with Paul and Barnabas] to do many things.	Acts
Matthew 24:26	_paragraph So [if people tell you(followers), ["The Christ is in the desert/wilderness"],] you(followers) (imp) do not go there _implicit. Or [if people tell you(followers), ["The Christ is in the secret room"],] you(followers) (imp) do not believe that thing-C _implicit.	Matthew
2 Samuel 24:17	David saw the angel [that was killing the people]. Then David said to Yahweh, ["I(David) sinned]. These people follow me(David) [like sheep follow a shepherd]. These people did not sin. (imp) You(Yahweh) please punish me(David) and my(David's) family."	2_Samuel
Genesis 6:10	Noah had 3 three sons.  The names of these sons were Shem, Ham, and Japheth.	Genesis
Genesis 2:4	Thus God created all things [that are in the sky] and all things [that are on the earth].	Genesis
Acts 3:22	Moses said, ["The Lord [who is your(people's) God] will send a prophet [who is like me(Moses)] to you(people)]. The prophet will be from among you(people). You(people) must listen to all of the things [that the prophet tells [you(people) to do]].	Acts
Jonah 1:1	Jonah (title) run-away from Yahweh.  One day Yahweh spoke to Jonah. Jonah was Amittai's son.	Jonah
1 Samuel 9:15	On the previous day Yahweh spoke to Samuel.	1_Samuel
Matthew 20:3	_paragraph (literalunits) [When the time was the third hour,] that man left again _implicit. (modernunits) [When the time was 9AM,] that man left again _implicit. And that man saw other people [who were standing in the market] [and who were not working]. (footnote) (literalunits) The third hour was 9AM.	Matthew
Matthew 7:11	You(people) are evil. But you(people) know-how [you(people) give good gifts to your(people’s) children]. Therefore, your(people’s) Father [who is in heaven] [(implicit-situational) and who is good] will certainly give good things to the people [who ask those people’s Father for good things _implicit]!	Matthew
2 Samuel 19:20	I(Shimei) am your(David's) servant.  And I(Shimei) know [that I(Shimei) sinned]. I(Shimei) am the first person [that came to this place [in order to greet you(David)]]. I(Shimei) (implicit-info) want [you(David) to forgive me(Shimei)].  You(David) are my(Shimei's) master and my(Shimei's) king."	2_Samuel
2 Samuel 12:2	The rich man had many sheep and many cows.	2_Samuel
1 Samuel 25:43	Previously David married Ahinoam [who was from Jezreel]. So David had 2 wives.	1_Samuel
Daniel 4:35	All the people [who live on the earth] are worthless. God rules the angels [who are in heaven]. And God rules the people [who live on the earth]. No man is more powerful than God. No man is able [to ask God questions]. No man says to God, ["Why are you(God) doing these things]?"	Daniel
Matthew 17:23	The Son-of-Man's _1stAs3rd enemies _frameInferable will kill the Son-of-Man _1stAs3rd. But after 3 days the Son-of-Man _1stAs3rd will be raised-B by God _implicitActiveAgent." Then the followers/disciples became extremely sad.	Matthew
Matthew 5:12	You(people) (imp) be happy/joyful . And you(people) (imp) be glad [because your(people’s) reward [that is in heaven] is great]. For similarly _AdverbLDV other _implicit people persecuted the prophets [who lived [before you(people) lived]].	Matthew
Genesis 29:6	Then Jacob asked, ["Is Laban healthy?"] The shepherds answered, ["Laban is healthy]. The daughter of Laban named Rachel is bringing the sheep of Laban to this well now".	Genesis
Nahum 3:11	People [who live in Nineveh], you(people) will become drunk. You(people) will try [to hide from your(people's) enemies]. And you(people) will look for a place [that soldiers will not hurt you(people) in].	Nahum
Matthew 21:5	_paragraph That prophet _implicitNecessary said _implicitNecessary, ["God _implicitNecessary says _implicitNecessary, ["You(prophet) (imp) speak to my(God's) people _implicitNecessary [_descriptive who are-X my(God's) daughter named Zion]]]. You(prophet) (imp) say, ["You(people) (imp) look/behold]. Your(people's) king comes to you(people). That king is humble-A. And that king is riding on a animal/donkey and that animal's/donkey young animal/donkey.""" (footnote) You(people) (imp) see Zechariah 9:9.	Matthew
Daniel 2:14	Arioch was the captain of the king's guards. The king told [Arioch to kill all the astrologers and all the magicians [that live in Babylon]]. [When Arioch arrived at Daniel's house] Daniel spoke to Arioch wisely.	Daniel
Genesis 45:10	[If you(Jacob) move to Goshen] you(Jacob) will be near me(Joseph). Your(Jacob's) children, your(Jacob's) grandchildren, your(Jacob's) livestock, and all things [that you(Jacob) own] will also be near me(Joseph).	Genesis
Joshua 8:19	The 5000 Israelite soldiers [that were hiding] saw [Joshua raise Joshua's spear]. So those soldiers quickly ran from the place [where the soldiers were hiding] toward the city. Then those soldiers entered that city. And those soldiers captured all of the people [that were inside that city].  Then those soldiers started burning that city.	Joshua
Joshua 2:4	But [before that soldier came to Rahab's house] Rahab hid those 2 men. So Rahab said to the soldier, ["Those 2 men came to my(Rahab's) house]. But I(Rahab) did not know the place [that those 2 men came from].	Joshua
2 Samuel 15:29	So Zadok and Abiathar took God’s Ark of the Covenant to Jerusalem. And those two men stayed in Jerusalem.	2_Samuel
Matthew 18:27	The king [_descriptive who was that servant's master] pitied that servant. And the king told that servant [that servant did not need [to pay that servant's debt _inLDV]]. And the king let [that servant leave].	Matthew
Nahum 1:8	But Yahweh will destroy Nineveh with a big flood. Yahweh will chase Yahweh's enemies.  And Yahweh will kill all of Yahweh's enemies [who live in Nineveh].	Nahum
Acts 15:39	Paul and Barnabas definitely did not agree with each-other(Paul and Barnabas) about John Mark. Therefore, Paul and Barnabas separated. Barnabas led John Mark. And Barnabas and John Mark went on a ship. And Barnabas and John Mark traveled to an island called Cyprus.	Acts
Joshua 21:6	The Israelites also gave 13 towns to the families [that were descendants of Gershon]. Those towns were in the regions [that the tribes named Issachar, Asher, and Naphtali owned] [and that half of the tribe named Manasseh owned]. The region [that half of the tribe named Manasseh owned] was in Bashan.	Joshua
2 Samuel 12:13	Then David said to Nathan, ["I(David) sinned against Yahweh]."Then Nathan said, ["Yahweh forgave your(David's) sin]. You(David) will not die.	2_Samuel
Genesis 27:46	Later Rebekah said to Isaac, ["I(Rebekah) do not like these female Hittites]. [If Jacob marries a female Hittite [who lives in this place]] I(Rebekah) will die."	Genesis
1 Samuel 24:16	[After David finished talking] Saul said, ["David, my(Saul’s) son, I(Saul) hear your(David’s) voice]." Then Saul cried loudly.	1_Samuel
1 Samuel 18:6	[After David killed Goliath] David and the other soldiers were returning to the soldiers' houses. Then women came from all of the towns [that were in Israel] [in-order-to meet King Saul]. Those women were singing songs. And those women were dancing.  Those women also played cymbals and harps.	1_Samuel
2 Samuel 7:2	One day David said to a prophet named Nathan, ["I(David) am living in a palace made of cedar wood]. But God’s Ark of the Covenant is still in a tent."	2_Samuel
1 Samuel 23:12	Then David asked Yahweh, ["Will the people [who are living in Keilah] allow [Saul to kill me(David) and the men [who are with me(David)]]]?" Then Yahweh answered, ["These people will allow [Saul to kill you(David)]]."	1_Samuel
Mark 7:13	Thus _implicit you(Pharisees) ignore/reject God's message [by following your(Pharisees's) religious _implicit customs]. You(Pharisees) also _implicit teach-B to other people _implicit those customs. And you(Pharisees) do many similar things."	Mark
Nehemiah 9:32	Therefore our(people's) God, the great God, the powerful and wonderful/awesome God [who keeps God's promise [to love us(people)]], you(God) please do not think [that our(people's) trouble is small].  This trouble came to us(people), to our(people's) kings, to our(people's) leaders, to our(people's) priests, to our(people's) people [who tell your(Yahweh's) messages to people _generic], to our(people's) ancestors, and to all of your(Yahweh's) people. We(people) had this trouble since the time [when the kings of Assyria ruled us(people)] until today.	Nehemiah
Joshua 13:27	Moses also gave cities [that were in the valley] to those people.  The names of those cities were Beth-Haram, Beth-Nimrah, Sukkoth, and Zaphon.  Previously Sihon [who was the king of Heshbon] ruled other people [who were living  in places [that Moses did not give to the tribe named Reuben]].  So Moses gave those places to the tribe named Gad. (Those places were on the eastern side of the Jordan River. Sea-Galilee was also in that region.)	Joshua
1 Samuel 20:2	Jonathan answered, ["No!] You(David) will not die! My(Jonathan's) father always tells me(Jonathan) about the things [that my(Jonathan's) father will do].  My(Jonathan's) father tells me(Jonathan) about the important things and about the things [that are not important].  So my(Jonathan's) father always tells me(Jonathan) about my(Jonathan's) father's plans. So I(Jonathan) know [that you(David) will not die]."	1_Samuel
Joshua 18:16	Then the border went to the bottom of the hill [that was near the valley-Ben-Hinnom]. Ben-Hinnom was on the northern side of the valley-Rephaim. Then the border went to the valley-Hinnom.  That valley was on the southern side of Jerusalem. Then the border went to En-Rogel.	Joshua
Matthew 18:35	My(Jesus's) Father [who is in heaven] will treat you(followers) [just-like that king treated that servant] [if you(followers) do not forgive your(followers') friend/brother-D or sister-D _implicit in-H your(followers') heart]	Matthew
2 Samuel 16:5	(title) Shimei curses David.  [When King David was close to Bahurim], a man named Shimei was coming out from that place. Shimei was one of Saul's relatives. Shimei was Gera's son. [While Shimei was walking out of that city], Shimei was cursing David.	2_Samuel
1 Samuel 7:13	So God defeated the Philistines. And the Philistines did not enter the land of the Israelites again. [While Samuel was living] Yahweh fought the Philistines for the Israelites.	1_Samuel
Esther 4:15	Then Esther told [Hathach to go to Mordecai again].	Esther
Esther 1:12	So these 7 men went to Queen Vashti. And the men told the queen [that the king wants [the guests to see the queen]]. But the queen did not do all the things [that the king said]. The king became very angry [because the queen did not do all the things [that the king said]].	Esther
Genesis 2:7	[When God created man] God used the dust [that is on the ground] [in-order-to make body of the man]. Then God breathed into the nose of the man.  Thus God caused [the man to live].	Genesis
1 Samuel 20:39	The boy did not know [that David was hiding near that place]. The boy (implicit-info) did not know [that Jonathan was actually talking to David]. Only Jonathan and David knew [that Jonathan was talking to David].)	1_Samuel
Acts 1:6	-Title Jesus is carried to heaven by God. One day the apostles were with Jesus.  And the apostles asked Jesus, ["Lord, will you(Lord) give the kingdom of Israel to the Israelites now?"]	Acts
Genesis 47:23	Then Joseph said to the people, ["I(Joseph) bought you(people) and your(people's) land for the king]. Now I(Joseph) will give seeds to you(people) [so that you(people) could plant those seeds in the king's fields].	Genesis
Genesis 37:1	-Title Joseph dreams. Jacob lived in Canaan [which is the same country [where Jacob's father had lived]].	Genesis
Genesis 40:3	So the king put these 2 officers in the prison [where Joseph was].	Genesis
Matthew 20:25	Jesus called-A the 12 _implicit followers/disciples. And Jesus said, ["You(followers) know-B [the rulers of the Gentiles like-B [showing-B those people/Gentiles [those rulers have-D power]]]]. And officials use those officials' authority [in order to make [those people/Gentiles obey those officials]].	Matthew
Genesis 22:22	The name of the other sons of Nahor are Kesed, Hazo, Pildash, Jidlaph, and Bethuel".	Genesis
1 Samuel 10:8	You(Saul) (imp) go to Gilgal. Later I(Samuel) also will come to Gilgal. Then I(Samuel) will give/sacrifice gifts/offerings to Yahweh. But you(Saul) must wait 7 days. Then I(Samuel) will come to you(Saul). And I(Samuel) will tell you(Saul) about the things [that you(Saul) must do]."	1_Samuel
2 Samuel 22:51	Yahweh causes [Yahweh's king to defeat the king's enemies].  Yahweh is always kind to the king [that Yahweh chose/anointed].    Yahweh is kind to David and to David's descendants forever."	2_Samuel
Matthew 8:10	(paragraph) [When Jesus heard these words _implicit,] Jesus was surprised/amazed. And Jesus said to the people [who were following-A Jesus _implicit], ["I(Jesus) am telling you(people) the truth]. I(Jesus) never previously found a person in Israel _country [who has much faith [ just-like this officer _implicitNecessary has much faith in me(Jesus) _implicit]].	Matthew
Daniel 2:19	That night God showed a vision [that was about the king's dream] to Daniel. And God explained the meaning of the king's dream to Daniel. Then Daniel woke up. And Daniel praised God.	Daniel
Jonah 1:3	But Jonah run-away from Yahweh.  Jonah decided [to go to Tarshish]. So Jonah went to Joppa.  And Jonah found a ship [that will go to Tarshish]. Jonah paid the man [that owned that ship].  Then Jonah entered that ship. Then the ship started going to Tarshish.  Jonah was run-away from Yahweh.	Jonah
Daniel 2:44	[While those kings rule the earth] God [who lives in heaven] will build a different kingdom. The kingdom [that God builds] will exist forever. No person will rule that kingdom. That kingdom will break these other kingdoms [that are on the earth]. That kingdom will destroy all these other kingdoms. And that kingdom will exist forever.	Daniel
Mark 8:24	(paragraph) That man looked around that place _implicit. And that man said, ["I(man) see people]. (implicit-situational) But I(man) do not see those people clearly. Those people look like trees [that are walking around this place]."	Mark
Genesis 24:44	[If you(Yahweh) want [me(servant) to take this woman to Isaac]] the woman must say, ["You(servant) (imp) drink the water]. and I(woman) will also give water to your(servants) camels."  [If the woman says those words] I(servant) will know [that you(Yahweh) chose that woman].  That woman will be the wife of the master of me(servant).	Genesis
Matthew 12:42	The queen of a southern country will stand-up-A with this group/generation on the day [when God will judge all people of the earth ]. And that queen will condemn this group/generation. For that queen came from the other side of the earth [in order to listen to Solomon [who was very wise]]. And you(people) (imp) listen/behold. A person [who is greater than Solomon] is here.	Matthew
Matthew 8:13	(paragraph) Then Jesus said to the officer, ["You(officer) (imp) go to your(officer’s) house _implicit.] Your(officer’s) servant will immediately _implicit be healed by me(Jesus) _implicitActiveAgent [just-like you(officer) believed [your(officer’s) servant would be healed by me(Jesus) _implicitActiveAgent]]." And the officer’s servant was immediately healed by Jesus _implicitActiveAgent.	Matthew
2 Samuel 1:21	I(David) hope [that dew and rain will not fall on the mountains of Gilboa].  And I(David) hope [that the weather does not rain on the fields of Gilboa].   The enemy destroyed the king’s shield at Gilboa.    Saul’s shield is on that mountain. No person rubs Saul’s shield with oil now.	2_Samuel
Joshua 8:35	Previously Moses commanded [the people to do certain things]. And Joshua read all of those commands to all of the Israelites. All of the Israelites were at that place. All of the women and all of the children were at that place. And all of the foreigners [who were living with the Israelites] were at that place.	Joshua
Genesis 23:15	Ephron said, ["My(Ephron's) master, the price of that field is silver -quantity 5 kilograms]. but I(Ephron) will not argue with you(Abraham) about the price. You(Abraham) (imp) pay me(Ephron) the price [that you(Abraham) want [to pay me(Ephron)]]. Then you(Abraham) (imp) bury your(Abraham's) wife in that field."	Genesis
2 Samuel 17:5	But Absalom said, ["(imp) You(servants) call Hushai [who is an Arkite]].  I(Absalom) want [to hear the things [that Hushai will say]]."	2_Samuel
Joshua 23:13	[If you(Israelites) do these things] your(Israelites') God named Yahweh will help [you(Israelites) defeat your(Israelites') enemies]. But [if you(Israelites) do not do these things] these people will cause [you(Israelites) to sin against Yahweh]. These people will cause [you(Israelites) to have much pain]. These people will be like a whip [that hits your(Israelites') back] or a thorn [that is in your(Israelites') eye]. Then these people will force [you(Israelites) to leave this good land [that your(Israelites') God named Yahweh gave to you(Israelites)]].	Joshua
Nehemiah 7:36	345 men [that were from Jericho] returned.	Nehemiah
Esther 4:14	[If you(Esther) do not speak to the king now] another person will help the Jews. But you(Esther) and the family of your(Esther's) father will die. Perhaps God chose you(Esther) [in order to be the queen] [so that you(Esther) will help the Jews now]."	Esther
2 Samuel 7:18	(title) David prays to Yahweh. Then King David went into the tent.  And David sat down in front of Yahweh. David said, ["Yahweh-Almighty, I(David) am not important].And my(David's) family is  not important. Why did you(Yahweh) cause [me(David) to  become the king]?	2_Samuel
Genesis 42:28	Then that brother said to the other brothers, ["The money [that I(brother) paid for the grain] is in my(brother's) bag!"]  Then all The brothers became very afraid [because Joseph might think [that the brothers stole the money]]. The brothers said to each-other(brothers), ["God is punishing us(brothers)!]"	Genesis
Genesis 45:3	Then Joseph said to Joseph's brothers, ["I(Joseph) am Joseph]. Is my(Joseph's) father still living?" But Joseph's brothers did not answer Joseph [because Joseph's brothers were very afraid of Joseph].	Genesis
Mark 8:13	Then Jesus left those Pharisees. Jesus went into the boat again with Jesus's followers/disciples _implicit. And Jesus went with those followers/disciples _implicit to the other side of the lake _implicit.	Mark
Matthew 20:5	So those people went to the vineyard _implicit. _paragraph (literalunits) That man left again [when the time was about the sixth hour]. (modernunits) That man left again [when the time was about 12PM]. (literalunits) And that man left again [when the time was about the 9th hour]. (modernunits) And that man left again [when the time was about 3PM] . At each time that man found people [who will work in that man's vineyard]. (footnote) (literalunits) The sixth hour was 12PM. (literalunits) And the 9th hour was 3PM.	Matthew
Genesis 35:22	[While Israel was living at that place] Reuben sexed Israel's female slave named Bilhah. and Israel found out [that Reuben sexed Bilhah]. Israel had 12 sons.	Genesis
1 Samuel 2:21	Yahweh was kind to Hannah. Hannah birthed three sons and two daughters. And the boy named Samuel grew up. And Samuel served Yahweh.	1_Samuel
Joshua 24:2	Then Joshua said to all of those people, ["Yahweh [who is Israel's God] says to you(people), "[Many years ago your(people's) ancestors lived on the other side of the Euphrates River]]. Those ancestors were Terah [who was Abraham's father] and Nahor. Those ancestors worshiped other gods.	Joshua
Genesis 29:21	[After Jacob worked for 7 years] Jacob said to Laban, ["You(Laban) promised me(Jacob) [that I(Jacob) would marry Rachel [after I(Jacob) worked for you(Laban) for 7 years]]]. Therefore you(Laban) (imp) allow [me(Jacob) to marry Rachel now]".	Genesis
Matthew 14:26	[When those followers/disciples saw Jesus [walking on the lake],] those followers/disciples became extremely afraid. Those followers/disciples said to each-other(followers) _implicit, ["That person is a spirit/ghost"]. And those followers/disciples cry-out/scream [because those followers/disciples were afraid].	Matthew
Genesis 14:23	I(Abram) promise to Yahweh [that I(Abram) will not keep any thing [that belongs to you(king)]]. I(Abram) will not even keep a thread or a part of a sandal [that belongs to you(king)].  I(Abram) do not want [you(king) to say, ["I(king) caused [Abram to become rich]]]."	Genesis
Mark 14:71	(paragraph) But Peter spoke with rude words. And Peter promised/swear-B, ["I(Peter) pray-hope [God punishes me(Peter) [if I(Peter) am not telling the truth]]]. I(Peter) do not know-A this man [that you(people) are talking about]."	Mark
2 Samuel 14:28	Absalom lived in Jerusalem for 2 years. But Absalom did not see King David.	2_Samuel
Nehemiah 11:21	The people [who served God in the temple] lived on the hill named Ophel. Ziha and Gishpa were the leaders of those people.	Nehemiah
Matthew 13:52	_paragraph (complex) Jesus said to those followers/disciples, ["Similarly, every person [who teaches the religious laws] [and who becomes a follower/disciple of the kingdom-B of heaven] is _be-U like a person [who owns a house]]. (simple) Jesus said to those followers/disciples, ["Similarly, every person [who teaches the religious laws] [and who starts following-B me(Jesus)] is _be-U like a person [who owns a house]]. That person/owner take-out new treasures and old treasures from the room [where that person/owner stores things]."	Matthew
Genesis 24:3	You(Servant) (imp) swear to me(Abraham) in the name of Yahweh [who is the God of heaven and of earth] [that you(servant) will not search for the wife of my(Abraham's) son in Canaan].  My(Abraham's) son must not marry a woman from Canaan.	Genesis
Nehemiah 8:14	[While those people were studying the Law] those people find-out [that Yahweh commanded [the people of Israel to live in small shelters made of branches during the feast of the seventh month]].	Nehemiah
Joshua 16:3	Then the border went to the region [where the Japhletites were living]. Then the border went to Lower-Beth-Horon, Gezer, and the sea-Mediterranean.	Joshua
Joshua 7:8	Yahweh, I(Joshua) am not able [to speak] [because our(Israelites’) enemy defeated us(Israelites)].	Joshua
Matthew 21:7	Those followers/disciples _dual brought-C that horse/donkey and that horse's/donkey young horse/donkey to Jesus. And those followers/disciples _dual put those followers'/disciples' coats _dual on that horse/donkey and that horse's/donkey young horse/donkey. And Jesus sat on those coats.	Matthew
Mark 5:4	For that man's hands and that man's feet were often tied with chains by people _implicitActiveAgent . But that man broke _routinely the chains [that were around that man's hands] and the rings [that were around that man's feet] of metal _madeOf into pieces . That man was stronger than other people. So no person was able [to control that man].	Mark
Nehemiah 12:9	Bakbukiah, Unni, and the people/Levites [who worked with Bakbukiah and Unni] stood on the other side [ while (implicit) Mattaniah and the people/Levites [who worked with Mattaniah] were singing].	Nehemiah
Daniel 1:21	Daniel lived in Babylon for many years. Daniel lived in Babylon until the year [when king Cyrus began to rule Babylon].	Daniel
Genesis 4:1	-Title Cain kills Abel.  Adam sexed Adam's wife named Eve. Then Eve became pregnant.  Eve birthed a son named Cain.  Then Eve said, ["God helped [me(Eve) birth this child]."]  Cain  means to birth.	Genesis
Matthew 23:28	Similarly, you(scribes) seem [to be good/righteous]. But in-H your(scribes') hearts-A you(scribes) are people [who pretend [to be good/righteous]]. And you(scribes) are completely evil.	Matthew
Matthew 20:26	But you(followers) should act differently. Instead, [if a person wants [to become great among you(followers)],] a person should become your(followers') servant-A.	Matthew
1 Samuel 31:6	So Saul, Saul's three sons, the soldier [that carried Saul’s armor], and many other Israelite soldiers died on that day.	1_Samuel
Esther 6:6	Then Haman entered the palace. The king said to Haman, ["I(king) want [to honor a certain man]]. How should I(king) honor that man?" Haman thought, ["The king wants [to honor me(Haman)]."]	Esther
2 Samuel 8:9	A man named Tou was the king of Hamath. Tou heard [that David defeated Hadadezer's army].	2_Samuel
Genesis 46:22	Thus 14 people [who were descendants of Jacob and Rachel] went to Egypt.	Genesis
1 Samuel 18:4	Then Jonathan showed/proved to David [that Jonathan loved David]. Jonathan take-off Jonathan's robe [that Jonathan was wearing]. And Jonathan gave that robe to David. Jonathan also gave Jonathan's shirt, sword, bow, and belt to David.	1_Samuel
Genesis 47:17	So the people brought the people's livestock to Joseph.  Then Joseph gave food to the people. The people brought horses, sheep, goats, cattle, and donkeys to Joseph. During that year the people were able [to continue living] [because the people traded livestock to Joseph for food].	Genesis
Genesis 49:26	The mountains have existed forever.  And The hills are very old.  But [when I(Jacob) bless you(Joseph)] my(Jacob's) words are more solid than those mountains and hills. I(Joseph) pray [that these good things will come to you(Joseph's)].  I(Joseph) pray [that these treasures will stay with the boy [who people separated from the boy's brothers]].	Genesis
Genesis 43:31	Then Joseph washed Joseph's face. And Joseph returned to Joseph's brothers. And Joseph tried [to not cry]. Then Joseph said to the servants, ["You(servants) (imp) bring the meal to us(Joseph)."]	Genesis
Esther 8:14	The king commanded [the messengers to deliver the letters quickly]. So the messengers rode the king's horses. Messengers also delivered the letters to the people [that lived in Susa].	Esther
Esther 5:12	Then Haman said, ["Today queen Esther prepared a special meal for the king and for me(Haman)]. Tomorrow Esther will prepare another special meal for the king and for me(Haman).	Esther
Genesis 10:19	Canaan's borders went from Sidon to Gerar, Gaza, Sodom, Gomorrah, Admah, and Zeboiim.  The border also went to Lasha.	Genesis
Daniel 11:10	Then the sons of the king of the north region will prepare for war. The sons will gather a great army. One son will attack the king of the south region. That son will attack the palace of the king of the south region.	Daniel
Matthew 5:11	(paragraph) You(people) are blessed by God _implicitActiveAgent [when other _implicit people insult you(people) because of me(Jesus)], [when other _implicit people persecute you(people) because of me(Jesus)], [and when other _implicit people say many different evil and false _implicit things about you(people) because of me(Jesus)].	Matthew
Matthew 5:20	(literal) I(Jesus) tell you(people) [[unless you(people) are more good/righteous than the Pharisees and the scribes,] you(people) will certainly not enter the kingdom-B of heaven]. (dynamic) I(Jesus) tell you(people) [[unless you(people) are more good/righteous than the Pharisees and the scribes,] you(people) will certainly not become God's people].	Matthew
Nehemiah 10:38	A priest [who is a descendant of Aaron] will go with those people/Levites [when those people receive those gifts/tithes]. And those people/Levites will bring one of those gifts/tithes to the house of our(people's) God. And those people/Levites will put those things/tithes in the rooms/storerooms of the treasury.	Nehemiah
1 Samuel 6:11	Then the Philistines put the Ark-of-the-Covenant of Yahweh on that wagon. And the Philistines put the box [that contained the gold rats and the gold sores/tumors [that the Philistines made]] on the wagon.	1_Samuel
Matthew 15:34	_paragraph Jesus asked those followers/disciples, ["How-much-many pieces/loaves of bread _implicit do you(followers) have?"] _paragraph Those followers/disciples answered, ["We(followers) _implicitNecessary have _implicitNecessary 7 pieces/loaves and small fish _paucal"].	Matthew
Nehemiah 9:28	But [when those people were safe] those people started doing evil things again. Then you(Yahweh) left/abandoned those people.  You(Yahweh) allowed [the enemies of those people to defeat those people again]. And those people’s enemies ruled those people. So your(Yahweh’s) people cry-out to you(Yahweh) again. And you(Yahweh) [who are in heaven] heard those people again. And [because you(Yahweh) are very kind/merciful] you(Yahweh) saved those people again and again.	Nehemiah
Acts 20:19	I(Paul) served the Lord Jesus. And I(Paul) was very humble. And I(Paul) cried because of you(leaders). I(Paul) did these things [even though my(Paul) life was difficult] [because some Jews planned [to hurt me(Paul)]].	Acts
2 Samuel 23:21	Benaiah also killed a very big Egyptian soldier. That Egyptian was holding a spear. But Benaiah was holding a big stick/club. Benaiah take-away that spear from the Egyptian. Then Benaiah killed that Egyptian with that spear.	2_Samuel
2 Samuel 19:16	A man named Shimei was Gera’s son.  Shimei was in the tribe named Benjamin. Shimei was from Bahurim. Shimei quickly went with the men of Judah [in order to meet King David].	2_Samuel
Joshua 23:8	But you(Israelites) must continue obeying your(Israelites') God named Yahweh. Previously you(Israelites) obeyed Yahweh. So (imp) You(Israelites) continue obeying Yahweh.	Joshua
Genesis 49:5	Simeon and Levi are brothers [who fight people with swords].	Genesis
Nehemiah 9:19	[Because you(Yahweh) love your(Yahweh’s) people greatly] you(Yahweh) did not leave/abandon your(Yahweh’s) people in the desert/wilderness. During each day the pillar of cloud showed to your(Yahweh’s) people the path [that your(Yahweh’s) people should walk on]. And during each night the pillar of fire led your(Yahweh’s) people [by shining on the path [that your(Yahweh’s) people should walk on]].	Nehemiah
Genesis 40:21	The king allowed [the officer [who made wine for the king] to work for the king again].	Genesis
Acts 19:32	And those people were shouting loudly. Some people were shouting [a certain message]. But other people were shouting [a different message]. Most of those people did not know the reason [why those people had gone to that place].	Acts
2 Samuel 17:15	Then Hushai talked to the priests named Zadok and Abiathar. Hushai told the priests about Ahithophel's plan. And Hushai also told the priests about Hushai's plan.	2_Samuel
Joshua 4:1	The Israelites (title) put stones in the Jordan river. All of the people finished going across the Jordan River. Then Yahweh spoke to Joshua.	Joshua
Daniel 12:7	The man [who was wearing white clothes] raised the two hands of that man towards the sky. I(Daniel) heard [that man make a promise by God [who lives forever]]. That man said, ["These extraordinary events will happen for three and a half years]. These events will end [when people take away the power from God's holy people]."	Daniel
Genesis 29:25	In the morning Jacob find-out [that Jacob sexed Leah]. Then Jacob said to Laban, ["You(Laban) treated me(Jacob) badly!] I(Jacob) worked hard for you(Laban) [so-that  I(Jacob) could marry Rachel]! Why did you(Laban) trick me(Jacob)?"	Genesis
1 Samuel 11:13	But Saul said, ["We(Saul) will not kill a person today]. Yahweh saved/rescued us(Israelites) today."	1_Samuel
Titus 3:7	[Because Jesus Christ treated us(Paul) kindly] God decided [that we(Paul) are not guilty [of doing bad things]]. God did this thing [in order to cause [us(Paul) to become God's children]]. And [because  we(Paul) are God's children] we(Paul) will receive good things from God. So now we(Paul) expect [that we(Paul) will live forever with God].	Titus
Matthew 3:17	Then a voice said from heaven, ["This person is my(God’s) Son [whom I(God) love]]. I(God) am very pleased with my(God’s) Son."	Matthew
Matthew 22:12	The king asked that man _implicit, ["Friend, how did you(man) enter into this room without wedding clothes?"] But that man did not say a thing [because (implicit-situational) that man did not have a good _implicit answer].	Matthew
Joshua 15:19	Acsah answered Caleb, ["You(Caleb) gave land [that is in the desert] to me(Acsah)]. Water is not in that land. So you(Caleb) (imp) please also give land [that has streams] to me(Acsah)." So Caleb gave land [that had streams] to Acsah. That land had streams on the high part and on the low part.	Joshua
Daniel 2:28	But God is able [to explain this mystery to you(king)]. God is in heaven. And God is able [to explain secrets]. God has shown events [that will happen in the future] to you(king). Your(king's) dream is about events [that will happen in the future]. [While you(king) were sleeping] you(king) were thinking about these events.	Daniel
Genesis 27:9	You(Jacob) (imp) bring 2 young goats of you(Jacob) to me(Rebekah). I(Rebekah) will kill those goats.  And I(Rebekah) will cook those goats [so-that the father of you(Jacob) will like [to eat the goats]].	Genesis
Genesis 42:1	-Title Joseph tricks Joseph's brothers. Jacob heard [that there was grain in Egypt]. so Jacob said to Jacob's sons, ["You(sons) (imp) stop sitting here!]  We(Jacob) will die soon [because we(Jacob) do not have food]!	Genesis
Matthew 13:19	(complex) [When a person hears the message [that is about the kingdom-B of heaven _implicit]] [and when that person does not understand that message], Satan comes. (simple) [When a person hears the message [that is about God [who rules people]]] [and when that person does not understand that message], Satan comes. And Satan take-away-B the message [that was put by God _implicitActiveAgent in that person's heart]. In the story/parable, that message is-U like the seeds [that fell on the path].	Matthew
Mark 3:7	(title) Crowds of people follow Jesus. (paragraph) One day _implicit, Jesus walk-away from that place _implicit with Jesus's disciples to the lake named sea-Galilee _implicit. And a big crowd of people [that were from Galilee and Judea] followed Jesus.	Mark
Joshua 21:42	And each of those towns had fields [that were near that town].	Joshua
Matthew 20:8	_paragraph [When the time was evening,] the man [who owned the vineyard] said to that man's chief worker , ["You(worker) (imp) call-A the people/workers]. And you(worker) (imp) pay those people's/workers money/wages to those people/workers. You(worker) (imp) pay first _adv the people/workers [who came last]. Then you(worker) (imp) pay last _adv the people/workers [who came first ]."	Matthew
1 Samuel 14:37	So Saul asked God, ["Should I(Saul) continue chasing the Philistines]? Will you(Yahweh) help [us(Israelites) defeat the Philistines]?" But God did not answer Saul on that day.	1_Samuel
Jonah 1:8	Then those men asked Jonah, ["You(Jonah) (imp) tell us(men) about the very bad thing [that you(Jonah) did]]. What is your(Jonah’s) job? And where do you(Jonah) come from? Which country do you(Jonah) live in? And who are your(Jonah’s) people?"	Jonah
Genesis 6:19	You(Noah) must also bring into the boat all kinds of animals.  For all kinds of animals you(Noah) (imp) bring one male animal. and for all kinds of animals you(Noah) (imp) bring one female animal. These animals [that you(Noah) bring into the boat] will also live.	Genesis
2 Samuel 15:16	Then the king left the king's palace. And all of the people[who were in the king's palace]followed the king. But David told [ten female slaves/concubinesto stay in the palace [in order to take care of the palace]].	2_Samuel
Nehemiah 6:11	But I(Nehemiah) said to Shemaiah, ["A man [who is like me(Nehemiah)] should not run-away from that man's enemies]. And a man [who is like me(Nehemiah)] should not go into the temple [in order to save that man's life]. I(Nehemiah) will not go to the temple!"	Nehemiah
Nehemiah 5:3	And other Jews [that were angry] said, ["[Because there is little food these days/famine] we(Jews) must borrow money from people].  Now those people are using our(Jews') fields, our(Jews') gardens of grapes, and our(Jews') houses.  [If we(Jews) are not able [to pay those people]] those people will take-away our(Jews') fields, our(Jews') gardens of grapes, and our(Jews') houses.	Nehemiah
2 Samuel 10:18	But the Aramean soldiers run-away from the Israelite soldiers. David's soldiers killed 700 of the Aramean soldiers [that rode chariots].  And David's soldiers killed 40000 Aramean soldiers. David also killed Shobak[who was the captain of the Aramean soldiers]. Shobak  died at that place.	2_Samuel
1 Samuel 1:24	[After Samuel was able [to eat food]] Hannah took Samuel to the tabernacle [that was at Shiloh]. Hannah also took a bull [that was 3 years old]. And Hannah took 16 kilograms of flour and a bag [that contained wine]. And Hannah brought Samuel to the tabernacle.	1_Samuel
1 Samuel 25:44	Previously David also married Saul’s daughter named Michal. But Saul sent Michal to a man named Paltiel [who was Laish’s son]. Paltiel was from Gallim.  So Michal was Paltiel's wife.	1_Samuel
2 Samuel 14:5	King David asked that woman, ["Why are you(woman) upset?"] The woman answered David, ["My(woman's) husband died]. My(woman's) husband is dead.	2_Samuel
Matthew 7:5	You(person) are a hypocrite . You(person) (imp) first take-out the big piece of wood from your(person’s) eye. Then-D you(person) will be able [to see clearly [in order to take-out the piece of dust of _madeOf wood from the eye of your(person’s) friend/brother-D or sister-D _implicit]].	Matthew
Acts 1:22	That man must have been with us(apostles) from the time [that John baptized people at] until the time [that Jesus was carried from us(apostles) to heaven by God]."	Acts
Genesis 25:26	[When Rebekah birthed the second baby] the second baby was holding the heel of the first baby. so Isaac and Rebekah named the second baby Jacob. –Footnote Jacob means heel. –Footnote and Jacob also mean to deceive. Isaac was 60 years old [when Rebekah birthed these 2 twins].	Genesis
Mark 10:47	[When Bartimaeus heard [Jesus [who was from Nazareth] was close-B _implicitNecessary],] Bartimaeus started shouting, ["Jesus, son of King _implicit David, you(Jesus) (imp) be kind/merciful to me(Bartimaeus)!"]	Mark
Joshua 22:3	You(soldiers) did not leave/abandon the other tribes of Israel.  And you(soldiers) did the work [that your(soldiers') God named Yahweh told [you(soldiers) to do]].	Joshua
Joshua 21:35	And the tribe named Zebulun also gave the towns named Dimnah and Nahalal to those families. So the tribe named Zebulun gave 4 towns to the families [that were Gershon’s descendants]. And the tribe named Zebulun also gave the fields [that were near those 4 towns] to those families.	Joshua
Mark 1:17	Jesus said to Simon and Andrew, ["You(Simon) _dualThroughoutVerse (imp) come]. And you(Simon) (imp) follow me(Jesus). Previously (implicit-situational) you(Simon) gathered _routinely fish _generic. I(Jesus) will teach-how you(Simon) [you(Simon) to gather people _generic [instead of gathering fish _generic], [so that (implicit-situational) those people will follow-B _routinely me(Jesus)]]."	Mark
1 Samuel 23:26	One day Saul and Saul’s soldiers were walking on one side of a mountain. And David and the men [who were with David] were walking on the other side of that mountain.  David and the men [who were with David] were walking quickly [in-order-to escape from Saul]. But Saul and Saul's soldiers were very close to David and the men [who were with David].	1_Samuel
1 Samuel 17:44	Then Goliath said to David, ["You(David) (imp) come to me(Goliath)]. And I(Goliath) will feed your(David's) body/flesh to the birds and to the wild animals!"	1_Samuel
Jonah 3:4	Jonah walked into Nineveh for one day.  [While Jonah was walking,] Jonah was talking/preaching to the people.  Jonah said, ["Nineveh will be destroyed by Yahweh after 40 days]!"	Jonah
Mark 10:24	(paragraph) Those followers/disciples were surprised/amazed by the thing [that Jesus said]. (implicit-situational) Those followers/disciples thought [certain people were rich [because God did good things for certain people]]. But Jesus again said to those followers/disciples, ["Children, [(complex) people _generic _implicitNecessary enter the kingdom of God] is very hard!] ["Children, (simple) people _generic _implicitNecessary let [God lead those people] is very hard!]	Mark
Genesis 41:18	Then I(king) saw [7 fat cows [that were healthy] coming from the river]. Those 7 cows ate the grass [that was growing near the river].	Genesis
Nehemiah 7:25	95 men [that were from Gibeon] returned.	Nehemiah
Genesis 26:30	So Isaac prepared food for these 3 men. and Isaac and the 3 men ate the meal.	Genesis
Matthew 24:2	(yesrhetorical) Jesus asked the followers/disciples, [Do you(followers) see all these things?] (statement) Jesus said to the followers/disciples, [You(followers) (imp) look at all these things]. I(Jesus) am telling you(followers) the truth. There will not be a stone [that stays on another stone]. Every stone will be thrown-D to the ground by enemies _implicitActiveAgent [when (implicit-situational) enemies destroy this building/temple].	Matthew
Matthew 24:15	_paragraph You(followers) will see the terrible thing [that causes [the big building _implicitNecessaryFrameInferable of Jerusalem _implicit [that Jews honor/worship God in] to become religiously/ritually dirty] [and that God _implicitNecessary spoke about through the person [who tells God's messages to people] named Daniel]]. You(followers) will see [that thing standing in the special/holy place [that (implicit-situational) that thing should not be standing in]]. (comment-begin) I(Matthew) pray/pray-hope [you(person) [who are reading this book _implicit] understand the meaning _implicit of these words]. (comment-end) (footnote) You(people) (imp) see Daniel 9:27, 11:31 and 12:11.	Matthew
1 Samuel 13:17	Three groups of Philistine soldiers left the Philistine’s camp [in order to attack the Israelites]. One group of soldiers went on the road [that led to Ophrah].  Ophrah was in the region named Shual.	1_Samuel
2 Samuel 20:7	So Abishai led Joab’s soldiers,the Kerethites, the Pelethites, and the best soldiers. Those soldiers walked/marched from Jerusalem [in order to chase Sheba].	2_Samuel
Genesis 46:16	Gad had sons named Zephon, named Haggi, named Shuni, named Ezbon, named Eri, named Arodi, and named Areli.	Genesis
1 Samuel 8:5	And those leaders said to Samuel, ["You(Samuel) are old now]. And your(Samuel's) sons do not serve Yahweh [like you(Samuel) serve Yahweh]. Therefore you(Samuel) (imp) choose/appoint a king for us(Israelites). Our(Israelites’) king will rule us(Israelites). We(Israelites) want a king [just-like the other nations have kings]."	1_Samuel
2 Samuel 13:11	Tamar took the bread to Amnon [so that Amnon could eat that bread]. But Amnon grabbed Tamar. And Amnon said to Tamar, ["My(Amnon's) sister, (imp) you(Tamar) sex me(Amnon)]."	2_Samuel
1 Samuel 22:8	Are all of you(officers) planning [to help David] [because David made those promises to you(officers)]? You(officers) did not tell me(Saul) about the promise [that my(Saul's) son made to David]. You(officers) do not care about me(Saul).  And you(officers) did not tell me(Saul) [that my(Saul's) son encouraged [my(Saul's) servant named David to kill me(Saul)]]. David is trying [to kill me(Saul)] today."	1_Samuel
Matthew 4:22	Immediately James and John left the boat and the father of James and John. And James and John followed Jesus.	Matthew
Acts 16:37	But Paul said to the soldiers, ["We(Paul and Silas) are both citizens of Rome. And [even though those officials did not prove [that we(Paul and Silas) did anything wrong]], those officials beat us(Paul and Silas). And those officials put us(Paul and Silas) into the prison. And now those officials [want to send us(Paul and Silas) away]. No! Those officials must (imp) come to this place. And those officials must (imp) lead us(Paul and Silas) away from this prison."]	Acts
Matthew 13:44	(title) Jesus tells stories/parables [that are about people [who find a treasure]]. _paragraph (complex) The kingdom-B of heaven is-U like a treasure [that was hidden by a person _implicitActiveAgent in a field] [and that a man found]. (simple) [When people become God's children,] those people are _be-U like a man [who found a treasure [that was hidden by a person _implicitActiveAgent in a field]]. That man hid that treasure again. Then that man left very happily/joyfully. And that man sold all the things [that that man owned] [in order to buy that field].	Matthew
Genesis 10:9	At-that-time Nimrod hunt better than any man [that lived on the earth]. So [when people said, ["This man is like Nimrod"]] those people thought [that the man hunt animals well].	Genesis
Joshua 22:6	Then Joshua prayed for those soldiers. And those soldiers started traveling to those soldiers’ houses.	Joshua
Nehemiah 3:14	A man named Malkijah [who was the son of Rekab] ruled the region named Beth-Hakkerem.  Malkijah repaired the gate-Dung. Malkijah put the doors in that gate. And Malkijah put bars on that gate [so that people could lock those doors].	Nehemiah
1 Samuel 5:5	Today Dagon's priests and other people [who enter the temple [that is at Ashdod]] still do not step on the ground [that is near the door].	1_Samuel
Nehemiah 12:35	Priests [who carried instrument/trumpets] also followed Hoshaiah and those leaders. Zechariah also followed Hoshaiah and those leaders. Zechariah was a son of Jonathan [who was a son of Shemaiah]. Shemaiah was a son of Mattaniah [who was a son of Micaiah]. And Micah was a son of Zakkur [who was a son of Asaph].	Nehemiah
Genesis 32:32	Therefore today the Israelites do not eat the muscle [that is on the hip of animals] [because God touched Jacob's hip].	Genesis
2 Samuel 2:3	David also brought the men [that were with David]. And those men brought those men’s families. Then those men built houses in Hebron and in the towns [that were near Hebron].	2_Samuel
Mark 10:3	(paragraph) Jesus asked those Pharisees, ["Which law [(implicit-situational) that is about this problem] did Moses write-F in God's _implicit laws/Law?"]	Mark
1 Samuel 14:52	Saul fought against the Philistines for many years. [Whenever Saul saw a strong man or a brave man,] Saul forced [that man to become a soldier for Saul's army].	1_Samuel
Matthew 18:6	(title) Jesus warns-C Jesus's followers/disciples _implicit about sins. _paragraph It is-V terrible [a person is thrown by people _implicitActiveAgent into the sea with a heavy stone [that is tied around that person's neck by people _implicitActiveAgent]] [and a person drowns]. But the things [that will happen to a person [who causes [one of these children [who believe in me(Jesus)] to sin]]] will be more terrible.	Matthew
Mark 11:13	And Jesus saw a tree-fig [that had leaves] [and that was far from Jesus]. So Jesus went to that tree-fig [in-order-to find-out [fruit were on that tree-fig] [or fruit were not on that tree-fig]]. But [after Jesus came to that tree-fig,] Jesus saw only leaves. (implicit-situational) There was not fruit on that tree-fig. For the season [when figs grow] did not begin yet _implicit.	Mark
Nehemiah 3:20	A man named Baruch [who was a son of Zabbai] eagerly repaired the next part of the wall. That part of the wall led from the corner of the wall to the door of Eliashib’s house. Eliashib was the chief priest.	Nehemiah
Joshua 19:24	(title) Yahweh gives land to the tribe named Asher. [After the Israelites used the lots again] Yahweh gave the fifth region to the tribe named Asher. Each group of families [that were in that tribe] received land.	Joshua
Acts 16:28	But Paul shouted to the chief guard of the prison, [“You(guard) don't (imp) kill yourself(guard). We(prisoners) are all still in this prison!"]	Acts
Matthew 23:32	So now _implicit you(scribes) (imp) finish doing/fulfill the evil _implicit things [that your(scribes') parents/ancestors started doing]!	Matthew
Joshua 12:8	The Israelites owned the mountains, the western mountains, and the valley-Jordan. And the Israelites also owned the land [that was near the eastern mountains], the desert, and southern Canaan. Previously the Hittites, Amorites, Canaanites, Perizzites, Hivites and Jebusites lived in that land. The Israelites defeated the following kings and the kings' cities.	Joshua
Matthew 27:37	The soldiers put a sign-C _implicitNecessary above Jesus's head on the cross _implicit . And the reason [that Jesus was on that cross for] was written on that sign-C by people _ImplicitActiveAgent. That sign-C said-E, ["This man is Jesus [_descriptive who is the king of the Jews _RealmofAuthority]"].	Matthew
Genesis 36:37	[After Samlah died] a man named Shaul became the king. Shaul was born in a city named Rehoboth [which is near the river named Euphrates].	Genesis
Genesis 5:9	Enosh had a son [when Enosh was 90 years old].  Enosh named this son Kenan.	Genesis
Genesis 24:14	I(servant) will say to a woman [who comes to this spring], ["Please you(woman) (imp) give water [that is in your(woman's) jar] to me(servant)]"]. [If you(Yahweh) want [me(servant) to take this woman to Isaac]] the woman must say, ["You(servant) (imp) drink the water]. and I(woman) will also give water to your(servant's) camels."  [If the woman says those words] I(servant) will know [that you(Yahweh) chose that woman for your(Yahweh's) servant named Isaac]. and I(servant) will know [that you(Yahweh) were kind to my(servant's) master]".	Genesis
Nehemiah 10:37	We(people) will also bring the first flour [that we(people) break into little pieces], our(people's) offering-grain, the first fruit of our(people's) trees, the first wine [that we(people) produce], and the first oil-olive [that we(people) produce] to the rooms/storerooms of the house of our(people's) God and to the priests in each year. We(people) will bring one of our(people's) crops to the people [who are in the tribe named Levi] [because those people/Levites collect these things in all the towns [where we(people) work]].	Nehemiah
Joshua 5:2	Joshua (title) circumcises the Israelites. At that time Yahweh said to Joshua, ["You(Joshua) (imp) make knives with flint stones]. And (imp) you(Joshua) circumcise the Israelites again."	Joshua
Genesis 4:10	Then God said, ["What did you(Cain) do?]  The blood of your(Cain's) brother is on the ground.  The blood of your(Cain's) brother is crying to me(God).	Genesis
Matthew 21:15	The chief priests and the scribes saw the wonderful things [that Jesus did]. And those chief priests and those scribes heard [children shouting in the yard/courtyard of the building/temple]. Those children were shouting, ["You(people) (imp) praise the Son-of-David!"] So those chief priests and those scribes became upset.	Matthew
Daniel 3:6	I(official) will punish all people [who do not worship the statue]. My(official's) servants will immediately throw those people into a very hot fire."	Daniel
Daniel 2:23	Then Daniel prayed to God. Daniel said to God, ["God, I(Daniel) thank you(God)]. I(Daniel) honor you(God). You(God) are the God of my(Daniel's) fathers. You(God) have given wisdom and courage to me(Daniel). You(God) have shown the king's dream to me(Daniel). And you(God) have explained the king's dream to me(Daniel)."	Daniel
Matthew 14:5	So Herod wanted [to kill John]. But Herod was afraid of the people [because the people thought [John was a prophet]].	Matthew
Acts 3:19	Therefore you(people) (imp) repent. You(people) (imp) return to God. Then God will take-away your(people's) sins.	Acts
Mark 10:48	(paragraph) Many people told Bartimaeus [the thing [that Bartimaeus was doing] was bad]. And those people told Bartimaeus [Bartimaeus to become quiet]. But Bartimaeus started shouting more loudly, ["Son of King _implicit David, you(Jesus) (imp) be kind/merciful to me(Bartimaeus)!"]	Mark
Genesis 5:23	Therefore Enoch lived for 365 years.	Genesis
1 Samuel 4:4	So the leaders sent some men to Shiloh. And those men brought Yahweh-Almighty's Ark-of-the-Covenant to the place [where the Israelites were camping]. Eli's two sons named Hophni and Phinehas traveled with the Ark-of-the-Covenant. Yahweh was between the two angels [that were on the Ark-of-the-Covenant].	1_Samuel
Matthew 19:7	_paragraph Those Pharisees asked, ["Then-D why did Moses say [a man must give that man's wife a document _inLDV [that says [that woman will not continue to be that man's wife]] [before a man may send that man's wife from that man]]?"]. (footnote) You(people) (imp) see Deuteronomy 24:1.	Matthew
Matthew 2:19	(title) Joseph and Joseph’s family return to Nazareth. (paragraph) Then [after Herod died,] an angel of the Lord appeared in a dream to Joseph [while Joseph was still _implicit in Egypt].	Matthew
Daniel 4:4	One day I(Nebuchadnezzar), Nebuchadnezzar, was in my(Nebuchadnezzar's) palace. I(Nebuchadnezzar) was comfortable. And I(Nebuchadnezzar) was happy.	Daniel
1 Samuel 11:6	[When Saul heard about Nahash’s plan] God’s Spirit entered Saul. And God gave Saul much power. Then Saul became very angry.	1_Samuel
Genesis 42:11	We(brothers) are brothers. And We(brothers) are honest. We(brothers) are not spies."	Genesis
Matthew 21:17	_paragraph Then Jesus left those priests and those scribes. Jesus left the city _frameInferable [in order to go to Bethany named the village _implicitExplainName]. And Jesus slept there.	Matthew
Daniel 5:29	Then Belshazzar ordered [the servants of Belshazzar to put purple clothes on Daniel]. And the servants put a gold necklace on Daniel's neck. The king declared [that Daniel was the third ruler in the kingdom].	Daniel
Nehemiah 7:71	Some of the leaders of the families gave 170 kilograms of gold and 1200 kilograms of silver to the temple treasury.	Nehemiah
Ruth 2:1	Ruth (title) meets Boaz. Naomi had a relative named Boaz. Boaz was in Elimelech's family/clan. People respected Boaz much. Boaz (implicit-info) lived in Bethlehem.  And (implicit-info) Boaz was rich.	Ruth
Matthew 9:29	_paragraph Then Jesus touched those men's eyes. (complex) And Jesus said, ["You(men) are healed by me(Jesus) _implicitActiveAgent because of your(men's) faith"]. (simple) And Jesus said, ["You(men) are healed by me(Jesus) _implicitActiveAgent [because you(men) believe in me(Jesus) _implicit]."]	Matthew
1 Samuel 2:12	(title) The sons of Eli are bad.  Eli’s sons were evil men. Those sons did not respect Yahweh.	1_Samuel
Nehemiah 5:16	Instead I(Nehemiah) repaired this wall. And the people [who were with me(Nehemiah)] also repaired the wall. And we(Nehemiah) did not buy land.	Nehemiah
1 Samuel 24:18	Today you(David) proved to me(Saul) [that you(David) treat me(Saul) kindly]. Yahweh brought me(Saul) to you(David). But you(David) did not kill me(Saul).	1_Samuel
Genesis 28:17	Then Jacob was afraid. and Jacob said, ["I(Jacob) am afraid of this place!] This place is certainly the house of God.  And this place is the gate of heaven."	Genesis
1 Samuel 17:55	[While Saul was watching [David walk toward Goliath]] Saul asked Abner, ["Abner, who is that young man’s father?]" Abner was the leader/commander of Israel’s army.  Abner answered, ["My(Abner's) king, I(Abner) do not know that young man’s father]."	1_Samuel
Genesis 32:7	Then Jacob became very afraid. -Implicit Jacob thought [that Esau wanted [to kill Jacob]]. So Jacob divided the people [that were with Jacob] and the animals [that were with Jacob] into 2 groups.	Genesis
Acts 1:1	-Title Luke writes another book. Theophilus, the first book [that I(Luke) wrote] was about all the things [that Jesus did] and all the things [that Jesus taught].	Acts
Genesis 24:21	The servant watched [Rebekah pouring water for the camels]. but the servant did not speak. The servant waited [until the servant knew that [Yahweh had chosen this woman]].	Genesis
Matthew 16:20	Then Jesus warned Jesus's followers/disciples [ not to tell people _generic [Jesus is the Christ]].	Matthew
Acts 18:7	Then Paul went to a house [which belonged to Titius Justus.] Titius Justus was a man [who honored God]. That house was next to the Jewish Church.	Acts
Nehemiah 3:8	A man named Uzziel repaired the next part of the wall.  Uzziel was the son of Harhaiah.  Uzziel made things with gold. Another man named Hananiah repaired the next part of the wall. Hananiah made oil [that smelled good]. That part of the wall went to the wall-Broad.	Nehemiah
1 Samuel 8:15	The king will take .1 of your(people’s) grain and .1 of your(people) grapes. Then the king will give that grain and those grapes to the king's officers and the king's servants.	1_Samuel
Nehemiah 13:2	Moses wrote that law [because the Moabites and the Ammonites did not give food and water to the people of Israel]. Instead the Moabites and the Ammonites paid a man named Balaam [so that Balaam would pray/curse [that bad things would happen to the people of Israel]]. ( But our(Israelites) God caused [Balaam to pray [that good things would happen to the people of Israel]]. )	Nehemiah
Mark 14:3	(paragraph) Jesus was in Bethany at the house of Simon [who previously _implicit had a terrible skin disease]. [While Jesus and Jesus's disciples _implicit were lying/reclining at the table _frameInferable _implicit [(implicit-situational) in-order-to eat a meal],] a woman came to Jesus _implicit. That woman was holding a container/jar of _madeOf beautiful white and yellow stone. That container/jar contained very expensive perfume of _madeof the pure oil-A [that people get from a plant named nard]. That woman broke that container/jar of the top _implicitType [(implicit-situational) so that that perfume could pour-out from that container/jar easily]. And that woman poured that perfume on Jesus's head [(implicit-situational) in-order-to honor-A Jesus].	Mark
Esther 4:4	Esther's servants told Esther [that Mordecai was very sad]. The servants also told Esther [that Mordecai was wearing clothes [that were made of sackcloth]]. Then Esther also was very sad. Esther told [Esther's servants to take new clothes to Mordecai]. But Mordecai refused [to wear those clothes].	Esther
Joshua 19:8	The tribe named Benjamin also owned all of the small villages [that were near Baalath-Beer]. ( People called Baalath-Beer Ramah. Ramah was in the desert-Negev. ) So Yahweh gave land to the people [who were in the tribe named Simeon]. Each group of families received land.	Joshua
Genesis 28:21	Then I(Jacob) will be able [to return to the house of the father of me(Jacob)]. [If Yahweh does these things] Yahweh will be the God of me(Jacob).	Genesis
Joshua 9:6	Then those men went to Joshua [who was in the camp [that was near Gilgal]].Those men said to Joshua and to the Israelites, ["We(men) traveled from a country [that is far from this place]]. (imp) You(Israelites) make a treaty with us(men)."	Joshua
1 Samuel 28:11	Then the woman asked Saul, ["Who do you(Saul) want [me(woman) to talk to]]?" Saul answered, ["You(woman) (imp) talk to Samuel]."	1_Samuel
Genesis 1:23	God did these things on the fifth day.	Genesis
Nehemiah 7:61	The following men were from the towns named Tel-Melah, Tel-Harsha, Kerub, Addon, and Immer. These men came to Judah. But these men were not able [to prove [that these men’s families were Israel’s descendants]].	Nehemiah
Joshua 23:7	Some people [who are not Israelites] are still living among you(Israelites). Those people worship those people's gods. (imp) You(Israelites) do not make treaties with those people. And (imp) You(Israelites) do not pray to those people's gods.  You(Israelites) must not serve those gods.  And you(Israelites) must not worship those gods.	Joshua
Genesis 26:23	Then Isaac traveled from that place to Beersheba.	Genesis
Daniel 10:12	Then the man said to me(Daniel), ["Daniel, you(Daniel) (imp) do not be afraid]. You(Daniel) became humble. And you(Daniel) wanted [to understand things]. [When you(Daniel) prayed] God heard your(Daniel's) words. So I(man) have come [in order to tell you(Daniel) about the things [that God said]].	Daniel
Genesis 31:29	I(Laban) am able [to treat you(Jacob) badly]. but yesterday the God of your(Jacob's) father spoke to me(Laban). God warned me(Laban) [to not treat you(Jacob) badly].	Genesis
2 Samuel 5:12	Then David knew [that Yahweh caused [David to become the king of Israel]]. And David knew [that Yahweh caused [Israel to become an important country]]. Yahweh did those things [because the Israelites were Yahweh's people].	2_Samuel
Matthew 9:11	(rhetorical) [When the Pharisees saw [those people eating],] the Pharisees asked Jesus’s disciples, ["Why does your(disciples') teacher eat a meal _implicit with people [who collect taxes] and people [who do _routinely sins]?"] (statement) [When the Pharisees saw [those people eating],] the Pharisees said to Jesus’s disciples, ["Your(disciples') teacher should not eat a meal _implicit with people [who collect taxes] and people [who do _routinely sins]."]	Matthew
Matthew 8:28	(title) Jesus forces [evil spirits/demon to leave 2 men]. (paragraph) [After Jesus and the followers/disciples _implicit arrived in the area/region of Gadara [ _descriptive which was on the other side of the lake _implicit],] 2 men [who were controlled by evil spirits/demons] came out from the holes/caves [that people put dead bodies at] to Jesus. Those men were very violent. So no person was able [to go on the road [(implicit-situational) that was there]]. (footnote) Some manuscript of this part of the Scriptures use the word Gergesenes or the word Gerasenes [in order to describe the place [that Jesus went to]].	Matthew
Esther 1:2	King Xerxes lived in Xerxes' palace [that was in a city named Susa].	Esther
Nehemiah 7:31	122 men [that were from Mikmash] returned.	Nehemiah
Mark 12:38	(title) Jesus warns-C people about the scribes. (paragraph) [While Jesus was teaching-B God's message _implicit,] Jesus also _implicit said, ["(literal) You(people) (imp) watch-out for the scribes] ["(dynamic) You(people) (imp) do not act [just-like the scribes act]]. (implicit-situational) Those people/scribes want [all people to think [those people/scribes are important]]. Those people/scribes like-B [to wear expensive, beautiful clothes [while those people/scribes walk in front of people _implicit]]. And those people/scribes like-C [people _generic to greet those people/scribes respectfully in the markets].	Mark
Joshua 3:8	The priests will carry the ark-of-the-covenant. You(Joshua) (imp) say to those priests, ["You(priests) (imp) go to the edge of the Jordan River]. Then you(priests) (imp) stand in the water.""	Joshua
Mark 12:13	(title) The Pharisees ask Jesus about taxes. (paragraph) Then those priests, those people/scribes, and those older leaders sent-A some Pharisees and some people [who supported King _implicit Herod] to Jesus. Those priests, those people/scribes, and those older leaders wanted to trick Jesus [so that Jesus would say a thing-C [that will cause [Jesus to have trouble]]].	Mark
Mark 7:19	For that thing [(implicit-situational) that goes into a person from outside] does not go into that person's heart . Instead, that thing goes into that person's stomach. Then that thing go-out from that person's body ." (comment-begin) Thus Jesus _implicitNecessary said/declare [all kinds of food are religiously _implicit clean/clean-B]. (comment-end)	Mark
Genesis 10:15	Canaan had sons named Sidon and named Heth.  Sidon was Canaan's firstborn son.	Genesis
1 Samuel 3:16	But Eli called Samuel.  And Eli said to Samuel, ["Samuel]. My(Eli's) son!" Samuel answered, ["I(Samuel) am at this place]."	1_Samuel
Genesis 38:3	Then this girl became pregnant. and the girl birthed a son. Judah named this son Er.	Genesis
Acts 1:3	[After Jesus died] God raised Jesus.  Then Jesus showed the apostles [that Jesus was alive].  Jesus proved to the disciples many times [that Jesus was alive].  [After Jesus was raised by God] Jesus was on the earth for 40 days.  The apostles saw Jesus many times during those 40 days.  And Jesus spoke to the disciples about God’s kingdom during those 40 days.	Acts
Nehemiah 4:22	At that time I(Nehemiah) also said to the people, ["Each man and each person [that helps that man] must stay in Jerusalem during the night]. Then those people will guard the city during the night. And those people will work during the day."	Nehemiah
Joshua 19:9	The land [that Yahweh gave to the tribe named Simeon] was part of the land [that Yahweh gave to the tribe named Judah]. The tribe named Judah owned a lot of land. The people [who were in the tribe named Judah] did not need all of that land. So the tribe named Simeon received part of that land.	Joshua
Genesis 50:22	Joseph stayed in Egypt for many years. And Jacob's family also stayed in Egypt. Joseph died [when Joseph was 110 years old].	Genesis
Daniel 10:17	Lord, I(Daniel) am your(Lord's) servant. I(Daniel) am not important. I(Daniel) have become weak. And I(Daniel) am very afraid. I(Daniel) am not able [to speak to you(Lord)]."	Daniel
Mark 16:3	And those women were asking each-other(women), ["Who will move-B the stone [that is in-front-of the entrance of the hole/tomb] for us(women) _incl?"]	Mark
Nehemiah 7:60	392 men [that served in the temple] [and that were descendants of Solomon’s servants] returned.	Nehemiah
Nahum 3:9	A country named Cush and a country named Egypt protected Thebes. A country named Put and a country named Libya also helped Thebes.	Nahum
Acts 3:18	But God kept God's promise. Through all of the prophets God declared [that the Christ of God should suffer].	Acts
Acts 16:40	But [when Paul and Silas came out of the prison], Paul and Silas went to Lydia's house. Paul and Silas saw some of the people [who believe in Jesus] at Lydia’s house. And Paul and Silas encouraged those people. Then Paul and Silas left that city.	Acts
1 Samuel 18:2	[After David killed Goliath] Saul forced [David to stay near Saul]. Saul did not allow [David to return to David's father's house].	1_Samuel
Mark 12:6	(paragraph) That man had only one more person [(implicit-situational) whom that man was able-B [to send-A to those people/farmers]]. And that person was that man's son [ _descriptive whom that man loved]. So finally that man sent-A that man's son to those people/farmers _implicit. For that man thought, ["Those people/farmers will certainly respect my(man's) son"].	Mark
Matthew 22:25	(implicit-situational) You(Jesus) (imp) think/consider the following story/parable. There were 7 brothers-C [who were among us(Jews) _incl]. The first brother-A married a woman _implicitNecessary. But that brother-A died [before that brother-A had-J a child]. So that brother's-A brother-B married that woman.	Matthew
2 Samuel 13:2	[Although Amnon was Tamar’s brother] Amnon wanted [to sex Tamar] much. Amnon became sick [because Amnon was always thinking about Tamar]. Tamar was a virgin. [Although Amnon wanted [to sex Tamar]] Amnon knew [that Amnon must not sex Tamar].	2_Samuel
Genesis 9:8	Then God spoke again to Noah and Noah's sons.	Genesis
1 Samuel 15:10	Then Yahweh spoke to Samuel.	1_Samuel
Mark 13:23	So you(followers) (imp) watch-out for these things _implicit [that will happen]. I(Jesus) am telling-C you(followers) about all of these things now _implicit [before these things happen].	Mark
2 Samuel 1:13	Then David talked to the young man [that told David about Saul]. David asked that man, ["Where are you(man) from?"]That man answered, ["I(man) am the son of a foreigner]. I(man) am an Amalekite."	2_Samuel
Nehemiah 12:12	During the time [when Joiakim was living] the following men were the leaders of the families of the priests. Meraiah was the leader of the family of Seraiah. Hananiah was the leader of the family of Jeremiah.	Nehemiah
Nehemiah 12:11	Joiada was the father of Jonathan. And Jonathan was the father of Jaddua.	Nehemiah
1 Samuel 20:3	But David said to Jonathan, ["Your(Jonathan's) father knows [that I(David) am your(Jonathan's) friend]]. So your(Jonathan's) father said to your(Jonathan's) father, ["I(Saul) will not tell Jonathan about my(Saul's) plans]. [If Jonathan knows [that I(Saul) want [to kill David]]] then Jonathan will be very sad.  And Jonathan (implicit) will warn David about me(Saul)." But I(David) know [that I(David) might die soon]."	1_Samuel
Matthew 13:55	(yesrhetorical) Is this man the son of a carpenter? (statement) This man is the son of a carpenter. (yesrhetorical) Is this man Mary's son and the brother-A of James, Joseph, Simon and Judas? (statement) This man is Mary's son and the brother-A of James, Joseph, Simon and Judas.	Matthew
1 Samuel 19:6	Saul listened to Jonathan. Then Saul promised Jonathan [that Saul would not kill David]. Saul said, ["I(Saul) promise you(Jonathan) [that I(Saul) will not kill David]]."	1_Samuel
Jonah 4:4	But Yahweh said, ["You(Jonah) should not be angry]."	Jonah
Joshua 4:22	You(Israelites) (imp) tell your(Israelites') children, ["The Israelites went across the Jordan River on dry land at this place].	Joshua
Genesis 44:10	Then the servant said, ["I(servant) will look for the cup].  But only the man [who took the cup] will become my(servant's) slave. The other brothers may leave."	Genesis
Matthew 25:4	The wise young women brought those young women's lamps. And the wise young women brought extra _implicit oil [that was in containers/jars].	Matthew
1 Samuel 18:17	(title) Saul allows [David to marry Saul's daughter].  One day Saul said to David, ["You(David) are a very brave soldier]. And you(David) fight battles for Yahweh. So I(Saul) will let [you(David) marry my(Saul's) oldest daughter named Merab]." But Saul was thinking, ["I(Saul) will not kill David]. I(Saul) will let [the Philistines kill David]!"	1_Samuel
Matthew 5:4	People [who cry/mourn-B now _implicit] are blessed by God _implicitActiveAgent. For those people will be comforted by God _implicitActiveAgent .	Matthew
2 Samuel 22:13	God’s bright light was shining. Lightning came from God.	2_Samuel
Matthew 13:41	The Son-of-Man _1stAs3rd will send the Son-of-Man's _1stAs3rd angels. (complex) And those angels will throw-B out of the Son-of-Man's _1stAs3rd kingdom-B all the things [that cause sin] and all the people [who do evil things]. (simple) And those angels will throw-B out of the place [where the Son-of-Man _1stAs3rd rules the Son-of-Man's _1stAs3rd people] all the things [that cause sin] and all the people [who do evil things].	Matthew
Daniel 3:15	You(men) will hear again the sound of instruments. [When you(men) hear this sound] will you(men) bow to the statue? Will you(men) worship the statue [that I(Nebuchadnezzar) have made]? [If you(men) do not honor the statue] my(Nebuchadnezzar's) servants will immediately throw you(men) into a very hot fire. No god will be able [to save you(men) from my(Nebuchadnezzar's) authority]."	Daniel
Matthew 12:9	_paragraph Jesus left that place. And Jesus went into the synagogue of that town _implicit.	Matthew
Matthew 15:2	(rhetorical) And those Pharisees and those people/scribes asked Jesus, ["Why do your(Jesus's) followers/disciples not obey the religious _implicit customs/traditions of our(Jews') older leaders?] (statement) And those Pharisees and those people/scribes said to Jesus, ["Your(Jesus's) followers/disciples do not obey the religious _implicit customs/traditions of our(Jews's) older leaders]. Your(Jesus's) followers/disciples do not wash those followers'/disciples' hands [before those followers/disciples eat food _implicit]!"	Matthew
Matthew 24:32	_paragraph You(followers) (imp) learn-A the following lesson [by thinking/consider _implicitNecessary about the tree-fig _frameInferable]. [When the tree-fig's branches become green and soft] [and when new _implicit leaves start to grow,] you(followers) know [summer will begin soon].	Matthew
Genesis 7:1	[After Noah finished building the boat] God said to Noah, ["I(God) know [that you(Noah) are the only good man [who is living on the earth]]].  Therefore you(Noah) (imp)  enter the boat.  You(Noah) (imp) bring your(Noah's) family into the boat.	Genesis
Titus 1:2	Those people expect [to live forever with God]. [Before time began] God promised [that God's special people would live forever with God]. And God always says true things.	Titus
Acts 3:11	Peter (title) speaks to the people. The man held Peter and John. The things [that all the people saw] surprised all the people greatly. And all the people ran toward Peter and John [who were standing in a porch]. The people called that porch Solomon's Colonnade.	Acts
Mark 11:32	But we(priests) should not say, ["John's authority _implicitNecessary came from people"]." (comment-begin) Those chief priests, those people/scribes, and those older leaders were afraid of the crowd. For all _hyperbolic of the people _frameInferable thought-C [John was a prophet of God _implicit]. (implicit-situational) And the crowd might become angry with those priests, those people/scribes, and those older leaders [if those chief priests, those people/scribes, and those older leaders said [John's authority came from people]]. (comment-end)	Mark
Genesis 10:3	Gomer had sons named Ashkenaz, named Riphath, and named Togarmah.	Genesis
1 Samuel 15:24	Then Saul said to Samuel, ["I(Saul) sinned]. I(Saul) did not obey Yahweh’s commands. And I(Saul) did not do the things [that you(Samuel) told me(Saul) [to do]]. I(Saul) was afraid of the soldiers. So I(Saul) did the things [that the soldiers wanted [me(Saul) to do]].	1_Samuel
Matthew 25:19	_paragraph After many days the master-A of those servants-B returned. And that master-A asked [those servants to tell that master the amount of money [that those servants-B earned for that master]].	Matthew
Matthew 23:27	_paragraph People [who teach the religious laws] and Pharisees, people [who pretend [to be good/righteous]], you(scribes) will much suffer! You(scribes) are-U like a white stone _madeOf structure [that people put a dead body into] . The outside of that structure/tomb looks-B beautiful. But the inside of that structure/tomb is full of a dead person's bones and dirty things-A.	Matthew
Daniel 11:35	Some wise people will die. [After those people die] God's people will be pure [until the world ends]. God has already chosen the time [that the world will end].	Daniel
1 Samuel 30:3	[When David and the men [who were with David] arrived at Ziklag], David and those men saw [that the town was burned]. And David  and those men saw [that people take away David and those men's wives, sons, and daughters].	1_Samuel
2 Samuel 18:32	Then the king asked that man, ["Is the young man named Absalom healthy?]"That man answered, ["I(man) hope [that all of your(David's) enemies will be like that young man]]. And I(man) hope [that all of the people [who want to hurt you(David)] will be like that young man]."	2_Samuel
Matthew 24:17	A person [who is on the roof of that person's house _implicit] must not go into that person's house [in-order-to get a thing]. (implicit-situational) Instead, that person must run-away quickly to the mountains.	Matthew
Daniel 2:21	God controls time. And God controls the seasons. God appoints kings. And God takes away power from kings. Only God gives wisdom to people.	Daniel
Nehemiah 7:56	The temple servants were also descendants of  Neziah and Hatipha.	Nehemiah
Nehemiah 9:24	So the children of those people went into this land. And those children took this land from the people _implicitArgument [who were living here]. You(Yahweh) defeated the Canaanites [who (implicit) were living in this land]. You(Yahweh) allowed [those people to defeat the Canaanites].  You(Yahweh) also allowed [those people to defeat the Canaanites' kings and the people [who were living in this land]]. Then those people were able_B [to do the things [that those people wanted [to do]] to the Canaanites].	Nehemiah
Joshua 1:1	(title) God speaks to Joshua. Moses served Yahweh. A man named Joshua helped Moses. Joshua was the son of a man named Nun. [After Moses died] Yahweh spoke to Joshua.	Joshua
Joshua 4:17	So Joshua commanded the priests, ["You(priests) (imp) come from the Jordan River."]	Joshua
Joshua 19:28	Then the border went to the towns named Abdon, Rehob, Hammon, Kanah, and Greater-Sidon.	Joshua
Ruth 2:11	Boaz answered Ruth, ["People told me(Boaz) about all of the things [that you(Ruth) did for your(Ruth’s) mother-in-law [after your(Ruth’s) husband died]]]. You(Ruth) left your(Ruth’s) father, your(Ruth’s) mother, and the land [that you(Ruth) were born in]. And you(Ruth) came to this land [in order to live with people [that you(Ruth) did not know]].	Ruth
Acts 20:14	[When we(disciples) found Paul in Assos], entered that ship [that we(disciples) were traveling on]. And we(disciples) traveled to the city named Mitylene.	Acts
Mark 12:29	(paragraph) Jesus answered, ["The following command/commandment is the most important command/commandment:] Israel-A of people _implicitType _generic, you(person) (imp) listen. The Lord-A [who is our(people's) God] is the only Lord-A.	Mark
Mark 9:35	(paragraph) Then Jesus sit-down [(implicit-situational) in-order-to teach-B a lesson to those followers/disciples]. Jesus called-A the 12 followers/disciples. And Jesus said to those followers/disciples, ["[If a person wants [to be the most important person],] that person must become-J the least important person]. That person must serve all other _implicit people."	Mark
Mark 15:44	Pilate was surprised _Adj [when Pilate heard [Jesus was already dead]]. So Pilate called the Roman officer [(implicit-situational) who was with Jesus]. And Pilate asked-F that Roman officer [Jesus was already dead] [or Jesus was still alive] .	Mark
Acts 20:34	You(leaders) know [that I(Paul) worked hard [in order to earn money [so that I could buy the things [that I(Paul) need] [and the things [that my(Paul's) friends need]]]].	Acts
Matthew 24:21	For people _implicitNecessary will much suffer in those days. People _implicitNecessary never suffered [since God made/created the earth] [more-than _Adp people _implicitNecessary will suffer in those days]. And people _implicitNecessary will never again suffer [more-than people _implicitNecessary will suffer in those days].	Matthew
Nehemiah 12:3	Shekaniah, Rehum, Meremoth,	Nehemiah
Joshua 15:33	Yahweh also gave towns [that were on the western side of the mountains] to the tribe named Judah. So the tribe named Judah owned the towns named Eshtaol, Zorah, and Ashnah.	Joshua
Daniel 8:7	I(Daniel) saw [the goat attacking the male sheep]. The goat was very angry at the male sheep. The goat hit the male sheep. And the goat broke the male sheep's two horns. Then the male sheep became weak. The goat knocked down the male sheep. And the goat walked on the male sheep. No person was able [to save the male sheep from the goat].	Daniel
Genesis 46:34	You(family) (imp) tell the king, ["We(family) are your(king's) servants]. We(family) care for livestock. Our(family's) ancestors also cared for livestock." Then the king will allow [you(family) to live in Goshen]. Goshen is not close to the places [where the Egyptians live]. The Egyptians do not like [to be near shepherds]."	Genesis
Mark 6:24	(paragraph) Herodias's daughter left that place _implicit. And Herodias's daughter asked-E that daughter's mother, ["What should I(daughter) ask-B to Herod _implicit?"] (paragraph) Herodias answered, ["You(daughter) _implicitNecessary (imp) ask-B _implicitNecessary the head of John the Baptist to Herod _implicit"].	Mark
Matthew 13:53	(title) Jesus is a prophet [that some people do not honor]. _paragraph [After Jesus finished telling these stories/parables,] Jesus left that place.	Matthew
1 Samuel 19:5	David killed the Philistine named Goliath. David might have died [when David fought Goliath]. But Yahweh defeated Goliath for all of the people [who are in Israel]. You(Saul) saw [David kill Goliath]. And you(Saul) were happy. Why are you(Saul) planning [to hurt David] now? David did not do bad things. So you(Saul) should not kill David!"	1_Samuel
Daniel 6:8	Now you(king) must write this law. Then you(king) must write your(king's) name on this law. All the people [who live in Media and in Persia] must do all the things [that this law says]. No man will be able [to change this law]."	Daniel
1 Samuel 14:22	And all of the Israelites [who were hiding in the mountains] heard [that the Philistines were run-away]. So those Israelites also started chasing the Philistines.	1_Samuel
Joshua 7:3	Later those men returned to Joshua. And those men said to Joshua, ["There are only a few men [who are living in Ai]]. So all of the Israelites do not need [to fight those people]. (imp) You(Joshua) send about 3000 men [in-order-to fight those people]."	Joshua
Genesis 7:14	All kinds of wild animals, livestock, animals [that crawl on the ground], and birds entered the boat with Noah.	Genesis
1 Samuel 13:2	Saul chose 3000 men [who were living in Israel]. 2000 of those men were with Saul at Mikmash. Mikmash was in the mountains [that were in the region named Bethel]. And 1000 of those men were with Jonathan at Gibeah. Gibeah was in the region [that the tribe named Benjamin owned]. Saul told [all of the other men to return to the men's houses].	1_Samuel
Genesis 30:41	Jacob also did the following thing.  [When the strong animals sex each-other(animals)] Jacob put the branches in-front-of those animals.	Genesis
1 Samuel 6:5	So you(Philistines) (imp) make gold sores/tumors.  And you(Philistines) (imp) make gold rats [that are like the rats [that are destroying our(Philistines’) country]].  You(Philistines) (imp) give those things to the Israelites’ god [in order to honor the Israelites’ god]. Perhaps the Israelites’ god will stop punishing you(Philistines), your(Philistines’) gods, and your(Philistines’) land.	1_Samuel
Genesis 45:28	Jacob said, ["Now I(Jacob) believe all the things [that you(brothers) said to me(Jacob)]]. My(Jacob's) son named Joseph is still living! and I(Jacob) will see Joseph again [before I(Joseph) die]."	Genesis
Acts 15:36	Paul (title) and Barnabas disagreed with each-other (Paul and Barnabas). After some time, Paul said to Barnabas, ["Let (imp) us(apostles) return to all the towns [where we(apostles) told people the message of the Ruler] [in order to visit the people [who believe in Jesus]. Let (imp) us(apostles) see if those people are living well."]]	Acts
Mark 10:26	(paragraph) Those followers/disciples became more surprised/amazed. (rhetorical) And those followers/disciples said to each-other(followers), ["Then-D who is able-B [to be saved-A by God _implicitActiveAgent]?"] (statement) And those followers/disciples said to each-other(followers), ["Then-D perhaps people are not able-B [to be saved-A by God _implicitActiveAgent]"].	Mark
1 Samuel 31:13	Then those soldiers buried the bones under a tree at Jabesh.  And those people did not eat for 7 days [so that those people could pray].	1_Samuel
Genesis 47:1	-Title Jacob lives in a region named Goshen. [After Joseph finished talking to Jacob and Joseph's brothers] Joseph went to the king. and Joseph said to the king, ["My(Joseph's) father and my(Joseph's) brothers arrived from Canaan].  My(Joseph's) father brought all my(Joseph's) father's livestock and all the things [that my(Joseph's) father owns]. My(Joseph's) father and my(Joseph's) brothers are in Goshen now."	Genesis
Genesis 42:27	[after the sun set] the brothers stopped traveling. Then one brother opened the brother's bag [in-order-to obtain food for the brother's donkey]. Then that brother saw the money in the brother's bag.	Genesis
2 Samuel 12:21	David’s servants asked David, ["Why are you(David) eating now?] And why did you(David) put on clean clothes? [While the baby was alive] you(David) did not eat [so  that you(David) could pray]. And you(David) cried/wept. But [after the baby died] you(David) stood up. And now you(David) are eating food!"	2_Samuel
Matthew 27:57	(title) Jesus is buried by Joseph of Arimathea _implicitActiveAgent. _paragraph In-E the evening a certain rich man named Joseph [who was from Arimathea of the town _ExplainName,] came to the place _implicit [that those events had happened at]. Joseph had also become a follower/disciple of Jesus.	Matthew
Acts 17:24	The God [who made the world] [and who made everything [that is in the world]] is the Lord of heaven. And this God is the lord of the world. And this God does not live in houses [which human hands built].	Acts
Genesis 50:17	Your(Joseph's) father said to us(brothers), ["You(brothers) (imp) say these things to Joseph].  I(father) am asking [you(Joseph) to forgive your(Joseph's) brothers].  You(brothers) did bad things to you(Joseph).  And your(Joseph's) brothers treated you(Joseph) badly."  Joseph, you(Joseph) (imp) please forgive us(brothers). We(brothers) are servants of the God of your(Joseph's) father." [After Joseph heard this message] Joseph cried/wept.	Genesis
Matthew 27:55	_paragraph Many women were there. Those women were watching these events _implicit from a place [that was far from that cross _implicit]. Those women had followed-A Jesus from Galilee [in order to care for Jesus].	Matthew
Genesis 19:26	[While Yahweh was destroying the cities] Lot's wife turn-around [in-order-to see Sodom and Gomorrah].  and Lot's wife looked at the 2 cities. Then Lot's wife became a pillar -composed-of salt.	Genesis
2 Samuel 6:21	Then David said to Michal, ["I(David) danced in front of Yahweh [in order to honor Yahweh]]. Yahweh chose me(David) [in order to become the king of  Israel].  Yahweh did not choose your(Michal's) father named Saul. And Yahweh did not choose a person [that is in Saul's family]. Yahweh chose/appointed me(David) [in order to be the leader of Yahweh's people]. So I(David) will celebrate [in order to  honor Yahweh].	2_Samuel
Joshua 10:8	Yahweh said to Joshua, ["You(Joshua) (imp) do not be afraid of those armies]. I(Yahweh) will cause [you(Joshua) to defeat those armies]. Those armies will not defeat you(Joshua)."	Joshua
Matthew 25:15	(literalunits) The man gave/entrust 5 talents to one of the servants-B. (modernunits) The man gave/entrust 5 bags of _quantity gold to one of the servants-B. (literalunits) The man gave/entrust 2 talents to another servant-B. (modernunits) The man gave/entrust 2 bags of _quantity gold to another servant-B. (literalunits) And the man gave/entrust 1 talent to another servant-B. (modernunits) And the man gave/entrust 1 bag of _quantity gold to another servant-B. The man gave/entrust to each servant-B the amount of gold [that each servant-B was able [to manage]]. Then the man left. (footnote) (literalunits) 1 talent was like the money/wages [that a man received [when that man worked for 20 years]]. (modernunits) 1 of those bags of _quantity gold was like the money/wages [that a man received [when that man worked for 20 years]].	Matthew
Nehemiah 12:4	Iddo, Ginnethon, Abijah,	Nehemiah
Jonah 1:15	Then the men picked up Jonah. And those men threw Jonah into the water. Then  the wind stopped blowing. And the sea became calm.	Jonah
2 Samuel 8:11	King David (implicit-info) accepted those things. King David gave/dedicated those things to Yahweh. Previously David took things made of silver and gold from all of the other nations [that David defeated]. And  David gave/dedicated those things to Yahweh also.	2_Samuel
Mark 15:36	(paragraph) A person ran. And a person put a cloth/sponge in sour wine. Then that person put that cloth/sponge on a stick. And that person put that cloth/sponge beside Jesus's mouth [so that Jesus could drink that sour wine _implicit]. That person said, ["You(people) (imp) wait]. We(people) find-out _suggestiveLets [Elijah will come [in-order-to take Jesus from that cross]] [or Elijah will not come [in-order-to take Jesus from that cross]]."	Mark
Mark 4:41	(paragraph) The disciples became very afraid. (rhetorical) And the disciples said to each-other(disciples), ["Who is this man?] [" (statement) This man is not like other people]. For even the wind and the waves obey this man!"	Mark
Daniel 11:45	That king will put the king's royal tents between the sea and the holy mountain. But then that king will die. And no man will help that king.	Daniel
Daniel 7:6	Then I(Daniel) saw another animal. That animal looked like a leopard. But that animal had four wings [that were on the animal's back]. This animal's wings were like a bird's wings. This animal also had four heads. And this animal had authority [in order to rule the whole earth].	Daniel
Matthew 19:20	_paragraph The young man said to Jesus, ["I(man) always obeyed these commands/commandment [since (implicit-situational) I(man) was young]]. (literal) What other things do I(man) need [to do] [ in order to (implicit-situational) have eternal life]?" (dynamic) What other things do I(man) need [to do] [ in order to (implicit-situational) live forever with God _implicit]?"	Matthew
Matthew 11:4	_paragraph Jesus answered those followers/disciples, ["You(followers) (imp) return to John the Baptist _implicit]. And you(followers) (imp) tell John the Baptist about the things [that you(followers) hear]. And you(followers) (imp) tell John the Baptist about the things [that you(followers) see].	Matthew
Mark 7:14	(paragraph) Again Jesus asked the crowd [the crowd to come to Jesus]. And [(implicit-subaction) after the crowd came to Jesus,] Jesus said, ["All of you(people), you(people) (imp) listen to me(Jesus)]. And you(people) (imp) understand the thing-C _implicit [that I(Jesus) am saying].	Mark
Ruth 4:21	Salmon had a son named Boaz. Boaz had a son named Obed.	Ruth
Matthew 2:15	Joseph and Joseph's family _implicit stayed at that place [until Herod died]. So the things [that the Lord said previously _implicit through the prophet] happened/be-fulfilled. That person/prophet said, ["I(God) called my(God's) son [so that my(God's) son would come-out from Egypt ]"]. (footnote) That person/prophet was Hosea. You(people) (imp) see Hosea 11:1.	Matthew
Matthew 15:32	_paragraph Jesus called-A Jesus's followers/disciples. And Jesus said, ["I(Jesus) pity these people]. For these people already stayed with me(Jesus) for 3 days. But these people do not have food. I(Jesus) do not want [to tell these people [these people to leave]]. [If I(Jesus) send these hungry people from this place,] these people might fall-B [while these people are traveling] [because these people will become weak]."	Matthew
Genesis 23:6	You(Abraham) are a great leader [who lives among us(Hittites)]. We(Hittites) will give the best tomb [that is in our(Hittites') region] to you(Abraham) [so you(Abraham) will be able [to you(Abraham) bury your(Abraham's) wife]]. You(Abraham) may choose any tomb. We(Hittite) will not prevent [you(Abraham) burying your(Abraham's) wife]."	Genesis
Joshua 18:25	The tribe named Benjamin also owned the towns named Gibeon, Ramah, and Beeroth.	Joshua
Genesis 39:2	[While Joseph served Potiphar in Potiphar's house] Yahweh blessed Joseph. So Potiphar allowed [Joseph to live in Potiphar's house]. [While Joseph worked for Potiphar] Joseph always succeeded.	Genesis
Ruth 3:18	Then Naomi said, ["My(Naomi’s) daughter, you(Ruth) (imp) wait [until you(Ruth) hear about the things [that Boaz will do]]]. Boaz will certainly talk to that man today."	Ruth
Matthew 13:47	(title) Jesus tells a parable [that is about a net]. _paragraph I(Jesus) will tell you(people) another story/parable. (complex) The kingdom-B of heaven is _be-U like a net [that was put by men _implicitActiveAgent [who catch fish] into a lake]. (simple) God gathers people [so that those people would become God's children] [just-like men [who wanted [to catch fish]] put _past a net into a lake]. That net caught all _hyperbolic kinds of fish.	Matthew
2 Samuel 21:12	David went to Jabesh-Gilead.  And David took Saul's bones and Jonathan's bones from the men [who were living in Jabesh-Gilead]. (Previously those men stole Saul's body and Jonathan's body from the Philistines.  [After the Philistines killed Saul and Jonathan at Gilboa] the Philistines hung those bodies in Beth-Shan.  But the men [who lived in Jabesh-Gilead] brought those bodies from Beth-Shan to Jabesh-Gilead.)	2_Samuel
Genesis 5:12	Kenan had a son [when Kenan was 70 years old].  Kenan named this son Mahalalel.	Genesis
Genesis 17:11	You(Abraham) (imp) cut-off your(Abraham's) foreskin [in-order-to you(Abraham) prove [that you(Abraham) will keep the covenant [that I(God) made with you(Abraham)]]].	Genesis
Ruth 2:14	[When Boaz and Boaz's workers started eating food] Boaz said to Ruth, ["You(Ruth) (imp) come to this place]. And you(Ruth) (imp) eat some bread. You(Ruth) may dip the bread in this wine/vinegar." So Ruth sat down beside the workers/harvesters.  Then Boaz gave some grain/barley [that people cooked/roasted] to Ruth. Ruth ate that grain/barley [until Ruth was full]. And Ruth still had more grain/barley [that (implicit-info) Ruth did not eat].	Ruth
Mark 5:30	(paragraph) Immediately Jesus realized [some-A _implicit power go-out from Jesus]. Jesus turned/turn-around _turninLDV in the crowd. And Jesus asked, ["Who touched my(Jesus's) clothes?"]	Mark
Genesis 36:10	Eliphaz was the son of Adah and Esau. and Reuel was the son of Basemath and Esau.	Genesis
Matthew 13:40	Usually _implicit plants [that people do not want] are pull-out from the ground _implicit by people _implicitActiveAgent. And those plants/weeds are burned by people _implicitActiveAgent in fire. The same thing will happen at the end of this period of time.	Matthew
Joshua 8:34	Then Joshua read all of Moses' book to the people. That book said [that Yahweh will bless the people [if the people obey Yahweh]]. And that book also said [that Yahweh will curse the people [if the people did not obey Yahweh]].  So Joshua read all of the things [that Moses wrote in that book].	Joshua
2 Samuel 13:37	Absalom run-away/fled to Talmai [who was the king of Geshur].  Talmai was Ammihud's son.  But king David continued crying/mourning for David's son named Amnon for many days.	2_Samuel
Genesis 20:16	Abimelech said to Sarah, ["I(Abimelech) gave silver -quantity 12 kilograms to your(Sarah's) brother named Abraham [in-order-to I(Abimelech) prove to all people [that you(Sarah) are innocent]]"].	Genesis
Matthew 2:13	Joseph (title) escapes to Egypt named the country _implicit with Joseph’s family. (paragraph) You(people) (imp) listen/behold! [After the wise men left,] an angel of the Lord appeared to Joseph in a dream . That servant/angel said to Joseph _implicit, ["You(Joseph) (imp) get-up]. You(Joseph) (imp) take the child and the child’s mother. And you(Joseph) (imp) escape to Egypt . You(Joseph) (imp) stay there [until I(God) tell you(Joseph) [ (implicit-situational) you(Joseph) should come back to Israel]]. For Herod of the soldiers _MetonymyImplicitType will search this child [in order to kill that child]."	Matthew
2 Samuel 3:30	Joab and Joab's brother named Abishai killed/murdered Abner [because Abner killed Joab's brother named Asahel]. Abner killed Asahel [while Abner and Asahel were fighting at Gibeon].	2_Samuel
1 Samuel 10:21	Then Samuel told [each group of families [who were in the tribe named Benjamin] to walk in-front-of Samuel]. And Samuel used lots again.  Then Yahweh chose the family of Matri. Then Samuel told [each man [who was in Matri’s family] to walk in-front-of Samuel]. And Yahweh chose Saul [who was the son of Kish]. But [when the people looked for Saul] the people did not find Saul.	1_Samuel
Genesis 40:19	After 3 days the king will cut-off your(man's) head. The king will hang your(man's) body in a tree. and birds will eat your(man's) body."	Genesis
Genesis 41:43	Then The king gave a special chariot to Joseph. That chariot belonged to the king's chief official. [While Joseph rode that chariot] men walked in front of that chariot.  And those men shouted, ["You(people) (imp) bow to Joseph!"] Thus the king showed all the people [who lived in Egypt] [that Joseph was the king's chief official].	Genesis
Genesis 26:29	We(Abimelech) want [you(Isaac) to promise [that you(Isaac) will treat us(Abimelech) well]] [because we(Abimelech) treat you(Isaac) well]. And [when we(Abimelech) asked you(Isaac) [to leave the country of us(Abimelech)]] we(Abimelech) were not angry with you(Isaac). Now Yahweh blessed you(Isaac)."	Genesis
Genesis 8:2	The water [that  was under the ground] stopped flowing.  And the weather stopped being rain.	Genesis
Matthew 23:29	_paragraph People [who teach the religious laws] and Pharisees, people [who pretend [to be good/righteous]], you(scribes) will much suffer! You(scribes) build stone _madeOf structures [where people put dead bodies] for the prophets. And you(scribes) put things-A on the graves of good/righteous people [that cause [those graves to look beautiful]].	Matthew
2 Samuel 19:12	You(leaders) are my(David's) relatives. You(leaders) are my(David's) family. So why are you(leaders) the last tribe [that will ask [the king to return to the palace]]?"	2_Samuel
Daniel 7:16	I(Daniel) went to a person [who was standing near me(Daniel)]. Then I(Daniel) asked the person about the meaning of these events. Then this person explained these events to me(Daniel).	Daniel
Acts 15:26	Barnabas and Paul serve Jesus Christ [who is our(Christians) Lord] [even though people tried [to kill Barnabas and Paul]].	Acts
2 Samuel 13:15	Then Amnon hated Tamar very much. Amnon hated Tamar [more-than Amnon previously loved Tamar]. Amnon said to Tamar, ["(imp) You(Tamar) stand up]! And (imp) You(Tamar) leave my(Amnon's) house!"	2_Samuel
Nehemiah 12:45	Those men served those men’s God. And those men caused [the people [ who (implicit) came to the temple] and the things [that (implicit) were brought to the temple by people] to become religiously clean]. Those men, the people [who sang], and the people [who guarded the gates] did these things [just like David and David’s son named Solomon commanded [these people to do these things]].	Nehemiah
2 Samuel 5:22	Later the Philistines came again to the valley-Rephaim. And those Philistines camped at that place.	2_Samuel
Joshua 19:31	So Yahweh gave towns and villages to the tribe named Asher. Each group of families [that were in that tribe] received land.	Joshua
1 Samuel 2:9	Yahweh will protect the people [who faithfully serve Yahweh]. But Yahweh will force [the wicked people to stop talking]. Those people will live in darkness.  People do not defeat people's enemies [because the people are strong].	1_Samuel
Genesis 15:15	But You(Abram) will have peace. and you(Abram) will die [when you(Abram) are very old].	Genesis
Genesis 11:8	Thus Yahweh caused [the people to move from that place to many different places [that are on the earth]]. and the people stopped building that city.	Genesis
Matthew 26:33	_paragraph But Peter said to Jesus, ["[Even-if all of the other _implicit followers/disciples leave/abandon you(Jesus) because of the thing-B _implicitNecessary [that will happen to you(Jesus)],] I(Peter) will never leave/abandon you(Jesus)"].	Matthew
1 Samuel 15:5	Then Saul and the soldiers went to the city named Amalek. Saul's soldiers hid in a valley [so that the soldiers could surprise the Amalekites].	1_Samuel
2 Samuel 18:13	And [if I(soldier) had killed Absalom] you(Joab) would not have protected me(soldier). The king will certainly punish the soldier [that hurts Absalom]."	2_Samuel
Genesis 17:15	-Title God promises [that Abraham will have a son]. God said to Abraham, ["I(God) will change the name of Sarai].  I(God) will call Sarai Sarah. -Footnote Sarah means princess.	Genesis
Matthew 9:32	_paragraph [While those men were leaving that house,] a man [who was not able [to talk] [because that man was controlled by an evil spirit/demon]] was brought to Jesus by people _implicitActiveAgent.	Matthew
Genesis 48:3	[After Joseph greeted Jacob] Jacob said to Joseph, ["God-Almighty appeared to me(Jacob) at Luz [which is in Canaan].] and God-Almighty blessed me(Jacob) at that place.	Genesis
Mark 12:4	Then that man sent-A another servant-B to those people/farmers. (implicit-situational) Those people/farmers hit that servant-B. Those people/farmers hurt/wounded that servant's-B head. And those people/farmers insulted that servant-B.	Mark
Genesis 36:36	[After Hadad died] a man named Samlah became the king. Samlah was born in a city named Masrekah.	Genesis
Genesis 40:14	[After the king allows [you(man) to leave this place]] you(man) (imp) tell the king about me(Joseph). You(man) (imp) act kindly to me(Joseph). You(man) (imp) tell the king about me(Joseph) [so that the king will allow [me(Joseph) to leave this prison]].	Genesis
Matthew 18:18	_paragraph I(Jesus) am telling you(followers) the truth. The things [that you(followers) do not allow [people to do] on earth] will be the things [that were already _implicit not allowed by God _implicitActiveAgent in heaven]. And the things [that you(followers) allow [people to do] on earth] will be the things [that were already _implicit allowed by God _implicitActiveAgent in heaven].	Matthew
Nehemiah 12:29	People [who sang] also came from Beth-Gilgal, the area named Geba, and the area named Azmaveth. The people [who sang] previously built villages [that were around Jerusalem] for those people.	Nehemiah
Mark 5:17	Then all _implicit _hyperbolic of those people [(implicit-situational) who lived in that region] started to ask/beg Jesus [Jesus to leave those people's region].	Mark
Genesis 44:6	So the servant ran to these brothers.  [When the servant came to these brothers] the servant said the words [that Joseph commanded [the servant to say]] to these brothers.	Genesis
Genesis 46:32	My(Joseph's) father and my(Joseph's) brothers are shepherds.  My(Joseph's) father and my(Joseph's) brothers care for livestock.  My(Joseph's) family brought the family's livestock and all the things [that the family owns] to Egypt."	Genesis
Daniel 7:7	Then I(Daniel) saw a fourth animal in my(Daniel's) vision. This animal was terrible. And this animal was very strong. This animal had big iron teeth. This animal ate things. And this animal broke things into many pieces. This animal walked on the things [that this animal destroyed]. This animal was different from the other three animals. This animal had ten horns [that were on the animal's head].	Daniel
Genesis 36:13	Reuel had 4 sons named Nahath, named Zerah, named Shammah, and named Mizzah. These boys were the grandsons of Esau and Esau's wife named Basemath.	Genesis
Joshua 1:15	Yahweh already gave land to you(people). And you(people) will rest in that land. But Yahweh will also give land to your(people's) relatives. Then your(people's) relatives will rest in that land. But now you(people) must help your(people's) relatives [until your(people’s) relatives defeat the people [who are living in that land]]. Your(people's) God named Yahweh will give that land to your(people’s) relatives. Then you(people) may return to your(people's) land. Moses gave the land [that is on the eastern side of the Jordan river] to you(people).”	Joshua
Joshua 11:2	Jabin also sent messages to the kings [who were living in the northern mountains]. Jabin also sent messages to the kings [who were living in the valley [that was near the river-Jordan]].  And Jabin sent messages to the kings [who were living in the western region [that was near the mountains]].  And Jabin sent a message to the king of Naphoth-Dor [which was in the western region].	Joshua
Matthew 28:7	Then you(women) (imp) go quickly. And you(women) (imp) tell Jesus's followers/disciples, ["Jesus became alive again]. And Jesus is going in front of you(disciples) to Galilee. You(disciples) will see Jesus there." Now you(women) know Jesus's message _implicit [that (implicit-situational) is for Jesus's followers/disciples]."	Matthew
Nehemiah 6:3	So I(Nehemiah) sent messengers to Sanballat and Geshem. That message said, ["The work [that I(Nehemiah) am doing]  is very important]. So I(Nehemiah) am not able [to go to you(people)]. I(Nehemiah) should not stop working [in-order-to meet you(people)]."	Nehemiah
Esther 3:1	One day King Xerxes wanted [to honor a man named Haman]. The name of Haman's father was Hammedatha. Haman was an Agagite. The king declared [that Haman was more important than all the other officials].	Esther
1 Samuel 12:7	So you(Israelites) (imp) stand at this place now. And I(Samuel) will tell you(Israelites) about all of the good things [that Yahweh did for you(Israelites) and for your(Israelites’) ancestors].	1_Samuel
Matthew 8:17	(paragraph) Jesus did these things [so that the things [that were said by God _implicitActiveAgent through the prophet named Isaiah] would happen/be-fulfilled]. Isaiah _implicitNecessary said _implicitNecessary, ["That person take-away our(people’s) _incl diseases]. (literal) That person carried our(people’s) _incl diseases." (dynamic) That person caused [us(people) to become healthy] [by suffering for us(people)]. (footnote) You(people) (imp) see Isaiah 53:4.	Matthew
Joshua 15:55	Yahweh also gave other towns [that were in the mountains] to the tribe named Judah. So the tribe named Judah owned the towns named Maon, Carmel, Ziph, and Juttah.	Joshua
Mark 6:19	So Herodias continued to hate John. And Herodias wanted [John to die]. But Herodias was not able [to cause [John to die]].	Mark
Titus 1:5	[When I(Paul) left Crete] there were some problems. So I(Paul) needed you(Titus) [to do certain things]. I(Paul) wanted [you(Titus) to appoint leaders of the group of people [that  follows Christ Jesus] in each city]. So I(Paul) told [you(Titus) to do that thing]. Crete (footnote) is a big island in the eastern part of the Mediterranean sea.	Titus
Genesis 47:22	But Joseph did not buy the priest's land [because the king paid money to the priests]. Therefore the priests had money.  So the priests were able [to buy food].	Genesis
Joshua 10:43	Then Joshua and all of the Israelites returned to the Israelites' camp [that was at Gilgal].	Joshua
Matthew 5:1	(title) Jesus teaches/preach about God’s laws to people on a mountain. (paragraph) [When Jesus saw the crowds [(implicit-situational) that were following Jesus],] Jesus go-up the side of a mountain . And Jesus sit-down. Jesus’s disciples came to Jesus.	Matthew
Nahum 2:11	The people [who live in Assyria] are like lions. But the soldiers destroyed the lions' city. The soldiers destroyed the city [that the lions fed the lions' children in]. So all of the lions left the city.  [When the lions were inside the lions' city,] the lions were safe.	Nahum
2 Samuel 19:43	Then the men [who were from Israel]said to the men[who were from Judah], ["There are ten tribes in Israel].  Judah is just one tribe. So we(men) should bring David across the river. But you(people) treated us(men) badly. We(men) decided [to bring the king to Jerusalem][before you(people) wanted[to help David]]."But the people [who were from Judah] treated the men [who were from Israel] very badly.	2_Samuel
Matthew 1:18	(title) Jesus Christ is born. _paragraph (literal) This part of this book _implicit describes the events [that happened [when Jesus Christ was born]]. (dynamic) These events happened at about the time [ that Jesus Christ was born at]. There was an agreement [so that Mary [who will become Jesus's mother] and Joseph would marry _futureYear each-other(Mary) ]. But [ before Mary and Joseph married each-other(Mary),] the Holy-Spirit caused [Mary to become pregnant].	Matthew
Genesis 49:3	Reuben, you(Reuben) are my(Jacob's) firstborn son. You(Reuben) caused [me(Jacob) to be strong]. I(Jacob) proved [that I(Jacob) was able [to be a father]] [when you(Reuben) were born].  You(Reuben) are my(Jacob's) chief son.  You(Reuben) are more powerful than my(Jacob's) other sons.	Genesis
Matthew 25:37	_paragraph Then the good/righteous people will say to the king, ["Lord-B, when did we(people) _excl feed you(Lord) [because we(people) _excl saw [you(Lord) were hungry]]?] When did we(people) _excl give you(Lord) drinks [because we(people) _excl saw [you(Lord) were thirsty]]?	Matthew
Genesis 34:19	Shechem left immediately [in order to do those things] [because Shechem loved Jacob's daughter]. The people [who were living in that city] respected Shechem [more than those people respected the other people [who were in Hamor's family]].	Genesis
Esther 2:17	The king loved Esther [more than the king loved the other girls]. The king was very kind to Esther. So the king decided [that Esther was the new queen]. the king put a royal crown on Esther's head. and the king declared [that Esther was the queen].	Esther
Genesis 19:5	These men called Lot.  The men said to Lot, ["Where are the 2 men [who came to you(Lot) tonight]?] You(Lot) (imp) bring the 2 men to us(men).  We(men) want [to sex the 2 men]."	Genesis
2 Samuel 8:15	David ruled all of the people [that were living in Israel]. David did things [that were just and fair] for all of the Israelites.	2_Samuel
Matthew 18:12	_paragraph You(followers) (imp) think carefully about the story/parable [that I(Jesus) will tell you(followers) _implicit]. A person had 100 sheep. And one of those sheep walk-away [so-B that (implicit-situational) one of those sheep became lost]. (yesrhetorical) Will that person leave the 99 sheep on the hills [in order to search the sheep [that walk-away]]? (statement) That person will certainly _implicit leave the 99 sheep on the hills [in order to search the sheep [that walk-away]].	Matthew
2 Samuel 22:9	Smoke rose from God's nose.    Fire [that completely burns things] came from God's mouth.  Stones [that were burning] came from God's mouth.	2_Samuel
Matthew 16:23	_paragraph But Jesus turn-around. (literal) And Jesus said to Peter, ["Satan, you(Peter) (imp) go behind me(Jesus)!] (dynamic) And Jesus said to Peter, ["You(Peter) (imp) stop saying the things [that Satan told [you(Peter) to say]]!] You(Peter) are trying [to cause [me(Jesus) to not follow God]]. You(Peter) are not thinking about the things [that God wants]. Instead, you(Peter) are thinking about the things [that people want]."	Matthew
Genesis 12:2	I(Yahweh) will cause [you(Abram) to have many descendants]. and I(Yahweh) will bless you(Abram). I(Yahweh) will cause [you(Abram) to become famous]. And many people will be blessed by me(Yahweh) through you(Abram).	Genesis
1 Samuel 15:29	Yahweh is the Glory-of-Israel. Yahweh does not lie.  And Yahweh does not change Yahweh's mind. Yahweh is not a man.  So Yahweh does not change Yahweh's mind."	1_Samuel
Genesis 40:10	This vine had 3 branches. And Flowers grew on this vine. Then the grapes [that were on this vine] quickly became ripe.	Genesis
Ruth 3:2	Recently you(Ruth) were working with the women [that work for Boaz]. Boaz is our(Naomi’s) relative. Tonight Boaz will be separating the grain/barley from the plants at the place [that people separate grain from plants at].	Ruth
Mark 7:25	There was a woman [who had a young daughter [who was controlled by an evil/unclean spirit]]. [After that woman heard about Jesus,] that woman immediately came. And that woman bowed in-front-of Jesus.	Mark
Genesis 20:5	Abraham said to me(Abimelech), ["This woman is my(Abraham's) sister".] and Sarah said to me(Abimelech), [“Abraham is my(Sarah's) brother."] I(Abimelech) am innocent. I(Abimelech) did not know [that Sarah was married to Abraham]."	Genesis
Matthew 15:20	These actions _emphasized cause [a person to become religiously/ritually dirty]. But [if a person does not wash a person's hands [before a person eats food _implicit],] a person does not become religiously/ritually dirty-A."	Matthew
Daniel 4:30	The king said to the king, ["Babylon is a great city]. I(king) have built this city for my(king's) palace with my(king's) power. This city proves [that I(king) am a great and powerful king]."	Daniel
Matthew 9:3	_paragraph [When Jesus said this thing-C,] some scribes thought-B, ["This man is insulting God [by (implicit-situational) talking [just like this man is God]]!"]	Matthew
Joshua 13:19	Moses also gave the towns named Kiriathaim, Sibmah, and Zereth-Shahar.  Zereth-Shahar was on a hill [that was in a valley].	Joshua
Genesis 11:21	Reu lived for 207 years [after Serug was born]. and Reu had other children.	Genesis
1 Samuel 17:2	Saul and the Israelite army went to the valley named Elah. And Saul and the Israelite army camped in that valley. Then the Israelites prepared [to fight the Philistines].	1_Samuel
Genesis 36:25	Anah had a son named Dishon and a daughter named Oholibamah.	Genesis
1 Samuel 12:21	You(Israelites) (imp) do not worship idols.  Idols are not able [to help you(Israelites)]. And idols are not able [to save you(Israelites)]. Idols do not have power.	1_Samuel
Matthew 22:24	Those Sadducees said, ["Master/Teacher, Moses wrote-F the following law for us(Jews) _incl]. [If a man's brother-C [_descriptive who married a woman] dies] [and if that brother-C did not have children,] that man must marry that man's dead _implicit brother's-C wife. (literal) And that man must have-J a child with that wife _implicit for that man's dead _implicit brother. (dynamic) And the first _implicit son [that that man and that man's wife have] will become like a son of that dead _implicit brother. (footnote) You(people) (imp) see Deuteronomy 25:5-10.	Matthew
Mark 8:33	(paragraph) But Jesus turned/turn-around _turnInLDV. And Jesus looked at Jesus's followers/disciples. Then Jesus told Peter [the things [that Peter said] were bad]. Jesus said to Peter _implicit, [" (literal) Satan, you(Peter) (imp) go behind me(Jesus)!] [" (dynamic) You(Peter) (imp) do not say those things]. (dynamic) Satan told you(Peter) [you(Peter) to say those things]. You(Peter) are not thinking about the things [that God wants]. Instead, you(Peter) are thinking about the things [that people want]. "	Mark
Genesis 44:12	Then That servant began searching for the cup in those bags.  The servant first searched for the cup in the bag of the older brothers. Then the servant searched for the cup in the bags of the younger brothers.  Finally the servant searched for the cup in the bag of the youngest brother named Benjamin. and the servant found Joseph's cup in Benjamin's bag.	Genesis
Mark 12:17	(paragraph) Then Jesus said to those Pharisees and those people [who supported King _implicit Herod] , ["You(Jews) (imp) give to Caesar the things [that belong to Caesar]]. And you(Jews) (imp) give to God the things [that belong to God]." And those Pharisees and those people [who supported King _implicit Herod] were extremely surprised/amazed because of Jesus of the words _implicitType.	Mark
Mark 1:42	Immediately the man became healthy. And the man became clean.	Mark
1 Samuel 19:7	Then Jonathan went to David. And Jonathan told David about the things [that Saul said]. And Jonathan brought David to Saul. So David again served Saul [just-like David previously served Saul].	1_Samuel
Mark 7:26	That woman was not a Jew . That woman was a Phoenician [who lived in Syria named the province _implicitType]. That woman asked/beg Jesus [Jesus to force [that evil spirit/demon to leave that woman's daughter]].	Mark
2 Samuel 15:8	I(Absalom) made a promise to Yahweh[while I(Absalom) was living in Geshur]. Geshur is in Aram. I(Absalom) said to Yahweh, ["[If you(Yahweh) allow [me(Absalom) to return to Jerusalem]] I(Absalom) will worship you(Yahweh) in Hebron.”"]	2_Samuel
Joshua 13:1	(title) The Israelites must defeat the people [who are living in other places]. [When Joshua was very old] Yahweh spoke to Joshua. Yahweh said, ["Joshua, you(Joshua) are very old]. But you(Joshua) still must defeat the people [who are living in many places].	Joshua
Genesis 10:21	-Title Shem has descendants. Shem was the older brother of Japheth.  Shem also had sons. Shem was the ancestor  of all the sons of Eber.	Genesis
Matthew 25:31	(title) Jesus says [the Son-of-Man will judge all people]. _paragraph (complex) [When the Son-of-man _1stAs3rd comes with the Son-of-man's glory with all the servants/messenger [who come from God],] the Son-of-man _1stAs3rd will sit on the Son-of-man's _1stAs3rd wonderful/glorious chair/throne. (simple) [When the Son-of-man _1stAs3rd comes with the Son-of-man's power with all the servants/messenger [who come from God],] the Son-of-man _1stAs3rd will sit on the Son-of-man's _1stAs3rd wonderful/glorious chair/throne.	Matthew
Genesis 24:33	Then Laban gave food to the servant. but the servant said, ["I(servant) will not eat this food [until I(servant) tell you(Laban) about the reason [that I(servant) came to this place]]."] So Laban said, ["You(servant) (imp) tell us(Laban) about the reason that you(servant) came to this place]".	Genesis
Genesis 25:25	The first baby was red. The skin of the first baby had much hair [just-like a robe has much hair]. So Isaac and Rebekah named this boy Esau. –Footnote Esau means hair.	Genesis
Joshua 10:32	Yahweh caused [the Israelites to defeat the people [who were living in Lachish]]. The Israelites fought those people for 2 days.  And on the second day the Israelites defeated those people. The Israelites killed all of the people [that were in Lachish] [just-like the Israelites killed all of the people [that were in Libnah]].	Joshua
Genesis 44:4	[After the brothers left that city] Joseph said to Joseph's servant, ["You(servant) (imp) run to those men immediately]. [When you(servant) come to those men] you(servant) (imp) say to those men, ["My(servant's) master treated you(men) well]. But you(men) acted badly.  You(men) are evil!	Genesis
Acts 20:22	And now I(Paul) am traveling to Jerusalem [because the Holy Spirit is leading me(Paul)]. But I(Paul) do not know the things [that people will do to me(Paul) in that place].	Acts
Esther 9:7	The Jews also killed Haman's 10 sons. Haman had been the enemy of the Jews.	Esther
Joshua 8:24	The Israelites finished killing all of the soldiers [that were from Ai]. The Israelites killed some of those soldiers in the fields.  And the Israelites killed other soldiers in the desert.  The Israelites killed all of the soldiers [that were from Ai]. Then the Israelites returned to Ai. And the Israelites killed all of the people [that were in that city].	Joshua
2 Samuel 23:13	There were 30 important officers in David's army. One day [when people were harvesting grain] three of those important officers came to David.  At that time David was at the cave of Adullam. A group of Philistine soldiers was camping in valley-Rephaim.	2_Samuel
Mark 8:6	(paragraph) Then Jesus told [the people to sit-down on the ground]. Jesus took the 7 pieces/loaves of bread. And Jesus thanked God _implicit for the bread _implicit. Then Jesus broke the bread into pieces _implicit. Jesus gave that bread to Jesus's followers/disciples [so that Jesus's followers/disciples could give that bread to the people]. And those followers/disciples gave that bread to the people.	Mark
Joshua 3:9	Then Joshua said to the Israelites, ["You(people) (imp) come to me(Joshua)]. And you(people) (imp) listen to the words [that your(people's) God named Yahweh said to you(people)].	Joshua
Acts 19:18	Then many people [who believed in Jesus] told other people about the bad things [that those people [who believed in Jesus] had done] so that God would forgive those people [who believed in Jesus].	Acts
Matthew 3:5	People went to John from Jerusalem, all Judea, and all the regions [that were near the river-Jordan].	Matthew
Mark 15:12	(paragraph) Then Pilate asked that crowd, ["Then-D what should I(Pilate) do to this man [whom you(crowd) _plural call-C the king of the Jews _RealmofAuthority]?"]	Mark
1 Samuel 13:23	Some Philistine soldiers went to a place named Mikmash.	1_Samuel
2 Samuel 7:9	I(Yahweh) was with you(David) at all the places [that you(David) went  to].  And I(Yahweh) defeated your(David's) enemies for you(David). Now I(Yahweh) will cause [you(David) to become great]. You(David) will become one of the greatest men [that lives on the earth].	2_Samuel
Mark 10:46	(title) Jesus heals Bartimaeus [who was not able [to see]]. (paragraph) [(implicit-situational) While Jesus and Jesus's disciples continued traveling to Jerusalem,] Jesus and Jesus's disciples came to Jericho named the town _implicitType. [While Jesus was leaving Jericho,] those followers/disciples and a big crowd went with Jesus. A man [who was not able [to see things]] named Bartimaeus was sitting beside the road. And Bartimaeus was asking people [people to give money or food to Bartimaeus [so that Bartimaeus could live]]. (comment-begin) Bartimaeus means son of Timaeus. (comment-end).	Mark
Joshua 24:3	But I(Yahweh) brought your(Israelites') ancestor named Abraham from that place. And I(Yahweh) led Abraham through Canaan. And I(Yahweh) gave many descendants to Abraham. I(Yahweh) gave a son named Isaac to Abraham.	Joshua
Joshua 12:21	The Israelites defeated the king of Taanach and the king of Megiddo.	Joshua
1 Samuel 2:25	[If one person sins against another person] God might help the person [that sinned]. But [if one person sins against Yahweh] no person will help that person.” But Eli’s sons did not listen to Eli [because Yahweh already decided [to kill Eli’s sons]].	1_Samuel
Acts 21:21	Those Jews heard [that you(Paul) tell all the Jews [who live in those Greek regions ] [that those Jews should not follow Moses' law]]. People also say [that you tell those Jews [that those Jews should not do our customs]].”	Acts
Nehemiah 10:26	Ahiah, Hanan, Anan,	Nehemiah
Matthew 9:33	[After Jesus forced [the evil spirit/demon to leave that man],] the man [who was previously _implicit not able [to speak]] started speaking. The crowd was extremely surprised/amazed. The people said, ["A thing [that is like this thing] previously _implicit never happened in Israel."]	Matthew
Genesis 38:9	But Onan knew [that Tamar's children would not belong to Onan]. So [while Onan was sexing Tamar] Onan did not finish sexing Tamar. Therefore Tamar did not become pregnant.  Thus Er did not have descendants.	Genesis
Matthew 22:11	_paragraph But [when the king entered that room _implicit [in order to see-A the guests],] the king notice [a man [who was not wearing wedding clothes ] was there].	Matthew
Genesis 35:15	Then Jacob named that place [where God talked to Jacob] Bethel.	Genesis
Matthew 27:31	[After the soldiers laughed/mock at Jesus,] the soldiers take-off the red _implicit coat/robe [that Jesus was wearing]. And the soldiers put-on Jesus's clothes on Jesus. Then the soldiers take-away Jesus [in order to kill Jesus [by putting Jesus on a cross]].	Matthew
Matthew 7:26	And every person [who hears my(Jesus’s) words] [and who does not do those things [that I(Jesus) am saying]] be-U like a stupid/foolish person _otherThingList [who built that person’s house on sand].	Matthew
1 Samuel 20:24	So David hid in that field. [When the New-Moon feast started] the king sat down [in-order-to eat].	1_Samuel
1 Samuel 15:35	Samuel did not see Saul again after that day. But Samuel cried/mourned for Saul. And Yahweh regretted [that Yahweh chose Saul [to be the king of Israel]].	1_Samuel
Mark 7:20	(paragraph) And Jesus also _implicit said, ["The things _emphasized [that come-out from a person] cause [a person [to become religiously _implicit dirty/unclean]]].	Mark
Joshua 3:6	Then Joshua said to the priests, ["You(priests) (imp) pick up the ark-of-the-covenant]. And you(priests) (imp) go in front of the people." So the priests picked up the ark-of-the-covenant. And the priests carried the ark-of-the-covenant to the river.	Joshua
Joshua 3:17	The priests carried the ark-of-the-covenant to the middle of the river. Then the priests stopped walking. The priests held the ark-of-the-covenant on dry ground. Then all of the Israelites walked across the river on dry ground.	Joshua
Nahum 2:1	Yahweh (title) will destroy Nineveh.  People [who live in Nineveh], armies are coming [in order to attack you(people)]. So your(people) (imp) guard your(people's) city! You(people) (imp) watch the roads! You(People) (imp) prepare [to defend your(people's) city]!	Nahum
Joshua 6:20	So [when the priests loudly played the trumpets] all of the people shouted. [After the priests played the trumpets] [and after the people shouted] the walls of the city fell. Then all of the Israelites ran into the city. And the Israelites defeated the people [who were living in that city].	Joshua
1 Samuel 1:6	Peninnah treated Hannah badly [because Hannah did not birth a child]. So Hannah was sad.	1_Samuel
Genesis 19:28	Abraham looked at Sodom,  Gomorrah, and the valley named Jordan. and Abraham saw [smoke rising from the land [just-like smoke rises from a furnace]].	Genesis
Matthew 4:7	(paragraph) Jesus said to the devil, [ "The Scriptures also say, [" You(people) (imp) do not test the Lord [ _descriptive who is your(people's) God]] [(implicit-situational) in order to force [the Lord to help you(people) ]]"]. So (implicit-situational) I(Jesus) will not do the thing [that you(devil) tell me(Jesus) [to do]]." (footnote) You(people) (imp) see Deuteronomy 6:16.	Matthew
Ruth 3:1	Ruth (title) meets Boaz at the place [that people separate the grain from the plants at]. One day Ruth's mother-in-law named Naomi said to Ruth, ["My(Naomi's) daughter, I(Naomi) must find a person [that will take care of you(Ruth) well]].	Ruth
Matthew 25:11	_paragraph Later the other 5 _implicit young women came to the doors of that building. Those young women said, ["Lord-C, Lord-C, you(Lord) (imp) open the door for us(women)!"]	Matthew
Acts 3:4	But Peter and John looked at that man. And Peter said to that man, ["You(man) (imp) look at us(Peter)!"].	Acts
Daniel 4:14	The angel shouted loudly, ["You(angels) (imp) chase away the animals [that are under the tree]]. You(angels) (imp) chase away the birds [that are in the branches of the tree]. You(angels) (imp) cut down the tree. You(angels) (imp) cut off the branches of the tree. You(angels) (imp) pull off the leaves from the tree. You(angels) (imp) scatter the fruit of the tree.	Daniel
