reference	verse	book
Genesis 14:1	-Title The king of Elam captures Lot. at-that-time a man named Amraphel was the king of Babylonia. and Arioch was the king of Ellasar. and Kedorlaomer was the king of Elam.  and Tidal was the king of Goiim.	Genesis
Matthew 27:6	_paragraph The chief priests pick-up the coins. And the chief priests said, ["The religious laws do not allow [us(priests) to put this money into the box [that people _generic put money [that is for the building/temple] into]]]. For this money was used [so that a person would be killed by people _implicitActiveAgent]."	Matthew
2 Samuel 10:5	A person told David [that Hanun treated David's officials badly]. So David sent messengers to those officials. Those officials were very ashamed/humiliated [because (implicit-info) Hanun treated those officials badly].  The king said, ["(imp) You(officials) stay in Jericho [until your(officials') beards grow]]. Then (imp) you(officials) return to Jerusalem."	2_Samuel
Genesis 23:11	and Ephron said, ["My(Ephron's) master, no].  I(Ephron) will not sell the land to you(Abraham).  I(Ephron) will give the land and the cave [that is on the land] to you(Abraham). These people witness [that I(Ephron) give the land to you(Abraham)]. You(Abraham) (imp) bury your(Abraham's) wife in that cave."	Genesis
1 Samuel 23:4	So David again asked Yahweh, ["Should I(David) attack those Philistines?]" Then Yahweh answered, ["You(David) (imp) go to Keilah]. I(Yahweh) will help [you(David) defeat the Philistines]."	1_Samuel
Genesis 21:28	Abraham also put 7 female sheep in-front-of Abimelech.	Genesis
1 Samuel 27:3	David and those men lived in Gath with king Achish.  Those men brought those men’s families to Gath.  And David's two wives were with David in Gath.  One wife’s name was Ahinoam. Ahinoam was from Jezreel. And the other wife’s name was Abigail. Abigail was from Carmel. Abigail was previously Nabal’s wife.	1_Samuel
Nehemiah 9:2	The people of Israel had separated _reflexive those people from all people [who were from foreign countries]. Those people stood. And those people admitted/confessed [that those people had done bad _morally things]. And those people also admitted [that the parents/ancestors of those people did bad _morally things].	Nehemiah
Mark 4:37	Then a very strong wind started to blow over the lake _implicit. And the waves _frameInferable came over the sides of the boat [so that the boat was almost full of water _implicit].	Mark
2 Samuel 2:20	[While Abner was run-away from Asahel] Abner looked at Asahel. Then Abner asked, ["Are you(Asahel) Asahel?"] Asahel said, ["Yes."]	2_Samuel
Matthew 24:38	For before the time [that water completely covered-C the earth at] people were eating good food _implicit. And people were drinking alcohol _implicit. (literal) And people were giving those people's daughters to each-other(people) [so-that those daughters would become the wives of those people's sons]. (dynamic) And people were marrying each-other(people). Then Noah entered the big boat [that (implicit-situational) God told [Noah to build]].	Matthew
Daniel 11:16	The king of the north region will do all of the things [that the king wants [to do]]. No person will be able [to defeat that king]. That king will stand in the Beautiful Land. And that king will be able [to destroy that land].	Daniel
Mark 8:35	(literal) For a person [who wants [to keep-B that person's life]] will die. (dynamic) For a person [who wants [to continue living on this earth _implicit [(implicit-situational) just-like that person is living now]]] will not live forever _implicit with God _implicit. (literal) But a person [who dies for me(Jesus) and the Good-News] will live forever _implicit with God _implicit. (dynamic) But [if a person is willing [to die for me(Jesus) and the Good-News],] that person will live forever _implicit with God _implicit.	Mark
Genesis 49:6	I(Jacob) will not listen to your(Simeon's) evil plans.  You(Simeon) kill men [when you(Simeon) are angry].  You(Simeon) hurt oxen [because you(Simeon) enjoy [being cruel to animals]].	Genesis
Mark 8:2	" I(Jesus) pity these people. These people already stayed with me(Jesus) for 3 days. But these people do not have food.	Mark
Matthew 9:5	Which action is easier than the other action? I(Jesus) _implicitNecessary might say, ["Your(man's) sins are forgiven by me(Jesus) _implicit"]. Or I(Jesus) _implicitNecessary might say, ["You(man) (imp) get-up!] And you(man) (imp) walk!	Matthew
Genesis 9:10	I(God) also make this covenant with all the animals [that were with you(Noah) in the boat].  I(God) make this covenant with the birds, the livestock, the wild animals, and all the animals [that left the boat with you(Noah)].  I(God) make this covenant with all the animals [that lives on the earth].	Genesis
Nehemiah 12:28	The people _passivenoagent gathered the people [who sang] from the area/region [that was around Jerusalem]. People [who sang] came from the villages [that were near Netophah].	Nehemiah
Genesis 34:25	Later 3 days the men were still feeling much pain [because the men were circumcised by a person]. A man named Simeon and a man named Levi were 2 of-Subgroup sons of Jacob. Simeon and Levi were the brothers of Dinah.  Simeon and Levi picked up the swords of Simeon and Levi.  Then Simeon and Levi went to that town. Then Simeon and Levi attacked all the men [who lived in that city].  Simeon and Levi killed all those men.	Genesis
1 Samuel 12:13	So now this man is the king [that you(Israelites) chose].  This man is the king [that you(Israelites) asked [me(Samuel) to give to you(Israelites)]].  Yahweh chose/appointed this man [in order to be your(Israelites’) king].	1_Samuel
Mark 6:3	(yesrhetorical) Is this man the person [who builds things with wood]? (statement) This man is only-C _implicit the person [who builds things with wood]. (yesrhetorical) Is this man Mary's son and the brother-A of James, Joseph, Judas, and Simon? (statement) This man is only-C _implicit Mary's son and the brother-A of James, Joseph, Judas, and Simon. (yesrhetorical) Are this man's sisters-B in this place with us(people)? (statement) This man's sisters-B are even _implicit in this place with us(people)." Those people were upset with Jesus. (implicit-situational) And those people refused [to believe in Jesus].	Mark
Genesis 18:4	I(Abraham) will bring water [so that you(3 men) will be able [to wash yourselves(3 men)]]. You(men) may rest under the tree.	Genesis
Genesis 36:38	[After Shaul died] a man named Baal-Hanan [who was the son of Acbor] became the king.	Genesis
Joshua 18:22	And the tribe named Benjamin owned the towns named Beth-Arabah, Zemaraim, and Bethel.	Joshua
1 Samuel 31:5	[When that soldier saw [that Saul was dead]], that soldier also fell on that soldier's sword. And that soldier died with Saul.	1_Samuel
2 Samuel 2:18	(title) Abner kills Asahel. Zeruiah had three sons named Joab, Abishai, and Asahel. Those 3 sons were at that pool.  Asahel was able to run very fast. Asahel ran[like a deer runs].	2_Samuel
Genesis 46:26	Thus 66 people [who were descendants of Jacob] traveled to Egypt. And the wives of Jacob's sons also went to Egypt.	Genesis
Daniel 9:27	The prince will make a covenant with many people for 7 years. But the prince will command [people to stop giving sacrifices to God] after three and a half years. Then the prince will put a terrible thing in the temple. That terrible thing will stay in the temple [until God destroys that terrible thing]. God has already decided [to do certain things] [when the world ends]."	Daniel
Genesis 10:2	Japheth had sons named Gomer, named Magog, named Madai, named Javan, named Tubal, named Meshech, and named Tiras.	Genesis
Matthew 26:17	(title) Jesus eats Jesus's last meal with Jesus's 12 followers/disciples. _paragraph On the first day of the Feast-of-Unleavened-Bread, the followers/disciples came to Jesus. And the followers/disciples asked, ["Where do you(Jesus) want [us(followers) _excl prepare-B the Passover of the meal _metonymy [so that you(Jesus) and we(followers) _implicit could eat that meal _implicit]]?"] (footnote) For _relation the meal of Passover a young sheep was killed/sacrifice by each Jewish family. And Jewish families ate bread [that does not contain substance [that causes [bread to become big]]].	Matthew
Matthew 12:22	(title) Certain people say [Jesus is controlled by a demon]. _paragraph Then people brought to Jesus a man [who was controlled by a demon [so-B that that man was blind] [and so-B that that man was mute]]. Jesus healed that man. So that man became able [to speak] [and to see things _implicit].	Matthew
Mark 15:15	(paragraph) [Because Pilate wanted [to satisfy that crowd],] Pilate freed Barabbas for-C that crowd. Then Pilate ordered [soldiers _implicitNecessary to whip Jesus]. And Pilate gave Jesus to soldiers _implicit [so that soldiers _implicitNecessary would kill Jesus [by putting Jesus on a cross]].	Mark
1 Samuel 16:16	We(servants) will look for a person [who plays the harp well]. [When the evil spirit [that comes from Yahweh] enters you(Saul)] that person will play the harp. Then the evil spirit will leave you(Saul). And you(Saul) will feel good. So you(Saul) (imp) command [us(servants) to look for a person [who will play the harp for you(Saul)]]."	1_Samuel
Genesis 31:35	Then Rachel said to Rachel's father named Laban, ["Father, you(Laban) do not be angry with me(Rachel)]. I(Rachel) am not able [to stand-up] [because I(Rachel) am menstruate”.]   Thus Laban looked for the idols in all Jacob's tents. but Laban did not find Laban's idols.	Genesis
Genesis 42:30	The brothers said to Jacob, ["The official [that is in Egypt] spoke cruelly to us(brothers)].  That official said [that we(brothers) are spies].	Genesis
Matthew 1:17	_paragraph So the list has 14 fathers/generations [who lived between _newSense the time [that Abraham lived at] and the time [that David lived at]]. And that list has 14 fathers/generations [who lived between _newSense the time [that David lived at] and the time [that Babylon _implicitNecessary exiled the Jews _implicitNecessary to Babylon at ]]. And that list has 14 fathers/generations [who lived between _newSense the time [that Babylon _implicitNecessary exiled the Jews _implicitNecessary to Babylon at] and the time [that the Christ was born at]].	Matthew
Matthew 11:2	_paragraph [While John the Baptist was in prison,] John the Baptist heard-D about the things [that Christ was doing]. And John the Baptist sent John the Baptist's followers/disciples to Christ.	Matthew
Mark 4:1	(title) Jesus tells a story/parable [that is about a farmer [who scattered seeds]]. Again Jesus started teaching the Good-News _implicit by the lake. The crowd [that gathered-C around Jesus] was very big. So Jesus went into a boat. And Jesus sat in that boat [that was on the lake] [while the whole crowd stayed on the shore near the water].	Mark
Nehemiah 13:19	Then I(Nehemiah) ordered [the people [who guarded the gates of Jerusalem] to close the gates in the evening before the seventh day of the week]. And I(Nehemiah) ordered [those people to not open those gates [until that day ended]]. Then I(Nehemiah) told [some of my(Nehemiah's) servants to stand in-front-of those gates]. Those servants did not let [people bring things into the city on the seventh day of the week].	Nehemiah
1 Samuel 2:1	(title) Hannah thanks Yahweh.  Hannah said, [“Yahweh caused [me(Hannah) to become very happy]]. And Yahweh made [me(Hannah) become very strong]. I(Hannah) am able [to laugh at my(Hannah's) enemies].  I(Hannah) am glad [because you(Yahweh) helped me(Hannah)]!	1_Samuel
Genesis 42:34	Then you(brothers) (imp) bring your(brothers') youngest brother to me(official).  Then I(official) will know [that you(brothers) are not spies]. Then I(official) will allow [your(brothers') other brother to leave the prison].  Then you(brothers) may travel to any place [that is in our(official's) country]."	Genesis
Matthew 4:9	And the devil said, ["I(devil) will give to you(Jesus) all of those countries/kingdoms [(implicit-situational) so that you(Jesus) could rule those countries/kingdoms] [if you(Jesus) will kneel/bow to me(devil)] [and if you(Jesus) will honor/worship me(devil)]"].	Matthew
Genesis 11:22	[When Serug was 30 years old] Serug had a son named Nahor.	Genesis
Genesis 50:5	You(officials) (imp) say to the king, ["My(Joseph's) father made [me(Joseph) make a promise]].  My(Joseph's) father said, ["I(Israel) will die soon].  You(Joseph) (imp) bury my(Israel's) body in the tomb [that I(Israel) dug for myself(Israel) in Canaan]." So you(king) (imp) please let [me(Joseph) go to Canaan now [so that I(Joseph) could bury my(Joseph's) father's body]]. Then I(Joseph) will return to this place.""	Genesis
Joshua 21:25	The Israelites also gave towns [that half of the tribe named Manasseh owned] to Aaron's descendants. That half of the tribe named Manasseh lived on the western side of the Jordan river. That half of the tribe named Manasseh gave the towns named Taanach and Gath-Rimmon to the other families [that were Kohath's descendants]. So that half of the tribe named Manasseh gave 2 towns to those people. And that half of the tribe named Manasseh also gave the fields [that were near those 2 towns] to those people.	Joshua
Nehemiah 1:5	Then I(Nehemiah) prayed to God, ["Yahweh, God of heaven, you(Yahweh) are great and wonderful]. You(Yahweh) always keep your(Yahweh's) special agreement/covenant of love with the people [that love you(Yahweh)] [and that obey your(Yahweh's) commandments].	Nehemiah
Mark 14:65	Then some of those leaders started to spit Jesus. And those leaders covered-A Jesus's eyes with a cloth [(implicit-situational) so that Jesus could not see]. Then some of those leaders started to beat Jesus with those leaders' hands. And those leaders said to Jesus, ["[If you(Jesus) are a person [who tells the Lord's-A messages to people],] you(Jesus) (imp) tell us(leaders) _implicit about the person _implicit [who is hitting you(Jesus)]!"] Then the servants/guards of the chief priest _implicit take-away Jesus. And those servants/guards hit-A Jesus with those servants'/guards hands.	Mark
2 Samuel 17:29	Those men also brought honey, milk, sheep, and cheese. Those men brought those things [so that David and the people [that were with David] could eat those things]. Those men said, ["The people are very tired, hungry, and thirsty in the desert]."	2_Samuel
Esther 4:3	[When the Jews [that lived in Xerxes' kingdom] heard about the new law] the Jews were very sad. The Jews did not eat food. And the Jews cried loudly. Many Jews wore clothes [that were made of sackcloth]. and many Jews put ashes on the Jews' bodies.	Esther
Nahum 1:12	So Yahweh says, ["That king's army has many soldiers]. And soldiers [that are from many countries] help those soldiers. But I(Yahweh) will destroy all of those soldiers. People [who are living in Judah], I(Yahweh) punished you(people). But I(Yahweh) will stop punishing you(people).	Nahum
Acts 2:9	So God decided [to clean the earth].  God warned me(Noah).  God told me(Noah) [to build a boat].  This boat will save our(Noah's) family and all of the animals.  All other living creatures will die. And on the seventh day God rested.	Acts
Genesis 31:31	Then Jacob said to Laban, ["I(Jacob) did not tell you(Laban) [that I(Jacob) was leaving] [because I(Jacob) did not want [you(Laban) to take-away your(Laban's) daughters]]].	Genesis
Acts 21:9	Philip had four daughters [who were not married]. Philip’s daughters told God's messages to people.	Acts
1 Samuel 23:2	Then David asked Yahweh, ["Should I(David) attack those Philistines?"] Yahweh answered David, ["You(David) (imp) go].  And you(David) (imp) attack those Philistines.  And you(David) (imp) save the people [who are in Keilah]."	1_Samuel
Daniel 9:18	You(Lord) (imp) listen to us(people). You(Lord) (imp) look at your(Lord's)city. No person lives in that city now. We(people) pray to you(Lord) [because you(Lord) are merciful].	Daniel
Matthew 10:40	_paragraph A person [who accepts you(followers)] accepts me(Jesus). And a person [who accepts me(Jesus)] accepts God [who sent me(Jesus)].	Matthew
Joshua 10:33	A man named Horam was the king of Gezer.  [While the Israelites were fighting the people [that were living in Lachish]] Horam and Horam's soldiers went to Lachish [so that Horam and Horam's soldiers could help those people]. But Joshua also defeated Horam and Horam's army. Joshua and Joshua's soldiers killed all of the soldiers [that were in Horam's army].	Joshua
2 Samuel 3:38	Then David said to David's officers, ["A great leader died today in Israel].	2_Samuel
Daniel 11:31	The king's soldiers will go to the temple of God. Those soldiers will defile the temple. Then the temple will not be holy. The soldiers will not allow [people to give sacrifices to God]. The soldiers will build a terrible thing in the temple.	Daniel
Joshua 8:26	Joshua continued pointing Joshua's spear at Ai [until the Israelites finished killing all of the people [that were living in Ai]].	Joshua
1 Samuel 11:1	(title) Nahash attacks Jabesh.  A man named Nahash was the king of the Ammonites.  One day Nahash and Nahash's army surrounded the city named Jabesh [which was in Gilead]. The leaders of Jabesh said to Nahash, ["You(Nahash) (imp) make a treaty with us(people)]. Then we(people) will serve you(Nahash)."	1_Samuel
1 Samuel 7:12	(title) The Israelites have peace.  Then Samuel chose a big stone. And Samuel put that stone between Mizpah and Shen. Then Samuel named that stone Ebenezer.  And Samuel said, ["Yahweh helped us(Israelites)."] Ebenezer (footnote) means "stone [that helps]".	1_Samuel
2 Samuel 2:4	Then the other men [who were living in Judah] came to Hebron. Those men chose/anointed David [to become the king of Judah].Then those men told David [that men [that were from  Jabesh-Gilead] buried Saul’s body].	2_Samuel
Genesis 45:19	You(brother's) (imp) take wagons [so that your(brother's) children, your(brother's) wives, and your(brother's) father could return to Egypt with you(brothers)].	Genesis
1 Samuel 1:16	You(Eli) (imp) do not think [that I(Hannah) am an evil woman]. I(Hannah) prayed to Yahweh [because I(Hannah) am extremely sad].”	1_Samuel
1 Samuel 7:15	Samuel was the Israelites’ leader [while Samuel was living].	1_Samuel
Joshua 20:1	(title) The Israelites choose certain cities [in order to protect people [who accidentally kill a person]]. Then Yahweh spoke to Joshua.	Joshua
2 Samuel 14:23	Then Joab went to Geshur. And Joab brought Absalom to Jerusalem.	2_Samuel
Genesis 10:30	These people lived in the eastern hills [that were between Mesha and Sephar].	Genesis
Joshua 9:7	But the Israelites said to those Hivites, ["Perhaps you(men) live near us(Israelites)]. [If you(men) live near us(Israelites)] we(Israelites) will not make a treaty with you(men)."	Joshua
1 Samuel 14:40	So Saul said to all of the Israelites, ["You(Israelites) (imp) stand at that place]. And I(Saul) and my(Saul's) son named Jonathan will stand at this place." The people said, ["We(people) will obey you(Saul)]."	1_Samuel
Joshua 19:40	(title) Yahweh gives land to the tribe named Dan. [After the Israelites used the lots again] Yahweh gave the seventh region to the tribe named Dan. Each group of families [that were in that tribe] received land.	Joshua
Joshua 21:4	The Israelites used lots.  And the lots chose the descendants of Kohath. The Israelites gave 13 towns to the people [who were in the tribe named Levi] [and who were descendants of Aaron]. Those towns were in the regions [that the tribes named Judah, Simeon, and Benjamin owned].	Joshua
Mark 10:21	(paragraph) Then Jesus looked at that man. And Jesus loved-B that man. Jesus said to that man, ["You(man) still need [to do 1 thing _emphasized] [(implicit-situational) in-order-to live forever with God]] . You(man) (imp) go. And you(man) (imp) sell all of the things [that you(man) have]. And you(man) (imp) give the money _implicit to poor people. Then-D you(man) will have treasure in heaven. Then-A you(man) (imp) come. And you(man) (imp) follow-B me(Jesus)."	Mark
1 Samuel 30:4	So David and those men cried loudly. David and those men cried for many hours [until David and those men were very tired].	1_Samuel
Mark 14:1	(title) A woman puts oil on Jesus in Bethany. (paragraph) There were 2 days until the Passover and the Feast-of-Unleavened-Bread. And the chief priests and the scribes were planning/plotting to take-away/arrest Jesus secretly [in-order-to kill Jesus].	Mark
Genesis 26:32	That day the servants of Isaac told Isaac about the well [that the servants dug].  The servants said, ["We(servants) found water in that well."]	Genesis
Genesis 32:24	So Jacob was alone in the camp. Then a man came to the camp.  This man fought Jacob [until the sun rose].	Genesis
Genesis 23:2	Sarah died in a region named Kiriath-Arba [which is in Canaan].  Today people call Kiriath-Arba Hebron. Abraham was very sad [after Sarah died].  Abraham cried [because Sarah died].	Genesis
Matthew 25:40	_paragraph Then the king _1stAs3rd will say, ["I(king) am telling you(people) the truth]. [Whenever you(people) did these good _implicit actions for one of my(king's) least important friends/brothers-D [who are among you(people)] or one _implicit of my(king's) least important sisters-D _implicit [who are among you(people)],] you(people) did these actions for me(king)."	Matthew
1 Samuel 14:5	The northern side of the valley was near Mikmash.  And the southern side of the valley was near Geba.	1_Samuel
Joshua 9:14	Then the Israelites tasted the bread. But the Israelites did not ask Yahweh about those men.	Joshua
Nehemiah 7:5	So God caused [me(Nehemiah) to gather the rulers, officials, and all of the other people]. I(Nehemiah) gathered those people [so that all of those people could write those people's names in books]. I(Nehemiah) found the books [that the people [who first returned to Judah] wrote those people's names in]. People wrote the following things in these books [that I(Nehemiah) found].	Nehemiah
2 Samuel 14:10	King David said, ["[If a person says a bad thing to you(woman)] then (imp) you(woman) bring that person to me(David)]. Then that person will not bother you(woman) again."	2_Samuel
Matthew 26:69	(title) Peter says [Peter does not know Jesus]. _paragraph At that time Peter was sitting in the yard/courtyard of the chiefest priest _implicit. A girl [who was a servant-B of the chiefest priest _implicit] came to Peter. And that girl said, ["You(Peter) also were with Jesus [_restrictive who is from Galilee]"].	Matthew
Genesis 18:6	So Abraham walked quickly to the tent [where Sarah was sitting].  and Abraham said to Sarah, ["You(Sarah) (imp) quickly prepare fine flour quantity 20 liters]. Then you(Sarah) (imp) make bread."	Genesis
Matthew 17:5	_paragraph [While Peter was still speaking,] a bright cloud covered the followers/disciples, Jesus, Moses and Elijah. And a voice spoke from that cloud. That voice said, ["This person is my(God's) Son, [ _descriptive whom I(God) love]]. This person much pleases me(God). You(followers) (imp) listen to this person!"	Matthew
Mark 3:22	(paragraph) And the scribes [who came from Jerusalem] said, ["That man is controlled by Beelzebul!] That man uses the ruler of evil spirits'/demons' power [in-order-to force [evil spirits/demons to leave people _implicit]]."	Mark
1 Samuel 17:5	Goliath wore a bronze helmet on Goliath's head. And Goliath wore bronze armor [that weighed about 58 kilograms].	1_Samuel
Joshua 20:4	[When a man runs to one of those cities] the man must stand at the gate of that city. And that man must explain to the leaders of the city [that the man did not want [to kill that person]]. Then the leaders must let [that man enter the city]. And those leaders must let [that man live in that city].	Joshua
Genesis 41:11	[While we(officers) were in prison] we(officers) dreamed on the same night.	Genesis
Matthew 9:13	But you(Pharisees) (imp) go. And you(Pharisees) (imp) learn the thing [that the following words mean]. (complex) The Scriptures say, ["I(God) want/desire mercy [more-than I(God) want/desire gifts/sacrifices]"]. (simple) The Scriptures say, [" I(God) want [you(people) to be kind/merciful] [more than I(God) want [you(people) to give/offer gifts/sacrifices to me(God)]]"]. For I(Jesus) did not come [in order to call-A the good/righteous people]. Instead, I(Jesus) came [in order to call-A people [who do _routinely sins]]". _footnote You(people) (imp) see Hosea 6:6.	Matthew
Genesis 21:3	Abraham named the son [who Sarah birthed] Isaac.	Genesis
Genesis 16:12	and the angel said, ["Ishmael will be like a wild donkey.] Ishmael will fight every person. and every person will fight Ishmael. Ishmael will attack all Ishmael's brothers."	Genesis
Esther 9:19	Therefore the Jews [that live in villages] always celebrate with a feast on March 8. And on that day those Jews give gifts to each-other(Jews).	Esther
1 Samuel 13:6	[When the Israelites saw the Philistines' army] the Israelites became very afraid. So the Israelites hid in caves and behind bushes. The Israelites also hid behind stones. And the Israelites hid in holes and in wells.	1_Samuel
Matthew 26:25	(norhetorical) Then Judas-Iscariot, [_descriptive who was the follower/disciple [who will give Jesus to Jesus's enemies]], asked, ["Rabbi, am I(Judas) the follower/disciple [who will give you(Lord) to your(Lord's) enemies]?"] (statement) Then Judas-Iscariot, [_descriptive who was the follower/disciple [who will give Jesus to Jesus's enemies]], said, ["Rabbi, I(Judas) am certainly not the follower/disciple [who will give you(Lord) to your(Lord's) enemies]!"] _paragraph Jesus said, ["Yes]. You(Judas) are that follower/disciple."	Matthew
2 Samuel 15:6	Many Israelites came to King David [in order to ask [David to help the Israelites]]. And Absalom was very kind to all of those Israelites. So the Israelites liked Absalom much.	2_Samuel
Mark 15:28	Thus the event [that the Scriptures described] happened/be-fulfilled. The Scriptures said, ["The servant of the Lord-A was treated badly _implicit by people _implicitActiveAgent [just-like a person [who breaks laws] is treated badly _implicit by people _implicitActiveAgent"]]. (footnote) Most manuscripts of this part of the Scriptures do not include verse 28. But some copies/manuscripts of this part of the Scriptures include verse 28.	Mark
Esther 6:7	So Haman said to the king, ["You(king) should honor that man [by doing certain things for that man].]	Esther
Daniel 3:21	[When the strong soldiers tied Shadrach, Meshach, and Abednego with ropes] Shadrach, Meshach, and Abednego were wearing clothes and coats. Then the strong soldiers threw these three men into the extremely hot fire.	Daniel
Matthew 26:15	And Judas-Iscariot asked those chief priests _implicit, ["How-much-many money do you(priests) agree [to give me(Judas) [if I(Judas) give Jesus to you(priests)]]?"] So the chief priests gave to Judas-Iscariot 30 silver coins.	Matthew
Matthew 5:2	And Jesus began [to teach those disciples]. (paragraph) Jesus said,	Matthew
Joshua 6:14	So on the second day the Israelites walked/marched around the city -iteration one time. Then the Israelites returned to the Israelites' tents. The Israelites walked around the city for 6 days. The Israelites walked around the city -iteration 1 time each day.	Joshua
1 Samuel 24:8	Then David went out from that cave. And David shouted to Saul, ["My(David's) master, my(David's) king!"]  Then Saul turned around.  And David bowed to Saul.  David moved David’s face to the ground.	1_Samuel
1 Samuel 15:32	Then Samuel said, ["You(soldiers) (imp) bring Agag [who is king of the Amalekites] to me(Samuel).]"  So the soldiers brought Agag to Samuel.  Agag was tied with chains.  But Agag thought, ["These people will not kill me(Agag) now]."	1_Samuel
Matthew 27:7	So those chief priests decided [to use the money [in order to buy the field of the person [who makes pots with clay] ]]. Those chief priests wanted [that field to become a place [that people _implicitNecessary bury dead _implicit people _DifferentNounIndex [who are from another country] in]].	Matthew
Mark 12:44	For those people gave a little part of those people's money. But [although this woman/widow is very poor] this woman/widow still _implicit gave all the money [that this woman/widow had-A [in-order-to live]]. "	Mark
Matthew 24:6	You(followers) will hear-D about wars. And you(followers) will hear-A reports/rumor [that are about wars]. But you(followers) (imp) do not become upset/troubled. These events must happen. But the end-A of all things _implicit will not happen yet.	Matthew
Daniel 6:23	Then the king was very happy. The king ordered [the king's servants to take away the stone from the pit].  Then the king ordered [the king's servants to lift Daniel from the pit]. So the servants lifted Daniel from the pit. The servants saw [that the lions had not hurt Daniel]. The lions did not hurt Daniel [because Daniel had trusted God].	Daniel
1 Samuel 23:24	So those men returned to Ziph. At that time David and the men [who were with David] were in the Desert named Maon. That desert was in Arabah [which was on the southern side of Jeshimon].	1_Samuel
Matthew 27:19	_paragraph [While Pilate was sitting on the seat [that a ruler _generic sits on [when a ruler _generic judges people _generic]],] Pilate's wife sent a message to Pilate. Pilate's wife said in that message _implicit, ["You(Pilate) (imp) do not decide [to punish that man [who is not guilty]]]. For I(wife) much suffered in-E this morning in-I a dream because of that man."	Matthew
Matthew 24:48	But [if that servant is evil,] that servant might think, ["My(servant's) master will not come soon"].	Matthew
1 Samuel 24:5	Then (implicit-info) David returned to the other men in that cave. But David felt bad [because David cut-off a piece of Saul’s robe].	1_Samuel
Matthew 12:38	(title) The Pharisees ask [Jesus to do a miracle]. _paragraph Then some Pharisees and some scribes said to Jesus, ["Master/teacher, we(Pharisees) want [you(master) to do a miracle [ in order (implicit-situational) to show us(Pharisees) your(Jesus's) power]]"].	Matthew
Genesis 22:23	Later Bethuel became the father of Rebekah. Milcah was the mother of these 8 sons. and Nahor [who was Abraham's brother] was the father of these 8 sons.	Genesis
2 Samuel 22:15	Yahweh shot Yahweh's arrows. And the enemies run-away.Yahweh completely defeated the enemies with much lightning.	2_Samuel
Joshua 10:11	The Israelites chased those armies from Beth-Horon to Azekah. [While the Israelites were chasing those armies] Yahweh threw large pieces of ice/hail at those armies from the sky. The ice/hail killed many of those soldiers.  The Israelites killed many soldiers with the Israelites' swords.  But the ice/hail killed more soldiers.	Joshua
1 Samuel 1:14	Then Eli said to Hannah, ["You(Hannah) (imp) do not become drunk!] You(Hannah) (imp) throw-away your(Hannah's) wine!"	1_Samuel
Genesis 31:49	People also called that place Mizpah [because Laban said, ["I(Laban) pray-hope [that Yahweh will watch us(Laban) [when we(Laban) are far from each-other(Laban)]]"]]. -Footnote Mizpah means to watch.	Genesis
Genesis 47:12	And Joseph also gave food to Joseph's father, to Joseph's brothers, and to all the people [who lived with Joseph's family].	Genesis
Genesis 24:27	The servant said, ["I(servant) praise Yahweh!]  Yahweh is the God of my(servant's) master named Abraham. Yahweh is kind to Abraham.  and Yahweh is faithful to Abraham. Yahweh led me(servant) to the relatives of the master of me(servant)."	Genesis
Mark 3:3	Jesus said to the man [who had a sick/shriveled hand], ["You(man) (imp) stand-up in-front-of all of the people."]	Mark
Daniel 11:26	People [who eat food with the king of the south region] will try [to kill the king]. The men [who are in this king's army] will leave the king. And many soldiers will die.	Daniel
Esther 7:6	Esther said to the king, ["The man [who hates my(Esther's) people] is this wicked man, Haman."] Then Haman became very afraid of the king and of the queen.	Esther
Matthew 10:2	_paragraph The names of the 12 apostles [_descriptive who (implicit-situational) were Jesus's followers/disciples] were _be-K Simon [who was called Peter by people _implicitActiveAgent] and Simon’s brother named Andrew, James [who was the son of Zebedee], and James’s brother named John,	Matthew
Daniel 5:8	Then all the king's wise men came into the palace. But the wise men were not able [to read the message]. The wise men were not able [to tell the king about the meaning of the message].	Daniel
Acts 16:36	So the chief guard of the prison said to Paul, ["The officials have sent these soldiers [to free you]]. So you(Paul and Silas) may go]. You(Paul and Silas) may go now. You(Paul and Silas) have (imp) peace as you(Paul and Silas) go."]	Acts
Matthew 1:3	Judah became the father of Perez and Zerah. Perez's and Zerah's mother was Tamar. Perez became the father of Hezron. And Hezron became the father of Ram.	Matthew
Joshua 19:12	Then the border went from Sarid to Kisloth-Tabor, Daberath, and Japhia.	Joshua
Mark 10:12	And a woman [who ends that woman's marriage [that is with that woman's husband]] [and who marries another man] is not faithful to that woman's previous husband."	Mark
Genesis 27:4	[After you(Esau) cook that animal] you(Esau) (imp) bring that food to me(Isaac). [After I(Isaac) eat that food] I(Isaac) will bless you(Esau).  I(Isaac) want [to bless you(Esau) [before I(Isaac) die]]".	Genesis
Genesis 42:31	But We(brothers) told that official [that we(brothers) are honest]. We(brothers) said [that we(brothers) are not spies].	Genesis
1 Samuel 15:13	So Samuel went to Saul. And Saul said to Samuel, ["I(Saul) hope [that Yahweh will bless you(Samuel)]!] I(Saul) obeyed Yahweh's instructions."	1_Samuel
1 Samuel 25:9	[When those men arrived at Nabal's house] those men said those things to Nabal. Then those men waited.	1_Samuel
Genesis 41:14	So the king called Joseph. The guards quickly brought Joseph from the prison to the palace. Then Joseph shaved. And Joseph put-on clean clothes. Then Joseph went to the king.	Genesis
Joshua 5:8	[After Joshua circumcised all of those men] the Israelites stayed at the camp [while the men healed].	Joshua
Matthew 9:6	But I(Jesus) want [you(scribes) to know [the Son-of-Man _1stas3rd has authority on the earth _frameInferable [in order to forgive sins]]]." So Jesus said to the man [who was paralyzed], ["You(man) (imp) get-up.] You(man) take your(man's) bed/mat. And you(man) (imp) go to your(man's) house."	Matthew
Mark 6:43	Then Jesus's followers/disciples filled 12 baskets with the pieces of bread [(implicit-situational) that the people did not eat] and pieces of fish [(implicit-situational) that the people did not eat].	Mark
Joshua 15:30	And the tribe named Judah owned the towns named Eltolad, Kesil, and Hormah.	Joshua
2 Samuel 21:4	Then those Gibeonites said to David, ["We(people) must not ask/demand [Saul and Saul's family to give silver and gold to us(people)]]. And we(people) must not ask/demand [you(David) to kill people [who are in Israel]]." Then David asked those people, ["Which thing do you(people) want [me(David) to do for you(people)]]?"	2_Samuel
Joshua 21:33	Therefore the Israelites gave 13 towns to the families [that were Gershon’s descendants]. The Israelites also gave all of the fields [that were near those towns] to those families.	Joshua
Matthew 16:19	(complex) (literal) I(Jesus) will give you(Peter) the keys of the kingdom-B of heaven. (complex) (dynamic) I(Jesus) will give you(Peter) the authority of the kingdom-B of heaven. (simple) (literal) I(Jesus) will give you(Peter) the keys [so that you(Peter) will lead the people [whom God rules]]. (simple) (dynamic) I(Jesus) will give you(Peter) authority [so that you(Peter) will lead the people [whom God rules]]. The things [that you(Peter) do not allow [people to do] on earth] will be the things [that were already _implicit not allowed by God _implicitActiveAgent in heaven]. And the things [that you(Peter) allow [people to do] on earth] will be the things [that were already _implicit allowed by God _implicitActiveAgent in heaven]."	Matthew
Genesis 45:20	You(brothers) (imp) do not bring your(brothers') things with you(brothers) from Canaan [because we(king) will give the best things [that we(king) have in Egypt] to you(brothers)].""	Genesis
1 Samuel 13:20	So all of the Israelites went to the Philistines [so that the Philistines would make [the Israelites' tools become sharp]].  So the Philistines made [the Israelites' plows, axes, and sickles become sharp].	1_Samuel
Matthew 3:12	That person's fork [that that person will use [in order to separate chaff from grain]] is already _implicit in that person's hand. And that person will clean that person's place [that that person separates wheat-A from plants/stalks at]. That person will gather that person's wheat-A into that person's barn. And that person will burn the chaff. That chaff will be burned-A by a fire [that never stops burning-B ]."	Matthew
Mark 12:3	But [(implicit-subaction) after that servant-B arrived at the garden/vineyard,] those people/farmers did not give fruit/grapes to that servant-B. Instead, _implicit those people/farmers took/grab that servant-B. And those people/farmers beat-C that servant-B. And those people/farmers sent-A that servant-B from that place to that servant's-B master-A _implicit.	Mark
Genesis 24:41	[If the relatives of my(Abraham's) father will not allow [any woman to marry my(Abraham's) son]] you(servant) may return to Canaan.  You(servant) (imp) do not do any other thing."	Genesis
Mark 14:24	Then Jesus _paragraph said to those followers/disciples, ["This wine (primary) is my(Jesus's) blood]. ["(meaning-1) This wine is like my(Jesus's) blood]. My(Jesus's) blood will show-A to people _implicit the agreement/covenant [that (implicit-situational) is between-A God and God's people] . My(Jesus's) blood will pour-out from my(Jesus's) body _implicit [when I(Jesus) (implicit-situational) die]. And my(Jesus's) blood will be a gift/sacrifice _implicitNecessary [that (implicit-situational) is for God] [so that many people would be saved-C _implicitNecessary by God _implicitActiveAgent].	Mark
2 Samuel 18:7	David’s soldiers defeated the Israelites. Many soldiers died on that day. 20000 men died.	2_Samuel
Matthew 21:9	Some people walked in-front-of Jesus. And other people walked behind Jesus. All _implicitHyperbolic those people shouted, ["You(people) (imp) praise the Son-of-David!] (literal) The person [who comes in-H the name of the Lord] is blessed by God _implicitNecessary! (dynamic) The person [who comes with God's authority] is blessed by God _implicitNecessary! You(people) (imp) praise God _implicitNecessary [who is in heaven]!" (footnote) The people shouted, ["Hosanna"]. The word Hosanna means-A, ["You(God) (imp) save us(people)"]. But during the time [when Matthew lived], Hosanna also meant-A, ["You(people) (imp) praise God"]. (footnote) You(people) (imp) see Psalms 118:25-26.	Matthew
2 Samuel 1:3	David asked that man, ["Where did you(man) come from?"] That man answered David, ["I(man) escaped from the Israelite's camp."]	2_Samuel
Genesis 50:8	All the people [who lived with Joseph] and Joseph's brothers also went with Joseph to Canaan. And all the people [who lived with Jacob] also went to Canaan. These people left the people's children and the people's livestock in Goshen.	Genesis
Joshua 8:15	Then Joshua and all of the Israelite soldiers allowed [the soldiers of Ai to chase the Israelite soldiers]. Then the Israelites started running away from the soldiers of Ai. The Israelite soldiers ran to the desert [which was on the eastern side of the city].	Joshua
Genesis 18:3	and Abraham said, ["Lord, please you(Yahweh) (imp) stay with me(Abraham) for a short time].	Genesis
Matthew 25:12	_paragraph But the man/bridegroom said, ["I(man) am telling you(women) the truth]. I(man) do not know you(women)."	Matthew
2 Samuel 24:25	Then David built an altar for Yahweh at that place. And David gave the gifts/sacrifices to Yahweh. Then Yahweh answered David's prayer. And the people stopped dying in Israel.	2_Samuel
Matthew 8:32	Jesus _paragraph said to those evil spirits/demon, ["You(spirits) (imp) go into the group of pigs _implicit !]" So those evil spirits/demon come-out from the men _dual. And those evil spirits/demon went into the pigs. Then the pigs of whole group _implicitType quickly go-down the steep hill _frameInferable into the lake. And those pigs died in the water .	Matthew
Genesis 28:6	Later Esau find-out [that Isaac blessed Jacob again] [and that Isaac sent Jacob to northwest Mesopotamia [in-order-to marry a woman [who lived in that place]]]. Esau also find-out [that Isaac told Jacob [to not marry a woman [that was from Canaan]]].	Genesis
Matthew 17:24	(title) Jesus talks about taxes. _paragraph [After Jesus and Jesus's followers/disciples arrived in Capernaum,] tax collectors came to Peter. Those tax collectors collected _routinely the tax [that was for the big building of Jerusalem [that Jews worship God in]] of 2 Greek silver coins. Those tax collectors asked Peter _implicit, ["Does your(Peter's) master/teacher pay the tax [that is for the big building of Jerusalem [that Jews worship God in]]?"] (footnote) A Greek silver coin was about the amount of money/wages [that a man received [when that man worked for 1 day]].	Matthew
Genesis 27:1	-Title Jacob tricks Isaac. [When Isaac was old] Isaac did not see well. On one day Isaac called the older son of Isaac named Esau. [After Esau came to Isaac] Isaac said, ["Are you(Esau) Esau?"]  And Esau said to Isaac, ["Yes.] I(Esau) am Esau."	Genesis
Matthew 22:13	_paragraph Then the king said to the servants-A [who worked at the event/feast], ["You(servants) (imp) tie this man's hands and this man's feet]. And you(servants) (imp) take-away this man from this place. You(servants) (imp) take-B this man into the darkness [_descriptive where people _generic will cry/weep] [_descriptive and where people will bite/gnash those people's teeth]."	Matthew
Acts 17:16	Paul (title) told the people in Athens about Jesus. So Paul was waiting [for Timothy and Silas to come to that place]. And Paul felt very upset [because Paul saw [that there were many images of false gods in that city]].	Acts
Matthew 26:68	And those priests said _derogatory, ["Christ, [if (implicit-situational) you(Christ) are truly a person [who tells God's messages to people],] who hit-A you(Christ)]?"	Matthew
Matthew 13:37	_paragraph Jesus said, ["The man [who scatters the good seeds] is-X the Son-of-Man _1stAs3rd].	Matthew
Joshua 13:33	But Moses did not give land to the tribe named Levi. The God of the Israelites named Yahweh promised [that Yahweh would take care of the tribe named Levi].	Joshua
Genesis 41:39	So the king said to Joseph, ["God showed all these things to you(Joseph)]. You(Joseph) are the wisest person [that lives in Egypt].	Genesis
Matthew 11:10	The Scriptures say the following words about John _emphasized. The Scriptures say, ["You(people) (imp) listen/behold]. (primary) I(God) will send my(God's) messenger [before I(God) send you(Lord)]. (meaning-1) I(God) will send my(God's) messenger [so that that messenger will be in front of you(Lord)]. (literal) And that person/messenger will prepare-B your(Lord's) path. (dynamic) And that person/messenger will say/announce [you(Lord) are coming]." (footnote) You(people) (imp) see Malachi 3:1.	Matthew
Mark 15:33	(title) Jesus dies. (paragraph) (literalunits) At-B the 6th hour, the whole country became dark-A until-B the 9th hour. (modernunits) At-B 12PM, the whole country became dark-A until-B 3PM.	Mark
Genesis 18:12	So Sarah laughed.  And Sarah said to Sarah, ["My(Sarah's) husband and I(Sarah) are too old [to birth a baby]].	Genesis
Genesis 42:20	Then you(brothers) must bring your(brother's) youngest brother to me(Joseph). [If you(brothers) bring your(brother's) youngest brother to me(Joseph)] then I(Joseph) will know [that you(brothers) are telling the truth to me(Joseph)]. Then you(brothers) will not die."  Then the brothers agreed [to bring the brother's youngest brother to Joseph].	Genesis
Mark 3:23	(paragraph) So Jesus called those people/scribes. And Jesus told-D parables to those people/scribes. Jesus said, ["Will (rhetorical) Satan force [Satan's evil spirits/demons _implicitType to leave people _implicit]?] ["Satan (statement) will not force [Satan's spirits/demons _implicitType to leave people _implicit]].	Mark
Genesis 8:6	After 40 more days Noah opened the window [that Noah made  in the side of the boat].	Genesis
1 Samuel 20:25	Saul sat on the chair [that Saul always sat on]. That chair was near the wall. Jonathan sat on another chair [that was on the other side of the table]. And Abner sat on a chair [that was beside Saul’s chair]. But no person sat on David’s chair.	1_Samuel
Mark 1:30	The mother of Simon's wife was lying in a bed in Simon's house _implicit [because that mother/mother-in-law had a fever]. Some people immediately told Jesus about that mother/mother-in-law and about that mother's/mother-in-law's fever _implicit.	Mark
Matthew 8:16	(paragraph) In the evening on that day _implicit, many people [whom evil spirits/demon controlled] were brought by people _implicitActiveAgent to Jesus. And Jesus forced [those evil spirits/demon to immediately leave those people] [by saying a command]. Also, _implicit Jesus healed all the people [who were sick].	Matthew
Nehemiah 9:13	You(Yahweh) come-down to mount-Sinai. You(Yahweh) spoke to our(people's) people/ancestors from heaven. You(Yahweh) gave those people laws [that are fair/just and right]. You(Yahweh) ordered those people [to do certain things]. You(Yahweh) gave commands [that are good] to those people.	Nehemiah
Joshua 10:37	The Israelites killed all of the people [who were living in that city].  The Israelites also killed the king of that city.  And the Israelites killed all of the people [who were living in the small towns [that were near that city]]. The Israelites killed all of those people. The Israelites destroyed that city [just-like the Israelites destroyed Eglon].	Joshua
Joshua 2:23	Then the 2 men started walking to the place [where Joshua was]. Those 2 men left the hills. And those 2 men went across the Jordan River. Those 2 men went to Joshua [who was the son of Nun]. And those 2 men told Joshua about all of the things [that happened to the 2 men].	Joshua
Mark 1:43	(paragraph) Jesus much warned the man [the man (implicit-situational) not to tell other people about the thing [that happened]]. And Jesus immediately told [the man to go from that place].	Mark
Joshua 5:6	The Israelites traveled in the desert for 40 years. [While the Israelites were in the desert] all of the men [who lived in Egypt earlier] died. Those men did not obey Yahweh. So Yahweh promised those men [that those men would not see the new land]. Yahweh promised those men [that Yahweh would give the new land to the men's descendants]. That new land has much milk and much honey. And much food grows in that new land.	Joshua
Matthew 7:22	On that day [(implicit-situational) that God will judge people on] many people will say to me(Jesus), ["(yesrhetorical) Lord, Lord, did we(people) prophesy with your(Jesus's) name of the authority _implicitType?] ["(statement) Lord, Lord, we(people) prophesied with your(Jesus's) name of the authority _implicitType]. (yesrhetorical) And did we(people) command [evil spirits/demons to come-out from people _implicitNecessary with your(Jesus's) name of the authority _implicitType]? (statement) And we(people) commanded [evil spirits/demons to come-out from people _implicitNecessary with your(Jesus's) name of the authority _implicitType]. (yesrhetorical) And did we(people) do many actions through God's power with your(Jesus's) name of the authority _implicitType? (statement) And we(people) did many actions through God's power with your(Jesus's) name of the authority _implicitType."	Matthew
Mark 1:3	(literal) That person/messenger be-U a voice [that is shouting in the desert/wilderness, ["You(people) (imp) prepare the path for the Lord]]. (dynamic) That person/messenger is shouting in the desert/wilderness, ["You(people) (imp) prepare your(people's) lives [so that your(people's) lives are ready [to receive the message of the Lord]]]. (literal) You(people) (imp) make straight paths for the Lord."" (dynamic) You(people) (imp) act [so that the Lord is happy].""	Mark
Acts 20:9	[While Paul was talking] A young man named Eutychus sat in the window. Paul talked much,. So Eutychus began to sleep. [When Eutychus was very asleep,] Eutychus fell from the window [that was in the third floor of that building] to the ground. Then a person went to Eutychus.  And that person lifted up Eutychus. But Eutychus was dead.	Acts
1 Samuel 17:22	David (implicit-info) saw [the armies preparing [to fight]]. So David gave the food to the soldier [that guarded the food]. Then David ran to David's brothers. And David greeted David's brothers.	1_Samuel
Titus 2:3	Similarly old women should act well [just like God's special people should act]. Those women should not say bad things [that are about other people]. Those women should not allow wine [to  control those women]. Those women should teach good things to people.	Titus
Joshua 19:10	(title) Yahweh gives land to the tribe named Zebulun. [After the Israelites used the lots again] Yahweh gave the third region to the tribe named Zebulun. Each group of families [that were in that tribe] received land. The border of the land [that the tribe named Zebulun owned] started at Sarid.	Joshua
Genesis 8:13	On the first day of the first month the ground was dry.  At that time Noah was 601 years old.  Noah opened the door of the boat. and Noah saw [that the ground was dry].	Genesis
Genesis 11:6	Then Yahweh said, ["These people are one group]. These people speak the same language. These people will continue doing many things. And These people will be able [to do all the things [that the people want [to do]]].	Genesis
1 Samuel 14:14	Jonathan and the soldier [that carried Jonathan's shield] killed about 20 Philistine soldiers.	1_Samuel
Joshua 17:16	Then the people [that were descendants of Joseph] said, ["The region [that is in the mountains [that belong to Ephraim]] is too small]. So we(people) need more land. But the Canaanites [who are living in the plain] fight well. And the Canaanites have many iron chariots in Beth-Shan and in all of the small towns [that are in that region]. And the Canaanites [that are living in the valley-Jezreel] also have iron chariots."	Joshua
Genesis 42:4	But Jacob did not allow [Joseph's brother named Benjamin to go with those 10 brothers] [because Jacob was afraid [that a bad thing would happen to Benjamin]].	Genesis
1 Samuel 30:5	The Amalekites took/captured David’s two wives. Ahinoam was from Jezreel. And Abigail was previously the wife of Nabal [who lived in Carmel].	1_Samuel
Genesis 18:1	-Title Yahweh visits Abraham.  Later Yahweh appeared to Abraham near the big trees of Mamre. Abraham was sitting at the door of Abraham's tent. At that time the weather was hot.	Genesis
Matthew 20:15	(yesrhetorical) Am I(man) allowed by the laws _implicitActiveAgent [to use my(man's) money [just-like I(man) want [to use my(man's) money]]]? (statement) I(man) am allowed by the laws _implicitActiveAgent [to use my(man's) money [just-like I(man) want [to use my(man's) money]]]. (yesrhetorical) Are you(worker) upset/jealous [because I(man) am generous]? (statement) You(worker) should not be upset/jealous [because I(man) am generous]."	Matthew
Acts 21:12	[After we(disciples) heard that message], we(disciples) and the people [who were in that place] suggested very hard [that Paul not go to Jerusalem].	Acts
Daniel 2:15	Daniel said to Arioch, ["Why did the king order [you(Arioch) to kill all the astrologers and all the magicians]]?" Then Arioch explained the problem to Daniel.	Daniel
Matthew 19:21	_paragraph Jesus answered, ["[If you(man) want [to be perfect],] you(man) (imp) go]. And you(man) (imp) sell all of your(man's) things/possessions . And you(man) (imp) give the money _implicitFrameInferable to poor people. Then-D you(man) will have a treasure in heaven. Then you(man) (imp) come. And you(man) (imp) follow-B _routinely me(Jesus)."	Matthew
1 Samuel 10:27	But certain bad men said, ["Saul is not able [to save us(men)]]."  Those men hated Saul. And those men did not give gifts to Saul. But Saul did not complain about those men.	1_Samuel
Matthew 23:15	_paragraph People [who teach the religious laws] and Pharisees, people [who pretend [to be good/righteous]], you(scribes) will much suffer! (literal) You(scribes) travel to every place on the land and on the sea [in order to cause [1 person to believe the things [that you(scribes) teach]]]. (dynamic) You(scribes) do many actions [in order to cause [1 person to believe the Jewish laws [that you(scribes) teach-B to that person _implicit]]]. (literal) But [when that person starts following _routinely Jewish laws,] you(scribes) cause [that person to become a child of the place [that evil people are punished by God _implicitActieAgent [after those people die] at] [more-than you(scribes) are children of that place/hell-A]]. (dynamic) But [when that person starts following _routinely Jewish laws,] you(scribes) cause [that person to become much evil [more-than you(scribes) are evil]].	Matthew
Nahum 1:7	Yahweh is good. Yahweh protects the people [who have problems]. And Yahweh takes care of the people [who trust in Yahweh].	Nahum
Daniel 2:37	You(king) are a very great king. God [who is in heaven] has appointed you(king) [in order to be a king]. And God has given power, wealth, and honor to you(king).	Daniel
Genesis 45:25	So the brothers left Egypt. and the brothers returned to the brother's father named Jacob [who lived in Canaan].	Genesis
Nehemiah 9:37	[Because we(people's) did bad _morally things] the kings [that you(God) allow [to rule us(people)]] take the food [that grows in this land]. Those kings rule us(people) and our(people's) cattle. We(people) have much trouble.	Nehemiah
1 Samuel 20:26	Saul did not talk about David on that day. Saul thought, ["Perhaps David is unclean.] So David is not able [to eat with us(Saul)]."	1_Samuel
Matthew 22:40	All the religious laws of Moses and all the words [that the people [who tell God's messages to people] said] are actually _implicit about these 2 commands/commandment."	Matthew
Acts 21:14	We(disciples) knew [that we(disciples) were not able to persuade Paul [to stop going to Jerusalem]. So we(disciples) said, ["We(disciples) pray that you(Paul) will do all the things that God wants you(Paul) to do."]	Acts
Mark 3:32	A crowd was sitting around Jesus. And those people _frameInferable said to Jesus, ["You(Jesus) (imp) listen/behold]. Your(Jesus's) mother and your(Jesus's) brothers are outside of the house _implicitNecessary. And your(Jesus's) mother and your(Jesus's) brothers are searching you(Jesus) ."	Mark
Nehemiah 12:23	The names of all of the leaders of the families of the sons/descendants of Levi were written by people _implicit in the book-of-events-of-the-days. The names of the leaders that lived from the time [when Levi was alive] until the time [when Johanan [who was a son of Eliashib] was alive] were written by people _implicit in that book.	Nehemiah
2 Samuel 24:2	King David said to Joab and the officers [that were with Joab], ["(imp) You(Joab) go to all of the tribes of Israel]. (imp) You(Joab) go from Dan to Beersheba.  And (imp) You(Joab) count the people [so that I(David) could know the number of people [that are in Israel]]."	2_Samuel
2 Samuel 3:8	Then Abner became very angry at Ish-Bosheth.  So Abner said, ["I(Abner) do not work for the people [who are  living in Judah]]. I(Abner) was faithful to Saul, Saul's family, and Saul's friends.  I(Abner) did not give you(Ish-Bosheth) to David. But now you(Ish-Bosheth) say [that I(Abner) did a bad thing with this woman]!	2_Samuel
Ruth 2:17	So Ruth picked up grain/barley in that field until the evening. [After Ruth separated the grain/barley from the plants/stalks] Ruth had about 13 kilograms of grain/barley.	Ruth
Genesis 30:8	Then Rachel said, ["I(Rachel) struggle with my(Rachel's) sister.] and I(Rachel) defeated my(Rachel's) sister". So Rachel named that child Naphtali. -Footnote Naphtali means [to struggle].	Genesis
Nehemiah 7:37	721 men [that were from Lod, Hadid, and Ono] returned.	Nehemiah
Daniel 11:38	That king will honor the god [that protects strong cities]. That king will honor a god [that the king's father did not honor]. That king will give gold, silver, valuable stones, and valuable gifts to that god.	Daniel
Genesis 14:2	One day these 4 kings went [in order to fight with Bera [who was the king of Sodom], Birsha [who was the king of Gomorrah], Shinab [who was the king of Admah], Shemeber [who was the king of Zeboiim], and the king of Bela]. -Footnote People sometimes call Bela Zoar.	Genesis
2 Samuel 10:16	Hadadezer paid money to more Aramean soldiers [so that the soldiers would fight the Israelites]. Those soldiers came from the eastern side of the Euphrates River. Then those other soldiers went to Helam. A man named Shobak was the leader of those new soldiers. Shobak was the captain of Hadadezer's army.	2_Samuel
Nehemiah 7:38	3930 men [that were from Senaah] returned.	Nehemiah
Nehemiah 3:29	A man named Zadok [who was a son of Immer] repaired the next part of the wall. That part of the wall was in-front-of Zadok's house. A man named Shemaiah [who was a son of Shekaniah] repaired the next part of the wall. Shemaiah guarded the eastern gate.	Nehemiah
Matthew 10:41	A person [who accepts/welcome a prophet [just-like people should accept/welcome a prophet]] will receive-A the reward [that prophets receive]. And a person [who accept/welcome a good/righteous person [just-like people should accept/welcome a good/righteous person]] will receive-A the reward [that good/righteous people receive].	Matthew
Genesis 1:28	Then God blessed the 2 people.  God said to the 2 people, ["You(people) birth (imp) many children.] You(people) (imp) have many children [that will live on the earth.]  You(people) (imp) care for all things [that are on the earth.]  You(people) (imp) care for the fish [that are in the ocean] and for the birds [that are in the sky].  You(people) (imp) care for all the animals [that live on the earth]."	Genesis
1 Samuel 20:11	Then Jonathan said, ["Let us(Jonathan) go to the field]." So Jonathan and David went to the field.	1_Samuel
Mark 11:3	A person _generic might ask you(followers) _dual, ["Why are you(followers) _dual taking this young horse/donkey?"] . You(followers) _dual (imp) say to that person, ["The master/Lord needs this horse/donkey]. And the master/Lord will send this horse/donkey to this place soon [(implicit-situational) after the master/Lord finishes using this horse/donkey] .""	Mark
Jonah 3:9	Perhaps God will pity us(people).  Perhaps God will stop being angry with us(people). Then we(people) will not die."	Jonah
Matthew 12:50	For all people [who do _routinely the things [that my(Jesus's) Father [who is in heaven] wants [those people to do]]] are-X my(Jesus's) brother, my(Jesus's) sister, and my(Jesus's) mother."	Matthew
Daniel 7:27	Then God will give God's kingdom to the people [who are faithful to God]. Those people will have great power. And those people will rule all the kingdoms [that are on the earth]. The kingdom of God will exist forever. And all the rulers will serve God forever. And all the rulers will do all the things [that God says]."	Daniel
Mark 16:11	Those people were told by Mary-Magdalene _implicitActiveAgent [Jesus was alive] [and Mary-Magdalene saw Jesus]. But those people did not believe-A Mary-Magdalene _implicit.	Mark
Genesis 38:25	[When those people went to Tamar] Tamar wrote a message to Tamar's father-in-law. Tamar wrote, ["The man [who owns these things] caused [me(Tamar) to become pregnant]]. You(Judah) (imp) look at this ring and this staff. Who owns these things?”	Genesis
Genesis 26:20	But one day the men [who lived in Gerar] [who cared for the animals] argued with the servants of Isaac about the well. and those men said to the servants, ["This well belongs to us(men)]." So Isaac named that well Esek [because the men argued with Isaac]. –Footnote Esek means to argue.	Genesis
2 Samuel 3:37	On that day all the people [that were with David] and all of the Israelites knew[that David did not kill Abner]. Abner was Ner’s son.	2_Samuel
2 Samuel 17:27	[When David came to Mahanaim] men named Shobi, Makir, and Barzillai were at that place. Shobi was the son of Nahash. Shobi was from the town named Rabbah. Rabbah was in Aram. Makir was the son of Ammiel. Makir was from Lo-Debar. And Barzillai was from Rogelim. Rogelim was in Gilead.	2_Samuel
Genesis 42:33	Then that official said to us(brothers), ["You(brothers) must prove [that you(brothers) are not lying]]. You(brothers) (imp) leave one brother in this place. Then you(brothers) (imp) take this grain to your(brothers') families [so that your(brothers') families could eat the grain].	Genesis
1 Samuel 5:10	So the Philistines sent the Ark-of-the-Covenant to Ekron. But [when those people saw [the Ark-of-the-Covenant coming toward Ekron]] those people cried out, ["Why are you(people) bringing the Ark-of-the-Covenant of Israel to our(people's) city]? Do you(people) want [to kill us(people) and our(people's) people]?"	1_Samuel
1 Samuel 9:4	So Saul and a servant walked through the mountains [that the tribe named Ephraim owned]. And Saul also walked through the region [that was near Shalisha]. But Saul and the servant did not find the donkeys. Then Saul went to Shaalim. But Saul did not find the donkeys at that place. Then Saul went through the land [that the tribe named Benjamin owned]. But Saul and the servant did not find the donkeys.	1_Samuel
Genesis 25:28	Isaac loved Esau [more-than Isaac loved Jacob] [because Esau hunted the wild animals [that Isaac liked [to eat]]]. But Rebekah loved Jacob [more-than Rebekah loved Esau].	Genesis
Daniel 5:5	Suddenly the hand of a man appeared in the room. The hand wrote a message on the wall of the king's palace. The message was on the wall [that was near the candles]. The king watched [the hand writing the message on the wall].	Daniel
Genesis 4:17	Later Cain sexed Cain's wife. Then Cain's wife became pregnant.  Then Cain's wife birthed a son named Enoch.  At that time Cain was building a city.  Cain also named the city Enoch [in order to honor Cain's son].	Genesis
Genesis 35:8	At that time Rebekah's nurse named Deborah died. Jacob buried Deborah's body under the oak trees [that are at Bethel]. so people named that place the oak trees [where people cry].	Genesis
1 Samuel 14:6	Jonathan said to the young soldier [who carried Jonathan's shield], ["You(soldier) (imp) come with me(Jonathan)]. Let us(Jonathan) go to the camp of those men [who are not circumcised].  Perhaps Yahweh will help us(Jonathan).  Yahweh does not need many soldiers [in order to save us(Israelites)].  No person is able [to prevent [Yahweh from saving us(Israelites) from the Philistines]]."	1_Samuel
Genesis 49:4	But I(Jacob) am not able [to control you(Reuben)]. You(Reuben) are like water.  I(Jacob) am not able [to prevent [you(Reuben) from doing bad things]]. Therefore you(Reuben) will not lead your(Reuben's) brothers.  You(Reuben) will not lead your(Reuben's) brothers [because you(Reuben) lay down in your(Reuben's) father's bed].  I(Jacob) am ashamed [because you(Reuben) sexed my(Jacob's) female slave].	Genesis
2 Samuel 16:9	Then Abishai [who was Zeruiah's son] said to the king, ["Why is this dead dog cursing you(David)?]  You(David) are the king! (imp) You(David) let [me(Abishai) cut off this man's head]."	2_Samuel
Joshua 15:13	Previously Yahweh commanded [Joshua to give some of Judah's land to Caleb].  Caleb was the son of Jephunneh. So Joshua obeyed Yahweh. Joshua gave the town named Kiriath-Arba to Caleb.  People also called that town Hebron. (Arba was the father of Anak.)	Joshua
Acts 15:28	We agree with the Holy Spirit and we(leaders) decided [that we(leaders) should not tell [you(people) to obey a law [that is difficult [to obey]]]].”	Acts
1 Samuel 26:19	My(David's) master and my(David's) king, you(king) (imp) listen to me(David). [If Yahweh caused [you(Saul) to be angry with me(David)]], I(David) will give a gift/offering to Yahweh. But [if men caused [you(Saul) to be angry with me(David)]], I(David) hope [that Yahweh will curse those men]! Those men forced [me(David) to leave the land [that Yahweh gave to me(David)]].  And those men said to me(David), ["You(David) (imp) go]. And you(David) (imp) serve other gods."	1_Samuel
Genesis 20:8	So in the morning Abimelech called Abimelech's officers. and Abimelech told the officers about Abimelech's dream. Then the officers were very afraid.	Genesis
1 Samuel 13:13	Then Samuel said, ["You(Saul) are foolish]. You(Saul) did not obey God's command. [If you(Saul) had obeyed God] Yahweh would have allowed your(Saul's) descendants [to rule Israel forever].	1_Samuel
Esther 9:15	The next day the Jews met again. The date was March 8. That day the Jews killed 300 men [that lived in Susa]. But the Jews did not take away the things [that those people owned].	Esther
2 Samuel 23:31	Abi-Albon was from Arbath.Azmaveth was from Barhum.	2_Samuel
Ruth 3:5	Then Ruth said to Naomi, ["I(Ruth) will do all of the things [that you(Naomi) said]"].	Ruth
1 Samuel 12:10	So your(Israelites') ancestors cried out to Yahweh. And (implicit-info) your(Israelites') ancestors asked [Yahweh to help your(Israelites') ancestors]. Your(Israelites') ancestors said, ["We(ancestors) sinned]. We(ancestors) stopped obeying Yahweh. And we(ancestors) served other gods. We(ancestors) worshiped Baal and Ashtoreth. But now we(ancestors) ask [you(Yahweh) to save us(ancestors) from our(ancestors') enemies]. Then we(ancestors) will serve you(Yahweh)."	1_Samuel
Acts 2:8	Then Adam and Eve learned about good things and evil things.  [After Cain killed Abel], God has seen too much evil in people.  People choose bad things. and people decide [to do evil things].  So God caused [this flood to happen].	Acts
Genesis 24:8	[If the woman refuses [to return to Canaan with you(servant)]] you(servant) (imp) do not search for another woman.  and you(servant) (imp) do not force [a woman to return to Canaan with you(servant)].  But you(servant) must not take my(Abraham's) son to that place".	Genesis
Philemon 1:1	I(Paul) am Paul. I(Paul) am in prison [because I(Paul) follow Christ Jesus]. Philemon, I(Paul) and Timothy [who also believes in Christ Jesus] are writing this letter to you(Philemon). We(Paul) love you(Philemon). You(Philemon) also serve Christ Jesus.	Philemon
Joshua 19:6	And the tribe named Benjamin owned the towns named Beth-Lebaoth and Sharuhen. Therefore the tribe named Benjamin owned 13 towns.  And the tribe named Benjamin also owned the villages [that were near those towns].	Joshua
Genesis 35:28	Isaac lived for 180 years.	Genesis
Matthew 22:7	Then the king became very angry. The king sent the king's army [so that that army would destroy-B the people [who killed those servants]] [and so that that army would burn-A the city of those people].	Matthew
Joshua 21:39	The tribe named Gad also gave the towns named Heshbon and Jazer to those families. And the tribe named Gad also gave the fields [that were near those 4 towns] to those families.	Joshua
Daniel 4:18	That story was my(Nebuchadnezzar's) dream." Then Nebuchadnezzar said to Daniel, ["Now Belteshazzar, you(Belteshazzar) (imp) tell me(Nebuchadnezzar) about the meaning of the dream]. No wise men [that live in my(Nebuchadnezzar's) kingdom] were able [to tell me(Nebuchadnezzar) about the meaning of this dream]. But you(Belteshazzar) are able [to tell me(Nebuchadnezzar) about the meaning of this dream] [because the spirit of the holy gods is in you(Belteshazzar)]."	Daniel
Matthew 16:21	(title) Jesus talks about Jesus's death. _paragraph Then Jesus started explaining to Jesus's followers/disciples [Jesus must go to Jerusalem] [and the old leaders, the chief priests and the people [who teach religious law to people] will cause [Jesus to suffer greatly]]. Jesus _implicitNecessary also _implicitNecessary said _implicitNecessary [Jesus must be killed by those people _implicitActiveAgent] [and Jesus will be caused by God _implicitActiveAgent [to become alive again after 3 days days]].	Matthew
1 Samuel 6:8	Then you(Philistines) (imp) put the Ark-of-the-Covenant of Yahweh on the wagon. And you(Philistines) (imp) put the gold objects [that you(Philistines) made] into a box. And you(Philistines) (imp) put that box on the wagon beside the Ark-of-the-Covenant. You(Philistines) will give those gifts/offerings to the Israelites’ god [so that the Israelites’ god will forgive your(Philistines’) sins]. Then you(Philistines) (imp) make [the cows start pulling the wagon].	1_Samuel
Acts 19:24	One man [who lived in that place] was named Demetrius. Demetrius made things out of silver. And Demetrius sold those things to people.  Demetrius made idols [which resembled the false god named Artemis].  And many other people also earned much money because of the idols [that Demetrius made].	Acts
Nehemiah 11:22	Uzzi was the leader of the people [who were in the tribe named Levi] [and who lived in Jerusalem]. Uzzi was a son of Bani. Bani was a son of Hashabiah. Hashabiah was a son of Mattaniah. And Mattaniah was a son of Mika. Uzzi was one of the people/descendants of Asaph. Asaph’s descendants were the leaders of the people [who sang in the temple of God].	Nehemiah
Genesis 41:6	Then 7 other plants grew quickly. Those 7 plants were thin. Those plants did not have much grain. A hot wind [that blew from the east] had burned those plants.	Genesis
2 John 1:4	You(people) (title) (imp) obey God’s commands.  And you(people) (title) (imp) reject the false things [that people teach]. I(John) was very happy [when I(John) heard about some of your(people’s) children]. I(John) heard [that your(people’s) children are doing the things [that God showed us(people) [that God truly wants [us(people) to do]]]]. Your(people’s) children are doing the things [that God [who is our(John's) Father] told us(people) [that we(people) should do]].	2_John
Genesis 17:10	This law is a part of the covenant [that I(God) make with you(Abraham) and with your(Abraham's) descendants]. You(Abraham) and your(Abraham's) descendants must obey this law. You(Abraham) and every man [who is your(Abraham's) descendant] must be circumcised by a person.	Genesis
Matthew 5:10	People [who are persecuted by other people _implicit [because those people are good/righteous]] are blessed by God _implicitActiveAgent. (literal) For the kingdom-B of heaven belongs to those people. (dynamic) For God will be those people's king.	Matthew
Esther 2:12	[Before Hegai took a girl to the king] Hegai cared for the girl for 12 months. Hegai put a special oil named myrrh on the girl for 6 months. Then Hegai put special perfumes on the girl for 6 months.	Esther
Genesis 26:33	So Isaac named the well Shibah. –Footnote Shibah means promise. and today people call the city [that is near that well] Beersheba. –Footnote Beersheba means the well of the promise.	Genesis
1 Samuel 14:27	But Jonathan did not know [that Saul told the soldiers [to not eat food until the evening]]. So Jonathan put the end of Jonathan's stick/staff into the honey. Then Jonathan ate the honey. Then Jonathan became strong again.	1_Samuel
Genesis 30:21	Later Leah birthed a daughter. and Leah named this daughter Dinah.	Genesis
Genesis 18:9	The men asked Abraham, ["Where is your(Abraham's) wife named Sarah?]" Abraham answered the men, ["Sarah is in that tent".]	Genesis
Mark 14:17	(paragraph) In the evening of that day _implicit, Jesus arrived at that room _implicit with those 12 followers/disciples.	Mark
2 Samuel 7:17	Nathan told David all of the things[that Yahweh said].	2_Samuel
Mark 10:17	(title) Jesus answers a rich man's question. (paragraph) (implicit-subaction) Then Jesus and Jesus's disciples started to travel again. [While Jesus and Jesus's disciples _implicit were leaving that place _implicit,] a man ran to Jesus. And that man knelt in-front-of Jesus. That man asked Jesus, ["Good master/teacher, what should I(man) do [so that I(man) will live forever with God _implicit]?"]	Mark
Matthew 14:6	_paragraph One day Herod was celebrating-B the day [that Herod was born on] with guests at Herod's palace _implicit. Herodias's daughter danced for Herod and those guests. And Herodias's daughter pleased Herod very much.	Matthew
2 Samuel 16:3	Then the king asked, ["Where is Mephibosheth?"]Ziba answered the king, ["Mephibosheth is staying in Jerusalem]. Mephibosheth thinks, ["Today the Israelites will give my(Mephibosheth's) grandfather’s kingdom to me(Mephibosheth)."]"	2_Samuel
Genesis 4:12	Therefore the ground will not grow crops for you(Cain).  You(Cain) will wander on the earth."	Genesis
Genesis 28:18	In the morning Jacob made a pillar with the stone [that Jacob slept on]. Then Jacob poured oil of olive on that pillar.	Genesis
Genesis 24:36	Abraham's wife named Sarah birthed a son [when Sarah was old]. and Abraham gave all things [that Abraham owns] to that son.	Genesis
Matthew 20:29	(title) Jesus heals 2 blind men. _paragraph (implicit-subaction) [While Jesus and Jesus's followers/disciples continued traveling to Jerusalem,] Jesus and Jesus's followers/disciples came to Jericho named the town _implicitExplanationOfName. [When Jesus left Jericho,] a big crowd followed-A Jesus.	Matthew
1 Samuel 10:12	A man [who lived near that place] said, ["Who is these prophets' fathers?"] Later many people asked that same question. And people asked, ["Is Saul a prophet now?"]	1_Samuel
1 Samuel 24:11	You(Saul) (imp) look at this piece of your(Saul's) robe [that I(David) am holding]!  I(David) cut-off this small piece of your(Saul's) robe [while you(Saul) were in this cave]. But I(David) did not kill you(Saul). Now you(Saul) know [that I(David) do not want [to treat you(Saul) badly]]. I(David) never did a bad thing to you(Saul). But you(Saul) are looking for me(David) [in-order-to kill me(David)].	1_Samuel
Nehemiah 13:11	So I(Nehemiah) told/rebuked/scolded the temple’s officials. And I(Nehemiah) asked those officials, ["Why are you(officials) not caring for the house of God?"]. Then I(Nehemiah) called all of the officials. And I(Nehemiah) put those officials at the places [that those officials should work at].	Nehemiah
2 Samuel 11:10	Then a person told David, ["Uriah did not go to Uriah's house."]So David said to Uriah, ["You(Uriah) came from the war]. Why did you(Uriah) not go to your(Uriah's) house?"	2_Samuel
Esther 5:14	Then Haman's wife and Haman's friends said to Haman, ["You(Haman) (imp) build a structure [so that you(Haman) could hang Mordecai]]. The structure must be very tall. In the morning you(Haman) (imp) ask [the king to hang Mordecai]. Then you(Haman) (imp) go to the feast [that Esther will prepare]. Then you(Haman) will be happy." Haman agreed with Haman's wife and with Haman's friends. So Haman ordered [a servant to build this structure].	Esther
1 Samuel 20:30	Then Saul became very angry with Jonathan. Saul said, ["You(Jonathan) are the son of an evil woman]! I(Saul) know [that you(Jonathan) love David [more than you(Jonathan) love me(Saul)]]! You(Jonathan) embarrass yourself(Jonathan). And you(Jonathan) embarrass your(Jonathan's) mother [who birthed you(Jonathan)].	1_Samuel
Daniel 2:41	You(king) saw [that the feet of the statue and the toes of the statue were clay and iron]. Likewise this kingdom will be two parts. The first part will be strong [like iron is strong].	Daniel
Genesis 24:13	I(servant) am standing near this spring. and the women [who live in the city] are coming to the spring [in-order-to obtain water].	Genesis
2 Samuel 23:23	People honored Benaiah [more than people honored the 30 important officers]. But Benaiah was not one of the 3 important officers.  David chose Benaiah [in order to lead the soldiers [that protected David]].	2_Samuel
Matthew 2:21	(paragraph) So Joseph get-up. And Joseph took the child and the child's mother.  And Joseph went to the land of Israel.	Matthew
Genesis 4:22	Zillah birthed a son named Tubal-Cain.  Tubal-Cain made bronze tool and iron tool.  The name of Tubal-Cain's sister was Naamah.	Genesis
Genesis 42:18	After 3 days Joseph called Joseph's 10 brothers.  And Joseph said to Joseph's brothers, ["I(Joseph) fear God]. [If you(brothers) obey me(Joseph)] then I(Joseph) will allow [you(brothers) to continue living].	Genesis
Mark 12:43	Jesus called-A Jesus's disciples. And Jesus said to those followers/disciples, ["I(Jesus) tell the truth to you(followers)]. That poor woman's/widow money is more valuable than all the other people's money.	Mark
1 Samuel 17:28	David’s oldest brother named Eliab heard [David talking to the men]. Then Eliab became very angry at David. And Eliab asked David, ["Why did you(David) come here]? Who is taking care of your(David's) sheep [that are in the desert]? I(Eliab) know [that you(David) are very proud]. And I(Eliab) know [that you(David's) are very bad]. You(David) came to this place [so that you(David) could watch [the soldiers fighting]]."	1_Samuel
2 Samuel 9:2	A man named Ziba was one of Saul’s servants. So David called Ziba. Then David said to Ziba, ["Are you(Ziba) Ziba?"]Ziba answered, ["I(Ziba) am your(David's) servant."]	2_Samuel
Daniel 3:17	You(Nebuchadnezzar) are able [to throw us(men) into the very hot fire]. But the God [whom we(men) honor] is able [to save us(men) from the fire]. [If God wants [to save us(men) from your(Nebuchadnezzar's) authority]] God will save us(men).	Daniel
Nehemiah 7:10	652 men [that were from Arah] returned.	Nehemiah
Genesis 34:16	Then the men [who live in the town of you(Shechem)] may marry the women of us(sons). and the men of us(sons) may marry the women [who live in the town of you(Shechem)]. Then we(sons) will live in the land of you(Shechem). And the people of us(sons) and the people of you(Shechem) will become one nation.	Genesis
Genesis 27:3	So you(Esau) (imp) take the bow of you(Esau) and the arrows of you(Esau) to a field.  And you(Esau) (imp) hunt an animal [that I(Isaac) like [to eat]].	Genesis
1 Samuel 15:1	(title) Saul does not obey Yahweh.  One day Samuel said to Saul, ["Previously Yahweh sent me(Samuel) to you(Saul) [so that I(Samuel) could pour oil on your(Saul’s) head]].  Then you(Saul) became the king of Israel.  So you(Saul) (imp) listen to Yahweh’s message now.	1_Samuel
Nahum 3:5	But Yahweh [, who rules all people,] says, ["People [who live in Nineveh], I(Yahweh) will fight you(people)]. I(Yahweh) will lift your(people's) dress [so that your(people's) dress could cover your(people's) face]. Then all of the people [who live on the earth] will see [that you(people) are naked]. The people [who live in other countries] will laugh at you(people).	Nahum
Matthew 25:46	_paragraph Then those evil _implicit people will enter the place [that those people will be punished by God _implicitActiveAgent forever in]. But the good/righteous people will enter the place [where those people will have life [that never ends]].	Matthew
2 Samuel 17:25	Absalom chose a man named Amasa [to become the captain of the army].  Previously Joab was the captain of the army. Amasa was the son of Jether. Jether was a descendant of Ishmael. Amasa’s mother’s name was Abigail. Abigail was the daughter of Nahash. And Abigail was the sister of Zeruiah. Zeruiah was Joab’s mother.	2_Samuel
2 Samuel 15:34	But [if you(Hushai) return to the city] you(Hushai) will be able [to trick Absalom]. You(Hushai) will (implicit-info) cause [Absalom to think [that Ahithophel is foolish]]. (imp) You(Hushai) say to Absalom, ["My(Hushai's) king, I(Hushai) will be your(Absalom's) servant]. Previously I(Hushai) served your(Absalom's) father. But now I(Hushai) will serve you(Absalom)." Then [whenever Ahithophel advises Absalom] you(Hushai) will advise [Ahithophel to do other things].	2_Samuel
1 Samuel 12:4	The Israelites said, ["You(Samuel) did not cheat us(Israelites)]. And you(Samuel) did not take money from us(Israelites). You(Samuel) did not take a thing from us(Israelites)."	1_Samuel
Mark 12:9	(paragraph) (rhetorical) Then-D what will the man [who owned the garden/vineyard] do? (statement) I(Jesus) will tell to you(people) the thing-B [that the man [who owned the garden/vineyard]] will do. That man will come to that garden/vineyard _implicit. And that man will kill those people/farmers. Then that man will choose-B/appoint other people [other people to care-C that garden/vineyard].	Mark
2 Samuel 24:23	My(Araunah's) king, I(Araunah) will give all of these things to you(David)." Araunah also said to the king, ["I(Araunah) will pray [that your(David's) God named Yahweh will be pleased with you(David)]]."	2_Samuel
Genesis 5:30	Lamech lived for 595 years [after Noah was birthed].  Lamech also had other children.	Genesis
Genesis 50:12	Thus Jacob's sons obeyed Jacob.	Genesis
1 Samuel 30:17	So (implicit-info) David and the men [who were with David] attacked those Amalekites.  David and the men [who were with David] fought the Amalekites during that night and during the next day. David and those men killed all of those Amalekites except 400 young men [who escaped on those men's camels].	1_Samuel
Nehemiah 13:7	Then I(Nehemiah) returned to Jerusalem. And I(Nehemiah) learned about the bad/evil thing [that Eliashib did]. Eliashib gave to Tobiah a big room [that was in the court of God’s house].	Nehemiah
Matthew 3:10	The tool/axe of God _implicit is already at the root of the trees . And each tree [that does not produce good fruit] will be cut-down by God _implicitActiveAgent. And those trees will be thrown by God _implicitActiveAgent into the fire."	Matthew
Joshua 6:18	(imp) You(people) do not take a thing from this city. You(people) must destroy all of the things [that are in this city]. We(people) will give all of these things to Yahweh. [If a person takes a thing from this city to our(people's) camp] Yahweh will destroy that person. And that person will cause [all of the Israelites to have trouble].	Joshua
Matthew 12:13	_paragraph Then Jesus said to the man [who (implicit-situational) had a sick/shriveled hand], ["You(man) (imp) move your(man's) hand toward me(Jesus)"]. So that man moved that man's hand toward Jesus. And that man's hand became completely healthy [just-like the other hand of that man was healthy].	Matthew
Joshua 4:7	Then you(people) will tell your(Israelites’) children [that Yahweh caused [the Jordan River to stop flowing]]. You(people) will tell your(people's) children [that [when the priests carried the ark-of-the-covenant into the river] the water stopped flowing]. Then you(people) will remember these events forever.”	Joshua
Mark 10:38	(paragraph) But Jesus said to James and John, ["You(James) _dual do not understand the thing [that you(James) _dual are asking-B me(Jesus) for]]. (literal) Are you(James) _dual able [to drink the bitter-B drink _implicit from the cup [that I(Jesus) will soon _implicit drink that drink _implicit from]]? (dynamic) Are you(James) _dual ready-C [ the same hard-B things-B [that will soon _implicit happen to me(Jesus)] to happen to you(James) _dual]? (literal) And are you(James) _dual ready-C [people _implicitNecessary to wash/baptize you(James) _dual with the same terrible _implicit things [that I(Jesus) will be washed/baptized by people _implicitActiveAgent with]]? (dynamic) And are you(James) _dual ready-B [you(James) _dual to much suffer [just-like I(Jesus) will much suffer]]?"	Mark
Genesis 32:26	Then the man said to Jacob, ["You(Jacob) (imp) allow [me(man) to go]]. The sun is rising." But Jacob said to the man, ["I(Jacob) will release you(man) [after you(man) bless me(Jacob)]]".	Genesis
Genesis 49:29	Then Jacob said to Jacob's sons, ["I(Jacob) will die soon.] You(sons) (imp) bury my(Jacob's) body in the cave [where people buried the bodies of my(Jacob's) ancestors].  That cave is in the field of Ephron [who was a Hittite].	Genesis
2 Samuel 22:8	The earth shook. And the heavens shook.  The earth and the heavens shook [because God was angry].	2_Samuel
2 Samuel 21:18	Later the Israelites fought the Philistines at Gob.  A man named Sibbekai [who was from Hushah] killed Saph [who was one of Rapha’s descendants].	2_Samuel
Philemon 1:24	Mark, Aristarchus, Demas, and Luke serve God with me(Paul). And Mark, Aristarchus, Demas, and Luke also greet you(Philemon).	Philemon
Daniel 8:23	[After those four kings have ruled the kings' people for some time] people will become very wicked. Then a cruel king will begin to rule the people. That king will cheat people. And that king will be very clever.	Daniel
Genesis 27:41	After this time Esau hated Jacob [because Isaac blessed Jacob instead of Esau]. Esau thought, ["The father of me(Esau) will die soon.] Then I(Esau) will kill Jacob."	Genesis
1 Samuel 15:2	Yahweh-Almighty says, ["[When the Israelites came from Egypt] the Amalekites attacked the Israelites]. So I(Yahweh) will punish the Amalekites.	1_Samuel
Titus 3:5	God did not save us(Paul) [because we(Paul) were good]. And God did not save us(Paul) [because we(Paul) did good things]. But God saved us(Paul) from bad things and death [because God is  merciful]. God saved us(Paul) from bad things and death [by taking away our(Paul's) bad actions from us(Paul)]. God changed us(Paul). And  God caused [us(Paul) to become new people] through the Holy Spirit.	Titus
Matthew 7:16	(literal) You(people) will recognize those people [by looking at the fruit [that those people produce]]. (dynamic) You(people) will know [those people are false prophets] [by thinking about the actions [that those people do]] . (implicit-situational) A person's actions be-U like fruit [that a plant produces]. (norhetorical) Do people pick grapes from wild/thorny bushes? (statement) People do not pick grapes from wild/thorny bushes. (norhetorical) And do people pick figs from wild/thorny plants? (statement) And people do not pick figs from wild/thorny plants.	Matthew
Genesis 47:29	[When Jacob knew [that Jacob would die soon]] Jacob called Jacob's son named Joseph. Then Jacob said to Joseph, ["[If you(Joseph) love me(Jacob)] you(Joseph) (imp) promise me(Jacob) [that you(Joseph) will not bury my(Jacob's) body in Egypt]].  -Footnote An Israelite put the Israelite's hand under the leg of a person [in-order-to the Israelite promise that person [that the Israelite will do a certain thing]].  You(Joseph) (imp) put your(Joseph's) hand under my(Jacob's) leg.	Genesis
Acts 19:25	Then Demetrius called those people [who sell idols [that are made of silver]. And Demetrius said to those people, ["Men., You(men) already know [that we(men) earn much money [by making idols]].	Acts
1 Samuel 4:14	Eli heard [the people crying].  So Eli asked a person, ["Why are the people crying?]" Then that man ran to Eli.	1_Samuel
2 Samuel 14:16	God gave certain property to me(woman) and my(woman's) son.  But a man is trying [to take away that property from us(woman)]. I(woman) thought [that the king might agree with me(woman)]. And I(woman) thought [that the king might protect me(woman) from that man]."	2_Samuel
Nahum 3:14	[Before your(people's) enemies attack you(people),] you(people) (imp) put a lot of water in pots! You(people) (imp) make bricks and mortar! You(people) (imp) repair the walls of Nineveh and the walls of the buildings!	Nahum
Matthew 8:12	(complex) But many _implicit sons of the kingdom-B of heaven will be forced by God _implicitActiveAgent [to leave the kingdom-B _implicit]. (simple) But God will refuse [to accept many _implicit Jews [who should be God's people] [(implicit-situational) and who refused [to accept those people’s king [_descriptive who is God]]]]. (literal) Those people will be sent by God _implicitActiveAgent to the dark place [where people _generic will cry/weep] [and where people _generic will bite those people's teeth because of those people's terrible pain _implicit]. (dynamic) Those people will be sent by God _implicitActiveAgent to the dark place [where people _generic will cry/weep] [and where people _generic will much suffer]."	Matthew
1 Samuel 28:25	Then that woman put that food in-front-of Saul and Saul's servants. And Saul and those men ate that food. Then Saul left that place during the night.	1_Samuel
1 Samuel 7:17	But Samuel always returned to Ramah [where Samuel's house was]. And Samuel also judged the Israelites at Ramah. And Samuel built an altar for Yahweh at Ramah.	1_Samuel
Joshua 19:32	(title) Yahweh gives land to the tribe named Naphtali. [After the Israelites used the lots again] Yahweh gave the sixth region to the tribe named Naphtali. Each group of families [that were in that tribe] received land.	Joshua
Mark 7:34	Jesus looked at the sky. And Jesus breathed loudly/deeply. Then Jesus said to that man, ["Ephphatha !"] This Aramaic _implicit word means [ you(mouth) (imp) become open!]	Mark
Daniel 10:9	Then I(Daniel) heard this man's voice. [While this man talked to me(Daniel)] I(Daniel) lay down [because I(Daniel) was sleepy]. And I(Daniel) put my(Daniel's) face on the ground. And I(Daniel) started to sleep.	Daniel
Mark 11:11	(paragraph) Then Jesus entered Jerusalem. And Jesus went into the temple of the courtyard _implicitType. Jesus looked at all _hyperbolic the things [that were in that place]. Then Jesus went to Bethany with the 12 followers/disciples of Jesus _implicit [because the time was now already evening].	Mark
Matthew 15:7	You(Pharisees) are hypocrites! Isaiah correctly told God's message [that was about you(Pharisees)].	Matthew
1 Samuel 17:51	Then David ran to Goliath. And David stood beside the dead Philistine. Then David pick-up Goliath's sword. And David cut-off Goliath's head with that sword. [When the other Philistines saw [that Goliath was dead]] the Philistines started run-away.	1_Samuel
Nehemiah 7:68	Those people brought 736 horses and 245 mules.	Nehemiah
2 Samuel 13:29	So Absalom's servants killed Amnon.  Those servants obeyed Absalom. Then all of David's sons stood up quickly. And David's sons got on the sons' mules. And David's sons run-away/fled from that place.	2_Samuel
Mark 11:19	(paragraph) [When the time became evening,] Jesus and Jesus's followers/disciples left the city _frameInferable.	Mark
Mark 4:9	(paragraph) Then Jesus said, ["You(people) [who have ears [in-order-to hear things _implicit ]], you(people) (imp) listen to these words"].	Mark
Genesis 24:16	Rebekah was very beautiful.  and Rebekah was a virgin. Rebekah walked to the spring. Then Rebekah filled the jar with water. then Rebekah started walking from the spring to the city.	Genesis
Mark 1:7	And John told/preached this message. John said, ["A person [who is more important than me(John)] will come soon]. [Because I(John) am extremely less good/worthy than that person,] I(John) am not even important enough [in-order-to untie the strings/straps of that person's shoes/sandals].	Mark
Esther 1:21	The king and the other wise men agreed with Memucan. So the king did all of the things [that Memucan said].	Esther
Nehemiah 9:35	[While those people were living in those people’s country/kingdom] those people did not serve you(God). Those people were enjoying the good things [that you(God) gave to those people]. And Those people were enjoying the big and good/fertile land [that you(God) gave to those people]. But those people did not stop doing evil things.	Nehemiah
1 Samuel 18:13	So Saul sent [David to fight the Philistines].  And Saul told [David to lead 1000 soldiers]. So David led those soldiers [whenever those soldiers fought the Philistines].	1_Samuel
Genesis 36:23	Shobal had sons named Alvan, named Manahath, named Ebal, named Shepho, and named Onam.	Genesis
Mark 4:29	Then [when the new grains were ready/ripe,] immediately the man cut the plants with a blade/sickle. For people had started harvesting crops."	Mark
2 Samuel 14:14	All people must die. We(woman) are like water [that a person spills on the ground]. A person is not able [to put that water into the jar again]. But God does not want [to chase-away people from God].  Instead God allows[people to return to God].	2_Samuel
Daniel 12:8	I(Daniel) heard the words [that the angel said]. But I(Daniel) did not understand the words. So I(Daniel) said to the angel, ["My(Daniel's) lord, how will the world end]?"	Daniel
Genesis 3:24	Then God put 2 angels on the eastern side of the garden [in-order-to  prevent [the man from returning to the garden]].  God gave swords to those 2 angels.  Those swords were made of fire.  Those angels guarded the tree [that  has fruit [which causes [people to live forever]]].  After that day God did not allow [people to enter the garden again].	Genesis
Mark 8:23	Jesus held the hand of that man [who was not able [to see]]. And Jesus led that man outside _AdP the village. Then Jesus spit that man's eyes [(implicit-situational) in-order-to heal that man]. Jesus put Jesus's hands on that man of the eyes _implicitType. And Jesus asked that man, ["Are you(man) able [to see things] now _implicit?"]	Mark
Joshua 9:20	But we(Israelites) will do these things to the Gibeonites.  We(Israelites) will let [the Gibeonites live]. [If we(Israelites) were to kill the Gibeonites] God would be angry at us(Israelites). So we(Israelites) will keep the promise [that we(Israelites) made to the Gibeonites].	Joshua
1 Samuel 3:3	And Samuel was lying on Samuel's bed [that was in the tabernacle]. Samuel's bed was near the Ark-of-the-Covenant. God's lamp [that was inside the tabernacle (implicit-info)] was still shining.	1_Samuel
Mark 4:18	And other people are like the ground [that seeds were scattered by the person/farmer _implicitActiveAgent among wild/thorny plants on]. Those people hear the message of God _implicit.	Mark
Genesis 26:35	These 2 women did many evil things. These 2 women caused [Isaac and Rebekah be very sad].	Genesis
2 Samuel 3:23	[When Joab and Joab's army arrived in Hebron] a person said to Joab, ["Abner [who is the son of Ner] came to King David]. But David allowed [Abner to leave].  Abner stopped fighting David and David's soldiers."	2_Samuel
Genesis 9:5	Your(Noah's) blood is important to me(God).  [If a person kills you(Noah)] I(God) will punish that person. [If a wild animal kills you(Noah)] I(God) will punish that animal.  I(God) will punish any person [who kills another person].	Genesis
Genesis 29:22	So Laban had a feast for all the people [who lived in that place].	Genesis
Matthew 20:17	(title) Jesus talks about Jesus's death a third time. _paragraph Jesus was going to Jerusalem. [While Jesus and Jesus's disciples _implicit were traveling,] Jesus take-away the 12 followers/disciples _frameInferable from other people _implicit. And Jesus said to those followers/disciples,	Matthew
Joshua 12:9	The Israelites defeated the king of Jericho and the king of Ai. (Ai was near Bethel.)	Joshua
Joshua 21:36	The tribe named Reuben gave the towns named Bezer and Jahaz to the families [that were Merar’s descendants].	Joshua
Joshua 9:18	But the Israelites did not attack those cities. Previously the Israelites made a treaty with the Gibeonites in-front-of the God of the Israelites named Yahweh. All the Israelites complained about the leaders of the Israelites [who made that treaty].	Joshua
Matthew 9:36	[When Jesus saw the crowds,] Jesus pitied the people _frameInferable [because those people were upset/troubled]. And Jesus pitied the people _frameInferable [because those people much needed [a person to help those people] [just-like sheep [who do not have a shepherd] need a shepherd]].	Matthew
Titus 2:13	We(Paul) hope [that God will give wonderful things to us(Paul)]. We(Paul) will truly be happy because of God. We(Paul) wait [for Jesus Christ to return to the Earth]. Jesus Christ is glorious. Jesus Christ is our(Paul's) God. And Jesus Christ saves us(Paul) from bad things and death.	Titus
Acts 19:11	God gave power to Paul [so that Paul could do special powerful things [that only God is able [to do]].	Acts
Mark 6:36	You(Jesus) (imp) send-A the people _frameInferable from this place [so that those people could go to farms [that are near this place] and villages [that are near this place]]. Then those people will be able [to buy some food [so that those people could eat that food _implicit]]."	Mark
Genesis 7:4	After 7 days I(God) will cause [the weather to be rain].  The weather will be rain for 40 days and for 40 nights.  I(God) will destroy every thing [that  is living on the earth].  I(God) will destroy every thing [that I(God) created]. "	Genesis
Mark 14:48	(paragraph) (norhetorical) Then Jesus asked those people, ["Am I(Jesus) a person [who breaks laws]?] (statement) Then Jesus said to those people, ["I(Jesus) am not a person [who breaks laws]]. (rhetorical) So why did you(people) come with swords and short heavy sticks [in-order-to take-away/arrest me(Jesus)]? (statement) So you(people) should not come with swords and short heavy sticks [in-order-to take-away/arrest me(Jesus)].	Mark
1 Samuel 15:26	But Samuel said to Saul, ["I(Samuel) will not go with you(Saul)]. You(Saul) did not listen to Yahweh’s commands.  So now Yahweh will not let [you(Saul) be the king of Israel]."	1_Samuel
Genesis 9:3	You(Noah) may eat any animal [that moves] and any animal [that lives]. [When Adam lived in the garden] I(God) told Adam [to eat the green plants]. But now I(God) will also allow [you(Noah) to eat any animals].	Genesis
2 Samuel 16:16	Then Hushai [who was David’s friend]went to Absalom. Hushai [who was an Arkite] said to Absalom, ["I(Hushai) hope [that my(Hushai’s) king will live for many years]!"]	2_Samuel
Ruth 1:11	But Naomi said, ["No]. My(Naomi's) daughters, you(daughters) (imp) return to your(daughters in law's) houses. You(daughters) (imp) do not come with me(Naomi). I(Naomi) will not be able [to care for you(daughters in law)]. I(Naomi) will not be able [to give new husbands to you(daughters in law)] [because I(Naomi) will not be able [to give birth to more sons]].	Ruth
2 Samuel 7:11	[After I(Yahweh) chose/appointed leaders/judges for the Israelites], wicked people continued attacking the Israelites. But I(Yahweh) will cause [your(David’s) enemies to stop attacking you(David)]. And I(Yahweh) will also cause [your(David's) descendants to become kings of Israel]. [After you(David) die], your(David's) descendants will continue ruling the Israelites.	2_Samuel
Nehemiah 10:32	God commanded [us(people) to give silver -Quantity 4 grams one-third of a shekel in each year [so that people could take care of the house of our(people's) God]].  We(people) will obey that command. (footnote) The house of God is the temple.	Nehemiah
Genesis 2:20	So Adam named all the animals.  Adam named the livestock, the birds and the wild animals.  But Adam did not see an animal [that was able to help Adam].	Genesis
Matthew 19:29	And a person [who left that person's house, that person's brothers, that person's sisters, that person's father, that person's mother, that person's wife, that person's children, or that person's field because of me(Jesus)] will receive 100 times-B the amount of things-A [that that person left]. (literal) And that person will receive/inherit eternal life. (dynamic) And that person will live forever with God _implicit.	Matthew
Joshua 12:12	The Israelites defeated the king of Eglon and the king of Gezer.	Joshua
Esther 4:5	Then Esther called a man named Hathach. Hathach was a man [that did not have testicles]. Hathach cared for Esther. Esther commanded [Hathach to talk to Mordecai]. Esther told [Hathach to ask Mordecai, ["why are you(Mordecai) sad?]"]	Esther
Joshua 21:31	And the tribe named Asher also gave the towns named Helkath and Rehob to those families. So the tribe named Asher gave four towns to the families [that were Gershon’s descendants]. And the tribe named Asher also gave the fields [that were near those 4 towns] to those families.	Joshua
Matthew 7:28	(paragraph) [After Jesus said those words,] the crowd was surprised/amazed because of the things [that Jesus was teaching].	Matthew
Matthew 21:32	For [even-though John the Baptist came to you(priests) [in order to explain-how [to become good/righteous]],] you(priests) did not believe John the Baptist of the message _metonymy. But the tax collectors and the prostitutes believed John the Baptist of the message _metonymy. And [after you(priests) saw-C [those tax collectors and those prostitutes repented ],] you(priests) still refused [to repent] [and to believe John the Baptist of the message _metonymy]."	Matthew
Genesis 32:5	I(Jacob) have cattle, donkeys, sheep, goats, male servants and female servants. I(Jacob) sent these messengers to you(Esau) [in-order-to I(Jacob) ask you(Esau) [to act kindly to us(Jacob)]]""".	Genesis
Mark 5:12	The spirits said/beg-A to Jesus, ["You(Jesus) (imp) send us(spirits) into those pigs [so that we(spirits) could enter those pigs]"].	Mark
Genesis 17:25	And Abraham's son named Ishmael was 13 years old [when Abraham circumcised Abraham’s son].	Genesis
Joshua 12:22	The Israelites defeated the king of Kedesh and the king of Jokneam [which was in Carmel].	Joshua
Genesis 15:12	[While the sun was setting] Abram began to sleep. [While Abram was sleeping] Abram dreamed [that the weather became dark]. So Abram was very afraid.	Genesis
Esther 9:27	So the Jews decided [that the Jews and the Jews' children must celebrate on these two days every year]. People [who became Jews] must also celebrate on these two days every year. All the Jews must have feasts on these two days.	Esther
2 Samuel 11:5	But Bathsheba became pregnant. So Bathsheba sent a messenger to David. That messenger told David [that Bathsheba was pregnant].	2_Samuel
Matthew 9:4	_paragraph (rhetorical) Jesus [_descriptive who knew those scribes's thoughts] asked those scribes _implicit, ["Why do you(scribes) have evil thoughts in your(scribes') hearts?] (statement) Jesus [_descriptive who knew those scribes's thoughts] said to those scribes _implicit, [ " You(scribes) should not have evil thoughts in your(scribes') hearts].	Matthew
Joshua 22:27	You(Israelites) worship Yahweh. And we(people) built this altar [in order to show your(Israelites') descendants and our(people's) descendants [that we(people) also worship Yahweh]]. We(people) will worship Yahweh at Yahweh's tabernacle. And we(people) will give offerings to Yahweh at Yahweh's tabernacle. Then your(Israelites') descendants will not prevent [our(people's) descendants from worshiping Yahweh].	Joshua
Joshua 15:5	The eastern border of Judah's land was the sea-Dead. The place [where the Jordan River flowed into the sea-Dead] was also in the eastern region of Judah's land.  The northern border of Judah's land was at the place [where the river-Jordan flowed into the sea-Dead].	Joshua
2 Samuel 22:28	You(Yahweh) save people [who do not think [that the people are important]].    But you(Yahweh) watch people [who think that [the people are important]]. And you(Yahweh) cause [those people to become less important].	2_Samuel
Matthew 27:46	(literalunits) At about the 9th hour Jesus cry-out-B loudly to God _implicit, ["Eloi-Eloi-lema-sabachthani?"] (modernunits) At about 3PM Jesus cry-out-B loudly to God _implicit, ["Eloi-Eloi-lema-sabachthani?"] (comment-begin) These words mean-B [My(Jesus's) God, my(Jesus's) God, why did you(God) leave/abandon me(Jesus)?] (comment-end) (footnote) You(people) (imp) see Psalms 22:1.	Matthew
2 Samuel 11:2	On one evening David got up from David's bed. And David walked on the roof of the palace. [While David was on the roof], David saw a woman [that was washing that woman]. That woman was very beautiful.	2_Samuel
Ruth 1:18	So Naomi stopped arguing with Ruth. Naomi understood [that Ruth would not return to the house of Ruth's parents].	Ruth
Matthew 5:36	And you(person) (imp) do not promise/swear [(implicit-situational) you(person) will do something] in the name of your(person’s) head. For you(person) are not able [to cause one hair of your(person's) head _implicitNecessary to become white or black].	Matthew
Jonah 4:9	But God said to Jonah, ["You(Jonah) should not be angry with the plant]." Jonah answered, ["I(Jonah) should be angry with the plant]!  I(Jonah) wish [that I(Jonah) were dead] [because I(Jonah) am extremely angry]."	Jonah
Daniel 4:23	Then you(king) saw an angel. The angel was holy. And the angel came from heaven. The angel said, ["You(angels) (imp) cut down the tree]. And you(angels) (imp) destroy the tree. But you(angels) (imp) allow [the roots of the tree to be in the ground]. You(angels) (imp) tie the tree with chains of iron and chains of bronze. You(angels) (imp) allow [the dew [that comes from the sky] to be on the tree]. You(angels) (imp) make [the tree live in a field with animals for 7 years]."	Daniel
Genesis 29:7	Jacob said, ["The time is 2PM.] Later you(shepherds) will gather the sheep [in-order-to protect the sheep during the night]. But you(shepherds) should give water to the sheep now.  And then you(shepherds) should allow [the sheep to return to the place [where the sheep eat grass]].	Genesis
Matthew 26:10	_paragraph Jesus knew the things-C [that the followers/disciples were saying]. (rhetorical) So Jesus asked the followers/disciples, ["Why are you(followers) annoying/bother this woman?] (statement) So Jesus said to the followers/disciples, ["You(followers) should not annoy/bother this woman]. This woman did a good-A action to me(Jesus).	Matthew
Esther 9:16	The other Jews [that lived in Xerxes' kingdom] met [in order to protect themselves(Jews)] on March 7. Those Jews killed 75000 people. But the Jews did not take away the things [that those people owned].	Esther
Genesis 34:14	The sons of Jacob said to Shechem, ["We(sons) will not allow [you(Shechem) to marry the sister of us(sons) now] [because you(Shechem) were not circumcised by a person]]. –Implicit The God of us(sons) commands [the men of us(sons) to be circumcised by a person].	Genesis
Genesis 50:9	Soldiers [who rode chariots] and soldiers [who rode horses] also went with Joseph to Canaan.	Genesis
Joshua 7:1	(title) Achan sins. But the Israelites did not obey Yahweh. A man named Achan was in the tribe named Judah.  Achan was the son of a man named Carmi. And Carmi was the son of a man named Zimri. And Zimri was the son of a man named Zerah. Achan kept some of the things [that were in Jericho]. So Yahweh became very angry at the Israelites.	Joshua
Acts 21:22	Those Jews will certainly hear [that you(Paul) have come to this place.] And we(Jews) do not know which message we(Jews) should tell them(Jews) about you(Paul).	Acts
Mark 1:35	Jesus (title) prays alone. (paragraph) Jesus get-up in the morning very early [while the sky was still dark]. Jesus left the house _implicit and the town _implicit. And Jesus went to a place [that no other people were at]. And Jesus prayed in that place.	Mark
Acts 16:13	On the seventh day of the week, we(disciples) went outside of the city gate. And we(disciples) went to the river. We(disciples) expected [to find a place [where we(disciples) could pray]]. But some women were at that place.  So we(disciples) sat down. And we began to speak to those women [who gathered at the river].	Acts
Nehemiah 7:30	621 men [that were from Ramah and Geba] returned.	Nehemiah
Titus 1:7	God gives God's work to the person [who cares for God's special people]. So other people must not think [that that person does bad things]. That person must not be proud. and that person must not be selfish. That  person must not easily become angry. That person must not drink too much wine. That person must not be violent. That person must not want [to get money [by doing bad things]].	Titus
Nehemiah 11:20	The other Israelites, the other priests, and the other people [who were in the tribe named Levi] lived in all of the towns [that were in Judah].  Each person lived in the land [that belonged to the person’s families/ancestors].	Nehemiah
2 Samuel 15:17	So the king started walking.  And all of the king's servants were following the king. David and those people stopped walking at the last house.	2_Samuel
Joshua 13:11	And Gilead was in that region. And the land [that the people of Geshur owned] was in that region. And the land [that the people of Maacah owned] was in that region.  Mount-Hermon and Bashan were also in that region. And the land [that was near Salekah] was in that region.	Joshua
Matthew 25:3	The stupid/foolish young women brought those young women's lamps. But those young women did not bring extra _implicit oil.	Matthew
Acts 18:13	Then the Jews said to the judge, ["This man is persuading [people to worship God But his words cause people to break our(Jewish) law]".]	Acts
1 Samuel 26:10	Yahweh will certainly punish Saul. And Saul will certainly die.  Or Saul might die [when Saul becomes old]. Or Saul might die [while Saul is fighting].	1_Samuel
Matthew 19:30	(literal) But many people [who are first now _implicit] will be last in the future _implicit. (dynamic) But many people [who are most important now _implicit] will be least important in the future _implicit. (literal) And many people [who are last now _implicit] will be first in the future _implicit. (dynamic) And many people [who are least important now _implicit] will be most important in the future _implicit.	Matthew
Acts 20:6	But we(disciples) traveled to the city named Philippi. And [after the holiday named "Unleavened Bread" ended], we(disciples) entered a ship. And we(disciples) traveled for five days. Then we(disciples) arrived at the city named Troas. We(disciples) met those other men at that place. And we(disciples) stayed in that place for seven days.	Acts
Matthew 1:13	Zerubbabel (literal) became the father of Abihud. Zerubbabel (dynamic) was the grandfather of Abihud. Abihud became the father of Eliakim. And Eliakim became the father of Azor.	Matthew
2 Samuel 1:2	On the third day a young man came from the place [where the Israelites were camping] to Ziklag. [Before that man came to Ziklag] that man tore that man's clothes [in order to show people[that that man was very sad]]. And that man put dust on that man’s head [because that man was extremely sad].[When that man came to David] that man bowed to David.	2_Samuel
1 Samuel 8:6	But [when the leaders asked [Samuel to choose/appoint a king]] Samuel became upset. So Samuel prayed to Yahweh.	1_Samuel
Joshua 24:8	Then I(Yahweh) brought you(people) to the land of the Amorites. The Amorites were living on the eastern side of the river-Jordan. The Amorites fought you(people). But I(Yahweh) caused [you(people) to defeat the Amorites]. And you(people) saw [that I(Yahweh) destroyed those Amorites]. Then you(people) owned that land.  And (explanatory) you(people) lived in that land.	Joshua
Matthew 9:28	_paragraph [After Jesus entered the house [that (implicit-situational) Jesus stayed in Capernaum at],] the men [who were blind] came to Jesus. And Jesus asked those men, ["Do you(men) believe [I(Jesus) am able [to heal you(men)]]?"] _paragraph The men answered, ["Master/Lord-C, yes."]	Matthew
Matthew 3:1	(title) John the Baptist prepares Jesus's path. (paragraph) (implicit-subaction) Many years passed. Then, [while (implicit-situational) Jesus was still in Nazareth, ] John the Baptist came [in order to teach/preach God's message _implicit in the desert/wilderness [that is in Judea]].	Matthew
Ruth 1:19	So Naomi and Ruth traveled to Bethlehem. [when Naomi and Ruth entered Bethlehem] the people [that lived in Bethlehem] became excited. The women [that lived in Bethlehem] asked each-other(women), ["Is this woman Naomi]?"	Ruth
Daniel 1:14	So the guard agreed with Daniel. And the guard tested these four young men for ten days. The guard gave only vegetables and water to Daniel, Hananiah, Mishael, and Azariah for ten days.	Daniel
Acts 15:1	The men (title) [who lead the group of people [who believe in Jesus]] met each-other (men) in Jerusalem. Some men left the area named Judea. And they came to the city named Antioch. Then those men began to teach the people [who believe in Jesus] about Moses' law. Those men said, ["Moses said [that if the leaders do not cut off your(men's) foreskins,] [God will not save you(Gentiles)]"].	Acts
Mark 9:25	(paragraph) [When Jesus saw [many more people were quickly joining the crowd _frameInferable],] Jesus spoke/rebuke the evil/unclean spirit. Jesus said to that spirit, ["Spirit [who causes [people to not be able [to hear sounds]]] [and who causes [people to not be able [to speak]]], I(Jesus) command you(spirit) [you(spirit) to come-out from this boy] [and you(spirit) to never enter this boy again]]."	Mark
Acts 1:21	So now another man must join us(apostles).  And that man must tell people [that Jesus was raised from the dead by God].  That man must be one of the men [who were with us(apostles) [while Jesus was with us(apostles)]].	Acts
Genesis 38:27	Later Tamar birthed twins.	Genesis
Daniel 4:10	[While I(Nebuchadnezzar) was sleeping] I(Nebuchadnezzar) saw a tree [that was at the middle of the earth]. The tree was very tall.	Daniel
1 Samuel 3:20	And all of the people [who were living in Israel] knew [that Samuel was a prophet]. All of the people [who lived between Dan and Beersheba] knew [that Samuel served Yahweh].	1_Samuel
Mark 7:9	(paragraph) Then Jesus said to those Pharisees and those people/scribes, ["You(Pharisees) skillfully _inLdv ignore the things [that God commanded [you(Pharisees) to do]] [in-order-to obey your(Pharisees's) religious _implicit customs]!]	Mark
1 Samuel 14:38	So Saul said to the leaders of the army, ["You(leaders) (imp) come to me(Saul)].  Let us(Saul) find out [which person did not obey God today].	1_Samuel
2 John 1:12	There are many more things [that I(John) want [to tell you(people) about]]. But I(John) do not want [to write about those things in a letter]. Instead I(John) hope [to visit you(people)] [so that we(John) could be with each-other(people)] [and so that we(John) could talk to each-other(people)]. Then we(John) will rejoice with each-other(John) very much.	2_John
Genesis 24:5	The servant said to Abraham, ["[If the woman [that I(servant) find] does not want [to return to Canaan with me(servant)]] should I(servant) take your(Abraham's) son with me(servant) to that place?"]	Genesis
Genesis 14:8	At-that-time the kings of Sodom, Gomorrah, Admah, Zeboiim, and Bela went to the Valley [that is in Siddim] [in-order-to fight these 4 kings].	Genesis
Titus 2:5	And those old women should help [young women be wise]. Those old women should encourage [young women to sex only the husbands of those women]. Those (alt) old women should  encourage [young women to not do any bad things]. Those old women should encourage [young women to work in those young women's houses]. And those old women should encourage [young women to  respect the authority of those young women's husbands]. And (alt) those old women should encourage [young women to allow [those young women's husbands to lead those young women's families]]. Then  no person will say bad things about God's good message.	Titus
Nehemiah 7:13	845 men [that were from Zattu] returned.	Nehemiah
Joshua 24:25	On that day Joshua made a promise/covenant for the people.  And Joshua told the people about the commands [that the people should obey]. Joshua and the people were at Shechem.	Joshua
Genesis 18:31	Then Abraham said, ["Lord, I(Abraham) have courage [to speak to you(Yahweh) again]]. [If there are 20 righteous people [who live in the city]] will you(Yahweh) destroy the city?" Yahweh answered Abraham, ["[If I(Yahweh) find 20 righteous people] I(Yahweh) will not destroy the city."]	Genesis
1 Samuel 9:6	But the servant said, ["There is a man [who tells God's messages to people] in this town]. The people respect this man/prophet. All of the things [that this man/prophet says] always happen.  Let us(servant) go into this town. Perhaps that man/prophet will tell us(servant) about the place [that the donkeys are at]."	1_Samuel
Matthew 19:17	_paragraph (rhetorical) Jesus answered, ["Why do you(man) ask me(Jesus) about a good-B thing?] (statement) You(man) should think [before you(man) ask me(Jesus) about a good-B thing]. No person is good-B. Only God is good-B. [If you(man) want to live forever with God _implicit,] you(man) (imp) obey the commands/commandments _frameInferable of God _implicit."	Matthew
Nehemiah 8:13	On the second day of the month the leaders of all the families, the priests, and the people [that were in the tribe named Levi] met with Ezra [who taught the people about God]. Those people met [in order to study carefully the Law].	Nehemiah
Mark 15:7	A man named Barabbas was in the prison _frameInferable with some other people. Those people _newNounIndex _rebels killed people _otherThingList [while those people _rebels were fighting the Roman _implicit government].	Mark
Genesis 28:9	At that time Esau already had several wives. but [after Esau knew [that the father of Esau did not like the women [who were from Canaan]]] Esau went to the son of Abraham named Ishmael. and Ishmael allowed [Esau to marry the daughter of Ishmael named Mahalath]. Mahalath was the sister of Nebaioth.	Genesis
Daniel 2:47	The king said to Daniel, ["Your(Daniel's) God is greater than all gods]. Your(Daniel's) God rules kings. And your(Daniel's) God explains secrets [that people are not able [to understand]]. I(Nebuchadnezzar) know [that God is great] [because you(Daniel) explained this dream to me(Nebuchadnezzar)]."	Daniel
Mark 15:3	(paragraph) Then those chief priests said/accused about Jesus [Jesus did many bad-A things]. (implicit-situational) But Jesus did not speak.	Mark
2 Samuel 13:18	So Amnon's servant took Tamar outside that house. And that servant locked the door.The king's daughters [who were virgins] wore beautiful robes. Tamar was wearing one of those robes.	2_Samuel
Genesis 24:59	So the mother and the brother allowed [Rebekah and Rebekah's nurse to go with Abraham's servant and with the servant's men].	Genesis
1 Samuel 2:27	One day God sent a man to Eli. That man said, ["Yahweh says to you(Eli), ["I(Yahweh) showed/revealed myself(Yahweh) to the family of your(Eli's) ancestor named Aaron]]. Your(Eli's) ancestors were slaves of the king of Egypt.	1_Samuel
Daniel 4:12	This tree had beautiful leaves. And this tree produced a lot of fruit. The tree produced food for all the people [that live on the earth]. The tree was a shelter for the animals and the birds. All the animals ate the fruit of this tree.	Daniel
1 Samuel 20:15	And you(David) (imp) do not stop being kind to my(Jonathan's) family. [After Yahweh destroys all of your(David’s) enemies] you(David) (imp) continue being kind to my(Jonathan's) family."	1_Samuel
Joshua 7:4	So Joshua sent about 3000 men to Ai. But the people [who were living in Ai] defeated those men.	Joshua
Genesis 35:25	Israel and Rachel's female slave named Bilhah had two sons named Dan and named Naphtali.	Genesis
Joshua 18:10	Then Joshua used lots [in-order-to choose the land [that each tribe should receive]]. Joshua threw the lots in Shiloh in front of Yahweh. Then Joshua divided the land.  And Joshua gave land to each tribe.	Joshua
Mark 4:31	(complex) The kingdom-B _implicitNecessary of God _implicitNecessary be-U like a seed-mustard [that is planted in the ground by a person _implicitActiveAgent]. (simple) This story/parable _implicitNecessary [ _descriptive that is about a seed-mustard [that is planted in the ground by a person _implicitActiveAgent]] explain-how [God rules God's people _implicit] . That seed is smaller than all _hyperbolic other seeds [that are on the earth].	Mark
Genesis 41:7	Then the thin wheat ate the fat wheat. Then the king woke up again. and the king realized [that the king dreamed again].	Genesis
Genesis 31:12	Then that angel said, [“you(Jacob) (imp) look at the goats]. Only male goats [that have black marks or stripe] sex the female goats. -Implicit Thus I(God) will give all Laban's sheep to you(Jacob). I(God) know [that Laban treated you(Jacob) badly]. -Implicit Therefore I(God) am helping you(Jacob).	Genesis
Joshua 22:15	So those men went to Gilead [in-order-to talk to the people [who were in the tribes named Reuben, Gad, and Manasseh]].	Joshua
Matthew 11:22	But I(Jesus) tell you(people) [that God will punish you(people) [more-than God will punish Tyre of the people _metonymy and Sidon of the people _metonymy] on the day [when God will judge all the people of the earth]].	Matthew
Acts 21:30	Many people [who lived in Jerusalem] heard the things [that the Jews said].  Then those people were angry at Paul.  So those people ran to the temple. And those people pulled Paul out of the temple.  And some people closed the temple’s gate.	Acts
Nehemiah 10:9	The following people [who were in the tribe named Levi] put marks on the agreement.  Jeshua [who was a son of Azaniah], Binnui [who was one of the sons of Henadad] and Kadmiel.	Nehemiah
Genesis 14:9	These 5 kings fought against those 4 kings.  Those 4 kings were Kedorlaomer [who was the king of Elam], Tidal [who was the king of Goiim], Amraphel [who was the king of Babylonia], and Arioch [who was the king of Ellasar].	Genesis
Matthew 13:13	I(Jesus) speak to those people [by telling stories/parables] because of this reason. Those people see-A things _implicit. (literal) But those people do not see those things _implicit. (dynamic) But those people do not understand those things _implicit. Those people hear-A things _implicit. (literal) But those people do not hear those things _implicit. (dynamic) But those people do not understand those things _implicit.	Matthew
Genesis 29:28	So Jacob stayed with Leah for 1 week. Then Laban allowed [Jacob to marry Laban's daughter named Rachel].	Genesis
Matthew 16:5	(title) Jesus warns-C Jesus's followers/disciples about the Pharisees and the Sadducees. _paragraph [When Jesus and Jesus's followers/disciples went across the lake,] Jesus's disciples forgot-B [to bring bread].	Matthew
Acts 16:15	Then people baptized Lydia and the members of Lydia’s family. Then Lydia invited us(disciples) [to come to Lydia's home]. Lydia said, ["[If you think [that I(Lydia) am a person [who believes in the Lord Jesus]], then you(disciples) come (imp) to my(Lydia’s) house].  And you(disciples) stay at my(Lydia's) house." So Lydia persuaded us(disciples) [to stay at Lydia’s house].	Acts
Genesis 1:4	God saw the light.  And God thought [that the light was good.]  Then God separated the darkness from the light.	Genesis
1 Samuel 2:16	Perhaps the man [who was giving the sacrifice to Yahweh] might say, ["You(servant) (imp) let [me(man) burn the fat]]. Then you(servant) may take all of the meat [that you(servant) want]." Then the servant said, ["No]. You(man) (imp) give the meat to me(servant) now. [If you(man) do not give the meat to me(servant)] I(servant) will take away the meat from you(man)."	1_Samuel
Esther 3:3	One day the king's officials [that were at the gate of the palace] asked Mordecai, ["Why do you(Mordecai) not do all the things [that the king's command says]?] Why do you(Mordecai) not bow to Haman?"	Esther
Matthew 23:18	You(scribes) also say, ["[If a person promises/swear to God _implicit [that person will do an action] by the structure _instrument [on which people give gifts/sacrifices to God],] a person does not need [to do an action ]]. But [if a person promises/swear to God _implicit [ a person will do an action] by the gift _instrument [that is on that structure/altar],] a person must do an action."	Matthew
Ruth 4:14	The women [who were living in Bethlehem] said to Naomi, ["We(women) praise Yahweh]. Yahweh gave a kinsman-redeemer to you(Naomi). Yahweh gave a person [that will protect Elimelech’s family and Elimelech’s land] to you(Naomi). We(women) pray [that all of the people [who are living in Israel] will know about this child]!	Ruth
Daniel 11:11	Then the king of the south region will be angry. That king will go to the north region [in order to fight the king of the north region]. The king of the north region will gather a big army. But the king of the south region will defeat the army of the king of the north region.	Daniel
Esther 5:1	After three days Esther put on Esther's royal clothes. Then Esther entered the king's palace. And Esther stood near the door of the king's room. The king was sitting on the king's throne [that was in the king's room].	Esther
Philemon 1:11	Previously Onesimus did not help you(Philemon). But recently Onesimus helped me(Paul). And Onesimus is able [to help you(Philemon)]. Onesimus's (footnote) name means a person [who helps people].	Philemon
Genesis 41:10	several years ago you(king) were angry at me(officer) and at the officer [who baked bread for you(king)]. So You(king) put us(officers) in the prison.	Genesis
1 Samuel 26:14	Then David shouted to the army and Abner, ["Abner, you(Abner) (imp) answer me(David)!"] Then Abner shouted, ["Who are you(David)]? Who is calling the king?"	1_Samuel
Ruth 3:3	Therefore you(Ruth) (imp) wash yourself(Ruth). And you(Ruth) (imp) put oil [that smells good] on your(Ruth’s) body. Then you(Ruth) (imp) put on your(Ruth’s) best clothes.  Then you(Ruth) go to the place [that people separate grain from plants at]. But you(Ruth) (imp) do not let [Boaz see you(Ruth)].  Boaz will eat food.  And Boaz will drink wine. You(Ruth) (imp) wait [until Boaz finishes eating food] [and until Boaz finishes drinking wine].	Ruth
Matthew 27:51	_paragraph At that time the curtain of the big building [that Jews honor/worship God in] was torn-A by God _implicitActiveAgent into 2 pieces. That curtain tore-B from the top to the bottom. The ground shook-A. And the stones broke-D.	Matthew
Ruth 1:2	That man's name was Elimelech.  And that man's wife's name was Naomi.  One son's name was Mahlon. And the other son's name was Kilion. Elimelech and Naomi were in Ephrah's family/clan.  That family was living in a town named Bethlehem [which was in Judah]. But that family went to a country named Moab. And that family lived in Moab.	Ruth
Genesis 26:15	So the Philistines filled all the wells [that the servants of the father of Isaac named Abraham dug] with dirt.	Genesis
Joshua 13:25	Moses gave the land [that was in Jazar] to the families [that were in the tribe named Gad].  And Moses gave all of the towns [that were in Gilead] to those people. Moses divided the land of the Ammonites into two regions. Moses gave one of those regions to the tribe named Gad. Aroer [which was near Rabbah] was in that region.	Joshua
Genesis 45:24	Then Joseph told [Joseph's brothers to leave]. Joseph said to Joseph's brothers, ["You(brothers) (imp) do not argue with each-other(brothers) [while you(brothers) are traveling]]."	Genesis
Genesis 10:13	Mizraim had sons named Ludim, named Anamim, named Lehabim, and named Naphtuhim.	Genesis
Matthew 17:2	Then Jesus was changed-D by God _implicitActiveAgent in-front-of Peter, James and John. Jesus's face shined [just-like the sun shines]. And Jesus's clothes became extremely white [just-like light is extremely white].	Matthew
Esther 9:31	So the Jews began celebrating Purim each year. The Jews did all of the things [that Mordecai and Esther commanded [the Jews to do]]. The Jews remember these two days [like the Jews remember the other holidays].	Esther
Mark 14:14	That man will enter a house. You(followers) _dual (rhetorical) (imp) say to the person [who owns that house], ["The Master/Teacher asks you(person) _implicit, [" Where is the room [that is prepared-C by you(person) _implicitActiveAgent for me(Jesus)] [so that I(Jesus) could eat the meal of Passover in that room with my(Jesus's) followers/disciples]?"]"]  You(followers) _dual (statement) (imp) say to the person [who owns that house],["The Master/Teacher says to you(person) _implicit, ["Please you(person) (imp) show-A to my(Jesus's) 2 followers/disciples the room [that is prepared-C by you(person) _implicitActiveAgent for me(Jesus)] [so that I(Jesus) could eat the meal of Passover in that room with my(Jesus's) followers/disciples]"]"].	Mark
Daniel 9:4	I(Daniel) prayed to God. And I(Daniel) confessed my(Daniel's) sins to God. I(Daniel) said, ["Lord, great God, you(Lord) always keep the promises [that you(Lord) gave to the people [who do all the things [that your(Lord's) commands say]]]]. You(Lord) always love the people [who love you(Lord)].	Daniel
Genesis 30:39	Thus the animals sexed each-other(animals) in-front-of the branches [that had white marks]. Then the young animals [that were birthed by the female sheep and female goats] had marks.	Genesis
Esther 4:16	Esther told [Hathach to say to Mordecai, ["You(Mordecai) (imp) call all the Jews [that live in Susa]]]. You(Mordecai) (imp) tell [the Jews to not eat food for three days and for three nights]. My(Esther's) servants and I(Esther) also will not eat food for three days and for three nights. Then I(Esther) will go to the king. [although the king might kill me(Esther)] I(Esther) will go to the king. [If I(Esther) die] then I(Esther) will die."	Esther
Mark 1:33	Very many people [who lived in the town] gathered-C at the door of Simon's house _implicit.	Mark
Matthew 12:1	(title) Jesus is master/Lord-C of the Sabbath. _paragraph Then on one Sabbath Jesus and Jesus's followers/disciples _implicit were going through fields of grain-A. Jesus's followers/disciples were hungry. So those followers/disciples began picking the grains-B. And those followers/disciples began eating those grains-B.	Matthew
Matthew 15:1	(title) Jesus explains the things [that cause [a person to become religiously/ritually dirty]]. _paragraph Then some Pharisees and some scribes came from Jerusalem to Jesus.	Matthew
2 Samuel 10:7	David heard[that the Ammonites were preparing [to fight the Israelites]]. So David sent Joab and all of Israel’s soldiers to the city [that the Ammonite soldiers were camping in].	2_Samuel
Genesis 5:8	Therefore Seth lived for 912 years.  Then Seth died.	Genesis
Joshua 12:4	A man named Og was the king of Bashan. Og was a descendant of giants named Rephaites. Og ruled the people [who were living in Ashtaroth] and the people [who were living in Edrei].	Joshua
