reference	verse	book
Matthew 15:6	So that person will not honor that person's father or that person's mother [by giving those things to that father or that mother]. Thus you(Pharisees) ignore God's command [by obeying your(Pharisees's) religious _implicit customs/traditions].	Matthew
Daniel 6:14	[When the king heard [that Daniel broke the law]] the king became very sad. The king wanted [to help Daniel]. The king wanted [to change the new law]. The king did not want [Daniel to be punished by people [because Daniel prayed to God]]. All day the king worked [in order to help Daniel].	Daniel
2 Samuel 10:6	Then the Ammonites realized [that David was angry at the Ammonites]. So the Ammonites paid money to 20000 Aramean soldiers[so that those soldiers would help [the Ammonites fight David]]. Those soldiers came from Beth-Rehob and Zobah. The Ammonites also paid money to 1000 soldiers [that came from Maakah]. And the Ammonites paid money to 12000 soldiers [that came from Tob].	2_Samuel
Genesis 43:24	Then that servant led the men into Joseph's house. and the servant gave water to the brothers [so that the brothers could wash the brothers' feet]. Then the servant gave food to the brothers' donkeys.	Genesis
Matthew 9:35	(title) Jesus says [there are not many people [who do the work of God]]. _paragraph Jesus was traveling through all _hyperbolic the towns [that were in that area/region] and all _hyperbolic the villages [that were in that area/region _implicit]. And Jesus was teaching in the synagogues of the people. (complex) Jesus was teaching/preach the Good-News of the kingdom-B. (simple) Jesus was teaching/preach the Good-News [that is about God [ruling people]]. And Jesus was also healing people [who had all kinds of diseases] .	Matthew
Matthew 19:19	You(man) (imp) honor your(person's) father and your(person's) mother. (literal) And you(man) (imp) love your(man's) neighbor [just-like you(man) love yourself(man)]. (dynamic) And you(man) (imp) love other people [just-like you(man) love yourself(man)]."" (footnote) You(people) (imp) see Exodus 20:12-16, Deuteronomy 5:16-20 and Leviticus 19:18.	Matthew
1 Samuel 18:24	Then Saul’s servants told Saul about the things [that David said].	1_Samuel
Nehemiah 10:3	Pashhur, Amariah, Malkijah,	Nehemiah
1 Samuel 3:1	(title) God calls Samuel. At that time Samuel was serving Yahweh. And Eli was taking care of Samuel. In those days Yahweh did not often speak to people. And people did not often see visions.	1_Samuel
1 Samuel 17:52	Then the Israelites shouted. And the Israelites started chasing the Philistines. The Israelites chased the Philistines to the gate of Gath and to the gates of Ekron. The Israelites killed many Philistines. The Philistines' bodies were lying on the road [that went to Gath and to Ekron]. People called that road Shaaraim.	1_Samuel
Acts 18:19	Then Paul, Priscilla, and Aquila arrived at the city named Ephesus. At that place, Paul left Priscilla and Aquila. And Paul went to the Jewish Church, [so that Paul could discuss many things with the Jews].	Acts
Nehemiah 3:22	The priests [that came from the region [that surrounded Jerusalem]] repaired the next part of the wall.	Nehemiah
Daniel 8:26	Now you(Daniel) know the meaning of the vision [that is about evenings and mornings]. I(Gabriel) have told you(Daniel) about the meaning of the vision [that you(Daniel) saw]. And this vision is true. But you(Daniel) (imp) do not tell other people about this vision. The events [that you(Daniel) saw in this vision] will happen after many years."	Daniel
Genesis 29:34	Later Leah became pregnant again. and Leah birthed another son. Leah named this son Levi. Leah said, ["My(Leah's) husband will stay near me(Leah) now [because I(Leah) gave 3 sons to my(Leah's) husband]]". -Footnote Levi means near.	Genesis
Acts 15:5	Some of the people who believed in Jesus [and who lived in Jerusalem] were Pharisees. These people stood up and said, ["The leaders must cut off the foreskin of all the people [who believe in Jesus] [and who are not Jews]. We(people) must tell [those people [who believe in Jesus] [and who are not Jews] to obey the law of Moses]!"]	Acts
Ruth 1:9	I(Naomi) hope [that Yahweh will give peace to you(daughters in law) [by giving new husbands to you(daughters in law)]]." Then Naomi kissed Naomi's daughters in law. Then the daughters in law cried loudly.	Ruth
Genesis 35:20	Jacob put a big stone on Rachel's grave [in-order-to honor Rachel]. That stone is still on Rachel's grave.	Genesis
Joshua 23:12	(imp) You(Israelites) continue obeying Yahweh. And (imp) You(Israelites') do not make treaties with these people [who are not Israelites]. And (imp) You(Israelites) do not marry these people. And (imp) You(Israelites) do not work with these people.	Joshua
Matthew 25:27	Then-D you(servant) should have taken my(master's) money to the people [who work at the bank]. [If you(servant) had taken my(master's) money to the bank,] I(master) would now receive that money and more money [that the bank would owe to me(master)]."	Matthew
Mark 14:35	(paragraph) Then Jesus went a short distance from those followers/disciples _implicit. And Jesus lied on the ground. Jesus prayed [[if the events [(implicit-situational) that will cause [Jesus to suffer]] do not need [events to happen to Jesus]], those events [(implicit-situational) that will cause [Jesus to suffer]] will not happen to Jesus].	Mark
Mark 1:2	Isaiah [who told God's messages to people] wrote, ["You(Christ) (imp) listen to me(God)]. I(God) (primary) will send my(God's) person [who takes messages to people] [before I(God) send you(Christ)]. I(God) (meaning-1) will send my(God's) person [who takes messages to people] in-front-of you(Christ). (literal) And that person/messenger will prepare-B your(Christ's) path." (dynamic) And that person/messenger will say/announce [you(Christ) are coming]."	Mark
1 Samuel 24:21	You(David) (imp) promise me(Saul) [that you(David) will not kill my(Saul's) descendants]. And you(David) (imp) promise me(Saul) [that you(David) will not take-away/erase my(Saul's) name from the books]."	1_Samuel
Genesis 1:27	Thus God created people.  The people were like God.  God created a man and a woman.	Genesis
Mark 12:19	Those Sadducees said, ["Master/Teacher, Moses wrote-E the following law for us(Jews) _incl]. [If a man's brother-C [who married a woman] dies] [and if that brother-C did not have children,] that man must marry that man's dead _implicit brother's-C wife. (literal) And that man must have-J a son with that wife _implicit for that man's dead _implicit brother. (dynamic) And the first _implicit son of that man and that wife will be like the son of that dead _implicit brother. (footnote) You(people) (imp) see Deuteronomy 25:5-10.	Mark
Genesis 50:6	[After the king's officers said these things to the king] the king said to Joseph, ["You(Joseph) (imp) keep your(Joseph's) promise.] You(Joseph) (imp) go to Canaan. and you(Joseph) (imp) bury your(Joseph's) father's body."	Genesis
Joshua 13:12	The region/kingdom [that Og previously ruled] was also in that region. Og was the king of Bashan. Previously Og ruled the people [who lived in Ashtaroth and Edrei].  (Og was the last descendant of the giants named Rephaites.) Previously Moses defeated those people.  And Moses took those people’s land.	Joshua
Nehemiah 3:2	The men [who came from Jericho] repaired the next part of the wall. And a man named Zakkur [who was the son of Imri] built the next part of the wall.	Nehemiah
Nehemiah 9:25	Our(people's) ancestors captured cities [that had strong walls] and good/fertile land. Those people took houses [that were full of good things], wells [that other people already dug], gardens of plants/vines of grape, gardens/orchards of tree-olive, and many trees [that produce fruit]. Those people ate [until those people were full]. Those people were very happy [because you(Yahweh) are good].	Nehemiah
1 Samuel 16:18	One of the servants said, ["Jesse [who lives in Bethlehem] has a son [who plays the harp well]]. I(servant) saw [that boy playing the harp].  That son is brave.  And that son fights well.  That son also speaks well.  And that son is handsome. And Yahweh is with that son."	1_Samuel
Daniel 4:6	So I(Nebuchadnezzar) ordered [all the wise men [who were in Babylon] to come to me(Nebuchadnezzar)]. I(Nebuchadnezzar) wanted [the wise men to tell me(Nebuchadnezzar) about the meaning of this dream].	Daniel
Mark 7:24	(title) Jesus helps a woman [who is not a Jew]. (paragraph) Then-A Jesus left that place. And Jesus went to the region of Tyre . Jesus entered a house [(implicit-situational) in-order-to stay there]. Jesus did not want [people to know [(implicit-situational) Jesus was in that place]]. But people noticed [Jesus was there].	Mark
Matthew 6:16	(title) Jesus teach-how people [people to fast]. (paragraph) [Whenever you(people) fast,] you(people) (imp) do not act [just-like the hypocrites act]. Those people/hypocrite cause [those people's/hypocrite faces to look sad] [in order to show people [those people/hypocrite are fasting]]. I(Jesus) tell you(people) the truth. Those people/hypocrite already have those people's whole _implicit reward.	Matthew
1 Samuel 17:58	Saul asked David, ["Young man, who is your(David's) father]?" David answered, ["I(David) am the son of Jesse]. My(David’s) father is your(Saul's) servant. And my(David’s) father is living in Bethlehem."	1_Samuel
Joshua 6:13	And the 7 priests carried the 7 trumpets. Those priests walked in-front-of the ark-of-the-covenant. And those priests played the priests' trumpets. Certain soldiers [who were carrying weapons] walked/marched in-front-of the priests. And other soldiers walked behind the ark-of-the-covenant. The priests were playing the priests' trumpets [while all of the people walked/marched around the city].	Joshua
Genesis 31:23	So Laban called Laban's relatives. Then Laban began to chase Jacob. 7 days later Laban found Jacob in the mountains [that are in Gilead].	Genesis
Acts 3:6	But Peter said to that man, ["I(Peter) do not have silver or gold]. But I(Peter) will give a thing [that I(Peter) have] to you(man). You(man) (imp) stand-up by the name of Jesus Christ [who is from Nazareth]. And you(man) (imp) walk."	Acts
Matthew 13:25	But [while all the people [who (implicit-situational) lived with that man] were sleeping,] that man's enemy came. And that enemy scattered seeds _implicitNecessary of plants [that people do no want] among the wheat. And that enemy walk-away.	Matthew
Joshua 24:1	Then Joshua called all of the tribes of Israel. And Joshua told [those tribes to meet at Shechem].  And Joshua called the old leaders, the leaders of families, the judges, and the officials of Israel. So all of those people stood in-front-of God.	Joshua
1 Samuel 4:5	[When those men brought the Ark-of-the-Covenant to the place [where the Israelites were camping]], all of the Israelites started shouting [because the Israelites were very happy]. And the ground shook [because the Israelites shouted extremely loudly].	1_Samuel
Mark 14:39	(paragraph) Then Jesus left again. And Jesus prayed the same prayer.	Mark
Matthew 9:21	That woman thought, ["[Even-if I(woman) touch only Jesus's clothes,] I(woman) will be healed by Jesus _implicitNecessary.]"	Matthew
Genesis 7:10	After 7 days the weather began to be rain.	Genesis
1 Samuel 30:7	Then David said to the priest named Abiathar, ["You(Abiathar) (imp) bring the special clothes [that the priest wears] to me(David)]." Abiathar was Ahimelek’s son.  So Abiathar brought those special clothes to David.	1_Samuel
Mark 12:26	But dead people will certainly _implicit become alive again. (yesrhetorical) Did you(Sadducees) read-C the part of the book of Moses [that is about the bush [(implicit-situational) that was burning]]? (statement) You(Sadducees) certainly read-C the part of the book of Moses [that is about the bush [(implicit-situational) that was burning]]. At that time [(implicit-background) that Abraham, Isaac, and Jacob were dead at], God said to Moses, ["I(God) am the God of Abraham, the God of Isaac, and the God of Jacob"]. (footnote) You(people) (imp) see Exodus 3:6.	Mark
Genesis 37:10	Joseph also told Joseph's father named Jacob about this dream. but Jacob scolded Joseph.  Jacob said to Joseph, ["That dream is bad]!  Your(Joseph's) mother, your(Joseph's) brothers and I(Jacob) will not bow to you(Joseph)!"	Genesis
1 Samuel 13:1	Saul was 30 years old [when Saul became the king of Israel]. Saul ruled Israel for 42 years.	1_Samuel
2 Samuel 14:4	Then that woman [who was from Tekoa]went to the king. And that woman bowed to David [in order to honor David]. Then that woman said to David, ["My(woman's) king, (imp) you(David) help me(woman)]!"	2_Samuel
Matthew 19:11	_paragraph Jesus said, ["Some people are not able [to accept these words]]. (primary) The only people [who are able [to accept these words]] are the people [who were caused by God _implicitActiveAgent [to be able [to not marry people _ImplicitDifferentNounIndex]]]. (meaning-1) The only people [who are able [to accept these words]] are the people [who were caused by God _implicitActiveAgent [to be able [to accept these words]]].	Matthew
Matthew 7:2	For [just-like you(people) judge other people _implicit] you(person) will be judged by God _implicitActiveAgent. And the amount [that you(people) use [(implicit-situational) when you(person) judge other people]] will be the amount [that you(people) will receive from God _implicit] .	Matthew
Joshua 6:25	So Joshua protected Rahab [who was a prostitute], Rahab's family, and all of the people [that were with Rahab]. Joshua allowed [those people to live] [because Rahab hid the 2 men/spies [that Joshua sent to Jericho]]. Rahab still lives among the Israelites today.	Joshua
Nehemiah 5:1	Nehemiah (title) helps the poor people. The men and the men's wives started complaining much about certain Jews.	Nehemiah
Daniel 11:32	The king will say false things to the people [who are not faithful to God]. Then those people will help the king. The people [who are faithful to God] will continue trusting in God. So those people will oppose the king.	Daniel
Joshua 15:34	And the tribe named Judah owned the towns named Zanoah, En-Gannim, Tappuah, and Enam.	Joshua
1 Samuel 29:11	So David and the men [who were with David] got up early in the morning.  And David and those men returned to the country of the Philistines. Then the Philistines went to Jezreel.	1_Samuel
Jonah 2:10	Then Yahweh commanded [the fish to take Jonah to the land/shore].	Jonah
Matthew 23:2	(literal) ["The people [who teach the religious laws] and the Pharisees sit in Moses's seat]. (dynamic) ["The people [who teach the religious laws] and the Pharisees have Moses's authority [in order to teach-how-A [people to obey the religious laws]]].	Matthew
Matthew 17:20	_paragraph (complex) Jesus answered the followers/disciples _implicit, ["You(followers) were not able [to force [that demon to leave that boy _implicit]] [because you(followers) have little faith in God _implicit]]. (simple) Jesus answered those followers/disciples _implicit, ["You(followers) were not able [to force [that demon to leave that boy _implicit]] [because you(followers) believe little in God _implicit]]. I(Jesus) tell you(followers) the the truth. (complex) [Even-if your(followers's) faith is small [just-like a seed-mustard is small],] you(followers) will be able [to say to this mountain, ["You(mountain) (imp) move from here to there"]]. (simple) [Even-if you(followers) believe little in God _implicit [just-like a seed-mustard is small],] you(followers) will be able [to say to this mountain, ["You(mountain) (imp) move from here to there"]]. And that mountain will move. There will not be a thing [that you(followers) are not able [to do]]."	Matthew
Matthew 28:5	_paragraph That servant/angel said to the women [who (implicit-situational) came to the hole/tomb], ["You(women) (imp) do not be afraid]. For I(angel) know [you(women) are looking for Jesus [who died on a cross]].	Matthew
Acts 21:5	But [when the ship was ready [to start traveling again]], we(disciples) left that city. And we(disciples) walked to the place [where the ship was]. All the men [who believe in Jesus] and all the men's [who believe in Jesus] wives and all the men's [who believe in Jesus] children walked with us(disciples) to the place [where the ship was]. We(Christians) all knelt on the sand [so that we(Christians) could pray].	Acts
Genesis 32:25	That man realized [that the man was not able [to defeat Jacob]]. So the man touched Jacob's hip [so-that Jacob was not able [to walk]].	Genesis
Genesis 24:52	[After Abraham's servant heard these words] the servant worship Yahweh.	Genesis
Mark 15:9	(paragraph) Then Pilate asked that crowd, ["Do you(crowd) want [me(Pilate) to free the king of the Jews for-C you(crowd) ]?"]	Mark
Genesis 12:9	Then Abram traveled towards the desert named Negev [that is in the southern region of Canaan].	Genesis
Matthew 27:54	_paragraph [When the Roman officer [who was guarding Jesus] and the soldiers [who were with the Roman officer] saw [the ground shake] [and strange _implicit events happen],] the Roman officer [who was guarding Jesus] and the people [who were with the Roman officer] became extremely afraid. That officer and those soldiers said, ["This man was certainly the Son-of-God!"]	Matthew
1 Samuel 17:23	[While David was talking to David's brothers] Goliath started walking toward the Israelites. Goliath was the Philistines’ best soldier. Then Goliath started shouting to the Israelites. Goliath shouted the same things to the Israelites each day. David heard [Goliath shouting].	1_Samuel
1 Samuel 23:19	The people [who were living in Ziph] went to Saul [who was at Gibeah].  And those people said to Saul, ["David is hiding in our(people's) region]. David is in the caves [that are in Horesh]. Those caves are on the hill named Hakilah. That hill is on the southern side of Jeshimon.	1_Samuel
2 Samuel 13:1	(title) Amnon rapes Tamar. Later David's son named Amnon started loving a woman named Tamar.  Tamar was very beautiful.  And Tamar was Absalom's sister.  Absalom was one of David's sons.	2_Samuel
Mark 11:6	Those followers/disciples _dual said to those people the thing-C [that Jesus told-B [those followers/disciples to say]]. And those people let [the followers/disciples _dual go _implicitNecessary with that horse/donkey _implicit].	Mark
2 Samuel 23:36	Igal was the son of Nathan. Igal was from Zobah. Bani was in the tribe named Gad.	2_Samuel
Nehemiah 11:2	The people asked [God to do good things for all the people [who were willing [to live in Jerusalem]]].	Nehemiah
Matthew 20:2	(implicit-subaction) That man found some people. That man agreed [to pay those people a denarius [after those people work for 1 day in that man's vineyard]]. Then that man sent those people into that man's vineyard. (footnote) A denarius was the money/wages [that a person usually received [after a person worked for 1 day]].	Matthew
Genesis 4:15	But God said to Cain, ["[If a person kills you(Cain)] I(God) will punish that person much.]  I(God) will punish that person more than [I(God) punished you(Cain)]! I(God) will punish that person 7 times."  Then God put a mark on Cain [in-order-to warn the people [that the people should not kill Cain].]	Genesis
Nahum 2:7	The soldiers will capture the people [who live in Nineveh]. Then the soldiers will take-away those people from Nineveh. The women [who live in Nineveh] will cry loudly. Those women will beat the women's chests [because those women will be very sad].	Nahum
Daniel 10:21	But now I(Lord) will tell you(Daniel) about the words [that are in the Book of Truth]. Only Michael [who is your(Daniel's) prince] will help me(Lord)."	Daniel
Nahum 3:7	[When other people see you(people),] those people will run-away from you(people). Those people will say, ["The soldiers destroyed Nineveh]. Who will mourn for Nineveh?" No person will help you(people). And no person will comfort you(people).	Nahum
Genesis 26:17	So Isaac left that place. Then Isaac moved to a valley [that was near Gerar]. and Isaac lived in that place.	Genesis
Genesis 5:19	Jared lived for 800 years [after Enoch was born].  Jared also had other children.	Genesis
1 Samuel 22:14	Ahimelek answered, ["David is your(Saul’s) servant]. And David will always obey you(Saul). David loves you(Saul) very much. David is your(Saul's) son-in-law. And David is the leader of the soldiers [who protect you(Saul)]. All of the people [who are living in your(Saul's) house] respect David much.	1_Samuel
Daniel 7:17	The person said, ["The four great animals are like four kings]. These kings will live on the earth. And these kings will have great power.	Daniel
Matthew 21:3	[If a person _generic says a thing-C to you(followers) _dual,] you(followers) (imp) tell a person [the master/Lord-B needs this horse/donkey and this horse's/donkey young horse/donkey]. And that person will immediately send that horse/donkey and that horse's/donkey young horse/donkey to me(Jesus) _implicit."	Matthew
Daniel 10:18	The person [who looked like a man] touched me(Daniel) again. This person caused [me(Daniel) to be strong again].	Daniel
Genesis 22:17	I(Yahweh) will certainly bless you(Abraham). and I(Yahweh) will cause [you(Abraham) to have many descendants]. There are many stars in the sky.  and there are many pieces of sand by the ocean.  The number of your(Abraham's) descendants will be like the number of the stars. and the number of your(Abraham’s) descendants will be like the number of pieces of sand. and your(Abraham's) descendants will capture the cities of the enemies of your(Abraham's) descendants.	Genesis
Daniel 1:17	God caused [these four young men to know many things]. And God gave skill and wisdom to these four men. And Daniel was able [to understand all kinds of dreams and all kinds of visions].	Daniel
Genesis 37:36	But the people [who bought Joseph] took Joseph to Egypt. Those people sold Joseph to a man named Potiphar. Potiphar was an officer [who worked for the king of Egypt]. Potiphar was the captain of the soldiers [who guarded the king's palace].	Genesis
Mark 14:30	(paragraph) But Jesus said to Peter, ["I(Jesus) tell the truth to you(Peter) _singular]. On this night, [before a male chicken shouts-C 2 times,] you(Peter) _singular will say [you(Peter) _singular do not know me(Jesus)] 3 times."	Mark
1 Samuel 14:51	Saul's father's name was Kish.  Kish and Ner were Abiel's sons.	1_Samuel
2 Samuel 20:16	But a wise woman [who was in the city] shouted to Joab’s soldiers. That woman said, ["(imp) You(soldiers) listen to me(woman)]! (imp) You(soldiers) tell [Joab to come to me(woman) [so that I(woman) could talk to Joab]]."	2_Samuel
1 Samuel 2:4	The bows of soldiers break. But weak people become strong.	1_Samuel
Nehemiah 2:8	And you(king) (imp) please write a letter to Asaph for me(Nehemiah). Asaph cuts down trees in the king's forest. Then Asaph will give wood to me(Nehemiah). And I(Nehemiah) will repair the city gates [that are near the temple] with that wood.  And I(Nehemiah) will repair the wall of the city and the house [that I(Nehemiah) will live in] with that wood." And [because God was treating me(Nehemiah) kindly] the king did all of the things [that I(Nehemiah) asked [the king to do]].	Nehemiah
Joshua 8:10	In the morning Joshua called Joshua's soldiers.  Then Joshua and the other leaders of the Israelites led the soldiers to Ai.	Joshua
Matthew 27:2	So those people _newNounIndex of the servants/guards _metonymy tied Jesus. Those people of the servants/guards _metonymy take-away Jesus from the chiefest priest's house _implicit. And those people of the servants/guards _metonymy brought-B Jesus to the Roman ruler/governor named Pilate.	Matthew
Genesis 27:30	Thus Isaac blessed Jacob. Then [after Jacob left the father of Jacob named Isaac] Esau returned to the camp.	Genesis
Nehemiah 11:30	Zanoah, Adullam, the villages [that were near Adullam], Lachish, the fields [that were near Lachish], Azekah, and the villages [that were near Azekah].	Nehemiah
Genesis 8:9	But the dove was not able [to find a dry place] [because water still covered the earth].  So the dove returned to the boat.  Noah put the arm of Noah outside the window. Then the dove flew to the arm of Noah.  Then Noah brought the dove inside the boat again.	Genesis
2 Samuel 24:16	Then the angel raised the angel's hand [in order to destroy Jerusalem].  But Yahweh changed Yahweh's mind.  Then Yahweh said to the angel [that was punishing the people], ["(imp) You(angel) stop  punishing the people]! (imp) You(angel) lower your(angel's) hand." At that time the angel of Yahweh was at the place [that Araunah threshed wheat at]. Araunah was a Jebusite.	2_Samuel
Ruth 2:3	So Ruth left. And Ruth entered a field. Ruth started walking behind some people [who were gathering/harvesting grain/barley]. And Ruth picked up the grain/barley [that those people did not gather]. Ruth was working in a field [that belonged to Boaz]. Boaz was in Elimelech's family/clan.	Ruth
Mark 1:28	Immediately, people (implicit-subaction) started telling other people about the things [that Jesus did]. The news [that was about Jesus] (literal) quickly spread among the people [who were in the whole region of Galilee]. People [who were in the whole region of Galilee] (dynamic) quickly heard the news [that was about Jesus].	Mark
1 Samuel 26:6	Then David talked to Ahimelek and Abishai. Abishai was Zeruiah’s son and Joab’s brother. David asked Ahimelek and Abishai, ["Who will go down into Saul’s camp with me(David)?"] Abishai said, ["I(Abishai) will go with you(David)."]	1_Samuel
1 Samuel 25:10	Then Nabal said to those men, ["Who is David?] Who is Jesse's son? Many slaves are run-away from the slaves' masters these days. Perhaps you(men) (implicit-info) are slaves!	1_Samuel
2 Samuel 13:14	But Amnon did not listen to Tamar. Amnon was stronger than Tamar. So Amnon forced [Tamar to sex Amnon]/rape.	2_Samuel
Mark 14:2	But those chief priests and people/scribes said to each-other(priests) _implicit, ["We(priests) _incl _implicitNecessary must not take-away/arrest Jesus _implicitNecessary during the days [that people celebrate-B Passover and the Feast-of-Unleavened-Bread on] [because the people _generic might oppose us(priests) violently]]."	Mark
Esther 2:9	Hegai liked Esther [more than Hegai liked the other girls]. So Hegai gave special food to Esther. Hegai also gave 7 female servants [that worked in the king's palace] to Esther. Then Hegai allowed [Esther and Esther's servants to live in the best room [that was in the women's house]].	Esther
Mark 2:22	And similarly _implicit no person pours new wine into old wineskins. For that wine will cause [ those containers/wineskins to burst]. Then-D the wine and the wineskins will be ruined by that person _implicitNecessary . Instead, people _necessaryImplicit pour _necessaryImplicit new wine into new containers/wineskins [because (implicit-situational) new containers/wineskins are able [to stretch]]."	Mark
Daniel 4:2	I(Nebuchadnezzar) want [to tell all of you(people) about the things [that the great God has done for me(Nebuchadnezzar)]]. God has done great and wonderful things for me(Nebuchadnezzar).	Daniel
Genesis 38:26	[After Judah read the message] Judah saw the ring and the staff.  [When Judah saw the ring and the staff] Judah knew [that the ring and the staff belonged to Judah]. So Judah said, ["Tamar is more righteous than I(Judah)]. Tamar tricked me(Judah) [because I(Judah) did not keep the promise [that I(Judah) made to Tamar]].  I(Judah) did not tell [my(Judah's) son named Shelah to marry Tamar]]." So Judah did not kill Tamar.  And Judah did not sex Tamar again.	Genesis
Genesis 23:9	You(Hittites) (imp) ask Ephron [to Ephron sell the cave [that is in a field named Machpelah] to me(Abraham)].  That field is at the edge of Ephron's land. I(Abraham) will buy the field from Ephron. You(Hittites) will witness [that I(Abraham) will bury my(Abraham's) wife in that cave]."	Genesis
Matthew 21:6	_paragraph Those followers/disciples _dual left. And those followers/disciples _dual did the things [that Jesus told those followers/disciples _dual [to do]].	Matthew
Matthew 28:4	The guards [who (implicit-situational) were in front of the hole/tomb] became very afraid of that servant/angel. So those guards shook. And those guards fell-B to the ground _implicit [just-like dead men fall].	Matthew
Matthew 14:8	(implicit-situational) So Herodias' daughter went to Herodias. Herodias told-B [Herodias's daughter to say things to Herod _implicit]. Herodias said, ["You(Herod) (imp) give me(daughter) the head of John the Baptist on a big plate."] So Herodias's daughter said that thing to Herod _implicit.	Matthew
Matthew 3:2	And John the Baptist said _routinely to people _implicit, ["You(people) (imp) repent]. (complex) For the kingdom-B of heaven is near you(people) _implicit. (simple) For God begins to rule you(people) _implicit now ."	Matthew
1 Samuel 17:18	And you(David) (imp) also take these ten pieces of cheese to the officer [who leads your(David’s) brothers]. And you(David) (imp) talk to your(David's) brothers. I(Jesse) want [to know [that your(David’s) brothers are safe and healthy]].  Then you(David) (imp) return to me(Jesse). And you(David) (imp) tell me(Jesse) about your(David’s) brothers.	1_Samuel
Genesis 44:14	[When Judah and Judah's brothers arrived at Joseph's house] Joseph was still in the house. [When the brothers saw Joseph] the brothers bowed to Joseph.	Genesis
Genesis 22:3	So the next morning Abraham woke early. and Abraham put a saddle on Abraham's donkey. Abraham called Isaac and 2 servants of Abraham. [After Abraham cut the wood [that Abraham will burn the sacrifice with]] the 4 men started to walk to the place [that God told Abraham [to go]].	Genesis
2 Samuel 23:38	Ira was from Jattir. Gareb also was from Jattir.	2_Samuel
Acts 19:5	When those people heard [the things that Paul said to those people], Paul baptized those people in the name of the Lord Jesus.	Acts
Acts 20:11	Then Paul went into the building again. And Paul broke some bread into many pieces. And Paul ate that bread. Then Paul started talking again. Paul finished talking in the early morning. Then Paul left that place.	Acts
1 Samuel 1:3	Each year Elkanah went from Ramathaim to Shiloh [in order to worship Yahweh-Almighty]. And Elkanah gave gifts/sacrifices to Yahweh. The priest named Eli had two sons.  One son’s name was Hophni. And the other son’s name was Phinehas.  Hophni and Phinehas were also priests at Shiloh.	1_Samuel
Jonah 1:16	[After the men saw those things] the men feared Yahweh greatly. Those men gave a gift/sacrifice to Yahweh.  And those men made promises to Yahweh.	Jonah
Acts 16:21	These men are urging/encouraging [us(Romans) to do new things [that the law does not allow [us(Romans) to do]]]."	Acts
Genesis 49:12	Judah will be very handsome.  Judah's eyes will be darker than wine.  And Judah's teeth will be whiter than milk.	Genesis
Genesis 24:10	Then the servant left Canaan with several men [who would help the servant].  The servant brought 10 camels of Abraham. The camels carried many beautiful gifts. The servant traveled to the northwest region of Mesopotamia.  Later the servant arrived in the city [where Nahor was born].	Genesis
Matthew 19:14	_paragraph But Jesus said to those followers/disciples _implicit, ["You(followers) (imp) let [the small children come to me(Jesus)]]. You(followers) (imp) do not prevent [those children coming]. (complex) For the kingdom-B of God belongs to people [who are like these children]. (simple) For the people [whom God rules] are like these children."	Matthew
Matthew 5:45	Thus you(people) will be children of your(people’s) Father [who is in heaven]. The Father causes [the Father’s sun to rise over evil people and good _morally people]. And the Father causes [the rain to fall on good/righteous _good-B people and bad/unrighteous _bad-B people].	Matthew
Genesis 26:24	Yahweh appeared to Isaac that night. and Yahweh said to Isaac, ["I(Yahweh) am the God of the father of you(Isaac) named Abraham]. You(Isaac) (imp) do not be afraid [because I(Yahweh) am with you(Isaac)]. I(Yahweh) will bless you(Isaac). and I(Yahweh) will cause [you(Isaac) to have many descendants] [because Abraham served me(Yahweh)]."	Genesis
Genesis 13:9	You and I should not live in the same place. You(Lot) (imp) choose the place [that you(Lot) want to live in].  You(Lot) may live in any place.  [If you(Lot) go to the western region] I(Abram) will go to the eastern region.  [If you(Lot) go to the eastern region] I(Abram) will go to the western region.	Genesis
Matthew 15:22	A woman [who was a Canaanite] [and who was from that area/region] came to Jesus _implicit. That woman cry-out, ["Lord-B, Son-of-David , you(Jesus) (imp) pity me(woman)!] My(woman's) daughter is controlled by a demon. And my(woman's) daughter suffers much."	Matthew
Daniel 10:7	Only I(Daniel), Daniel, saw this vision. The people [who were with me(Daniel)] did not see this vision. But the people [who were with me(Daniel)] were very afraid. Those people ran [in order to hide].	Daniel
1 Samuel 2:19	Each year Samuel's mother made a little robe for Samuel.  And [when Samuel's mother went to Shiloh] Samuel's mother took that robe to Samuel. Hannah went to Shiloh with Hannah's husband [in order to give gifts/sacrifices to Yahweh].	1_Samuel
2 Samuel 11:27	[After Bathsheba finished mourning for Uriah] David sent servants to Bathsheba. Those servants brought Bathsheba to David's house. Then David married Bathsheba.  Later Bathsheba birthed a son. But Yahweh was angry at David [because David did those things].	2_Samuel
Matthew 22:37	_paragraph (complex) Jesus answered, ["You(person) (imp) love-B the Lord-A, [_descriptive who is your(person's) God,] with your(person's) whole heart-A, your(person's) whole soul, and your(person's) whole mind]. (simple) Jesus answered, ["You(person) (imp) love-B the Lord-A completely"]. (footnote) You(people) see Deuteronomy 6:5.	Matthew
2 Samuel 18:31	Then the man [who was from Cush] arrived at the city. That man said, ["My(man's) master and my(man's) king, (imp) you(David) listen to this good news]! Today Yahweh punished the people [who wanted [to kill you(David)]]."	2_Samuel
Joshua 11:13	But the Israelites did not burn the cities [that the people built on hills].  But Joshua burned Hazor [which was on a hill].	Joshua
Matthew 13:17	For I(Jesus) am telling you(followers) the truth. Many prophets and good/righteous people wanted [to see the things [that you(followers) see]]. But those people _prophetsAndRighteous did not see those things. Those people _sameAsLastNounIndex wanted [to hear the things [that you(followers) hear]]. But those people did not hear those things.	Matthew
Mark 9:8	(paragraph) Suddenly those followers/disciples saw [Jesus was now the only person [who was with those followers/disciples]] [when those followers/disciples looked around that place] . (implicit-situational) Moses and Elijah were not there.	Mark
Joshua 11:15	Previously Yahweh commanded [Moses to do certain things].  And Moses commanded [Joshua to do those things].  So Joshua did those things.  Joshua did all of the things [that Yahweh commanded [Moses to do]].	Joshua
Genesis 11:23	Serug lived for 200 years [after Nahor was born]. and Serug had other children.	Genesis
Mark 6:54	[When Jesus and those followers/disciples go-out from the boat,] people immediately recognized Jesus.	Mark
Mark 13:30	I(Jesus) tell the truth to you(followers) . Some _implicit people of this time/generation will still be alive [when these events happen].	Mark
Genesis 19:15	[When the sun rose on the next day] the 2 angels told Lot [to leave the city quickly]. The 2 angels said, ["You(Lot) (imp) leave this city!] You(Lot) (imp) take-away your(Lot's) wife and your(Lot's) 2 daughters from this city. Then you(Lot) will not die [when Yahweh punishes this city]."	Genesis
Joshua 10:2	So Adoni-Zedek and the people [that Adoni-Zedek ruled] became very afraid. Gibeon was a large city. And all of the men [who lived in Gibeon] fought well.	Joshua
Acts 1:9	[After Jesus said these things] Jesus was lifted from the earth to the sky by God.  [While the apostles watched [Jesus being lifted by God]] Jesus went into a cloud.  Then the apostles were not able [to see Jesus].	Acts
Genesis 43:11	Then Jacob said to Jacob's sons, ["[If you(sons) must take Benjamin] then you(sons) (imp) also take a gift to that official].  You(sons) take the best crops [that we(Jacob) grow in our(Jacob's) land]]. You(sons) (imp) give those crops to that official.  You(sons) (imp) give medicine, honey, spices, myrrh, pistachios and almonds to that official.	Genesis
Esther 9:26	Therefore the Jews called those days Purim. The Jews decided [to remember those days] [because Mordecai sent letters to the Jews]. The Jews wanted [to remember all the events [that had happened on those days]].	Esther
Matthew 16:3	And in the morning you(Pharisees) say, ["Today there will be a storm]. For the sky is red. And there are many dark clouds." You(Pharisees) know-how [to understand the weather _implicit [by looking at the sky]]. But you(Pharisees) are not able [to understand the signs-B of the things-B [that are happening now _implicit]].	Matthew
Joshua 10:34	Then Joshua and all of the Israelites went from Lachish to Eglon. Then the Israelites camped near Eglon.  And the Israelites attacked Eglon.	Joshua
Daniel 5:1	[After king Nebuchadnezzar died] Nebuchadnezzar's son became the king. The name of Nebuchadnezzar's son was Belshazzar. One day King Belshazzar had a big party. So Belshazzar invited [1000 important people to come to the palace]. [When those people came to the palace] Belshazzar drank wine with those people.	Daniel
2 Samuel 22:31	God's plans are perfect.    Yahweh's words are right.    Yahweh protects the people [who trust Yahweh].	2_Samuel
Matthew 3:14	But John tried [to refuse [to baptize Jesus]]. John said, [" I(John) _emphasized need [to be baptized by you(Jesus) _emphasizedOnlyIf2ndNounCanBeEmphasized]]. Why _implicit do (rhetorical) you(Jesus) come to me(John) [(implicit-situational) so that you(Jesus) would be baptized by me(John) ]? You(Jesus) (statement) should not come to me(John) [(implicit-situational) so that I(John) would baptize you(Jesus)]!"	Matthew
Ruth 1:1	Elimelech (title) and Naomi move from Bethlehem to Moab.  [When judges were ruling Israel] many people [who were living in Israel] did not have enough food. A certain man was from Bethlehem [which was in Judah]. That man, that man's wife, and that man's two sons moved from Bethlehem to a country named Moab [in order to live in Moab for a few years].	Ruth
Genesis 35:6	Then Jacob and all the people [who were with Jacob] went to a city named Luz. People [who are living today] call Luz Bethel. Luz is in Canaan.	Genesis
Matthew 8:25	The followers/disciples went to Jesus _implicit. And those followers/disciples wake-up Jesus. Those followers/disciples said, ["Lord-B , you(Jesus) (imp) save us(followers) _excl !] We(followers) will die in water !"	Matthew
Matthew 26:1	(title) People plan/plot [to take-away/arrest Jesus]. _paragraph [When Jesus finished saying all these things-C,] Jesus said to Jesus's followers/disciples the following words.	Matthew
Genesis 28:7	and Esau also find-out [that Jacob obeyed the father of Jacob and the mother of Jacob]. Jacob went to northwest Mesopotamia.	Genesis
Genesis 38:15	[When Judah saw [Tamar sitting by the gate]] Judah thought [that Tamar was a prostitute] [because Tamar covered Tamar's face with a veil].	Genesis
Matthew 7:17	Similarly, every good tree produces good fruit. But every bad tree produces bad fruit.	Matthew
Genesis 24:17	The servant ran to Rebekah. and the servant said to Rebekah, ["Please you(Rebekah) (imp) give water [that is in your(Rebekah's) jar] to me(servant)."]	Genesis
2 Samuel 14:20	Your(David's) servant named Joab wants [you(David) to become happy]. My(woman's) master, you(David) are wise [like God's angels are wise]. You(David) know all of the things [that happen on the earth]."	2_Samuel
1 Samuel 4:19	(title) The glory of God leaves Israel.  Eli’s daughter-in-law [who was the wife of Phinehas] was pregnant.  That daughter-in-law was almost ready [to birth the baby].  That daughter-in-law heard [that the Philistines captured the Ark-of-the-Covenant]. And that daughter-in-law also heard [that that daughter-in-law's father-in-law named Eli was dead]. And that daughter-in-law also heard [that that daughter-in-law's husband named Phinehas was dead]. Then that daughter-in-law began to birth that daughter-in-law's baby. [While that daughter-in-law was birthing the baby], that daughter-in-law had much pain.	1_Samuel
Nehemiah 7:62	642 men [that were descendants of Delaiah, Tobiah and Nekoda] returned.	Nehemiah
Joshua 10:27	[While the sun was setting] Joshua ordered [Joshua's soldiers to take the kings' bodies from the poles]. Then the soldiers threw those bodies into the same cave [that the kings hid in previously]. Then the soldiers put many stones in-front-of that cave [so that people could not enter that cave].  And those stones are still in-front-of that cave today.	Joshua
Genesis 48:13	Then Joseph brought Ephraim and Manasseh toward Israel.  Ephraim was at Joseph's right side. And Ephraim was near Israel's left hand. And Manasseh was at Joseph's left side. And Manasseh was near Israel's right hand. Joseph brought Joseph's sons close to Israel.	Genesis
Nehemiah 10:14	The following leaders put marks on the agreement. Parosh, Pahath-Moab, Elam, Zattu, Bani,	Nehemiah
Genesis 29:9	[While Jacob was talking to the shepherds] Rachel brought to this well the sheep of Rachel's father. Rachel cared for the sheep of Rachel's father.	Genesis
2 Samuel 19:36	I(Barzillai) will go across the Jordan River with you(David). But why should you(David) give good things to me(Barzillai)?	2_Samuel
1 Samuel 9:10	So Saul said to Saul's servant, ["Ok]. Let us(Saul) go." So Saul and the servant started walking to the town [that the man/prophet lived in].	1_Samuel
Daniel 7:23	Daniel continued to write, ["The person [who was near me(Daniel)] explained the fourth animal to me(Daniel)]. The person said, ["The fourth animal is like another king]. There will be a fourth kingdom on the earth. That kingdom will be different from the other kingdoms. That kingdom will rule the whole earth. That kingdom will walk on the earth. And that kingdom will break the earth into pieces.	Daniel
Genesis 46:1	-Title Jacob goes to Egypt.  So Jacob started to travel to Egypt.  Jacob took all the things [that Jacob owned]. [When Jacob came to a city named Beersheba] Jacob sacrificed animals to the God of Jacob's father named Isaac.	Genesis
2 Samuel 9:9	Then David called Saul’s servant named Ziba. And David said to Ziba, ["Saul was your(Ziba's) master.] I(David) gave all of the things [that Saul and Saul’s family owned] to Saul's grandson named Mephibosheth.	2_Samuel
Genesis 42:23	[While Joseph's brothers spoke to each-other(brothers)] Joseph pretended [that Joseph did not understand the language [that the brothers were speaking]].  But Joseph understood all the things [that Joseph's brothers said].  A servant of Joseph [who spoke the language [that Joseph's brothers spoke]][and who also spoke the language [that Egyptians spoke]] spoke to the brothers for Joseph.  So Joseph's brothers did not know [that Joseph understood all the things [that Joseph's brothers said]].	Genesis
Acts 19:7	The number of people [who were in that group] was about twelve.	Acts
Genesis 41:41	Then the king said to Joseph, ["You(Joseph) are my(king's) chief official].  You(Joseph) will rule all the people [who live in Egypt]."	Genesis
Matthew 26:36	(title) Jesus prays in the garden of tree-olive named _modifyingGarden Gethsemane . _paragraph Then Jesus went with Jesus's followers/disciples to a place named Gethsemane. And Jesus said to Jesus's followers/disciples, ["You(followers) (imp) sit-down here]. And I(Jesus) will go to a place [that is near this place] [in order to pray]."	Matthew
Philemon 1:8	Paul (title) asks [Philemon to accept Onesimus]. I(Paul) want [you(Philemon) to do a certain thing]. And you(Philemon) should do this thing. [Because Christ has given authority to me(Paul)] I(Paul) am able [to command [you(Philemon) to do this thing]].	Philemon
Genesis 28:2	You(Jacob) (imp) go to the house of the father of the mother of you(Jacob) named Bethuel.  The house of Bethuel is in northwest Mesopotamia. The brother of the mother of you(Jacob) named Laban lives in that house. You(Jacob) (imp) marry one of the daughters of Laban.	Genesis
1 Samuel 25:36	(title) Nabal dies.  [When Abigail returned to Nabal], Nabal was in the house. And Nabal was having a feast  [just-like kings have feasts].  Nabal was very happy.  And Nabal was very drunk.  So Abigail did not talk to Nabal until the next morning.	1_Samuel
Mark 5:26	That woman went to many doctors. But those doctors caused [that woman to much suffer]. And that woman spent all of that woman's money [(implicit-situational) in-order-to pay those doctors]. But that woman did not become more healthy. Instead, that woman became more sick .	Mark
Genesis 5:13	Kenan lived for 840 years [after Mahalalel was born].  Kenan also had other children.	Genesis
Acts 20:5	Those men started traveling [while we(disciples) were in Greece] And those men waited for us(disciples) at the city named Troas.	Acts
Genesis 36:35	[After Husham died] Hadad [who was the son of Bedad] became king. Bedad had defeated the Midianites in Moab.  Hadad was born in a city named Avith.	Genesis
1 Samuel 20:7	You(Jonathan) (imp) tell (implicit-info) your(Jonathan’s) father those things.  [If your(Jonathan's) father does not become angry] then Saul will not hurt me(David). But [if Saul becomes angry] then Saul certainly wants [to hurt me(David)].	1_Samuel
Genesis 5:26	Methuselah lived for 782 years [after Lamech was born].  Methuselah also had other children.	Genesis
Joshua 16:9	Many of the towns [that the families of Ephraim received] were in the region [that the families of Manasseh owned]. But the people [that were in the tribe named Ephraim] owned those towns and the fields [that were near those towns].	Joshua
Genesis 15:5	Then Yahweh led Abram outside the tent. and Yahweh said, ["You(Abram) (imp) look at the sky]. You(Abram) are not able [to count the stars]. You(Abram) will have many descendants.  People will not be able [to count your(Abram's) descendants] [just-like you(Abram) are not able [to count the stars]]."	Genesis
Matthew 26:65	_paragraph Then the chiefest priest tore the chiefest priest's clothes [because (implicit-situational) the chiefest priest was very angry]. And the chiefest priest said, ["This man much insulted God!] (rhetorical) Why do we(priests) need [more people to say bad things about this man [in order to (implicit-situational) decide [to punish this man]]?] (statement) We(priests) _incl do not need [more people to say bad things about this man] [in order to (implicit-situational) decide [to punish this man]]. You(priests) heard [this man much insult God [by (implicit-situational) saying [this man is equal to God]]].	Matthew
1 Samuel 20:29	David said, ["You(Jonathan) (imp) let [me(David) go]]. My(David's) family will give/offer a gift/sacrifice in Bethlehem. And my(David's) brother ordered [me(David) to come]. So you(Jonathan) (imp) allow [me(David) to go] [because I(David) am your(Jonathan's) friend]." So David is not eating with us(Jonathan) [because David went to Bethlehem]."	1_Samuel
Joshua 23:6	So (imp) You(Israelites) be very strong.  And you(Israelites) (imp) always carefully obey all of the laws [that Moses wrote in the book]. You(Israelites) (imp) do not break those commands.	Joshua
Matthew 13:45	_paragraph I(Jesus) will tell you(people) another parable. (complex) The kingdom-B of heaven is-U like a merchant [who is searching for valuable jewelry/pearls _plural]. (simple) [When people become God's children,] those people are-U like a merchant [who is searching valuable jewelry/pearls _plural].	Matthew
2 Samuel 20:6	Then David said to Abishai, ["Bikri's son named Sheba is more dangerous than Absalom]. (imp) You(Abishai) take my(David's) soldiers. And (imp) you(Abishai) chase Sheba. (imp) You(Abishai) go quickly. [If Sheba hides in a city [that has strong walls]] then Sheba will escape from us(David)."	2_Samuel
1 Samuel 26:5	Then at night David went to the place [that Saul was camping at].  And David saw the place [that Saul and Abner were sleeping at]. Abner was the son of Ner.  And Abner was the captain of Israel's army. Saul was sleeping in the middle of the camp. And all of the soldiers were sleeping around Saul.	1_Samuel
Acts 19:2	And Paul asked those people, ["[When you(disciples) believed in Jesus], did the Holy Spirit come to you(disciples)?"] But those people [who believe in Jesus] said to Paul, ["No. We(disciples) have not even heard [that a Holy Spirit exists.]"]	Acts
Esther 2:13	[Before a girl went to the king] Hegai gave all the things [that the girl wanted] to the girl.	Esther
Matthew 4:3	The devil [ _descriptive who tempts people _genericImplicit] came to Jesus. And the devil said to Jesus, ["[If you(Jesus) are the Son of God,] you(Jesus) (imp) tell these stones [to become bread] "].	Matthew
Acts 21:33	The man [who ruled the soldiers] walked to Paul. And the man [who ruled the soldiers] caught Paul. And the man [who ruled the soldiers] commanded those soldiers [to tie Paul with two chains]. Then the man [who ruled the soldiers] asked the crowd questions [that were about Paul]. And the man [who ruled the soldiers] asked the crowd, “[what bad things did Paul do]?”].	Acts
Matthew 21:1	(title) Jesus enters Jerusalem [just-like a king enters a city]. _paragraph [Before Jesus and Jesus's followers/disciples came to Jerusalem,] Jesus and Jesus's followers/disciples came to Bethphage named the village _implicitExplainName [_descriptive which was on mount-Olives]. Jesus sent 2 followers/disciples to the next village _implicitNecessary.	Matthew
Matthew 12:20	(literal) This person will not break a branch/reed [that is bending]. (dynamic) This person will not hurt _implicitNecessary people _implicitNecessary [who are weak] [just-like a person does not break a branch/reed [that is bending]]. (literal) This person will not cause [a lamp [that almost stopped burning] to stop burning]. (dynamic) This person will not hurt _implicitNecessary those people _implicitNecessary [just-like a person does not cause [a lamp [that almost stopped burning] to stop burning]]. (complex) This person will continue to be _implicitNecessary gentle _implicitNecessary [until this person causes [justice to win]]. (simple) This person will continue to be _implicitNecessary gentle _implicitNecessary [until this person causes [things-D [that are fair/just] to win]].	Matthew
Esther 3:12	On April eighteen Haman called the king's secretaries. Then the secretaries wrote all the words [that Haman said]. The secretaries wrote these letters with many languages. Then the secretaries wrote the king's name on the letters. And the secretaries put the sign of the king's ring on these letters. Then the secretaries gave the letters to messengers.	Esther
Joshua 14:14	And Hebron still belongs to the family of Caleb today.  Caleb was the son of Jephunneh [who was a Kenizzite]. That city still belongs to Caleb's descendants [because Caleb obeyed the God of the Israelites named Yahweh completely].	Joshua
2 Samuel 21:21	That man shouted/criticized to the Israelite soldiers.  Then a man named Jonathan killed that man. Jonathan was the son of Shimeah [who was David’s brother].	2_Samuel
Acts 1:23	So the apostles told two men [to stand in front of the people].  One man's name was Joseph-Barsabbas.  People called that man Justus.  And the other man's name was Matthias.	Acts
2 Samuel 18:17	Then Joab’s soldiers took Absalom’s body from the tree. And those men threw Absalom's body into a large hole [that was in the forest]. Then those men filled that hole with many stones. Then all of the Israelites [who followed Absalom] ran to the Israelites’ houses.	2_Samuel
2 Samuel 13:31	Then King David tore David’s clothes [in order to (implicit-info) show people [that David was very sad]]. And David lay on the ground. All of David’s servants also tore those servants’ clothes.	2_Samuel
Genesis 29:17	Leah was not beautiful. but Rachel was very beautiful.	Genesis
1 Samuel 18:25	Then Saul said, ["You(servants) (imp) say to David, ["The king does not want [you(David) to pay much money [in order to marry Saul's daughter]]]]. Saul only wants [you(David) to bring the foreskins of 100 Philistine soldiers to Saul]. Saul wants [you(David) to kill Saul's enemies]."" But Saul was hoping [that the Philistine soldiers would kill David [when David attacked the Philistine soldiers]].	1_Samuel
Mark 14:13	So Jesus _paragraph sent-A 2 of Jesus's followers/disciples to Jerusalem _implicit . Jesus said to those 2 followers/disciples, ["You(followers) _dual (imp) go into the city of Jerusalem _implicit]. A man [who is carrying a container/pitcher [that contains water]] will meet-A you(followers) _dual. You(followers) _dual (imp) follow-A that man.	Mark
2 Samuel 3:25	You(David) know Abner well. Abner came to  this place [in order  to trick you(David)]. Abner came to you(David) [in order to learn about your(David's) plans]."	2_Samuel
Joshua 21:37	The tribe named Reuben also gave the towns named Kedemoth and Mephaath to those families. And the tribe named Reuben also gave the fields [that were near those 4 towns] to those families.	Joshua
Matthew 10:23	[When you(disciples) are persecuted by people _implicitActiveAgent at a place,] you(disciples) (imp) escape to another place. I(Jesus) am telling you(disciples) the truth. You(disciples) will not finish going through the towns of Israel [before the Son-of-Man _1stAs3rd comes].	Matthew
Acts 17:25	And human hands do not serve this God, because this God does not need anything. This God gives life, breath, and all things to all people.	Acts
Esther 9:24	Haman was Hammedatha's son. Hammedatha was an Agagite. Haman was the enemy of the Jews. Haman had planned [to kill all the Jews]. Haman had used lots [in order to choose a day [that Haman should kill the Jews on]].	Esther
1 Samuel 19:20	So Saul sent some men [to capture David]. But those men saw a group of prophets.  Those prophets were telling/prophesying God’s messages to people.  And Samuel was the leader of those prophets. And Samuel was standing in-front-of those men. Then the Spirit of God entered Saul’s men. And those men also started telling/prophesying God’s messages to people.	1_Samuel
Genesis 25:4	Midian had sons named Ephah, named Epher, named Hanoch, named Abida, and named Eldaah. All these people were descendants of Abraham and of Keturah.	Genesis
Acts 15:38	But Paul did not think [that Paul and Barnabas should take John Mark], because John Mark left the apostles [when the apostles were in Pamphylia] [and because John Mark had not stopped working with the apostles].	Acts
Mark 11:28	And those chief priests, those people/scribes, and those older leaders asked Jesus, ["With what authority do you(Jesus) do these things?] Or who gave you(Jesus) that authority [so that you(Jesus) could do these things]?"	Mark
Matthew 27:41	Similarly the chief priests, the people [who teach the religious laws] and the old leaders were also laughing/mock at Jesus.	Matthew
Matthew 15:11	Things [that enter a person through that person's mouth] are not able [to cause [that person to become religiously/ritually dirty]]. Instead, the things _emphasized [that come-out from a person's mouth] cause [that person to become religiously/ritually dirty]."	Matthew
Joshua 15:46	Yahweh also gave the region [that was on the western side of Ekron] to the tribe named Judah. And Yahweh gave all of the fields and small towns [that were near Ashdod] to the tribe named Judah.	Joshua
Matthew 28:6	Jesus is not here. Jesus became alive again [just-like Jesus said previously [Jesus will become alive again [after (implicit-situational) people kill Jesus [by putting Jesus on a cross]]]]. You(women) (imp) come. And you(women) (imp) see the place [that Jesus's body lay-B at].	Matthew
2 Samuel 15:33	David said to Hushai, ["[If you(Hushai) go with me(David)] then I(David) will have to take care of you(Hushai)].	2_Samuel
Mark 13:21	In those days [(implicit-situational) when people will much suffer], a person might say to you(followers) , ["You(followers) (imp) look!] Here is the Christ!" Another _implicit person might say, ["You(followers) (imp) look!] There is the Christ!" But you(followers) (imp) do not believe-A those people _implicitNecessary.	Mark
Genesis 28:1	–Title Isaac sends Jacob to Laban [in-order-to Jacob marry one of the daughters of Laban].  Then Isaac called Jacob. and Isaac blessed Jacob. and Isaac said to Jacob, ["You(Jacob) must not marry a woman [that is from Canaan].]	Genesis
Nehemiah 12:26	Those people served God _implicit during the time [when Joiakim was living].  Joiakim was a son of Joshua [who was a son of Jozadak]. That time was also the time [when Nehemiah was the leader/governor] and the time [when Ezra [who taught the religious laws to people] was the priest].	Nehemiah
2 Samuel 11:25	Then David said to that messenger, ["You(messenger) (imp) say to Joab, ["You(Joab) (imp) do not be upset [because several soldiers died]]]. Soldiers always die [when soldiers fight each-other(soldiers)]. (imp) You(Joab) continue attacking that  city.  And (imp) you(Joab) destroy that city." (imp) You(messenger) say those things [in order to encourage Joab]."	2_Samuel
Matthew 5:28	But I(Jesus) tell you(people) [a man [who looks at a woman [(implicit-situational) who is not that man's wife]] [and who wants/desire [to sex that woman]] already sexes that woman [who is not the wife of that man] in that man’s heart].	Matthew
2 Samuel 14:19	The king asked, ["Did Joab tell [you(woman) to say these words]?]"The woman answered, ["My(woman's) master, yes].   Your(David's) servant named Joab told [me(woman) to say these words to you(David)].	2_Samuel
Joshua 22:19	[If you(people) are not able [to worship Yahweh in your(people's) land]] (imp) you(people) come to our(Israelites') land. Yahweh's tabernacle is in our(Israelites') land. We(Israelites) will share our(Israelites') land with you(people). And you(people) may live in our(Israelites') land. But (imp) you(people) do not sin against Yahweh [by building another altar for yourselves(people)]. We(Israelites) already have the altar of our(Israelites') God named Yahweh.	Joshua
Genesis 30:4	So Rachel sent the female slave of Rachel named Bilhah to Jacob. and Jacob sexed Bilhah.	Genesis
Titus 1:12	Previously a certain person lived in Crete. And the other people [who lived in Crete] thought [that that person spoke messages [that the gods told that person]]. That person said, "[The people [who live in Crete] lie]. Those people are like bad animals. Those people are lazy. And those people eat too much food."	Titus
Joshua 9:5	And those men put old sandals on the men's feet.  Those men wore old clothes. And those men got old dry bread.	Joshua
Titus 1:1	I(Paul) am Paul. I(Paul) serve God. And Jesus Christ chose me(Paul) [to be a representative of Jesus Christ].  Jesus Christ sent me(Paul) to the people [that God chose] [so that I(Paul) would help  those people [to trust God]]. And Jesus Christ sent me(Paul) to those people [so that I(Paul) would help those people [to know things [that are true]]]. God caused [me(Paul) to do these things] [so that  those people would please God].	Titus
Genesis 1:17	God put all these lights in the sky [in-order-to the lights shine on the earth].	Genesis
Mark 15:13	That crowd shouted-A, ["You(Pilate) (imp) kill Jesus [by putting Jesus on a cross]!"]	Mark
2 Samuel 10:9	Joab saw [that the enemies' soldiers were in front of Joab and behind Joab]. So Joab chose the best Israelite soldiers.  Then Joab told [those soldiers to fight the Aramean soldiers].	2_Samuel
Nehemiah 1:2	Hanani [who was one of my(Nehemiah's) brothers] and some other men came to Susa from Judah. I(Nehemiah) asked those men about the Jews [that were brought to Babylon by soldiers] [but returned to Judah]. I(Nehemiah) also asked those men about the city named Jerusalem.	Nehemiah
2 Samuel 19:14	All of the people [who were in the tribe named Judah] loved David again. Those people agreed [that those people wanted [David to return to Jerusalem]]. So those people sent a message to the king. The message said, ["You(David) and your(David's) servants, you(David) (imp) return to Jerusalem]."	2_Samuel
2 Samuel 19:22	But David said, ["Sons of Zeruiah, this man did not curse you(sons)]. Today you(Abishai) are not helping me(David).  We(David) will not kill a person in Israel today. Today I(David) know [that I(David) am the king of Israel.]"	2_Samuel
Nehemiah 12:7	Sallu, Amok, Hilkiah, and Jedaiah. Those men were the leaders of the priests and the other priests [who worked with those leaders] during the time [when Joshua was living].	Nehemiah
Genesis 46:12	Judah had sons named Er, named Onan, named Shelah, named Perez, and named Zerah. But Er and Onan died [before Jacob went to Egypt]. Perez had sons named Hezron and named Hamul.	Genesis
2 Samuel 24:12	Yahweh said to Gad, ["(imp) You(Gad) go to David]. And (imp) you(Gad) say to David, ["Yahweh says, ["I(Yahweh) will punish Israel]]. I(Yahweh) will give three choices to you(David).  And I(Yahweh) will let [you(David) choose the thing [that I(Yahweh) will do to Israel]]. " "	2_Samuel
2 Samuel 19:28	I(Mephibosheth) expected [you(David) to kill all of my(Mephibosheth's) grandfather’s descendants]. But you(David) did not kill those people. And you(David) allowed [me(Mephibosheth) to eat with you(David) at your(David's) table]. So I(Mephibosheth) will not ask [you(David) to do other things for me(Mephibosheth)]."	2_Samuel
Genesis 3:7	Immediately the man and the woman realized [that the man and the woman were naked].  The man and the woman were ashamed.  So the man and the woman made clothes with some leaves of a fig tree.  And the man and the woman covered the bodies of the man and of the woman.	Genesis
Genesis 31:43	Then Laban said to Jacob, ["These women are my(Laban's) daughters]. These children are my(Laban's) children. And these animals are my(Laban's) animals. All the things [that are in this place] belong to me(Laban). But am I(Laban) (rhetorical-question) able [to keep my(Laban's) daughters and the children [that my(Laban's) daughters birthed]]? But I(Laban) (rhetorical-statement) am not able [to keep my(Laban's) daughters and the children [that my(Laban's) daughters birthed]].	Genesis
2 Samuel 6:2	Then David and David's soldiers went to Baalah [in order to bring God's Ark of the Covenant to Jerusalem]. Baalah was in Judah. The Ark of the Covenant's name is Yahweh-Almighty's name. There are two gold angels on the top  of the Ark of the Covenant. Yahweh sits on Yahweh's throne [that is between those two angels].  Baalah (footnote) is Kiriath-Jearim.	2_Samuel
Mark 10:29	Jesus said, ["I(Jesus) tell the truth to you(followers)]. A person might leave that person's house, that person's brothers, that person's sisters, that person's mother, that person's father, that person's children, or that person's farms because of me(Jesus) and the Good-News.	Mark
1 Samuel 20:23	You(David) (imp) remember the things [that you(David) and I(Jonathan) talked about]. Yahweh sees/witnesses you(David) and me(Jonathan) forever."	1_Samuel
Acts 15:21	"Those Jews [who believe in Jesus] should not do any of those things, because [since a long time ago], people have told every city [about Moses' law]. And those people have read Moses' law [in every Jewish church] [on the seventh day of every week.]"]	Acts
Nehemiah 6:17	In those days the rulers of Judah sent many letters to Tobiah. And Tobiah sent letters to those rulers.	Nehemiah
Matthew 9:27	(title) Jesus heals people [who are blind] and people [who are not able [to talk]]. _paragraph [While Jesus was leaving that place,] 2 men [who were blind] followed-A Jesus. Those 2 men cry-out to Jesus _implicit, ["Son of king _implicit David, you(Jesus) (imp) pity us(men)!"]	Matthew
Joshua 15:18	[After Othniel married Acsah] Acsah wanted [Othniel to ask [Acsah's father to give more land to Acsah]]. So Acsah went to Acsah's father. [After Acsah got off Acsah's donkey], Caleb asked Acsah, ["What do you(Acsah) want?"]	Joshua
Mark 15:4	So Pilate asked-A Jesus another question. Pilate asked, ["Will you(Jesus) not answer?] You(Jesus) (imp) think about all the bad-A things [that these priests said about you(Jesus)]."	Mark
Genesis 24:34	The servant said, ["I(servant) am Abraham's servant.]	Genesis
2 Samuel 16:4	Then the king said to Ziba, ["I(David) will give all of the things [that belonged to Mephibosheth]to you(Ziba)."]Then Ziba said, ["I(Ziba) bow to you(David)]. My(Ziba’s) master and my(Ziba’s) king, I(Ziba) hope [that I(Ziba) will always please you(David)]."	2_Samuel
Daniel 3:25	The king said, ["But I(king) see [four men walking in the fire]]. Those men are not tied with ropes. And those men do not have pain. The fourth man looks like a son of the gods."	Daniel
Matthew 5:42	You(person) (imp) give to a person the things [that a person asks you(person) for]. And you(person) (imp) do not refuse [to let [a person borrow things from you(person)]].	Matthew
Joshua 6:6	Joshua was the son of a man named Nun. Joshua called the priests. And Joshua said to the priests, ["(imp) You(priests) carry the ark-of-the-covenant]. And (imp) you(priests) tell [7 priests to carry trumpets]. Those 7 priests must walk in-front-of the ark-of-the-covenant."	Joshua
1 Samuel 31:7	At that time Israelites were living near the valley-Jezreel and on the other side of the river-Jordan. Those Israelites saw [the Israelite army run-away from the Philistines]. And those Israelites saw [that Saul and Saul's sons were dead].  Then those Israelites left those cities. And those Israelites run-away/fled. Then the Philistines moved into those cities.	1_Samuel
Genesis 10:16	Canaan was also the ancestor of the Jebusite, Amorite, Girgashite.	Genesis
2 Samuel 21:7	But the king protected Jonathan’s son named Mephibosheth. Jonathan was Saul’s son. David protected Mephibosheth [because David promised Jonathan in front of Yahweh [that David would take care of Mephibosheth]].	2_Samuel
Genesis 44:26	But we(Judah) said to our(Judah's) father, ["We(Judah) will not go to Egypt [unless our(Judah's) youngest brother is with us(Judah)]].   We(Judah) will not see that man [unless our(Judah's) youngest brother is with us(Judah)]."	Genesis
Genesis 21:2	Sarah birthed the son of Abraham [when Abraham was very old].  Sarah birthed the son at the time [that Yahweh had promised Sarah [that Sarah would birth the baby]].	Genesis
2 Samuel 1:17	(title) David sings a song [that is about Saul and Jonathan]. David was very sad.   So David sang a song [that was about Saul and Saul's son named Jonathan].	2_Samuel
Genesis 7:15	All these animals came to Noah. and all these animals entered the boat.  A male animal and a female animal entered the boat at the same time.  all kinds of animals [that  live on the earth] entered the boat.	Genesis
Nehemiah 12:10	Joshua was the father of Joiakim. Joiakim was the father of Eliashib. Eliashib was the father of Joiada.	Nehemiah
Matthew 11:25	(title) The Father shows himself(Father) to people through Jesus. _paragraph [After Jesus said those things,] Jesus said, ["Father, Lord-A of heaven and earth, I(Jesus) praise you(Father) [because you(Father) did not show/reveal these things to the wise people and the powerful people]]. (literal) But you(Father) showed/reveal these things to people [who are _be-U like children]. (dynamic) But you(Father) showed/reveal these things to people [who are not powerful].	Matthew
Joshua 15:40	And the tribe named Judah owned the towns named Cabbon, Lahmas, and Kitlish.	Joshua
Joshua 7:26	Then the people put many stones on Achan's body. Those stones are still at that place today. [After the people killed Achan's family] Yahweh stopped being angry. So people called that place valley-Achor.	Joshua
1 Samuel 4:12	On that day a man [who was in the tribe named Benjamin] ran from the battle to Shiloh. That man tore that man's clothes. And that man put dust on that man's head [because that man was very sad (implicit-info)].	1_Samuel
1 Samuel 27:11	[Whenever David attacked/raided those people] David did not allow [even one person to live].  David always killed all of the people. David thought, ["[If a person comes to this place], that person might tell Achish about the things [that I(David) did]]."  David continued attacking/raiding those people [while David lived in the Philistines’ land].	1_Samuel
Ruth 4:2	Then Boaz asked [10 old men [that were leaders of that town] to come to that place]. Boaz said to those men, ["You(men) (imp) sit down at this place."] So those ten old men sat down.	Ruth
Matthew 7:9	(paragraph) (rhetorical) Which person [who is among you(people)] will give a stone to that person’s son [if that son asks that person for bread]? (statement) No person [who is among you(people)] will give a stone to that person’s son [if that son asks that person for bread].	Matthew
2 Samuel 18:26	Then the guard[who was on the roof] saw [another man running toward the city]. That guard said to the people [who were near the gate], ["Another man is running toward the city alone]!"The king said, ["That man will also tell good news to me(David).]"	2_Samuel
Genesis 13:8	So Abram said to Lot, ["I(Abram) do not want [to argue with you (Lot)] [because you(Lot) are my(Abram's) brother]]. And my(Abram's) servants should not argue with your(Lot's) servants.	Genesis
Mark 8:4	(paragraph) (rhetorical) Jesus's followers/disciples asked Jesus, ["Where will a person be able [to find enough _implicit food for these many _implicit people in this desert/wilderness]?"] (statement) Jesus's followers/disciples said to Jesus, ["A person will not be able [to find enough _implicit food for these many _implicit people in this desert/wilderness]"].	Mark
Daniel 6:18	Then the king returned to the palace. The king did not eat any food during the night. The king was very sad. And the king was not able [to sleep].	Daniel
Matthew 23:20	Therefore, a person [who promises/swear to God _implicit [that person will do an action] by the structure/altar _instrument] promises/swear to God _implicit [(implicit) that person will do an action] by the structure/altar _instrument and all the things [that are on that structure/altar].	Matthew
Joshua 19:14	Then the border went to Hannathon and the valley-Iphtah-El.	Joshua
Genesis 48:12	Then Joseph moved Joseph's 2 sons [so-that the 2 sons sat in-front-of Jacob].  Then Joseph bowed to Jacob [in-order-to show respect to Jacob].	Genesis
Matthew 14:19	Then Jesus commanded [the people to sit-down on the grass]. Jesus took the 5 pieces/loaves of bread and the 2 fish. Then Jesus looked toward heaven. And Jesus thanked God _implicitNecessary for the food _implicit. Jesus broke those pieces/loaves of bread into pieces _implicitNecessary. Then Jesus gave those pieces to the followers/disciples. And those followers/disciples gave those pieces to the people.	Matthew
Nehemiah 13:28	A man named Joiada was a son Eliashib [who was the chief priest].  One of Joiada’s sons married a daughter of Sanballat [who was from Horonaim]. I(Nehemiah) made [that son leave me(Nehemiah)].	Nehemiah
Genesis 43:16	[When Joseph saw Benjamin and Joseph's brothers] Joseph said to the chief servant [who worked in Joseph's house], ["You(servant) (imp) take these men to my(Joseph's) house]. Then You(servant) (imp) kill an animal. and you(servant) (imp) prepare a meal. These men will eat with me(Joseph) at my(Joseph's) house today at noon."	Genesis
Joshua 4:19	The people went across the Jordan River on the tenth day of the first month. The people camped at Gilgal [which was on the eastern side of Jericho].	Joshua
Mark 12:25	For [when dead people become alive again,] men _generic will not marry women _implicit. (literal) And women _generic will not be given-B to men by those women's families _implicitActiveAgent [so that those women would marry those men]. (dynamic) And women _generic will not marry men _implicit. Instead, those people will be like angels [who are in heaven] [(implicit-situational) and who do not marry other angels].	Mark
2 Samuel 19:6	You(David) love the people [who hate you(David)]. And you(David) hate the people [who love you(David)]. Today you(David) showed your(David's) officers and your(David's) soldiers [that you(David) do not care about your(David's) officers and your(David's) soldiers].  [If Absalom were alive] [and if all of us(Joab) were dead] then you(David) would be happy.	2_Samuel
Joshua 22:29	We(people) are not sinning/rebelling against Yahweh. We(people) want [to obey Yahweh]. So we(people) will not give sacrifices to Yahweh on this altar. We(people) know that [Yahweh has only one altar].  And that altar is in front of Yahweh's tabernacle."	Joshua
1 Samuel 14:33	Then a person said to Saul, ["You(Saul) (imp) look at those men].  Those men are not obeying Yahweh.  Those men are eating meat [that contains blood]."  Then Saul said to those men, ["You(men) did not obey Yahweh].  So you(men)  (imp) bring a large stone to this place now."	1_Samuel
Joshua 24:13	I(Yahweh) gave fields [that you(Israelites) did not plow] to you(Israelites).  And I(Yahweh) gave cities [that you(Israelites) did not build] to you(Israelites). And now you(Israelites) are living in this country and in these cities.   And you(Israelites) eat the fruit [that grows on the grape vines and on the tree-olive]. But you(Israelites) did not plant the grape vines or the tree-olive.	Joshua
Acts 21:29	The Jews said those things [because those Jews saw [Paul and a man named Trophimus walking in Jerusalem]].  Trophimus was from Ephesus.  And those Jews thought [that Paul had also brought Trophimus inside the temple].	Acts
1 Samuel 28:3	Earlier Samuel died. And all of the Israelites were very sad.  The Israelites buried Samuel in Ramah [where Samuel was born]. At that time Saul forced [all of the people [who talked to spirits] to leave Israel]. Those (implicit-info) people talked to spirits [to tell people about the future].	1_Samuel
Genesis 27:26	Then Isaac said to Jacob, ["son of me(Isaac), you(Esau) (imp) come close to me(Isaac).] And you(Esau) (imp) kiss me(Isaac)."	Genesis
Nehemiah 3:15	A man named Shallun [who was a son of Kol-Hozeh] ruled the region named Mizpah.  Shallun repaired the gate-Fountain. Shallun also made that gate’s roof. And Shallun put doors in that gate. And Shallun put bars on that gate [so that people could lock those doors].  Shallun also repaired the next part of the wall [that was beside the pool-Siloam].  The pool-Siloam was beside the king’s garden. That part of the wall led to the stairs [that came down from the city-David].	Nehemiah
Genesis 3:5	God knows [that the fruit of that tree will cause [you(Eve) to know the things [that are good] and the things [that are evil]]].  [If you(Eve) eat that fruit] you(Eve) will become like God!  But God does not want [you(Eve) to become like God]."	Genesis
1 Samuel 14:12	Then the Philistines [who were in the camp] shouted to Jonathan and the young soldier [that carried Jonathan's shield], ["You(Jonathan) (imp) come up to us(Philistines)].  And we(Philistines) will defeat you(Jonathan)." So Jonathan said to the young soldier [that carried Jonathan's shield], ["You(soldier) (imp) climb up this mountain/cliff behind me(Jonathan)]. Yahweh will help [us(Jonathan) defeat these Philistines]."	1_Samuel
Daniel 4:21	This tree had beautiful leaves. And this tree produced a lot of fruit. All the people [who lived on the earth] were able [to eat the fruit of this tree]. The tree was a shelter for the animals and birds. Birds built the nests of the birds in this tree.	Daniel
Nehemiah 10:22	Pelatiah, Hanan, Anaiah,	Nehemiah
Genesis 42:32	We(brothers) told that official [that we(brothers) are 10 brothers]. We(brothers) said [that one of our(brothers') brothers died].  And we(brothers) told that official [that our(brothers') youngest brother is with our(brothers') father [who is in Canaan]].	Genesis
Mark 14:41	(paragraph) (implicit-subaction) Then Jesus left again [in-order-to pray]. Jesus returned for a third time to those 3 followers/disciples _implicit. (implicit-situational) And those 3 followers/disciples were sleeping again. (rhetorical) Jesus asked those followers/disciples, ["Are you(Peter) _plural still sleeping?] (statement) Jesus said to those followers/disciples, ["I(Jesus) am surprised/amazed [you(Peter) _plural are still sleeping]]. (rhetorical) And are you(Peter) _plural still resting? (statement) And I(Jesus) am surprised/amazed [you(Peter) _plural are still resting]. You(Peter) _plural _implicitNecessary rested _implicitNecessary for enough time. The time [(implicit-situational) that I(Jesus) will start suffering at] is now. You(Peter) _plural (imp) look/behold. The Son-of-man _1stas3rd is being given/betrayed to people [who do bad-B things] by a person _implicitActiveAgent.	Mark
Joshua 15:8	Then the northern border went to the valley-Ben-Hinnom. That valley was near the southern side of the Jebusites' city.  (People called that city Jerusalem.)  Then the border went to the top of the hill [that was on the western side of the valley-Hinnom]. That hill was in the northern region of the valley-Giants.	Joshua
Genesis 27:14	So Jacob brought 2 goats to the mother of Jacob. Then Rebekah cooked those 2 goats [so-that Isaac would like [to eat those 2 goats]].	Genesis
2 Samuel 9:10	You(Ziba), your(Ziba's) sons,  and your(Ziba's) servants will grow crops on that land for Mephibosheth. And all of you(Ziba) will harvest the crops [so that Mephibosheth will have money]. And Mephibosheth [who is your(Ziba's) master's grandson] will always eat with me(David)." (Ziba had 15 sons and 20 servants.)	2_Samuel
Philemon 1:12	[Even-though I(Paul) love Onesimus much] I(Paul) am sending Onesimus to you(Philemon).	Philemon
1 Samuel 17:13	Jesse’s 3 oldest sons were soldiers for Saul’s army. The oldest son’s name was Eliab. The second son’s name was Abinadab. And the third son’s name was Shammah.	1_Samuel
1 Samuel 31:4	So Saul said to the soldier [that carried Saul's armor], ["You(soldier) (imp) kill me(Saul) with your(soldier's) sword]. These Philistines are not circumcised. So I(Saul) do not want [Philistines to kill me(Saul)].  These Philistines will treat me(Saul) badly." But that soldier was very afraid.  And that soldier refused [to kill Saul].  So Saul pick-up Saul's sword.  And Saul fell on Saul's sword.  And Saul died.	1_Samuel
Genesis 50:19	But Joseph said to Joseph's brothers, ["You(brothers) (imp) do not be afraid]. Only God punishes people.  I(Joseph) will not punish you(brothers).	Genesis
Genesis 4:20	Then Adah birthed a son named Jabal.  Jabal was the first person [who lived in a tent] [and who cared for cattle].	Genesis
Genesis 1:12	Then plants started growing on the earth.  Some plants produced grain [and some plants produced fruit].  But each seed produced another plant [that was the same kind of plant].  God saw these plants. And these plants were good. And that plant was the same kind of plant [that the seed had been in].	Genesis
1 Samuel 1:27	I(Hannah) asked Yahweh for this child. And Yahweh answered my(Hannah's) prayer. And Yahweh gave this child to me(Hannah).	1_Samuel
Matthew 12:49	Then Jesus pointed-A at Jesus's followers/disciples. And Jesus said, ["My(Jesus's) mother and my(Jesus's) brothers are these followers/disciples].	Matthew
Joshua 19:22	The border of this region started at Tabor.  Then the border went to Shahazumah and Beth-Shemesh. Then the border went to the Jordan River. Therefore the tribe named Issachar owned 16 towns.  And the tribe named Issachar also owned the villages [that were near those towns].	Joshua
Matthew 15:21	(title) A woman [who is a Gentile] believes in Jesus. _paragraph Then Jesus left that place. And Jesus went to the area/region [that included Tyre named the city _implicitExplainName and Sidon named the city _implicitExplainName].	Matthew
Genesis 24:47	I(servant) asked Rebekah, ["Who is your(Rebekah's) father?"] and Rebekah answered, [My(Rebekah's) father is Bethuel [who is the son of Milcah and Nahor]"]. Then I(servant) put the ring on Rebekah's nose. and I(servant) put the bracelet on Rebekah's arms.	Genesis
Genesis 28:11	On one day [after the sun set] Jacob decided [to stop walking]. Then Jacob lie down.  And Jacob put the head of  Jacob on that stone.  And Jacob began to sleep.	Genesis
Mark 15:42	(title) Joseph buries Jesus. (paragraph) These events happened on the day [that the Jews prepared things _implicit for the Sabbath on]. (comment-begin) That day was the day [that is before the Sabbath]. (comment-end) And the time was almost evening.	Mark
Nehemiah 11:14	And other important priests worked with Amashsai. 128 men worked with Amashsai. The leader of those men was Zabdiel [who was a son of Haggedolim].	Nehemiah
Ruth 1:7	Then Naomi and Naomi's daughters-in-law left the place [that Naomi and Naomi's daughters-in-law were living in]. And Naomi and Naomi's daughters-in-law started walking on the road [that led to Judah].	Ruth
Genesis 13:6	[Because Abram and Lot had too many animals] the animals could not find enough food in that place.	Genesis
Mark 9:28	(paragraph) Later _implicit Jesus entered a house with Jesus's followers/disciples. [When Jesus and those followers/disciples were alone _Adj,] those followers/disciples asked Jesus, ["Why were we(followers) _excl not able [to force [that evil/unclean spirit to leave that boy]]?"]	Mark
2 Samuel 18:8	The soldiers were fighting each-other(soldiers) in many places throughout that region. Many soldiers were killed by other soldiers.  But more soldiers died in the forest.	2_Samuel
Genesis 21:11	Abraham was very sad [because Ishmael was also the son of Abraham].	Genesis
Matthew 13:10	_paragraph [After (implicit-situational) the crowd left,] Jesus's followers/disciples came to Jesus _implicit. And Jesus's followers/disciples asked Jesus, ["Why do you(Jesus) speak to people [by telling parables]?"]	Matthew
Esther 6:9	Then an important official will put the robe on the man [that you(king) want [to honor]]. And the official will help [that man sit on the horse]. Then the official will lead the horse through the city. The official will say to all of the people, ["The king wants [to honor this man]."]"	Esther
Acts 19:6	Then Paul put Paul's hands on those people. And the Holy Spirit went into those people. So those people began speaking different languages. And those people spoke messages [that God told to those people].	Acts
1 Samuel 31:1	(title) Saul kills Saul. Later the Philistines fought the Israelites.  And the Israelites run-away/fled from the Philistines. The Philistines killed many Israelites at the mountain named Gilboa.	1_Samuel
Joshua 7:7	Then Joshua said to Yahweh, ["Our(Israelites') God named Yahweh, why did you(God) bring us(people) across the Jordan River?] Why did you(Yahweh) allow [the Amorites to destroy us(Israelites)]? We(Israelites) should have stayed on the other side of the river-Jordan!	Joshua
2 Samuel 21:19	Later the Israelites fought the Philistines at Gob again. A man named Elhanan was from Bethlehem. Elhanan was Jair's son.  Elhanan killed Goliath's brother [who was from Gath]. Goliath's brother's spear was very large.	2_Samuel
Joshua 10:39	The Israelites captured that city, that city's king, and all of the small towns [that were near that city]. The Israelites killed all of those people.  The Israelites destroyed Debir and Debir’s king [just-like the Israelites destroyed Libnah and Libnah's king]. And the Israelites destroyed Debir [just-like the Israelites destroyed Hebron].	Joshua
Daniel 2:29	[While you(king) slept on your(king's) bed] you(king) dreamed about these events. God showed these events to you(king). And God is able [to explain these secrets to you(king)].	Daniel
Daniel 9:25	I(Gabriel) want [you(Daniel) to understand these things]. A king will command [people to build Jerusalem again]. Then God will cause [a special ruler to come]. The special ruler's name is Anointed-One. There will be 49 years. Then there will be 434 years. People will build Jerusalem again. Those people will build streets and a wall. But God's people will suffer during that time.	Daniel
Ruth 1:16	But Ruth said to Naomi, ["You(Naomi) (imp) do not tell [me(Ruth) to leave you(Naomi)]]. You(Naomi) (imp) allow [me(Ruth) to follow you(Naomi)]. [if you(Naomi) travel to a place] I(Ruth) will also travel to that place. [if you(Naomi) live in a place] I(Ruth) will also live in that place. I(Ruth) will live with your(Naomi's) people. And I(Ruth) will worship your(Naomi's) God.	Ruth
Nehemiah 4:11	The enemies of us(Nehemiah) also said, ["[Before those Jews know [that we(enemies) are coming]] we(enemies) will be among those Jews]. And [before those Jews see us(enemies)] we(enemies) will kill those Jews. Then we(enemies) will prevent [those Jews from repairing the wall]."	Nehemiah
Joshua 11:3	Jabin also sent messages to the kings of the people [who were living in eastern Canaan] and the kings of the people [who were living in western Canaan].  And Jabin sent messages to the Amorites, Hittites, Perizzites and Jebusites [who were living in the mountains]. Jabin also sent messages to the Hivites [who were living near Mount-Hermon in the region named Mizpah].	Joshua
Joshua 22:7	( Previously Moses gave the region named Bashan to the people [who were in the tribe named Manasseh] [and who lived on the eastern side of the Jordan River]. And Joshua gave land [that was on the western side of the Jordan River] to the people [who were in the tribe named Manasseh] [and who lived on the western side of the Jordan river]. ) So Joshua sent those three tribes to those tribes' houses. [Before those people left] Joshua blessed those people.	Joshua
Esther 10:1	King Xerxes made [all the people [that lived in Xerxes' kingdom] pay taxes].	Esther
Matthew 12:33	_paragraph [If a person plants a good tree,] the fruit _plural of that tree will be good. [If a person plants a bad tree,] the fruit _plural of that tree will be bad. For people are able [to know [ a tree is good or bad]] [by looking at that tree's fruit _plural].	Matthew
1 Samuel 10:18	Samuel said to the Israelites, ["The God of Israel named Yahweh says, ["I(Yahweh) led the Israelites from Egypt]]. And I(Yahweh) saved you(Israelites) from the Egyptians. And I(Yahweh) also saved you(Israelites) from other countries [that were treating you(Israelites) badly].""	1_Samuel
Mark 6:23	And Herod promised/swear _addSense, ["I(Herod) will give the thing [that you(girl) ask-B to me(Herod) _implicit ] to you(girl)]. I(Herod) will even give half of my(Herod's) country/kingdom-A to you(girl) [(implicit-situational) if you(daughter) ask me(Herod) [to give half of my(Herod's) country/kingdom-A to you(daughter)]]."	Mark
Acts 15:20	Instead, we(Christians) should (imp) send a letter [to those people [who are not Jews] [and who believe in Jesus]. That letter will tell those people about [those things [that they should not do].]]] The letter should say, [You(Jewish Christians), don't (imp) eat food [that people have cooked] [in order to pray to gods [who are false]]. Those foods are not clean. You(Jewish Christians), don't (imp) sin [by doing sexual things [with a woman [who is not your (Christian's) wife]]]. You(Jewish Christians), don't (imp) eat animals [that people have killed by crushing/pressing the animals' necks with a rope], because blood is still in those animals' bodies. And don't eat blood.]	Acts
Daniel 11:24	That man will attack the people [who have a lot of money] [when people do not expect [that man to attack people]]. That man will do things [that the man's father and the man's grandfathers did not do]. That man will take away the money and land from the people [who have a lot of money]. And that man will share the money and the land with the people [who live in that man's country]. That man will plan [to capture strong cities]. But that man will do all these things for a short time.	Daniel
Genesis 4:9	Later God said to Cain, ["Where is your(Cain's) brother named Abel?"]  Cain answered God, ["I(Cain) do not know.]  Must I(Cain) always care for my(Cain's) brother?"	Genesis
Joshua 22:16	Those men said to those people, ["All of the Israelites are saying, ["Why did you(people) not obey the God of Israel]]? Why did you(people) build an altar for yourselves(people)? You(people) know that [God commanded us(Israelites) [to not worship other gods]].	Joshua
Nehemiah 11:35	Lod, Ono, and Ge-Harashim.	Nehemiah
Mark 14:37	(paragraph) Then Jesus returned to those 3 followers/disciples. And those followers/disciples were sleeping. (yesrhetorical) Jesus asked Peter, [" Simon, are you(Peter) _singular sleeping?] (statement) Jesus said to Peter, [" Simon, you(Peter) _singular should not be sleeping.] (norhetorical) Were you(Peter) _singular able [to be awake for 1 hour]? (statement) You(Peter) _singular should be able [to be awake for 1 hour]!	Mark
Matthew 24:44	You(followers) must also be ready-A. For the Son-of-man _1stAs3rd will come at a certain time [that you(followers) do not expect-A [the Son-of-man _1stAs3rd to come] at].	Matthew
2 Samuel 14:31	Then Joab went to Absalom’s house. And Joab said to Absalom, ["Why did your(Absalom's) servants burn my(Joab's) barley]?"	2_Samuel
2 Samuel 15:25	Then the king said to Zadok, ["(imp) You(Zadok) take God's Ark of the Covenant into the city]. [If Yahweh is pleased with me(David)] then Yahweh will bring me(David) to this place again. And Yahweh will let [me(David) see the Ark of the Covenant and Jerusalem again].	2_Samuel
Esther 9:30	Then Mordecai sent these letters to all the Jews [that lived in Xerxes' kingdom]. Mordecai told the Jews [that no people would attack the Jews again].	Esther
Matthew 18:3	Then Jesus said, ["I(Jesus) am telling you(followers) the truth]. (complex) [Unless you(followers) change-D yourselves(followers) [so that you(followers) would become like small children],] you(followers) will never enter the kingdom-B of heaven. (simple) [Unless you(followers) change-D yourselves(followers) [so that you(followers) would become like small children],] you(followers) will never become the people [whom God rules].	Matthew
Genesis 24:67	Then Isaac married Rebekah.  Isaac and Rebekah lived in the tent of Isaac's mother named Sarah. Isaac loved Rebekah much. Thus Isaac was comforted by Rebekah [after Isaac's mother's died].	Genesis
Joshua 24:5	Then I(Yahweh) sent Moses and Aaron to Egypt. And I(Yahweh) caused [many terrible things to happen to the Egyptians]. Then I(Yahweh) brought you(Israelites) from Egypt.	Joshua
Mark 1:22	[When the people heard Jesus's message,] those people were surprised/amazed [because Jesus taught that message _implicit [just-like a person [who has authority] teaches messages _implicit]]. Jesus did not teach that message _implicit [just-like the people [who taught the religious _implicit laws/Law to people] taught messages _implicit].	Mark
Matthew 12:32	A person [who says things [that are false] about the Son-of-Man _1stAs3rd] will be forgiven-C by God _implicitActiveAgent. But [if a person says things [that are false] about the Holy-Spirit,] a person will never be forgiven-C by God _implicitActiveAgent. That person will not be forgiven by God _implicitActiveAgent [while that person lives] [and after that person dies].	Matthew
Daniel 11:37	That king will not care about the gods [that the king's father honored]. And that king will not care about the gods [that women love]. That king will not care about gods. That king will think [that that king is greater than all gods].	Daniel
Matthew 9:16	_paragraph People _generic should not sew new cloth on old clothes. For [if a person does that thing,] that new cloth will tear those old clothes. (implicit-situational) New cloth becomes smaller [after that person washes that new cloth]. So that hole will become bigger.	Matthew
Joshua 4:5	And Joshua said to those men, ["(imp) You(men) go into the river near the place [where the priests are standing]].  The priests are holding the ark-of-the-covenant. Then (imp) you(men) find 12 large stones. We(people) will get 12 stones [because Israel has 12 tribes]. Each of you(man) should carry one stone on your(man's) shoulder.	Joshua
1 Samuel 15:27	Then Samuel turned [in order to leave Saul].  But Saul grabbed Samuel's robe.  And the robe tore.	1_Samuel
Acts 18:23	[After Paul had stayed in Antioch], Paul traveled to many places in the regions named Galatia and Phrygia [in order to encourage the people [who believed in Jesus] [and who lived in those places]].	Acts
Matthew 27:49	The other people said to that person _implicit, ["You(people) (imp) do not annoy/bother this man]. We(people) find-out _suggestiveLets [Elijah will come [in order to save this man]] [or Elijah will not come [in order to save this man]]."	Matthew
Jonah 4:3	Yahweh, you(Yahweh) (imp) please kill me(Jonah) now. I(Jonah) want [to die] [more than I(Jonah) want [to live]]."	Jonah
Mark 11:16	And Jesus did not allow [people to carry things through the temple of the courtyard _implicitType].	Mark
Mark 1:44	Jesus said to that man, ["You(man) (imp) listen to me(Jesus) _implicit ]. You(man) must not tell a person about this thing [(implicit-situational) that happened]. Instead you(man) (imp) go. And you(man) (imp) show yourself(man) to the priest. And you(man) (imp) give/offer to God _implicit the gifts/sacrifices [that Moses commanded [people to give/offer to God _implicit [so that those people would become clean]]]. (primary) Those actions will show/testify to the people [ (implicit-situational) that you(man) are clean]. (meaning-1) Those actions will show/testify to the priests [ (implicit-situational) that you(man) are clean]. "	Mark
1 Samuel 22:13	Saul said, ["Why did you(Ahimelek) and Jesse’s son plan [to kill me(Saul)]]? You(Ahimelek) gave bread and a sword to David. And you(Ahimelek) prayed to God for David. Now David is planning [to attack me(Saul)]. David is looking for me(Saul) today."	1_Samuel
Joshua 17:4	One day those daughters went to Eleazar, Joshua,  and the leaders of Israel. Eleazar was the priest.  And Joshua was the son of Nun.  Those daughters said, ["Yahweh commanded [Moses to give land to us(daughters)]]. So you(men) should give land to us(daughters) [just-like you(men) gave land to the men]." So Joshua gave some land to those daughters [just-like Joshua gave land to the daughters' father's brothers].	Joshua
Mark 3:28	I(Jesus) tell-D you(people) the truth. All sins will be forgiven by God _implicitActiveAgent [even-if people do many sins] [and even-if people much insult God _implicit].	Mark
Daniel 5:14	I(king) have heard [that the spirit of the gods is in you(Daniel)]. You(Daniel)  know many things. And you(Daniel) are very wise.	Daniel
Genesis 35:26	And Israel and Leah's female slave named Zilpah had two sons named Gad and named Asher. Those children are Jacob's sons [who were born in northwest Mesopotamia].	Genesis
2 Samuel 13:10	Then Amnon said to Tamar, ["(imp) You(Tamar) bring the food into my(Amnon’s) bedroom]. You(Tamar) (imp) please feed the bread to me(Amnon)."So Tamar picked up the bread[that Tamar made]. And Tamar brought that bread to Tamar’s brother named Amnon [who was in Amnon’s bedroom].	2_Samuel
Mark 12:2	[When the fruit/grapes were ready/ripe [so-that people should pick/harvest those fruit/grapes],] that man sent-A a servant-B to those people/farmers [in-order-to get that man's part of the fruit [that grew in that garden/vineyard]].	Mark
Joshua 19:16	So Yahweh gave land to the people [who were in the tribe named Zebulun]. Each group of families [that were in that tribe] received land.	Joshua
Acts 17:10	Paul and Silas (title) told the people [who live in Berea] about Jesus. That night, the people [who believe in Jesus] sent Paul and Silas to the city named Berea. [After Paul and Silas arrived in Berea], Paul and Silas went inside the Jewish Church.	Acts
Genesis 22:18	I(Yahweh) will bless all the nations [that are on the earth] through your(Abraham's) descendants [because you(Abraham) obeyed me(Yahweh)]".	Genesis
1 Samuel 27:2	So David and the 600 men [that were with David] left Israel.  Then David and those men went to a man named Achish.  Achish was Maok’s son.  And Achish was the king of Gath.	1_Samuel
Matthew 26:39	_paragraph Then Jesus walk-away little _adverb from those followers/disciples _implicit. Jesus knelt. And Jesus put Jesus's face close to the ground. (literal) Jesus prayed, ["My(Jesus's) Father, [if it is-V possible [for I(Jesus) do not drink _implicitNecessary this cup of pain _implicitInLDV],] you(Father) (imp) take-away-B this cup of pain _implicitInLDV from me(Jesus)]. (dynamic) Jesus prayed, ["My(Jesus's) Father, [if the events [that will cause [me(Jesus) to suffer]] do not need [to happen to me(Jesus)],] you(Father) (imp) prevent [me(Jesus) from suffering]]. But you(Father) (imp) do not do the things-B [that I(Jesus) want]. Instead, you(Father) (imp) do the things-B [that you(Father) want]. "	Matthew
Matthew 17:11	_paragraph Jesus answered those followers/disciples _implicit, ["Elijah certainly comes first _adv]. And Elijah will restore all things-A.	Matthew
1 Samuel 16:23	[Whenever the evil spirit [that came from God] entered Saul] David pick-up David's harp. And David played that harp. Then the evil spirit left Saul.  And Saul felt better.	1_Samuel
Matthew 12:31	So I(Jesus) tell-D you(people) the following words. All sins of people may be forgiven-B by God _implicitActiveAgent [even-if people say things [that are false] about God _implicit]. But [if a person blasphemes the Holy-Spirit,] a person will not be forgiven-C by God _implicitActiveAgent.	Matthew
Matthew 15:5	But you(Pharisees) say [a person may say to that person's father or that person's mother [ the things [that that person has] [and that might help that father or that mother] are a gift [that is for God]]].	Matthew
Esther 7:9	A man named Harbona said to the king, ["Yesterday Haman built a structure [in order to hang Mordecai]]. The structure is very tall. And the structure is near Haman's house. Mordecai is the man [that saved the king's life]." The king said, ["You(Harbona) (imp) hang Haman on that structure."]	Esther
Joshua 2:7	So the king’s soldiers started looking for those men/spies. Those soldiers went to the road [that goes to the places [where people go across the Jordan River]]. [after those soldiers left Jericho] other soldiers closed the city gate.	Joshua
Acts 19:29	Then all the people [who were in that city] began shouting. The people captured two men [who traveled with Paul from Macedonia.] One man’s name was Gaius.  And the other man’s name was Aristarchus.  And those people ran together to the theater/stadium. And those people dragged Gaius and Aristarchus to that place.	Acts
2 John 1:3	I(John) pray-hope [that God [who is our(people's) Father] and Jesus Christ [who is God's Son] will bless us(people)] [and that God and Jesus will be merciful to us(people)] [and that God and Jesus will cause [us(people) to live in peace]]. I(John) pray-hope [that God and Jesus do these things for us(John)  [while we(John) obey the true things [that God revealed]] [and while we(John) love each-other(people)]].	2_John
Genesis 7:17	Then the weather was rain for 40 days.  [When the water became deep] the boat started to float.	Genesis
Genesis 37:8	Then Joseph's brothers said to Joseph, ["Will you(Joseph) become our(brothers') king?]. You(Joseph) will not become our(brother's) king! Will you(Joseph) rule us(brothers)? You(Joseph) will not rule us(brothers)!" Then Joseph's brothers hated Joseph more because of Joseph's dream and because of the things [that Joseph said].	Genesis
2 Samuel 22:50	Therefore I(David) will praise you(Yahweh).  Yahweh, I(David) will praise you(Yahweh) with the nations.  I(David) will sing to you(Yahweh). I(David) will praise your(Yahweh's) name.	2_Samuel
Genesis 36:34	[After Jobab died] Husham became king. Husham was born in the place [where the Temanites live].	Genesis
Matthew 11:30	For the commands/yoke [that I(Jesus) give you(people)] are easy. And the load [that I(Jesus) give you(people)] is light."	Matthew
Matthew 13:23	But a person [who hears the message] [and who understands that message] is _be-U like the seeds [that fell on good soil]. Those seeds are the seeds [that produce many plants]. (literal) The plants produce 100 new seeds, 60 new seeds or 30 new seeds. (dynamic) God's message becomes in that person like a plant [that produces 100 new seeds, 60 new seeds or 30 new seeds]."	Matthew
Matthew 16:7	_paragraph Those followers/disciples started to talk/discuss with each-other(followers) about the thing _implicit [that Jesus said]. And those followers/disciples said, ["Jesus is saying this thing [because we(followers) did not bring bread]"].	Matthew
Matthew 24:35	The sky-B and the earth will end-A. But my(Jesus's) words will never end-A.	Matthew
2 Samuel 22:25	Yahweh gave good things me(David) [because I(David) did good things].Yahweh gave good things to me(David) [because Yahweh did not see [me(David) doing bad things]].	2_Samuel
2 Samuel 20:19	The people [that live in this city] do not fight other people.  And we(woman) always help Israel. You(Joab) are trying [to destroy an important city]. Why do you(Joab) want [to destroy this city [that belongs to Yahweh]]?"	2_Samuel
Esther 7:7	The king became very angry. So the king stood up. and the king walked to the garden of the palace. But Haman stayed in the room [in order to beg [Queen Esther to save Haman's life]]. Haman knew [that the king will punish Haman].	Esther
2 Samuel 21:11	People told David [that Rizpah was protecting those bodies from the animals]. Rizpah was Saul’s female slave.	2_Samuel
Joshua 23:5	Your(Israelites') God named Yahweh will force [the people [who are living in these regions] to leave]. Then you(Israelites) will enter that land. And you(Israelites) will own that land. Yahweh promised your(Israelites') ancestors [that Yahweh will do these things for you(Israelites)].	Joshua
Matthew 2:3	(paragraph) [When king Herod heard these things [ (implicit-situational) that those wise men were asking about]] Herod became upset/troubled. For (implicit-situational) Herod did not want [another king to replace Herod]. And all _hyperbolic of the people [who were in Jerusalem] also became upset/troubled [because (implicit-situational) those people thought [Herod will become angry]].	Matthew
Esther 2:1	Later [when the king was not angry with Vashti] the king thought about Vashti. The king remembered the things [that Vashti did]. And the king remembered the law [that the king wrote].	Esther
2 Samuel 3:28	Later David heard that Joab killed Abner.  Then David said, ["I(David) and the people  [that I(David) rule] are innocent]. We(David) did not kill Abner [who was the son of Ner]. Yahweh knows [that we(David) did not kill Abner].	2_Samuel
1 Samuel 21:9	The priest answered, ["Goliath's sword is at this place]. Goliath is the Philistine [that you(David) killed in the Valley of Elah]. I(Ahimelek) wrapped Goliath's sword with a cloth. And that sword is behind the special clothes [that the priest wears]. [If you(David) want that sword] then you(David) may take that sword. I(Ahimelek) do not have another sword at this place." David said, ["Goliath's sword is special]. You(Ahimelek) (imp) give that sword to me(David)."	1_Samuel
Acts 18:27	Later, Apollos wanted [to go to the region named Achaia]. So the people [who believe in Jesus] encouraged [Apollos to go to Achaia]. And those people [who believe in Jesus] wrote a letter to the people [who believe in Jesus] [and who live in Achaia]. That letter told the people [who live in Achaia] [to welcome Apollos.] And [when Apollos arrived in Achaia], Apollos helped those people [who believed in Jesus] because of the kindness of God].	Acts
Titus 2:9	You(Titus) (imp) tell slaves [to always respect the authority of those slaves' masters]. You(Titus) (alt) (imp) tell slaves [to always obey those slaves' masters]. Slaves should try [to please those slaves'  masters]. And slaves should talk respectfully to those slaves' masters.	Titus
Genesis 13:11	So Lot move to the eastern region. and Lot lived in the plain [where the Jordan is]. So Abram moved to the western region.  Thus Abram stopped living with Lot.	Genesis
Joshua 10:23	So Joshua's soldiers brought those five kings from the cave. Those kings ruled Jerusalem, Hebron, Jarmuth, Lachish, and Eglon.	Joshua
Acts 20:20	You(leaders) know [that I(Paul) eagerly preached to you(leaders) messages [that would help you(leaders)]]. I(Paul) taught you(leaders) in front of people. And I(Paul) visited you(leaders) in your(leaders') homes.	Acts
Genesis 46:21	Benjamin had sons named Bela, named Beker, named Ashbel, named Gera, named Naaman, named Ehi, named Rosh, named Muppim, named Huppim, and named Ard.	Genesis
2 Samuel 19:42	All of the men [that were from Judah] said to the men [that were from Israel], ["We(men) brought David across the river [because David is our(men's) relative]]. Why are you(men) angry? We(men) did not eat the king's food.  And we(men) did not take a thing from the king."	2_Samuel
Genesis 25:20	[When Isaac was 40 years old] Isaac married Rebekah [who came from the northwest region of Mesopotamia]. Rebekah was Bethuel's daughter. and Rebekah was the sister of Laban.	Genesis
2 Samuel 8:6	Then David told [some David's soldiers to stay in Damascus]. Those soldiers forced [the Arameans to serve David]. So those people gave money to David. Yahweh caused [David to defeat all of Israel's enemies].	2_Samuel
Matthew 24:46	[When that master returns to that master's house,] it will be-V good [that servant-A is doing the things [that that master ordered [that servant to do]]] .	Matthew
Nehemiah 10:10	The following people [who worked with those people [who were in the tribe named Levi]] put marks on the agreement.  Shebaniah, Hodiah, Kelita, Pelaiah, Hanan,	Nehemiah
Acts 18:28	Apollos argued with the Jews in front of many people. And Apollos read the Scriptures to people [in order to prove to those people [that Jesus was the Christ]. Apollos argued with the Jews very well [so the people listened to Apollos instead of the Jews].	Acts
Nehemiah 13:3	[After the people heard that law] the people of Israel made [the people [who were children of people [that were from other countries]] leave Israel].	Nehemiah
Genesis 49:11	Judah will be rich.  Judah will tie Judah's expensive donkey to a beautiful vine of grapes. Judah will be able [to wash Judah's clothes with expensive wine]. Judah will wash Judah's robes with the best wine.	Genesis
Mark 7:30	(paragraph) Then that woman went to that woman's house. And that woman saw-C that woman's child [who was lying on the bed _frameInferable]. And that evil spirit/demon had left that child _implicit.	Mark
Genesis 34:18	Hamor and Hamor's son named Shechem agreed [to do all of the things [that Jacob's sons said]].	Genesis
2 Samuel 5:15	And David also had sons named Ibhar, Elishua, Nepheg, and Japhia.	2_Samuel
Joshua 22:1	(title) The soldiers [that are in the tribes named Reuben, Gad, and Manasseh] return to the soldiers’ houses. Then Joshua called all of the soldiers [who were in the tribes named Reuben, Gad, and Manasseh].	Joshua
Matthew 25:1	(title) Jesus tells a story/parable [that is about 10 young women [who help a woman [who is marrying a man]]]. _paragraph (complex) At that time the kingdom-B of heaven will be-U like 10 young women [who help a woman [who is marrying a man]]. (simple) At that time people will prepare-A [in order to meet God] [just-like 10 young women [who help a woman [who is marrying a man]] prepare [in order to meet the man [who is marrying a woman]]]. Those young women took those young women's lamps. And those young women go-out from those young women's houses _implicit [in order to meet-D the man [who is marrying a woman]].	Matthew
Matthew 23:21	And a person [who promises/swear to God _implicit [that person will do an action] by the building/temple _instrument ] promises/swear to God _implicit by the building/temple _instrument and by God _instrument [who lives in the building/temple].	Matthew
Genesis 27:18	So Jacob went into the tent of Isaac.  And Jacob seek-attention Isaac. And the father of Jacob give-attention to Jacob.  Then Isaac said, ["Who are you(son)?]"	Genesis
2 Samuel 23:30	Benaiah was from Pirathon.Hiddai was from the valley [that was in Gaash].	2_Samuel
Mark 14:8	This woman did the thing [that this woman was able [to do]]. This woman put oil on my(Jesus's) body [while I(Jesus) am still alive] [so that my(Jesus's) body will be ready [people bury-A my(Jesus's) body]].	Mark
2 Samuel 8:1	(title) David defeats many countries.  [While David was the king of Israel] David defeated the Philistines many times. So  the Philistines served David. And David take-away from the Philistines the city named Metheg-Ammah.	2_Samuel
Genesis 10:28	Joktan was also the father of Obal, Abimael, and Sheba.	Genesis
Mark 2:21	(paragraph) No person repairs a hole-B [that is in old clothes] with new cloth. [If a person does that thing,] that new cloth will tear those old clothes. (implicit-situational) New cloth becomes smaller [after that person washes that new cloth ]. So that hole will become bigger .	Mark
Nehemiah 7:48	The temple servants were also descendants of Lebana, Hagaba, and Shalmai.	Nehemiah
Genesis 34:3	Then Shechem loved Dinah. and Shechem spoke kindly to Dinah.	Genesis
2 Samuel 15:28	I(David) will wait at the river in the desert [until you(Zadok) send a message to me(David)]."	2_Samuel
Esther 5:5	The king said to the king's servants, ["You(servants) (imp) bring Haman to me(king) quickly]. Then Haman and I(king) will go to this feast." [After the servants brought Haman to the palace] the king and Haman went to the feast [that Esther prepared].	Esther
Daniel 8:6	The goat came to the male sheep [that I(Daniel) had seen]. The male sheep had two horns. And the male sheep was standing near a stream. The goat was very angry. So the goat attacked the male sheep.	Daniel
Mark 14:46	Then-D those people quickly took/grab Jesus. And those people take-away/arrest Jesus.	Mark
Genesis 24:9	Then the servant put the servant's hand under the leg of Abraham. and the servant swore to Abraham [that the servant would do all these things].	Genesis
Matthew 27:11	(title) Jesus stands in front of Pilate. _paragraph At that time _implicit Jesus stood in front of the ruler/governor _frameInferable. The ruler/governor asked Jesus, ["Are you(Jesus) the king of the Jews?"] _paragraph Jesus answered, ["You(Pilate) said that thing"].	Matthew
Acts 20:12	And those other people led the young man named Eutychus to Eutychus' home. And those people were very happy [because Eutychus lived again].  Paul's Farewell to the Ephesian Elders	Acts
Matthew 8:27	(paragraph) The follower/disciples were extremely surprised/amazed. (rhetorical) And those followers/disciples asked each-other(followers), ["What kind of man is this man?]  (statement) And those followers/disciples said to each-other(followers), ["This man is a special man!] The winds and the waves obey this man!"	Matthew
Matthew 26:47	(title) Jesus is take-away/arrest by Jesus's enemies _implicitActiveAgent. _paragraph [While Jesus was still speaking,] Judas [_descriptive who was one of the 12 followers/disciples] arrived at the place _implicit [where Jesus was]. A big crowd of people [who were carrying swords and short heavy sticks] were with Judas. Those people were sent by the chief priests and the old leaders of the Jewish _implicit people.	Matthew
2 Samuel 4:7	[When Rekab and Baanah went into that house] Ish-Bosheth was lying on Ish-Bosheth's bed [that was in Ish-Bosheth's bedroom]. Then Rekab and Baanah  stabbed Ish-Bosheth.  And Rekab and Baanah killed Ish-Bosheth.  Then Rekab and Baanah cut off Ish-Bosheth's head. And those two men took Ish-Bosheth's head. Those two men traveled during the night through the Jordan Valley.	2_Samuel
Mark 10:2	(paragraph) Some _implicit Pharisees came to Jesus [in-order-to test Jesus]. Those Pharisees asked Jesus, ["Do the religious _implicit laws/Law allow [a man to end that man's marriage [that is with that man's wife]]?"]	Mark
Genesis 29:20	So Jacob worked for Laban for 7 years [because Jacob wanted [to marry Rachel]]. But those 7 years were like 7 days [because Jacob loved Rachel much].	Genesis
Acts 20:28	You(leaders) be (imp) careful. And you(leaders) take care (imp) of the people [whom the Holy Spirit brought to you(leaders), [like a man cares for a man's own sheep.] You(leaders) take care (imp) of the people [who belong to the Lord Jesus's church]. The Lord Jesus paid for the lives of those people with the Lord Jesus's own blood.	Acts
1 Samuel 13:15	Then Samuel left Gilgal. And Samuel went to Gibeah [which was in the region [that the tribe named Benjamin owned]]. Then Saul counted the soldiers [who were with Saul]. There were about 600 soldiers.	1_Samuel
2 Samuel 10:15	The Aramean soldiers knew[that the Israelites defeated the Aramean soldiers]. So  the Aramean soldiers decided [to fight the Israelites again].	2_Samuel
Genesis 40:20	3 days later the king was celebrating the king's birthday. The king had a feast for all the king's officers. During that feast the king allowed [these 2 officers to leave the prison].	Genesis
Mark 12:15	Should we(Jews) _incl pay-C taxes _implicit to Caesar _implicit? Or should we(Jews) _incl not pay-C taxes _implicit to Caesar _implicit?" (paragraph) But Jesus knew [those Pharisees and those people [who supported King _implicit Herod] were pretending [to be good/righteous]]. (implicit-situational) Those Pharisees and those people [who supported King _implicit Herod] did not actually want [to know the thing [that God wanted [those Pharisees and those people [who supported King _implicit Herod] to do]]]. (rhetorical) Jesus asked those Pharisees and those people [who supported King _implicit Herod], ["Why are you(Pharisees) testing me(Jesus)?] (statement) Jesus said to those Pharisees and those people [who supported King _implicit Herod], [" You(Pharisees) are trying [to trick me(Jesus)]]. (literalunits) You(Pharisees) (imp) bring a denarius to me(Jesus) [so that I(Jesus) could look at that denarius]. (modernunits) You(Pharisees) (imp) bring a Roman _implicit silver coin to me(Jesus) [so that I(Jesus) could look at that coin]."	Mark
Genesis 9:27	I(Noah) hope [that God will give more land to Japheth]. and I(Noah) hope [that Japheth will live in Shem's tents] [and Canaan will be the slave of Shem and Japheth]."	Genesis
Matthew 25:36	(literal) [When I(king) was not wearing clothes,] you(people) put clothes on me(king). (dynamic) [When I(king) needed clothes,] you(people) gave clothes to me(king). [When I(king) was sick,] you(people) cared-A for me(king). And [when I(king) was in prison,] you(people) came there _implicit [in order to visit me(king)]."	Matthew
Matthew 11:8	(norhetorical) Or did you(people) go there [in order to see a man [who wears beautiful clothes]]? (statement) And you(people) did not go there [in order to see a man [who wears beautiful clothes]]. You(people) know [the people [who wear beautiful clothes] are in kings' palaces].	Matthew
Genesis 2:22	Then God created a woman with Adam's rib.  Then God brought the woman to Adam.	Genesis
Acts 17:28	These things are true because we(humans) live through God’s power, and because we(humans) move through God’s power, and because we(humans) exist through God’s power. This message is similar to a message [that some of your(Athenians) poets said, ["We(people) are God's children."]	Acts
Acts 17:5	But many Jews were very angry at Paul and Silas. So the Jews gathered some bad people [who were sitting in the marketplace]. And those Jews told those people to start shouting. Those people wanted [to force [Paul and Silas to stand in the midst of the crowd]]. So those people ran to Jason's house [so that those people could find Paul and Silas].	Acts
Joshua 21:24	The tribe named Dan also gave the towns named Aijalon and Gath-Rimmon to the other families [that were Kohath's descendants].  So the tribe named Dan gave 4 towns to those people. And the tribe named Dan also gave the fields [that were near those towns] to those people.	Joshua
Mark 10:1	(title) Jesus teaches-A about people [who end those people's marriages [that are with other people]]. (paragraph) Then-A Jesus left that place. And Jesus went to the region of Judea and to the other side of the river-Jordan. Many people gathered-C around Jesus again. And Jesus taught-B God's message _implicit to those people [just-like Jesus often taught-B God's message _implicit to people _generic].	Mark
Genesis 13:5	Lot was traveling with Abram. Lot also had many sheep, many cattle, and many tents.	Genesis
Daniel 3:9	The astrologers said to the king, ["We(astrologers) hope [that you(king) will live forever]].	Daniel
Matthew 5:13	(title) Jesus says [Jesus's disciples be-U salt and light]. (paragraph) You(people) be-X the salt of the earth. (rhetorical) But [if salt stops tasting-B like salt ,] how is that salt able [to taste like salt again]? (statement) But [if salt stops tasting like salt,] that salt is not able [to taste like salt again]. People are not able [to continue using that salt]. So people will throw-away that salt onto the street _implicit. And people will walk on that salt.	Matthew
Daniel 12:11	[After people stop giving sacrifices to God] there will be 1290 days. People will stop giving sacrifices to God [when soldiers put the terrible thing in the temple].	Daniel
1 Samuel 19:1	(title) Saul tries [to kill David].  One day Saul told Saul's son named Jonathan and all of Saul's servants [to kill David]. But Jonathan loved David.	1_Samuel
Mark 3:14	Jesus chose/appointed 12 men from those people _implicit. And Jesus called those 12 men leaders/apostles. Jesus chose/appointed those apostles [so that those apostles would be with Jesus] [and so that Jesus could send those apostles [in-order-to preach the Good-News]].	Mark
2 Samuel 24:24	But the king said to Araunah, ["No]. I(David) must buy these things from you(Araunah). I(David) will not give a gift/sacrifice [that you(Araunah) give to me(David)] to my(David's) God named Yahweh." So David bought the place [that Araunah threshed grain at] and the oxen from Araunah for about 575 grams of silver.	2_Samuel
1 Samuel 29:1	(title) Achish tells [David to return to Ziklag].  The Philistines (implicit-info) were preparing [to fight the Israelites]. All of the Philistine soldiers gathered at Aphek.  And the Israelites were camping by the spring [that is in Jezreel].	1_Samuel
Daniel 6:15	In the evening these officials returned to the king. These officials said to the king, ["You(king) (imp) remember [that all the people [who live in Media and in Persia] must do all the things [that this law says]]]. No man is able [to change a law [that you(king) wrote your(king's) name on]]."	Daniel
Matthew 24:1	(title) Jesus talks about the time [that the big building of Jerusalem _implicit [that Jews honor/worship God in] will be destroyed by enemies _implicitActiveAgent at]. _paragraph Jesus left the big building of Jerusalem _implicit [that Jews honor/worship God in]. And [while Jesus was walk-away] Jesus's followers/disciples came to Jesus. And Jesus's followers/disciples told Jesus [that Jesus should look at the other _implicit beautiful _implicit buildings [that were in the place [that that building/temple was in]]].	Matthew
Genesis 18:16	Then the 3 men stand-up. The 3 men started to walk toward Sodom. Abraham walked with the 3 men for a short time [in-order-to Abraham goodbye the 3 men].	Genesis
Daniel 12:3	People [who are wise] will shine [like the stars shine]. People [who help [other people be righteous]] will shine [like the stars shine] always.	Daniel
Joshua 24:7	So your(Israelites') fathers cried out to me(Yahweh). Your(Israelites') fathers asked me(Yahweh) [to help your(Israelites') fathers]. Then I(Yahweh) caused [the sky [that was between you(Israelites) and the Egyptians] to become dark]. I(Yahweh) covered the Egyptians with the sea. You(people) saw [that I(Yahweh) destroyed the army of Egypt]. Then you(Israelites) lived in the desert for many years.	Joshua
1 Samuel 21:13	Then David pretended [to be crazy] in-front-of Achish and Achish's servants. [While David was with Achish’s servants] David acted [like a crazy man acts]. David wrote marks on the doors of the gate with David's nails. And David let [saliva fall from David's mouth into David's beard].	1_Samuel
Matthew 22:16	Those Pharisees sent those Pharisees' followers/disciples and people [who supported king _implicit Herod] to Jesus . Those people _differentNounIndex said to Jesus _implicit, ["Master/Teacher, we(Pharisees) _excl know [you(Jesus) are honest]]. And you(Jesus) truly teach the people _implicit about the things [that God wants [people to do]]. And you(Jesus) do not worry about other people and the things _implicit [that other people think-E about _relation you(Jesus)]. For you(Jesus) treat all people fairly.	Matthew
Daniel 7:19	Then I(Daniel) wanted [the person to explain the fourth animal to me(Daniel)]. The fourth animal was different from the other animals. The fourth animal was terrible. That animal had big iron teeth and bronze nails. That animal ate people. And that animal broke people into many pieces. That animal walked on the things [that that animal destroyed].	Daniel
Mark 3:11	(implicit-situational) Some of those people were controlled by spirits [that were not clean]. [Whenever those  spirits saw Jesus,] the people [whom those spirits controlled] fell in-front-of Jesus. And those spirits caused [those people to cry-out-B, ["You(Jesus) are the Son of God"]] .	Mark
Genesis 24:62	[Before this time Isaac left Beer-Lahai-Roi.] Isaac was living in the desert named Negev [which was in southern Canaan].	Genesis
Genesis 34:1	-Title Shechem attacks Dinah. -BeginEpisode the daughter of Leah and of Jacob named Dinah decided [to visited certain women [who lived in that region]].	Genesis
Joshua 15:23	And the tribe named Judah owned the towns named Kedesh, Hazor, and Ithnan.	Joshua
Acts 1:19	And all the people [who live in Jerusalem] heard [that Judas died].  So people named that field Akeldama.  Akeldama means field of blood. -CommentEnd	Acts
Matthew 7:14	But _implicit the gate [that leads to life [(implicit-situational) that never ends]] is narrow. And the road [that leads to life [that never ends] ] is narrow. Only few people find that place.	Matthew
Acts 21:27	Some Jews (title) catch Paul. The ceremony [that people become acceptable to God at] lasts for seven days.  During the last day of that ceremony, some Jews [who were from the region named Asia] saw Paul at the temple. Those Jews caused [the crowd to be angry at Paul]. And those Jews caught Paul.	Acts
1 Samuel 20:13	But [if my(Jonathan's) father wants [to hurt you(David)]] then I(Jonathan) will tell [you(David) to leave].  I(Jonathan) hope [that Yahweh will punish me(Jonathan) much] [if I(Jonathan) do not tell you(David) about my(Jonathan's) father]. I(Jonathan) hope [that Yahweh will be with you(David) [just-like Yahweh was with my(Jonathan's) father]].	1_Samuel
Nehemiah 13:27	Must we(Nehemiah) hear now [that you(men) also are doing these very bad things]?  I(Nehemiah) am very sad [because I(Nehemiah) heard [that you(men) also are doing these very bad things]]. [Because you(men) are marrying women [who come from other countries]] you(men) are not being faithful to our(Nehemiah's) God."	Nehemiah
2 Samuel 8:5	Aramean soldiers came from Damascus [in order to help [Hadadezer fight David]]. But David killed 22000 of those soldiers.	2_Samuel
Genesis 47:30	You(Joseph) (imp) promise me(Jacob) [that [after I(Jacob) die] you(Joseph) will carry my(Jacob's) body from Egypt to Canaan]. Then you(Joseph) (imp) bury my(Jacob's) body in the place [where people buried the bodies of my(Jacob's) ancestors]."  Joseph said, ["I(Joseph)  will do all the things [that you(Jacob) commanded [me(Joseph) to do]]]."	Genesis
Genesis 7:3	For all kinds of birds you(Noah) (imp) take seven male birds and 7 female birds into the boat.  [If you(Noah) take all these animals into the boat] these animals will live after the flood.	Genesis
Genesis 17:6	I(God) will cause [you(Abram) to have many descendants]. Your(Abram's) descendants will become new nations.  Some of your(Abram's) descendants will be kings.	Genesis
Genesis 35:11	Then God said to Israel, ["I(God) am God-Almighty]. You(Israel) (imp) have many children. You(Israel) (imp) become a big nation. You(Israel) will be the father of many nations and of many kings.	Genesis
Genesis 29:16	At that time Laban had 2 daughters. The older daughter was named Leah. and the younger daughter was named Rachel.	Genesis
Matthew 9:2	Some men brought to Jesus a man [who was paralyzed] [and who was lying on a bed/mat]. [When Jesus noticed [ those men had faith in Jesus _implicit],] Jesus said to that man, ["Child, you(man) (imp) do not worry!] Your(man’s) sins are forgiven by me(Jesus) _implicitActiveAgent."	Matthew
Joshua 10:35	The Israelites defeated the people [who were living in Eglon] in one day. The Israelites killed all of the people [who were in that city].  And the Israelites completely destroyed all of those people. The Israelites destroyed that city [just-like the Israelites destroyed Lachish].	Joshua
Genesis 45:6	There has been a famine for 2 years. and crops will not grow for 5 more years.	Genesis
Genesis 41:51	Joseph named the first son Manasseh.  -footnote Manasseh means [God caused [me(Joseph) to forget]]. Joseph said, ["God caused [me(Joseph) to forget all the problems [that I(Joseph) had]]].  and I(Joseph) forgot my(Joseph's) family [who treated me(Joseph) badly]."	Genesis
Genesis 1:26	Then God said, ["Now we(God) will create people.]  These people will be like us(God).  These people will rule the fish [that are in the ocean] and the birds [that are in the sky].  These people will rule the livestock, the wild animals and the small animals."	Genesis
Matthew 1:12	_paragraph [After Babylon _implicitNecessary exiled those Jews _implicitNecessary to Babylon ], Jeconiah became the father of Shealtiel. And Shealtiel (literal) became the father of Zerubbabel. And Shealtiel (dynamic) was the grandfather of Zerubbabel.	Matthew
Genesis 36:12	Eliphaz also had a female slave named Timna. Timna birthed Amalek for Eliphaz. These children were the grandsons of Esau and of Adah.	Genesis
Esther 7:4	A certain man will pay money to the people [that kill me(Esther) and my(Esther's) people]. So many people will kill all of the people [that came from my(Esther's) country]. [If this man had caused [us(people) to become slaves]] I(Esther) would not have spoken to you(king). But these people will kill us(people)."	Esther
Jonah 1:11	The wind was blowing harder. And the waves were becoming bigger. So the men asked Jonah, ["Which thing should we(men) do to you(Jonah) [in order to cause [the sea to become calm]]]?"	Jonah
Genesis 48:18	And Joseph said to Joseph's father, ["Father, you(Jacob) (imp) put your(Jacob's) right hand on Manasseh's head [because Manasseh is my(Joseph's) firstborn son]]."	Genesis
Genesis 31:45	So Jacob found a big stone.	Genesis
Matthew 18:13	I(Jesus) am telling you(followers) the truth. [If that person finds that lost _implicit sheep,] that person becomes very happy. That person is happy [because that person found that sheep] [more-than that person is happy [because the 99 sheep did not walk-away]].	Matthew
Nehemiah 4:6	[Because the people worked very hard] we(Nehemiah) repaired all of the wall [until the wall was one half the height of the old wall].	Nehemiah
1 Samuel 11:9	The people [who were in Gilead] said to the messengers [who came from Jabesh], ["You(messengers) (imp) tell the people [who are in Jabesh-Gilead] [that we(people) will save/rescue those people tomorrow]]." So those messengers returned to Jabesh.  And those messengers told those people [that Saul and Saul's army will save/rescue the people from Nahash]. Then those people became very happy.	1_Samuel
Mark 15:14	(paragraph) But Pilate asked that crowd, ["Why should Jesus be crucified by soldiers _implicitActiveAgent?] What evil thing did Jesus do [(implicit-situational) so that Jesus should die]?" (paragraph) But the crowd shouted more loudly, ["You(Pilate) (imp) kill Jesus [by putting Jesus on a cross]!"]	Mark
Acts 18:12	At that time, a man named Gallio was a leader in the region named Achaia. And the Jews [who lived in that place] gathered-together(Jews) [in order to capture Paul]. Then those Jews captured Paul. And the Jews brought Paul to court.	Acts
Nehemiah 1:10	Yahweh, those people [that (implicit-info) are in Judah now] serve you(Yahweh). And those people are your(Yahweh’s) people. You(Yahweh) saved/redeemed those people [by using your(Yahweh's) great strength and your(Yahweh's) strong hand]. So (implicit-info) those people are free now.	Nehemiah
1 Samuel 1:4	[Whenever Elkanah gave gifts/sacrifices to Yahweh] Elkanah gave some meat to Elkanah's wife named Peninnah. Elkanah also gave some meat to Peninnah's sons and daughters.	1_Samuel
1 Samuel 13:7	Some Israelites run-away. Those Israelites went across the Jordan river. And those Israelites went to Gad or Gilead.  But Saul stayed at Gilgal. All of the soldiers [who were with Saul] were very afraid.	1_Samuel
Mark 7:33	(paragraph) Jesus take-away that man from the crowd _frameInferable [so that Jesus and that man could be alone]. Jesus put Jesus's fingers into that man's ears. Then Jesus spit Jesus's fingers _implicit. And Jesus touched that man's tongue with those fingers _implicit.	Mark
Matthew 14:31	_paragraph Immediately Jesus moved Jesus's hand toward Peter. And Jesus caught-B Peter. (complex) Jesus said, ["You(Peter) do not have much faith in me(Jesus) _implicit]. (simple) Jesus said, ["You(Peter) do not much believe in me(Jesus) _implicit]. Why did you(Peter) doubt [that (implicit-situational) I(Jesus) was able [to cause [you(Peter) to walk on water]]]?"	Matthew
