reference	verse	book
Matthew 27:60	Then Joseph put the body in Joseph's new hole/tomb [that Joseph of the servants-B _metonymy had dug in the rock _inLDV of a hill _implicit]. (implicit-situational) There was not a body in that hole/tomb earlier. Then Joseph and other men _implicit rolled _inLDV a big _implicit stone in front of the entrance of that hole/tomb. And Joseph walk-away.	Matthew
Matthew 14:36	And those people asked/beg Jesus [Jesus to let those sick people touch the edge of Jesus's clothes/robe]. And all the sick people [who touched Jesus's clothes/robe] were healed by Jesus _implicitActiveAgent.	Matthew
Genesis 30:19	Later Leah became pregnant again. and Leah birthed a sixth son.	Genesis
Genesis 31:44	Therefore I(Laban) will allow [you(Jacob) to leave]. We(Laban) will make a treaty.  And We(Laban) will gather stones [in-order-to remind us(Laban) [that I(Laban) allowed [you(Jacob) to return to your(Jacob's) father with my(Laban's) daughters]] [and that you(Jacob) promised [to treat my(Laban's) daughters kindly]]]".	Genesis
Nehemiah 3:3	The sons of a man named Hassenaah repaired the gate-Fish. Those sons put doors in that gate.  And those sons put bars on that gate [so that people could lock those doors].	Nehemiah
Genesis 46:7	Jacob took Jacob's sons, Jacob's grandsons, Jacob's daughters, and Jacob's granddaughters to Egypt. Jacob took all the people [who were in Jacob's family] to Egypt with Jacob.	Genesis
Genesis 35:13	Then God left Israel.	Genesis
Esther 2:22	[While Mordecai was sitting near the gate] Mordecai heard [these two guards talking to each-other(guard) about the king]. So Mordecai told Esther [that these men wanted [to kill the king]]. Then Esther told the king about these men.	Esther
2 Samuel 18:4	The king said to those soldiers, ["Ok].  [If you(soldiers) think [that I(David) should stay at this place]] then I(David) will stay at this place." So the king stood near the gate [while all of the soldiers walked/marched out of the city]. Certain groups of soldiers had 100 soldiers. And other groups of soldiers had 1000 soldiers.	2_Samuel
Matthew 18:11	(footnote) Most copies/manuscripts of this part of the Scriptures do not include this verse. But some copies/manuscripts include here words that are similar to the words [that are in Luke 19:10].	Matthew
Matthew 19:12	For there are men [who were eunuchs [when those men were born]]. And there are men [who were caused by other people [to become eunuchs]]. (complex) And there are men [who choose [to live [just-like eunuchs live]] because of the kingdom-B of heaven]. (simple) And there are men [who choose [to live [just-like eunuchs live]] [because those men want [to serve-A God] [just-like (implicit-situational) eunuchs might serve-A God]]]. A person [who is able [to accept these words]] should accept these words."	Matthew
Matthew 13:31	(title) Jesus tells a story/parable [that is about a seed-mustard]. _paragraph Jesus told another parable to Jesus's followers/disciples. (complex) Jesus said, ["The kingdom-B of heaven is-U like a seed-mustard [that a man planted in a man's field]]. (simple) Jesus said, ["The number of people [who become God's children] increases [just-like a seed-mustard [that a man planted in that man's field] grows]].	Matthew
1 Samuel 8:1	(title) The Israelites want a king. [When Samuel became old] Samuel chose/appointed [Samuel's sons to become the Israelites’ leaders].	1_Samuel
2 Samuel 22:34	God causes [my(David’s) feet to be like a deer’s feet]. God causes [me(David) stand on high mountains].	2_Samuel
Matthew 21:14	_paragraph Blind people and lame people came to Jesus [while Jesus was in that building/temple]. And Jesus healed those people.	Matthew
Genesis 23:5	The Hittites answered Abraham, ["Yes.]	Genesis
Matthew 19:6	Then-D those people are not 2 people. Those people are 1 body. [Because God joined-B that man to that man's wife,] you(Pharisees) (imp) do not let [a person separate that man from that man's wife]."	Matthew
Joshua 21:20	The Israelites also gave towns [that the tribe named Ephraim owned] to the other families [that were Kohath’s descendants].	Joshua
Joshua 11:10	Then Joshua went to Hazor. And Joshua defeated the people [who were living in that city]. Then Joshua killed the king of Hazor. ( Previously the king of Hazor lead those other kings [who fought the Israelites]. )	Joshua
Genesis 3:13	Then God said to the woman, ["What did you(Eve) do?"]  The woman answered, ["The snake tricked me(Eve).] and I(Eve) ate the fruit."	Genesis
2 Samuel 1:5	David said to that young man, ["How do you(man) know [that Saul and Saul’s son named Jonathan are dead]?"]	2_Samuel
Genesis 12:10	-Title Abram goes to Egypt. At that time there was a famine in Canaan. so Abram went to Egypt.	Genesis
Matthew 21:2	Jesus said to those 2 followers/disciples, ["You(followers) _dual (imp) go to the village [that is in-front-of you(followers) _dual]]. And [when you(followers) _dual enter that village] you(followers) _dual will immediately find-A a horse/donkey [that was tied-B with a rope _implicit to a post _implicit]. That horse/donkey will be with that horse's/donkey young horse/donkey there. You(followers) _dual (imp) untie that horse/donkey . And you(followers) _dual (imp) bring-C that horse/donkey and that horse's/donkey young horse/donkey to me(Jesus).	Matthew
Ruth 2:6	That leader answered Boaz, ["That woman is from Moab].  That woman came from Moab to this place with Naomi.	Ruth
Joshua 18:19	Then the border went to Beth-Hoglah. Then the border went to the northern side of the sea-Dead. The Jordan River flows into the sea-Dead at that place. That place was the southern border of that region.	Joshua
Genesis 8:5	The water continued to become less deep.  Noah was able [to see the top of the mountains] on the first day of the tenth month.	Genesis
Daniel 9:17	So God, you(God) (imp) listen to our(people's) prayers now. I(Daniel) am your(God's) servant. You(God) (imp) listen to my(Daniel's) prayers [so that other people will know [that you(God) are God]]. Lord, you(Lord) (imp) be kind to your(Lord's) holy place [because no person lives at that place now].	Daniel
Mark 15:27	(paragraph) The soldiers _frameInferable put 2 dangerous thieves on crosses beside Jesus. One person/thief was on-C Jesus's right side. And the other person/thief was on-C Jesus's left side.	Mark
Matthew 7:29	For Jesus did not teach those things _implicit to the people [just-like those people's scribes teach things _implicit to those people _implicit]. Instead, [when Jesus taught those things _implicit,] Jesus had authority .	Matthew
Joshua 11:14	The Israelites took all of the valuable things [that were in those cities]. And the Israelites took all of the animals [that were in those fields]. But the Israelites killed all of the people [who were living in those cities].  All of the people were dead [after the Israelites defeated those people].	Joshua
Acts 21:35	[When Paul came to the stairs [that go up to the building [where soldiers sleep],] the people tried [to hurt Paul]. So the soldiers must carry Paul into the building [where the soldiers sleep].	Acts
Ruth 3:17	Ruth said, ["Boaz gave these six liters of grain/barley to me(Ruth).] And Boaz said to me(Ruth), ["You(Ruth) (imp) take a gift to your(Ruth's) mother-in-law.""]	Ruth
Mark 14:38	You(Peter) _plural (imp) continue to be awake. And you(Peter) _plural (imp) pray [so that you(Peter) _plural will not want [to do bad-B things _generic]]. (literal) The spirit-A _frameInferable is willing [(implicit-situational) to do good things]. (dynamic) You(Peter) _plural want [to do the right thing _implicit]. (literal) But the body _frameInferable is weak [(implicit-situational) so that the body could not do good things]. (dynamic) But your(Peter's) _plural bodies are weak [(implicit-situational) so that you(Peter) _plural could not do good things]."	Mark
Genesis 22:1	-Title God tests Abraham. Later God tested Abraham. God seek-attention Abraham. and Abraham give-attention to God.	Genesis
Matthew 6:32	(literal) For the Gentiles continuously search these things. (dynamic) For the people [who do not know God] continuously search these things. But your(people’s) Father [who is in heaven] knows [you(people) need all these things ].	Matthew
Matthew 10:17	You(disciples) (imp) watch-out. You(disciples) will be taken by people _implicitActiveAgent to the courts of towns _implicit and villages _implicit. And you(disciples) will be whipped by people _implicitActiveAgent in the synagogues of those places _implicit.	Matthew
1 Samuel 23:10	Then David prayed, ["Yahweh, you(Yahweh) are the God of Israel]. And I(David) am your(Yahweh's) servant.  I(David) heard [that Saul is definitely coming to this place [in-order-to kill me(David)]]. Saul will destroy this town [because I(David) am in this town].	1_Samuel
Matthew 14:23	[After Jesus sent the crowd from that place,] Jesus go-up on a mountain [in-order-to pray]. Later in-E that night, Jesus was still _implicit there alone.	Matthew
Nehemiah 12:18	Shammua was the leader of the family of Bilgah. Jehonathan was the leader of the family of Shemaiah.	Nehemiah
Joshua 7:13	Now (imp) you(Joshua) go! And (imp) you(Joshua) command [the people to become holy for me(Yahweh)]. The people must clean themselves(Israelites). (imp) you(Joshua) say to the people, ["(imp) you(people) clean yourselves(people) for Yahweh]. Yahweh will come to you(people) tomorrow. The God of the Israelites named Yahweh says [that some people kept things [that were in Jericho]]. You(people) will not defeat your(people's) enemies [until you(people) destroy those things].	Joshua
2 Samuel 23:35	Hezro was from Carmel. Paarai was from Arab.	2_Samuel
Matthew 14:20	All the people ate bread _implicit and fish _implicit [until those people were satisfied]. Then the followers/disciples gathered the food _implicitNecessary [that was not eaten by the people _implicitActiveAgent]. And the followers/disciples filled 12 baskets with pieces of food _implicit.	Matthew
Matthew 16:4	A group/generation [who is evil] [and who is not faithful to God _implicit] asks for a sign/miracle. But a sign/miracle will not be shown by me(Jesus) _implicitActiveAgent to this group/generation except the sign/miracle [that was done by God _implicitActiveAgent for the prophet named Jonah]." Then Jesus left those Pharisees and those Sadducees. And Jesus walk-away.	Matthew
1 Samuel 14:13	So Jonathan climbed up the mountain/cliff [by using Jonathan's hands and feet]. And the young soldier [that carried Jonathan's shield] also climbed up the mountain/cliff behind Jonathan. Then Jonathan started killing the Philistine soldiers. And the young soldier [that carried Jonathan’s shield] also killed Philistine soldiers.	1_Samuel
Matthew 7:23	Then (literal) I(Jesus) will tell those people clearly, [" I(Jesus) never knew-A you(people)]. Then (dynamic) I(Jesus) will tell those people clearly,  [" I(Jesus) never had a relationship with you(people)]. You(people) [who do evil things], you(people) (imp) leave me(Jesus)!"	Matthew
1 Samuel 1:23	Hannah's husband named Elkanah said to Hannah, ["You(Hannah) may stay at our(Elkanah's) house [until the boy is able [to eat food]]]. I(Elkanah) hope [that Yahweh will help you(Hannah)]." So Hannah stayed at Hannah's house [in order to feed/nurse Hannah's son]. Hannah fed/nursed Hannah's son [until Hannah's son was able [to eat food]].	1_Samuel
Genesis 19:2	Lot said to the 2 angels, ["Please you(angels) (imp) come to my(Lot's) house.] You(angels) (imp) sleep at my(Lot's) house tonight. You(angels) will be able [to wash your(angels’) feet]. Then tomorrow you(angels) will continue traveling." The 2 angels answered Lot, ["No.]  We(angels) will sleep in the place [where the people [who live in this city] meet].	Genesis
Genesis 41:22	Later I(king) dreamed again. I(king) saw [wheat growing in a field]. I(king) saw 7 plants [that were big].  Those 7 plants had much grain.	Genesis
Matthew 22:38	This command/commandment is the greatest command/commandment. And this command/commandment is the most important command/commandment.	Matthew
Esther 7:1	So the king and Haman went to the feast [that Esther prepared].	Esther
Genesis 33:4	Then Esau ran to Jacob. and Esau hugged Jacob. Then Esau kissed Jacob. and Esau and Jacob cried.	Genesis
Matthew 24:33	Similarly, [when you(followers) see [these events happening],] you(followers) will know [the time [that (implicit-situational) the Son-of-man _1stAs3rd will return-B at] will be-E soon]. (literal) You(followers) will know [the Son-of-man _1stAs3rd is already _implicit at the door _frameInferable[ because (implicit-situational) the Son-of-man _1stAs3rd is ready [to come inside the house _frameInferable]]]. (dynamic) The Son-of-man _1stAs3rd will be-U like a person [who is at the door _frameInferable] [and who (implicit-situational) is ready [to come inside the house _frameInferable]].	Matthew
Matthew 26:28	(primary) Then Jesus said, ["This wine is-X my(Jesus's) blood]. (meaning-1) Then Jesus said, ["This wine is-B my(Jesus's) blood]. My(Jesus's) blood is the blood [that God _implicitNecessary uses [in order to make-C the special agreement]]. My(Jesus') blood will pour-out for many people [so that the bad-B actions of people _generic would be forgiven by God _implicitActiveAgent]. (footnote) Some copies/manuscripts of this part of the Scriptures say, ["My(Jesus's) blood is the blood [that God _implicitNecessary uses [in order to make-C the new special agreement]]."]	Matthew
Genesis 17:1	-Title Yahweh makes a covenant with Abram. [When Abram was 99 years old] Yahweh appeared to Abram. and Yahweh said, ["I(Yahweh) am God-Almighty]. You(Abram) (imp) serve me(Yahweh). and you(Abram) be righteous.	Genesis
Matthew 6:4	Thus you(person) should give money or other things to poor people secretly . Then-D your(person’s) Father [ who sees the actions _implicitNecessary [that are done by people _implicitActiveAgent secretly]] will reward you(person) .	Matthew
Daniel 12:9	The angel said to me(Daniel), ["Daniel, you(Daniel) may go now]. I(angel) will not say more words [until time ends].	Daniel
2 Samuel 14:6	I(woman) am your(David's) servant.  I(woman) had 2 sons. Those two sons fought each-other(sons) in a field. No person caused [my(woman's) sons to stop fighting]. Then one son killed the other son.	2_Samuel
Genesis 29:19	Laban said, ["Yes.]  I(Laban) want [you(Jacob) to marry Rachel].  I(Laban) do not want [Rachel to marry another man].  So you(Jacob) (imp) stay with me(Laban).  You(Jacob) (imp) work for me(Laban) for 7 years.  Then I(Laban) will allow [you(Jacob) to marry Rachel]”.	Genesis
Joshua 10:16	[While the Israelites were fighting those armies] the 5 kings ran away. Then those kings hid in a cave [that was near Makkedah].	Joshua
Mark 5:39	Jesus went into the house. And (rhetorical) Jesus asked, ["Why are you(people) making much noise?] And (statement) Jesus said, ["You(people) should not make much noise]. (rhetorical) And why are you(people) crying/weep loudly? (statement) And you(people) should not cry/weep loudly. This girl is not dead. Instead, this girl is sleeping."	Mark
Genesis 2:12	The gold in Havilah is very good.  There are also other valuable gems and expensive perfumes in Havilah.	Genesis
Mark 4:32	But [after that seed is planted by a person _implicitActiveAgent] that seed grows. And that plant becomes bigger than all _hyperbolic other plants [that grow in a garden]. That plant will have big branches [so that birds _frameInferable could make nests on the plant's branches _implicit in that plant's shadow _inLDV]."	Mark
Esther 1:15	The king asked these men, ["How will I(Xerxes) punish the queen?] What does the law say? I(Xerxes) want [to punish the queen] [because the queen did not do all the things [that I(Xerxes) said]]."	Esther
Matthew 22:22	_paragraph [When those people heard Jesus's words,] those people were extremely surprised/amazed. Then those people left Jesus. And those people walk-away.	Matthew
Genesis 40:13	After 3 days the king will allow [you(man) to leave this prison]. and the king will allow [you(man) to work for the king again]. You(man) will make wine for the king [just-like you(man) made wine for the king [before you(man) came to this prison]].	Genesis
2 Samuel 6:20	Then David returned to David's house [in order to bless David’s family]. But Saul’s daughter named Michal came to David. And Michal said to David, ["You(David) are the king of  Israel]. But you(David) were foolish today! You(David) took off your(David's) shirt in front of your(David’s) officials’ female slaves. And you(David) danced in front of the servants. You(David) were like a crazy man!"	2_Samuel
2 Samuel 16:14	Later the king and all of the people [that were following the king] arrived at the Jordan River. Those people were very tired. So those people rested at that place.	2_Samuel
Matthew 23:14	(footnote) A few copies/manuscripts of this part of the Scriptures include verse 14. Verse 14 is similar to Mark 12:40. That verse says, ["Those people/scribes take property from women [who had a husband [who died]]]. And those people/scribes pray long prayers publicly _implicit [so that other people would see [those people/scribes praying]]. Therefore _implicit those people/scribes will be much punished by God _implicitActiveAgent."	Matthew
1 Samuel 16:5	Samuel answered, ["I(Samuel) came to this town [in-order-to give a gift/sacrifice to Yahweh]]. Consecrate You(leaders) must do all of the things [that God requires [you(leaders) to do]] [so that you(leaders) could become holy]. Then you(leaders) may watch [me(Samuel) give the gift/sacrifice]." Then Samuel consecrated helped [Jesse and the sons of Jesse to prepare for the gift/sacrifice]. Then Samuel invited [Jesse and Jesse’s sons to go to the altar with Samuel].	1_Samuel
2 Samuel 18:20	But Joab said to Ahimaaz, ["You(Ahimaaz) must not talk to David today]. You(Ahimaaz) may tell news to David on another day. But you(Ahimaaz) must not go to the king today [because the king’s son is dead]."	2_Samuel
Acts 18:17	Then all those people caught the leader of the Synagogue named Sosthenes. And those people beat Sosthenes in front of the court. And that judge saw [those people beating Sosthenes].  But Gallio was not concerned.	Acts
Genesis 37:29	Later Reuben returned to that well. Then Reuben saw [that Joseph was not in the well]. So Reuben tore Reuben's clothes [because Reuben was very upset about Joseph].	Genesis
Matthew 26:61	And those people _dual said/declare, ["This man said, ["I(Jesus) am able [to destroy-A God's building/temple ]]]. And I(Jesus) am able [to build the building/temple _frameInferable [before 3 days pass]].""	Matthew
Genesis 1:14	And God said, ["Let a light be in the sky during the day].  Let another light be in the sky during the night.  These lights will show [that a new day, month or year has begun].	Genesis
Genesis 40:2	The king became very angry with these 2 officers.	Genesis
Matthew 6:11	(literal) You(Father) (imp) give to us(people) today the bread [that we(people) need on each day]. (dynamic) You(Father) (imp) give to us(people) today the food [that we(people) need on each day].	Matthew
Ruth 1:4	Naomi's sons grew up. And Naomi's sons became men. Then these sons married women [that were from Moab]. One son married a woman named Orpah. The other son married a woman named Ruth. [after Naomi's sons married women], Naomi lived in Moab for ten years with Naomi's sons.	Ruth
Matthew 20:14	You(worker) (imp) take your(worker's) denarius. And you(worker) (imp) leave. I(man) want [to give an equal amount of money to the people/workers [who began to work last]].	Matthew
Genesis 25:29	On one day Jacob was cooking a food. At that time Esau returned from the fields [where Esau was hunting animals].  Esau was extremely hungry.	Genesis
Daniel 4:31	[While the king was still speaking] the king heard a voice [that was in heaven]. The voice said to the king, ["King Nebuchadnezzar, I(God) am speaking to you(Nebuchadnezzar)]. I(God) will take away this kingdom from you(Nebuchadnezzar) soon.	Daniel
1 Samuel 9:19	Samuel answered, ["I(Samuel) am the man [who sees]]. You(Saul) (imp) go to the place [that the people worship God at]. Today you(Saul) and your(Saul's) servant will eat with me(Samuel). Tomorrow I(Samuel) will send you(Saul) to your(Saul's) house. And I(Samuel) will answer your(Saul's) questions.	1_Samuel
2 Samuel 18:33	The king (implicit-info) knew [that Absalom was dead]. Then David became very upset. David went to the room [that was above the city gate]. And David cried/wept. [While David was walking to that room] David was saying, ["My(David's) son named Absalom,  my(David) son named Absalom]. I(David) wish [that I(David) died instead of you(Absalom)]. Absalom, my(David's) son, my(David's) son!"	2_Samuel
Acts 3:13	The God of Abraham, the God of Isaac, the God of Jacob, and the God of our(people) fathers has honored God's servant [who is Jesus]. You(people) took Jesus to Pilate. But Pilate decided [to free Jesus]. And you(people) told Pilate [that you(people) did not want Jesus].	Acts
Genesis 27:39	So Isaac said to Esau, ["You(Esau) will live far-away-from the best land].  The weather will not be enough rain.	Genesis
Nehemiah 11:8	And two men named Gabbai and Sallei followed Sallu. 928 men [who were people/descendants of Benjamin] lived in Jerusalem.	Nehemiah
Genesis 19:23	-Title Yahweh destroys Sodom and Gomorrah. At noon Lot entered Zoar.  -Alternate [After the sun rose] Lot entered Zoar.	Genesis
Genesis 39:18	But [when that slave came towards me(wife)] I(wife) screamed. Then that slave ran from this house. but that slave left the slave's coat."	Genesis
Genesis 35:17	But [while Rachel was giving birth to the baby] Rachel had much trouble. So Rachel's nurse said to Rachel, ["You(Rachel) (imp) do not be afraid.] You(Rachel) are giving birth to another son."	Genesis
Genesis 40:22	But the king hanged the man [who baked bread for the king] in a tree. Thus Joseph explained these 2 dreams correctly.	Genesis
Matthew 24:5	(literal) For many people will come with my(Jesus's) name _InstrumentArg of the authority _metonymy. (dynamic) For many people will say [those people came with my(Jesus's) name _InstrumentArg of the authority _metonymy]. And those people will say, ["I(person) am the Christ "]. And those people will deceive many people _otherThingList.	Matthew
Acts 1:12	-Title A new apostle is chosen by the apostles. Then the apostles returned from the Mountain named Olives to Jerusalem.  This mountain is about one kilometer from Jerusalem.	Acts
2 Samuel 5:6	David (title) defeats/captures Jerusalem. [When (implicit-info) David became the king of Israel] the Jebusites were living in Jerusalem. David and David's soldiers went/marched to Jerusalem [in order to attack the Jebusites].  But the Jebusites said to David, ["You(David) are not able [to enter our(Jebusites') city]]. A person [who is not able [to see things]] is able [to prevent [you(David) from entering this city]]. And a person [who is not able [to walk]] is able to [prevent [you(David) from entering this  city]].  The Jebusites thought, ["David was not able [to enter this city]]."	2_Samuel
Nahum 1:3	Yahweh becomes angry slowly. But Yahweh has a lot of power. Yahweh will punish the people [who do bad things]. [When Yahweh marches,] people see winds and storms. [When Yahweh walks,] the clouds are like the dust [that is under Yahweh's feet].	Nahum
Matthew 4:2	[After Jesus fasted at that place _implicit for 40 days and 40 nights,] Jesus became hungry.	Matthew
Matthew 14:22	(title) Jesus walks on the water of the lake. _paragraph Immediately [after (implicit-situational) the people ate that food,] Jesus made-B [Jesus's followers/disciples go into a boat [so that Jesus's followers/disciples would go to the other side of the lake _implicit [before Jesus went there]]]. The followers/disciples left [while Jesus was sending the crowd from that place].	Matthew
2 Samuel 11:14	The next morning David wrote a letter to Joab. And David told [Uriah to take that letter to Joab].	2_Samuel
Daniel 6:12	So the officials went to the king. The officials spoke to the king about the law [that the king had written the king's name on]. The officials said to the king, ["Do you(king) remember [that you(king) wrote your(king's) name on a new law]]? The law orders [every man to pray only to you(king) for 30 days]. No man may pray to a god or to another man. [If a man prays to a god or to another man] your(king's) servants must throw that man into the pit [that you(king) keep lions in]." The king answered the officials, ["Yes]. I(king) remember the law. All of the people [who live in Media and in Persia] must do all the things [that this law says]."	Daniel
Mark 4:2	Jesus taught-B the people many things [by telling-D parables]. And [while Jesus was teaching-B many things _implicit to the crowd,] Jesus told-D this story/parable .	Mark
Mark 11:22	(paragraph) Then Jesus said to those followers/disciples, ["(complex) You(followers) (imp) have faith in God]. ["(simple) You(followers) (imp) believe in God].	Mark
Nehemiah 11:32	Anathoth, Nob, Ananiah,	Nehemiah
Nehemiah 10:29	All of those joined the Israelite leaders.  And those people promised [to do all of the things [that were in the religious laws of God]]. God gave those religious laws to God’s servant named Moses. And those people promised to carefully obey all of the commands of Yahweh, the rules of Yahweh, and the things [that Yahweh told [Yahweh’s people to do]]. And those people asked God [to punish/curse those people] [if those people did not obey those things].	Nehemiah
Genesis 26:7	The wife of Isaac named Rebekah was very beautiful. and the men [that lived in Gerar] asked Isaac about Rebekah. Isaac said to those men, ["Rebekah is the sister of me(Isaac)"].  Isaac did not want [to tell those men [that Rebekah was the wife of Isaac]] [because Isaac thought [a man might kill Isaac [in order to marry Rebekah]]].	Genesis
Genesis 36:8	So Esau moved to the hills [that were in Edom]. Esau was also called Edom by people.	Genesis
2 Samuel 20:20	Joab answered, ["I(Joab) certainly do not want [to destroy this city]]!	2_Samuel
Genesis 42:6	At-that-time Joseph was the chief official in Egypt. Joseph was the official [who sold grain to people [who came to Egypt]]. So [after Joseph's brothers arrived in Egypt] the brothers went to Joseph. Then the brothers bowed to Joseph [in-order-to honor Joseph].	Genesis
2 Samuel 18:27	The guard[who was on the roof] said, ["I(guard) think [that the first man is Ahimaaz [who is Zadok’s son]]] ."The king said, ["Ahimaaz is a good man]. Ahimaaz will certainly tell good news to me(David)."	2_Samuel
2 Samuel 19:13	Then (imp) you(men) say to Amasa, ["You(Amasa) are my(David's) relative].  I(David) want [you(Amasa) to become the leader of my(David's) army]. [If you(Amasa) do not become the leader of my(David's) army] then I(David) want [God to punish me(David)].  You(Amasa) will be the leader of my(David's) army instead of Joab [until I(David) die].""	2_Samuel
1 Samuel 9:17	[When Samuel saw Saul], Yahweh spoke to Samuel. Yahweh said, ["That man is the man [that I(Yahweh) told you(Samuel) about yesterday]]. That man will rule my(Yahweh's) people."	1_Samuel
Daniel 4:27	Therefore I(Daniel) suggest [that you(king) do certain things]. You(king) (imp) stop doing things [that God hates]. You(king) (imp) start doing good things. You(king) (imp) do not do evil things. You(king) (imp) be kind to people [who suffer]. [If you(king) do these things] you(king) might live well for a long time."	Daniel
Matthew 26:4	And those chief _adj priests and those leaders/elders planned/plot [to take-away/arrest Jesus secretly [in order to kill Jesus]].	Matthew
Genesis 43:5	But [if you(Jacob) do not allow [Benjamin to go with us(brothers)]] we(brothers) will not go to Egypt. The official of that country told us(brothers) [that the official will not allow [us(brothers) to talk to the official] [if we(brothers) do not bring Benjamin to the official]]."	Genesis
Matthew 6:31	Therefore, you(people) (imp) do not worry. And you(people) (imp) do not say, ["What food will we(people) eat?] What drinks will we(people) drink?". And you(people) (imp) do not say, ["Which clothes will we(people) wear?"].	Matthew
1 Samuel 27:7	David lived in the Philistines’ land for 16 months.	1_Samuel
Genesis 26:12	–Title Isaac becomes rich.  Isaac planted seeds in that land. and that year Isaac harvested many crops. Thus Yahweh blessed Isaac much.	Genesis
Acts 21:4	At that place, we(disciples) met some people [who believe in Jesus]. And we(disciples) stayed in those people's [who believe in Jesus] homes for seven days. The Holy Spirit told those people [who believe in Jesus] to warn Paul [that Paul should not continue traveling to Jerusalem.]	Acts
1 Samuel 24:20	I(Saul) know [that you(David) will certainly become the king of Israel]. And I(Saul) know [that you(David) will cause [the people of Israel to become great]].	1_Samuel
1 Samuel 21:5	David said, ["My(David's) soldiers did not sex women today]. [Whenever my(David's) soldiers and I(David) travel] we(David) do not sex women.  So the soldiers’ bodies are definitely clean today."	1_Samuel
2 Samuel 5:21	The Philistines left the Philistines’ idols in that valley. So David and David’s soldiers carried those idols to another place.	2_Samuel
Daniel 6:27	God protects people. God does wonderful things in heaven. And God does wonderful things on earth. God has protected Daniel from the lions."	Daniel
Genesis 49:24	But Joseph shoots a bow skillfully.  God caused [Joseph's arms to be strong].  Jacob's God caused [Joseph to be powerful].  The shepherd [who cares for Israel] caused [Joseph to become strong].	Genesis
Matthew 23:31	(literal) Thus you(scribes) show/testify [that you(scribes) are the sons/descendants of the people [who killed the prophets]]. (dynamic) Thus your(scribes') actions show/testify [that you(scribes) are-U like the people [who killed the prophets]].	Matthew
Joshua 15:56	And the tribe named Judah owned the towns named Jezreel, Jokdeam, and Zanoah.	Joshua
Nehemiah 3:16	A man named Nehemiah [who was the son of Azbuk] ruled half of the region named Beth-Zur. Nehemiah repaired the next part of the wall. That part of the wall led to the place [that was near David’s tomb, the pool, and the house [that the great soldiers lived in]].	Nehemiah
1 Samuel 27:4	A person told Saul [that David moved/fled to Gath].  So Saul stopped searching for David.	1_Samuel
Joshua 4:24	Yahweh did these things [so that all of the people [who are living on the earth] would know [that Yahweh is powerful]]. And Yahweh did these things [so that you(people) would always respect your(Israelites') God named Yahweh]."”	Joshua
Matthew 5:6	People [who much want/desire [to do good/righteous things [just-like a person wants/desire food and drink]]] are blessed by God _implicitActiveAgent. (literal) For those people will become full [(implicit-situational) just-like a person [who is hungry] might become full [after that person eats food]]. (dynamic) For God will help [those people to become good/righteous] .	Matthew
Genesis 22:24	Nahor also had 4 other sons.  The mother of these 4 sons was the concubine of Nahor named Reumah. The names of these sons were Tebah, Gaham, Tahash, and Maacah.	Genesis
Matthew 1:22	_paragraph All of these things happened [so that the things [that the Lord said through the person [who told God's messages to people]] would become true]. (footnote) That person/prophet was Isaiah.	Matthew
1 Samuel 10:16	Saul answered, ["Samuel told us(Saul) [that a person found the donkeys]."] But Saul did not tell Saul's uncle about the other things [that Samuel said]. Saul did not tell Saul's uncle [that Saul will become the king].	1_Samuel
Esther 1:11	Then Xerxes ordered [these 7 men [that did not have testicles] to bring Queen Vashti to Xerxes]. Xerxes wanted [Vashti to wear Vashti's crown]. The queen was very beautiful. The king wanted [to show the beautiful queen to all the princes and to the other guests].	Esther
Mark 5:42	Immediately the girl stand-up-B. And the girl started walking around the room _implicit. (comment-begin) The girl was 12 years old. (comment-end) And immediately the people were extremely surprised/amazed.	Mark
Genesis 45:16	[After the king of Egypt and the king's officers heard [that Joseph's brothers came to Egypt]] the king and the officials were very happy.	Genesis
Esther 1:16	Memucan said to the king and the other wise men, ["Queen Vashti acted badly to you(Xerxes)]. Queen Vashti also acted badly to the rulers and to all the people [that live in the kingdom].	Esther
1 Samuel 2:11	Then Elkanah returned to Ramah. But the boy continued serving Yahweh with the priest named Eli.	1_Samuel
Daniel 11:5	Then the king of the south region will become strong. But one of the officers of that king will become stronger than that king. That officer will have a powerful kingdom.	Daniel
Mark 1:45	Instead, the man went from that place. And that man started telling-C very many people _implicit about the thing [that happened]. (literal) So the news spread. (dynamic) So many people heard the news. Because of the thing [that that man did], Jesus was not able-B [to enter a town publicly]. For people (implicit-situational) surrounded Jesus [because those people wanted [Jesus to cause [those people to become healthy]]]. So Jesus stayed outside towns _implicit in places [that Jesus was able [to be alone] at]. But people still _implicit came to Jesus from every place.	Mark
Genesis 36:14	Esau's third wife was a woman named Oholibamah.  Oholibamah was the daughter of Anah. Anah was the son of Zibeon. Oholibamah birthed Jeush, Jalam, and Korah.	Genesis
Joshua 15:36	And the tribe named Judah owned the towns named Shaaraim, Adithaim and Gederah. ( People called Gederah Gederothaim. ) Therefore the tribe named Judah owned 14 towns [that were in that region].  And the tribe named Judah also owned the fields [that were near those towns].	Joshua
2 Samuel 22:39	I(David) destroyed those enemies completely. Those enemies are not able [to stand up]. Those enemies fell down under my(David's) feet.	2_Samuel
Genesis 41:24	Then the thin wheat ate the fat wheat. I(king) told the magicians about these dreams. but the magicians were not able [to explain these dreams to me(king)]."	Genesis
Daniel 2:31	[While you(king) were dreaming] you(king) saw a big statue. That big statue was in front of you(king). The statue was very bright. And people were afraid of the statue.	Daniel
Genesis 4:25	-Title Eve births another son.  Adam sexed Eve again.  Then Eve birthed another son.  Eve named that son Seth.  Eve said, ["God gave another son to me(Eve)].  This son will replace Abel  [who Cain killed]".  Seth means to give.	Genesis
Nahum 1:11	People [who live in Nineveh], a king marched out from your(people's) city. That king plans [to do evil things to Yahweh]. That king thinks about doing evil things.	Nahum
Matthew 13:21	(literal) But [because that person does not have long _implicit roots,] that person quickly stops believing that message _implicit. (dynamic) But [because that person does not believe that message _implicit in that person's heart-A,] that person quickly stops believing that message _implicit. [When that person has trouble] [and when that person is persecuted by people _implicitActiveAgent because of that message,] that person quickly stops following-B God _implicit.	Matthew
Mark 9:33	(paragraph) Then Jesus and Jesus's followers/disciples arrived at Capernaum. (implicit-subaction) And Jesus and those followers/disciples entered the house [where Jesus and those followers/disciples usually stayed] . [When Jesus and those followers/disciples were in the house _frameInferable,] Jesus asked those followers/disciples, ["About what were you(followers) arguing-B with each-other(followers) [while we(Jesus) _incl were traveling on the road]?"]	Mark
Genesis 36:2	Esau married three women [who were from Canaan].  Esau married Adah [who was the daughter of Elon [who was a Hittite]]. and Esau also married Oholibamah [who was the daughter of Anah]. Anah was the son of Zibeon [who was a Hivite].	Genesis
2 Samuel 22:4	I(David) called Yahweh.  All people should praise Yahweh! Then Yahweh saved me(David) from my(David's) enemies.	2_Samuel
Daniel 10:10	Then a hand touched me(Daniel). And the hand lifted me(Daniel). I(Daniel) was kneeling on my(Daniel's) knees. But I(Daniel) was very afraid.	Daniel
2 Samuel 14:26	A person cut Absalom’s hair one time each year [because Absalom’s hair became too heavy]. Then Absalom weighed Absalom’s hair. Absalom's hair weighed about 2.3 kilograms.	2_Samuel
Matthew 12:6	I(Jesus) tell you(Pharisees) [a thing [that is greater than the temple] is here].	Matthew
Joshua 22:23	[If we(people) broke God’s law] we(people) want [Yahweh to punish us(people)]. We(people) did not build this altar [in-order-to burn offerings on this altar]. And we(people) did not build this altar [in-order-to give offerings on this altar].	Joshua
Matthew 6:13	And you(Father) (imp) do not let [us(people) be tempted by a person _implicitActiveAgent or a thing-D _implicitActiveAgent [(implicit-situational) so that we(people) would sin]]. Instead, you(Father) (imp) save us(people) from the evil spirit _frameInferable." (footnote) Some manuscripts of this part of the Scripture include the following words ./: (complex) For the kingdom-B is your(Father's) kingdom-B. (simple) For you(Father) _emphasized rule all things _implicit . (complex) And the power and the glory belong to you(Father) forever. (simple) And you(Father) will be powerful and wonderful/glorious forever. Amen.	Matthew
Jonah 1:12	Jonah said to those men, ["You(men) (imp) pick up me(Jonah)].  And you(men) (imp) throw me(Jonah) into the sea. Then the sea will become calm. I(Jonah) know [that I(Jonah) caused this terrible storm]."	Jonah
Mark 12:33	You(Jesus) also said true things [when you(Jesus) said [a person must love God with all that person's heart-A, all that person's mind-A, and all that person's strength]]. And you(Jesus) also said true things [when you(Jesus) said [a person must love the people [who live near that person] [just-like that person loves that person _reflexive]]]. Those 2 commands/commandments are important [more-than all of the commands/commandments _implicitNecessary [that are about the gifts/offerings [that are burned by Jews _implicitActiveAgent] and the other animals/sacrifices [that we(Jews) give to God]] are important]."	Mark
Genesis 32:28	Then the man said to Jacob, ["After today your(Jacob's) name will not be Jacob]. Your(Jacob's) name will be Israel [because you(Jacob) fought God and people]. and you(Jacob) won". -Footnote Israel means [the man fights God].	Genesis
1 Samuel 25:28	You(David) (imp) please forgive me(Abigail) [for talking to you(David)]. Yahweh will certainly cause [many of your(David's) descendants to become kings]. Yahweh will bless your(David's) family [because you(David) fight for Yahweh]. And you(David) will certainly be good/righteous [until you(David) die].	1_Samuel
Mark 12:32	(paragraph) Then that person/scribe said to Jesus, ["Master/Teacher, you(Jesus) are right]. You(Jesus) said true things [when you(Jesus) said [there is only 1 God] [and there are no other gods except God]].	Mark
2 Samuel 18:29	The king asked, ["Is the young man named Absalom healthy?]"Ahimaaz answered, ["I(Ahimaaz) am your(David’s) servant].  [When Joab sent me(Ahimaaz) to you(David)] I(Ahimaaz) saw [that many people were excited]. But I(Ahimaaz) do not know about the things [that those people saw]."	2_Samuel
1 Samuel 15:30	Saul said, ["I(Saul) sinned]. But you(Samuel) (imp) please honor me(Saul) in front of my(Saul's) people's old leaders and in front of the Israelites.  You(Samuel) (imp) come with me(Saul) [so that I(Saul) could worship your(Samuel's) God named Yahweh]."	1_Samuel
1 Samuel 20:10	David asked, ["[If your(Jonathan’s) father becomes angry] who will tell me(David)]?"	1_Samuel
Daniel 6:28	So Daniel lived well [while Darius was the king]. And Daniel lived well [while Cyrus [who came from Persia] was the king].	Daniel
1 Samuel 19:3	My(Jonathan's) father and I(Jonathan) will stand in the field [that you(David) are hiding in]. And I(Jonathan) will talk to my(Jonathan’s) father about you(David). Then I(Jonathan) will talk to you(David)."	1_Samuel
Joshua 18:6	[After you(people) finish describing the seven parts of this land] (imp) you(people) bring the reports to me(Joshua). Then we(Israelites) will let [our(Israelites') God named Yahweh give one region to each tribe].	Joshua
Mark 6:51	Then Jesus entered the boat [that those followers/disciples were in]. And the wind stopped blowing. Those followers/disciples were completely surprised/amazed.	Mark
Genesis 22:4	[After the men walked for 3 days] Abraham saw the place [that God had told Abraham about].	Genesis
2 Samuel 3:17	Then Abner sent a message to the leaders of Israel. Abner said, ["Previously  you(leaders) wanted[David to become your(leaders') king]].	2_Samuel
Genesis 43:19	So the brothers went to the chief servant [that worked in Joseph's house]. and the brothers spoke to that servant near the door of the house.	Genesis
Genesis 48:7	[while I(Jacob) was going to Canaan from Northwest Mesopotamia] Rachel died.  Rachel died [when we(Jacob) were near Ephrathah]. I(Jacob) was very sad at that time.  I(Jacob) buried Rachel's body beside that road [that we(Jacob) were walking on]." -Footnote People call Ephrathah Bethlehem.	Genesis
Genesis 30:32	You(Laban) (imp) allow [me(Jacob) to examine all your(Laban's) sheep]. I(Jacob) will take all the sheep [that have black marks]. And I(Jacob) will take all the lambs [that are black]. and I(Jacob) will take all the goats [that have black marks]. Those animals will belong to me(Jacob).	Genesis
Nehemiah 7:8	2172 men [that were descendants of Parosh] returned.	Nehemiah
Daniel 11:33	The wise leaders will teach the people about God. But some people will capture those teachers. And those people will steal money from the teachers. Those people will kill some teachers with swords. And those people will burn some teachers with fire.	Daniel
Genesis 24:2	One day Abraham said to Abraham's chief servant [who oversaw all things [that Abraham owned]], ["You(servant) (imp) make a promise to me(Abraham) [by you(servant) putting your(servant's) hand under my(Abraham's) leg]].	Genesis
Genesis 47:21	and all the people [who lived in Egypt] became the king's slaves.	Genesis
Acts 21:3	[While we were in the ocean] we(passengers) saw the island named Cyprus. The ship traveled past Cyprus on Cyprus' southern coast. Then the ship traveled to the region named Syria. And the ship stopped travelling at the city named Tyre [so that people could remove the things [which that ship carried].]	Acts
2 John 1:1	John (title) greets the people. I(John) [who am an old leader of the church] am writing this letter to you(people), to the sister [whom God chose [to be among God's people]], and to your(people's) children. I(John) love all of you(people) much. And I(John) am not the only person [who loves all of you(people) much]. For all of the other people [who know the true things [which God revealed to us(John)]] also love you(people) much.	2_John
1 Samuel 8:17	The king will take .1 of your(people’s) sheep. And you(people) will become the king's slaves.	1_Samuel
Joshua 11:17	Joshua defeated all of the people [that were living between mount-Halak and Baal-Gad].  mount-Halak was near Edom.  And Baal-Gad was in the valley-Lebanon. Baal-Gad was near mount-Hermon. Joshua captured all of the kings [that were living in that land]. And Joshua killed all of those kings.	Joshua
Nehemiah 7:26	188 men [that were from Bethlehem and Netophah] returned.	Nehemiah
1 Samuel 15:20	Saul said, ["But I(Saul) obeyed Yahweh]. I(Saul) did all of the things [that Yahweh told [me(Saul) to do]]. I(Saul) completely destroyed all of the Amalekites. And I(Saul) brought Agag [who is the Amalekites’ king].	1_Samuel
Joshua 17:3	Zelophehad was the son of Hepher. And Hepher was the son of Gilead. And Gilead was the son of Makir. And Makir was the son of Manasseh. But Zelophehad did not have sons. But Zelophehad had 5 daughters. The names of those daughters were Mahlah, Noah, Hoglah, Milkah, and Tirzah.	Joshua
Joshua 23:14	I(Joshua) will soon die. You(Israelites) certainly know [that Yahweh did great things for you(Israelites)]. And you(Israelites) know [that Yahweh kept all of Yahweh's promises].	Joshua
2 Samuel 21:16	A Philistine soldier named Ishbi-Benob was Rapha's descendant.  Ishbi-Benob's bronze spear tip weighed about 3.5 kilograms. And Ishbi-Benob had a new sword. Ishbi-Benob said [that Ishbi-Benob will kill David].	2_Samuel
1 Samuel 30:11	Some men [who were traveling with David] found an Egyptian man in a field. So those men brought that Egyptian man to David.  Then those men gave water and food to that Egyptian man.	1_Samuel
Genesis 16:11	Then the angel said, ["You(Hagar) are pregnant]. and you(Hagar) will give birth to a son. You(Hagar) (imp) name your(Hagar's) son Ishmael [because Yahweh heard [you(Hagar) crying]]." -Footnote The word Ishmael means hear.	Genesis
Matthew 6:30	God causes [grass [that is in the fields] to look very beautiful] [even-though that grass lives for only a short time [before that grass is thrown by people _implicit into people's _implicit furnaces]]. (yesrhetorical) Therefore will God provide clothes for you(people)? (statement) Therefore God will certainly provide clothes for you(people). (complex) Your(people's) faith is very little ! (simple) You(people) believe in God _implicit very little!	Matthew
Daniel 9:9	The Lord is our(people's) God. The Lord forgives us(people) [although we(people) have not been faithful to the Lord].	Daniel
Mark 3:17	Jesus also chose/appointed James [who was Zebedee's son] and James's brother named John. (comment-begin) Jesus named James and John Boanerges [which means sons of thunder] (comment-end).	Mark
Genesis 24:30	[After Laban heard all the things [that Rebekah said]]  [and after Laban saw the ring [that was on the nose of Rebekah] and the 2 bracelet [that were on the arms of Rebekah]] Laban ran to the spring. and Laban saw the man [who was standing near the spring].	Genesis
Mark 3:20	(title) Certain people say [Jesus is controlled by an evil spirit]. (paragraph) Then-E Jesus entered a house. And a crowd gathered-C again, [so-that Jesus and Jesus's disciples could not even eat food].	Mark
Mark 4:28	The soil caused [those plants to grow] without-A other things. First, the plant/stalk grew. Then the plant's top [that produces new grains] grew. Then the grains became ready/ripe.	Mark
Joshua 21:17	The Israelites also gave towns [that the tribe named Benjamin owned] to Aaron's descendants. The tribe named Benjamin gave the towns named Gibeon and Geba to Aaron's descendants.	Joshua
Nehemiah 12:43	And on that day the people gave many gifts/sacrifices to God _implicit. Those people were very happy/joyful [because God caused [those people to be very happy/joyful]]. The women and the children were also very happy/joyful. And other people [that were far-away-from Jerusalem] heard the happy/joyful sounds [that those people made].	Nehemiah
Genesis 42:12	Then Joseph said to Joseph's brothers, ["I(Joseph) do not believe you(brothers)!] You(brothers) came to Egypt [in-order-to learn about our(Joseph's) secrets]!"	Genesis
Genesis 10:7	Cush had sons named Seba, named Havilah, named Sabtah, named Raamah, and named Sabteca. Raamah had sons named Sheba and named Dedan.	Genesis
Genesis 13:14	[After Lot left Abram] Yahweh said to Abram, ["You(Abram) (imp) look at all the places [that are around you(Abram)]].  You(Abram) (imp) look at the northern regions and at the southern regions and at the eastern regions and at the western regions.	Genesis
2 Samuel 22:46	All of the foreigners become afraid.    Those foreigners come out from the foreigners’ strong cities.  And those foreigners are shaking [because those foreigners are afraid].	2_Samuel
1 Samuel 17:7	Goliath's other spear was very large. The spear's pole was made of wood. And the spear's iron tip weighed about 6.9 kilograms. Another soldier [who carried Goliath's shield] walked in-front-of Goliath.	1_Samuel
Genesis 40:15	[When I(Joseph) lived with the Hebrews] men forced [me(Joseph) to come to Egypt].  I(Joseph) did not do evil things. I(Joseph) do not deserve [to be in this prison]."	Genesis
Genesis 47:19	We(people) will certainly die in-front-of you(Joseph) [if you(Joseph) do not help us(people)]. [If You(Joseph) will give food to us(people)] we(people) will give our(people's) land to you(Joseph). And We(people) will become the king's slaves. And the king will own our(people's) land. You(Joseph) (imp) give seeds to us(people) [so that we(people) could plant the seeds].  Then we(people) will not die. and the land will not become a desert."	Genesis
1 Samuel 24:4	Those men said/whispered to David, ["Yahweh will help you(David) today]. Previously Yahweh told you(David), ["I(Yahweh) will help [you(David) defeat your(David's) enemy]]. [If you(David) want [to kill your(David’s) enemy]], then you(David) may kill your(David’s) enemy."" Then David quietly crawled near Saul.  And David cut-off a small piece of Saul’s robe. But Saul did not see David.	1_Samuel
Titus 1:11	You(Titus) (imp) do not allow [those people to teach people those things]. Those people are causing [groups of people [that are in houses] to believe false things]. Those people should not teach those  things to people. Those people should be ashamed [because those people teach those things to people [in order to get money]].	Titus
Mark 9:42	(title) Jesus warns-C Jesus's followers/disciples about bad _morally actions . (paragraph) A person might cause [one of these children [who believes in me(Jesus)] to sin]. That person will be punished by God _impicitActiveAgent worse [more-than a person _otherThingList is punished [by being thrown by people _implicitActiveAgent into the sea with a heavy stone [that is tied around that person's neck by people _implicitActiveAgent]]].	Mark
1 Samuel 20:12	Then Jonathan said to David, ["I(Jonathan) promise Yahweh [that I(Jonathan) will help you(David)]]. Yahweh is the God of Israel. After 2 days I(Jonathan) will ask my(Jonathan's) father about you(David). [If my(Jonathan’s) father is pleased with you(David)], then I(Jonathan) will send a message to you(David).	1_Samuel
1 Samuel 12:22	Yahweh will continue being with you(Israelites) [so that other people could know [that Yahweh’s name is great]].  Yahweh was pleased [when you(Israelites) became Yahweh's children]. So Yahweh will not leave you(Israelites).	1_Samuel
Mark 7:10	For Moses named the prophet _implicit said, ["You(person) (imp) honor your(person's) father and your(person's) mother"]. And Moses said , ["A person [who says-C evil things-C about that person's father or that person's mother] must die"]. (footnote) You(people) (imp) see Exodus 20:12, Deuteronomy 5:16, Exodus 21:17, and Leviticus 20:19 .	Mark
Acts 19:12	People took pieces of clothing [that Paul had already touched] to sick people. And [after the sick people touched those cloths] those sick people became healthy again. And evil spirits left those sick people.	Acts
Genesis 50:2	Joseph commanded [the doctors [who served Joseph] to prepare Jacob's body] [so that Joseph could bury Jacob's body].	Genesis
Matthew 21:39	So those people/farmers took/grab that son. Those people/farmers brought that son out of that garden/vineyard. And those people/farmers killed that son.	Matthew
Mark 13:37	I(Jesus) say to you(followers) the thing-C [that I(Jesus) say to all people [(implicit-situational) who follow-B me(Jesus)]] ["You(followers) (imp) continuously _implicit be awake/alert !"]"	Mark
Esther 1:13	So the king wanted [to punish queen Vashti]. But [before the king punished a person] the king always talked to men [who knew the law well] about the problem. So the king talked to some wise men about queen Vashti.	Esther
Matthew 2:16	(paragraph) [When Herod realized [the wise men deceived Herod],] Herod became extremely angry. So Herod commanded [Herod's soldiers _implicit to kill all of the boys [who were in the region of Bethlehem ] [and who were 2 years old or younger]]. (literal) Herod used the time [that Herod learned from the wise men] [in-order-to know the age of the child _implicit]. (dynamic) Herod previously learned from the wise men [the child was less than 2 years old].	Matthew
Matthew 26:60	But those chief priests and those leaders were not able [to find a reason [that will cause [Jesus to be killed by the Roman soldiers _implicitActiveAgent]]] [even-though many people said false-A things-C [that were about Jesus]]. _paragraph Finally 2 people stand-up-A among the Sanhedrin _implicit of the people _metonymy.	Matthew
2 Samuel 7:12	[After you(David) die]  I(Yahweh) will cause [your(David's) son to become the king]. And I(Yahweh) will make [your(David’s)  son’s kingdom powerful].	2_Samuel
Mark 13:20	(paragraph) [Unless the Lord-A causes [those days to end-A quickly],] all people will die. (literal) But the Lord-A will cause [those days to end-A quickly ] for the people [whom the Lord-A chose-B [to be the Lord's-A people]]. (dynamic) But the Lord-A will cause [those days to end-A quickly] [in-order-to help the people [whom the Lord-A chose-B [to be the Lord's-A people]]].	Mark
Nehemiah 6:9	Those people were trying [to scare us(Nehemiah)]. Those people thought, ["The Jews will become weak [so that the Jews could not work]]. Then the Jews will not finish building the wall." But I(Nehemiah) prayed to God, ["God, you(God) (imp) cause [us(Nehemiah) to become strong]]."	Nehemiah
Matthew 22:1	(title) Jesus tells a story/parable [that is about a wedding]. _paragraph Jesus again told parables to those Pharisees _implicit.	Matthew
Genesis 27:19	Then Jacob said to Isaac, ["I(Esau) am the firstborn son of you(Isaac) named Esau.] I(Esau) obeyed you(Isaac). Now you(Isaac) (imp) sit-up  [so-that you(Isaac) could eat the meat of the animal [that I(Esau) hunted for you(Isaac)]]]. Then you(Isaac) (imp) bless me(Esau)."	Genesis
Genesis 25:12	–Title Ishmael has descendants. Ishmael was the son of Hagar.  Hagar had been the female servant of Sarah. Hagar was from Egypt.	Genesis
Acts 17:18	Then Paul met with some teachers [who belonged to the group named Epicurean]. Paul also met with some teachers [who belonged to the group named Stoic]. Those teachers argued with Paul. Paul told those teachers about the good message [that is about Jesus Christ]. And Paul told those teachers [that Jesus had died]. And Jesus had lived again]. Therefore some of those teachers said to each-other(teachers), ["That man says strange things. We(teachers) are not able [to understand the things [that that man says].] But Other teachers said, ["We(teachers) think [that that man is talking about gods [whom people [who live in other nations] worship]."]	Acts
2 Samuel 15:1	(title) Absalom tries [to become the king].  Later Absalom bought a chariot and horses. And Absalom asked [50 men to run in front of Absalom].	2_Samuel
Joshua 8:17	All of the men [who were living in Ai] and all of the men [who were living in Bethel] chased the army of Israel. Those people did not close the city’s gates.  No men stayed inside the city [in-order-to to protect the city].	Joshua
Genesis 19:32	We(daughter) should cause [our(daughter's) father to drink much wine]. Then we(daughters) will sex our(daughter's) father. Thus we(daughters) will be able [to have descendants].	Genesis
Genesis 50:18	Then Joseph's brothers came to Joseph. And The brothers bowed to Joseph. and the brothers said, ["We(brothers) are your(Joseph's) slaves."]	Genesis
Daniel 1:6	Daniel, Hananiah, Mishael, and Azariah were young men [that Nebuchadnezzar brought from Judah]. These four men were among the young men [who were chosen by the officials [in order to serve the king]].	Daniel
Esther 10:3	Xerxes was the only person [that was more important than Mordecai]. Mordecai was the most important Jew [that lived in Xerxes' kingdom]. The Jews respected Mordecai greatly [because Mordecai worked hard for the Jews]. And the Jews liked Mordecai [because Mordecai protected the Jews].	Esther
2 Samuel 14:22	Joab bowed to the king [in order to honor the king]. And Joab blessed the king. Then Joab said, ["Today I(Joab) know [that you(David) are pleased with me(Joab)]]. My(Joab's) master and my(Joab's) king, you(David) gave to me(Joab) the thing [that I(Joab) asked you(David) for]."	2_Samuel
Matthew 22:3	[After (implicit-situational) the servants-B finished preparing-B the meal/feast,] that king sent that king's servants-B to the people [whom the king had invited to that meal/feast] [in order to call-A the people [whom the king had invited to that meal/feast]]. But those people refused [to come].	Matthew
Matthew 10:1	(title) Jesus gives authority to Jesus’s 12 followers/disciples. _paragraph Jesus called Jesus’s 12 followers/disciples. And Jesus gave those 12 followers/disciples authority [so that those 12 followers/disciples would force [evil/unclean spirits to leave people _implicit]] [and so that those 12 followers/disciples would heal people _implicitNecessary [who had any kind of disease]].	Matthew
Daniel 7:11	I(Daniel) continued watching the small horn [because the small horn was saying proud words]. [While I(Daniel) watched [the small horn speak]] a person killed the fourth animal. That person destroyed the fourth animal. And that person burned the fourth animal with fire.	Daniel
Nehemiah 6:12	I(Nehemiah) realized [that God did not send Shemaiah to me(Nehemiah)].  I(Nehemiah) knew [that Shemaiah said those things to me(Nehemiah) [because Tobiah and Sanballat paid money to Shemaiah]].	Nehemiah
Joshua 15:26	And the tribe named Judah owned the towns named Amam, Shema, and Moladah.	Joshua
Matthew 12:29	_paragraph (norhetorical) Similarly, is a person able [to enter the house of a strong man [in order to steal that man's things]] [unless a person first ties a strong man]? (statement) Similarly, a person is not able [to enter the house of a strong man [in order to steal that man's things]] [unless a person first ties a strong man]. Then that person will be able [to steal those things _implicit from that strong man's house].	Matthew
Genesis 43:14	I(Jacob) will pray [that God-Almighty will cause [that official to be kind to you(sons)]]. And I(Jacob) will pray [that that official will allow [Simeon and Benjamin to return with you(sons)]]. [If that man steals my(Jacob's) children] then I(Jacob) must live without those children!"	Genesis
Mark 2:24	Then some _implicit Pharisees asked Jesus, ["You(Jesus) (imp) listen to us(Pharisees)]. (rhetorical) Why are your(Jesus's) disciples picking grain [even-though the religious _implicit laws/Law _implicitNecessary does not allow [people to work on the seventh day of the week]]? (statement) Your(Jesus's) disciples should not pick grain [because the religious _implicit laws/Law _implicitNecessary does not allow [people to work on the seventh day of the week]]."	Mark
1 Samuel 14:34	Then Saul said to certain men, ["You(men) (imp) go to those men]. And you(men) (imp) say to those men, ["You(men) (imp) bring your(men's) cows and your(men's) sheep to me(Saul)].  And you(men) (imp) kill/slaughter your(men's) animals on this rock. And you(men) (imp) eat the animals at this rock. You(men) (imp) do not sin against Yahweh [by eating meat [that contains blood]]."" So the soldiers brought the animals to that rock.  And the soldiers killed/slaughtered the animals at that rock.	1_Samuel
Matthew 21:29	_paragraph That son answered, ["I(son) will not go there _implicit"]. But later that son changed-B. And that son went to the garden/vineyard _implicit.	Matthew
2 Samuel 11:15	David wrote, ["Joab, (imp) you(Joab) put Uriah in front of the other soldiers].  And you(Joab) (imp) put Uriah at a place [that many enemies are fighting us(Israelites) at]. Then (imp) you(Joab) leave Uriah at that place. (imp) You(Joab) allow [the enemy to kill Uriah]."	2_Samuel
Acts 1:4	One day [while Jesus was eating with the apostles] Jesus told [the apostles to stay in Jerusalem].  Jesus said to the apostles, ["You(apostles) (imp) wait here [until you(apostles) receive the gift [that the Father promised [that Father will send to you(apostles)]]]].  You(apostles) (imp) remember [that I(Jesus) told you(apostles) about this gift earlier].	Acts
Daniel 8:11	This horn pretended [to be great [like God [who is the leader of the army of heaven] is great]]. This horn prevented [people from giving sacrifices to God every day]. And this horn destroyed the temple of God.	Daniel
2 Samuel 3:11	Then Ish-Bosheth was afraid[to speak to Abner]. Ish-Bosheth was very afraid of Abner.	2_Samuel
Matthew 15:29	(title) Jesus provides food for 4000 people. _paragraph Jesus left that place. And Jesus walked along the shore of the sea-Galilee. Then Jesus go-up on the side of a mountain. And Jesus sit-down.	Matthew
Nehemiah 13:1	The people of Israel (title) start doing different things. On that day the priests and the men [that were in the tribe named Levi] read the Book-of-Moses to the people. All of the people listened to the words [that Moses wrote]. Then the people learned [that [when the people meet [in order to worship God]] Ammonites and Moabites must not join the people].	Nehemiah
1 Samuel 21:7	At that time one of Saul’s servants was at that place. That servant needed [to stay near Yahweh] on that day. That servant’s name was Doeg. Doeg was from Edom. And Doeg was the leader of Saul’s shepherds.	1_Samuel
Matthew 4:12	(title) Jesus starts teaching/preach people _implicit about God _implicit. (paragraph) [After Jesus heard [ John the Baptist _implicit was put into prison by king Herod _implicitActiveAgent of the soldiers _metonymyImplicitType],] Jesus went from Judea _implicitNecessary to Galilee .	Matthew
Genesis 23:20	Thus Abraham bought the field and the cave from the Hittites [in-order-to Abraham bury Abraham's wife and Abraham's relatives].	Genesis
Genesis 36:16	These men were the leaders [who were sons of Eliphaz] [and who lived in Edom]. These people were the grandsons of Adah.	Genesis
Nehemiah 3:13	A man named Hanun and the people [that lived in the city named Zanoah] repaired the gate-Valley. Hanun and those people put the doors in that gate. And Hanun and those people put bars on that gate [so that people could lock those doors]. Hanun and those people also repaired the wall -quantity 450 meters. That part of the wall led to the gate-Dung.	Nehemiah
Mark 4:10	(paragraph) [(implicit-situational) After the crowd of people left,] [ and when Jesus was with the 12 disciples and some other people [that were near Jesus]] those people/disciples and those other people asked Jesus about the stories/parables.	Mark
1 Samuel 2:31	Soon I(Yahweh) will destroy your(Eli’s) sons. And your(Eli's) descendants will not be my(Yahweh’s) priests. No person [that is in your(Eli's) family] will become old.	1_Samuel
1 Samuel 13:19	In those days the Philistines did not allow [the Israelites to make things with iron].  The Philistines said, ["The Israelites must not make spears and swords!"]	1_Samuel
Mark 3:26	Similarly, [if Satan opposes Satan of evil spirits/demons _implicitType ] [and if Satan fights Satan of evil spirits/demons _implicitType,] then Satan is not able [to continue existing]. Satan's time will end.	Mark
Nehemiah 11:7	The following people were the people/descendants of Benjamin [who moved to Jerusalem]. Sallu [who was a son of Meshullam]. Meshullam was a son of Joed. Joed was a son of Pedaiah. Pedaiah was a son of Kolaiah. Kolaiah was a son of Maaseiah. Maaseiah was a son of Ithiel. And Ithiel was a son of Jeshaiah.	Nehemiah
Genesis 43:6	Then Jacob said, ["You(sons) should not have told that man [that you(sons) have another brother]!] You(sons) caused [me(Jacob) to have much trouble]."	Genesis
1 Samuel 28:2	David answered, ["Then you(Achish) will see [that I(David) fight very well]]." Achish said, ["Then you(David) will become my(Achish's) guard [until I(Achish) die]]."	1_Samuel
Ruth 3:12	I(Boaz) am our(Boaz’s) family’s kinsman-redeemer. I(Boaz) must protect our(Boaz’s) family and our(Boaz’s) family’s property. But another man is a closer kinsman-redeemer than me(Boaz). But another man is a closer relative than me(Boaz).	Ruth
Acts 19:4	So Paul said to those people, ["The baptism [about which John the Baptist taught people] meant [that people stopped doing bad things]. John the Baptist told people [to believe in the person [who would start teaching people after John the Baptist taught people]. And that person is Jesus."]	Acts
Daniel 3:30	Then the king caused [Shadrach, Meshach, and Abednego to be very important people in Babylon].	Daniel
Mark 7:28	(paragraph) But that woman said to Jesus, ["Master/Lord-C, yes ]. But the dogs [that are under the table] eat the small pieces of the children's food [(implicit-situational) that fall from those children's plates]."	Mark
Genesis 48:11	Then Jacob said to Joseph, ["I(Jacob) thought [that I(Jacob) would not see you(Joseph) again]]. But now God allowed [me(Jacob) to see you(Joseph) and your(Joseph's) 2 children!]"	Genesis
Joshua 10:4	Adoni-Zedek said to those kings, ["(imp) You(kings) come to Gibeon with me(Adoni-Zedek)]. (imp) You(kings) help me(Adoni-Zedek) [attack Gibeon] [because the Gibeonites made a treaty with Joshua and the Israelites]."	Joshua
Esther 5:8	I(Esther) hope [that I(Esther) please you(king)]. I(Esther) will prepare another feast for you(king) and for Haman tomorrow. You(king) (imp) please come to that feast. Then I(Esther) will tell you(king) about the thing [that I(Esther) want]."	Esther
1 Samuel 3:7	At that time Samuel did not know Yahweh. Yahweh did not speak to Samuel previously.	1_Samuel
Mark 9:3	Jesus's clothes started to shine. And those clothes were extremely white. A person [who is on the earth] is not able [to wash/bleach clothes [so that clothes would become whiter than the clothes [that Jesus was wearing]]].	Mark
Ruth 4:19	Hezron had a son named Ram. Ram had a son named Amminadab.	Ruth
1 Samuel 8:10	So Samuel went to the leaders [who asked Samuel for a king]. And Samuel told those leaders about all of the things [that Yahweh said].	1_Samuel
2 Samuel 18:21	Then Joab said to a man [who was from Cush], ["(imp) You(man) go to the king]. And (imp) you(man) tell the king about the things [that you(man) saw today]." That man bowed to Joab. Then that man started running to David.	2_Samuel
Matthew 18:4	(complex) Therefore a person [who does not think [person is more important than other people]  [so-B a person is like this child]] is the greatest person in the kingdom-B of heaven. (simple) Therefore a person [who does not think [person is more important than other people] [so-B a person is like this child]] is the most important person among the people [whom God rules].	Matthew
1 Samuel 22:20	But a man named Abiathar escaped. Abiathar was Ahimelek’s son. Abiathar ran/fled from that place. Then Abiathar found David. And Abiathar joined David.	1_Samuel
2 Samuel 3:21	Then Abner said to David, ["You(David) (imp) let me(Abner) go now [in order to gather all of  the Israelites for you(David)]].  You(David) are my(Abner's) king and my(Abner's) master.  Then the Israelites will make a promise/covenant to you(David).  The Israelites will choose you(David) [to become the Israelites' king].  Then you(David) will rule all of the Israelites." So David let[Abner go to the Israelites].	2_Samuel
Genesis 1:15	Let these lights shine on the earth."  Thus God created these lights.	Genesis
1 Samuel 25:7	I(David) heard that [you(Nabal) are cutting your(Nabal's) sheep’s hair/wool]. [When your(Nabal's) servants/shepherds were with us(David)], we(David) treated your(Nabal’s) servants/shepherds kindly. And [when your(Nabal's) servants/shepherds were at Carmel], we(David) did not steal things from your(Nabal’s) servants/shepherds.	1_Samuel
2 Samuel 2:23	But Asahel continued chasing Abner. So Abner stabbed Asahel's stomach with Abner's spear. That spear went through Asahel's body. Then Asahel died at that place. [When other men came to the place [that  Asahel died at]] those men stopped fighting.	2_Samuel
Mark 9:38	(title) Jesus talks about people [who support Jesus] and people [who oppose Jesus]. (paragraph) John said to Jesus, ["Master/Teacher, we(followers) _excl saw a man [who was forcing [evil spirits/demon to leave people _implicit] [by using your(Jesus's) name of the authority _implicitType]]]. That man was using your(Jesus's) name of the authority _implicitType [in-order-to do that thing]. And we(followers) _excl told that man [that man to stop doing forcing [evil spirits/demons to leave people _implicit]] [because that man was-W not in our(followers') group]."	Mark
1 Samuel 24:12	I(David) hope [that Yahweh will judge you(Saul) and me(David)]. And I(David) hope [that Yahweh will punish you(Saul)] [because you(Saul) are treating me(David) badly]. But I(David) will not hurt you(Saul).	1_Samuel
Mark 4:40	(paragraph) Jesus said to Jesus's disciples, ["(rhetorical) Why are you(disciples) afraid?] ["(statement) You(disciples) should not be afraid]. (norhetorical) (complex) Do you(disciples) still not have faith? (norhetorical) (simple) Do you(disciples) still not trust in me(Jesus) _implicit ? (statement) (complex) You(disciples) should have faith. (statement) (simple) You(disciples) should trust in me(Jesus) _implicit."	Mark
Mark 8:5	(paragraph) Jesus asked those followers/disciples, ["How-much-many pieces/loaves of bread do you(followers) have?"] (paragraph) And those followers/disciples answered, ["7"].	Mark
Joshua 21:43	Previously Yahweh promised the Israelites [that Yahweh would give land to the Israelites]. So Yahweh gave all of that land to the Israelites. So the Israelites owned that land. And the Israelites lived in that land.	Joshua
Matthew 26:14	(title) Judas decides [to give Jesus to Jesus's enemies]. _paragraph Then Judas-Iscariot, [_descriptive who was 1 of the 12 followers/disciples,] went to the chief priests.	Matthew
Acts 17:12	Therefore, many of the Jews believed in Jesus. And many important Greek women and many Greek men also believed in Jesus.	Acts
Matthew 20:32	_paragraph [When (implicit-subaction) Jesus heard those 2 men _dual,] Jesus stopped walking. And Jesus called-A those men _dual. Jesus asked, ["What do you(men) want [me(Jesus) to do for you(men) _dual]?"]	Matthew
Mark 2:25	(paragraph) And Jesus said to those Pharisees, ["(rhetorical) Did you(Pharisees) never read in the Scriptures _implicit about the thing [that king _implicit David did [when David and the men [who were with David] needed food _necessaryImplicit]]?] ["(statement) You(Pharisees) read in the Scriptures _implicit about the thing [that king _implicit David did [when David and the men [who were with David] needed food _implicitNecessary]]]. David and the men [who were with David] were very hungry.	Mark
Genesis 30:33	Later you(Laban) will know [that I(Jacob) am honest] [or I(Jacob) am not honest].  You(Laban) may look at my(Jacob's) livestock.  [If I(Jacob) have a goat [that does not have black marks]] [or if I(Jacob) have a sheep [that is not black]] you(Laban) will know [that I(Jacob) stole that animal].	Genesis
2 Samuel 7:6	I(Yahweh) did not live in a house [when I(Yahweh) brought the Israelites out of Egypt]. And I(Yahweh) do not live in a house today. I(Yahweh) was in a tent [while the Israelites were traveling in the desert].	2_Samuel
Genesis 43:8	Then Judah said to Judah's father named Jacob, ["You(Jacob) (imp) allow [Benjamin to go with me(Judah)]]. We(brothers) must go immediately [so that you(Jacob) and your(Jacob's) children will not starve]. [ If we(brothers) do not go-A immediately] you(Jacob) and your(Jacob) children will die-A [ because you(Jacob) do not have-A food]. [if we(brothers) do not go immediately] you(Jacob) and your(Jacob) children will die [because you(Jacob) do not have food].	Genesis
Jonah 3:3	Then Jonah obeyed Yahweh.   Jonah went to Nineveh. Nineveh was a very big/important city. A person must walk for three days [in order to travel through Nineveh].	Jonah
Acts 16:10	[After Paul saw that vision], we(disciples) decided [that God called us(disciples) [to teach the people [who live in Macedonia] about God’s message]. So we(disciples) immediately prepared [in order to go to Macedonia].	Acts
Genesis 22:6	Then Abraham gave the wood [that Abraham had cut] to Abraham's son.  So Abraham's son carried the wood. and Abraham carried the knife and a piece of wood [that was burning]. Thus Abraham and Abraham's son walked to the place [that God had told Abraham about].	Genesis
Genesis 34:24	All the men [who came to the gate of the city] heard [Shechem speaking]. Then these men agreed with Hamor and Shechem. and all the men were circumcised by a person.	Genesis
Acts 19:34	But [when the people realized [that Alexander was a Jew]], the people started shouting together, ["Artemis is great. We(people) worship Artemis great!"]	Acts
Matthew 26:26	_paragraph [While Jesus and those followers/disciples were eating the meal _implicit,] Jesus pick-up some _implicit bread. And Jesus thanked God _implicitNecessary for that bread _implicit. Then Jesus broke that bread. And Jesus gave that bread to those followers/disciples. And Jesus said, ["You(followers) (imp) take this bread _implicit]. And you(followers) (imp) eat this bread _implicit. (primary) This bread is-X my(Jesus's) body. (meaning-1) This bread is-B my(Jesus's) body."	Matthew
Acts 21:39	Paul said, ["No. I(Paul) am a Jew. I(Paul) am a citizen of an important city named Tarsus.  Tarsus is in the region named Cilicia. You(commander) please allow (imp) me(Paul) [to speak to these people".]	Acts
Matthew 14:18	_paragraph Jesus said, ["You(followers) (imp) bring those pieces/loaves of bread and those fish to me(Jesus)."]	Matthew
Daniel 4:9	I(Nebuchadnezzar) said to Belteshazzar, ["Belteshazzar, you(Belteshazzar) are the chief wise man]. I(Nebuchadnezzar) know [that the spirit of the holy gods is in you(Belteshazzar)]. I(Nebuchadnezzar) know also [that you(Belteshazzar) are able [to understand all mysteries]]. So I(Nebuchadnezzar) want [to tell you(Belteshazzar) about my(Nebuchadnezzar's) dream]. And I(Nebuchadnezzar) want [you(Belteshazzar) to tell me(Nebuchadnezzar) about the meaning of the dream].	Daniel
Matthew 28:9	Suddenly Jesus meet-D those women. Jesus said, ["I(Jesus) greet you(women)"]. Those women went to Jesus. And those women held/grab Jesus's feet. Those women honored/worship Jesus.	Matthew
Genesis 24:64	and Rebekah saw Isaac. Then Rebekah jumped from the camel.	Genesis
Ruth 3:7	[After (implicit-info) Boaz finished separating the grain/barley from the plants] Boaz ate some food.  And Boaz drank some wine.  Then Boaz was happy. And Boaz lay down beside the pile of grain/barley.  Then (implicit-info) Boaz slept.  Later Ruth came to Boaz quietly.  Ruth lifted the blanket [that was on Boaz’s feet]. Then Ruth lay down.	Ruth
Genesis 42:10	But Joseph's brothers said to Joseph, ["Master, we(brothers) are your(Joseph's) servants].  We(brothers) came to Egypt [in-order-to buy food].	Genesis
Genesis 3:6	Then the woman looked at the tree.  The tree was very beautiful.  The woman thought [that the fruit will taste good].  And the woman thought [that the fruit will cause [the woman to become wise]].  So the woman took some fruit of that tree. and the woman ate the fruit.  And the woman gave some fruit to the man. and the man ate the fruit.	Genesis
Daniel 2:30	I(Daniel) am not wiser than other people. But God explained this secret to me(Daniel) [so that you(king) will know the meaning of the dream]. And then you(king) will understand your(king's) thoughts.	Daniel
Nehemiah 7:51	The temple servants were also descendants of  Gazzam, Uzza, and Paseah.	Nehemiah
2 John 1:8	Therefore you(people) should be careful [so that those people would not deceive you(people)]. Then the work [that you(people) do [in-order-to serve God]] will not be wasted by you(people). But God will reward you(sisters) much [because you(sisters) served God].	2_John
Joshua 19:47	( But the people [who were in the tribe named Dan] were not able [to defeat the people [who were living in that region]]. So the people [who were in the tribe named Dan] went to the city named Leshem.  And those people attacked that city. And those people defeated the people [who were living in that city]. Then those people lived in Leshem. Then those people called that city Dan [because Dan was the ancestor of those people]. )	Joshua
Genesis 38:20	A few days later Judah sent Judah's friend named Hirah [in order to take a goat to Tamar]. Judah wanted [Hirah  to bring Judah's special ring and the staff [that Judah gave to Tamar] to Judah].  But Hirah was not able [to find Tamar].	Genesis
1 Samuel 23:28	So Saul stopped chasing David. And Saul went [in-order-to fight the Philistines]. People call that place ["Saul left this rock"] [because Saul left that place].	1_Samuel
Genesis 31:52	These stones will remind us(Laban) [that I(Laban) will never pass these stones [in-order-to hurt you(Jacob)]] [and that you(Jacob) must never pass these stones [in-order-to hurt me(Laban)]].	Genesis
Genesis 41:23	Then 7 other plants grew quickly. Those 7 plants were thin. Those plants did not have much grain. A hot wind [that blew from the east] had burned those plants.	Genesis
Nehemiah 4:8	All of those people planned/plotted [to come to Jerusalem]. And those people planned/plotted [to fight the people [that were in Jerusalem]].  Those people wanted [to cause [the people [that were in Jerusalem] to have trouble]].	Nehemiah
Esther 8:8	You(Mordecai) (imp) write a new law [that will protect the Jews]. Then I(king) will write my(king's) name on the law. And you(Mordecai) (imp) put the sign of my(king's) ring on the letter. Then no person will be able [to change this new law]."	Esther
Joshua 15:62	And the tribe named Judah owned the towns named Nibshan, City-of-Salt, and En-Gedi. Therefore the tribe named Judah owned 6 towns [that were in that region].  And the tribe named Judah also owned the villages [that were near those towns].	Joshua
Daniel 9:19	Lord, you(Lord) (imp) listen to us(people). You(Lord) (imp) forgive us(people). You(Lord) (imp) do not wait. Then all people will know [that you(Lord) are God]."	Daniel
2 Samuel 2:31	But David’s soldiers killed 360 of Abner’s soldiers.  Those 360 soldiers were in the tribe named Benjamin.	2_Samuel
Genesis 38:29	But that baby pulled the baby's hand into the womb. Then Tamar birthed the other baby. The nurse said, ["You(baby) were able [to open the womb first]."] So Tamar named that baby Perez. -footnote Perez means to open.	Genesis
Acts 16:7	[When Paul and those people [who were traveling with Paul] arrived at the border [that is between Mysia and Bithynia]], Paul and those people [who were traveling with Paul] tried to enter Bithynia. But Jesus' Spirit did not allow [Paul and the people [who were traveling with Paul] to enter Bithynia].	Acts
Mark 13:26	Then people _generic will see [the Son-of-man _1stas3rd coming in the clouds]. (complex) And the Son-of-man _1stas3rd will come with-A great power and glory. (simple) And the Son-of-man _1stas3rd will be very powerful and very great/glorious. (footnote) You(followers) (imp) see Daniel 7:13.	Mark
Daniel 2:27	Daniel said to the king, ["No astrologers and no magicians are able [to explain this mystery to you(king)]].	Daniel
Genesis 10:4	Javan had sons named Elishah, named Tarshish, named Kittim, and named Rodanim.	Genesis
Nehemiah 7:24	112 men [that were from Hariph] returned.	Nehemiah
1 Samuel 14:36	Then Saul said, ["Let us(Israelites) continue chasing the Philistines tonight]. We(Israelites) should take all of the things [that the Philistines own].  And we(Israelites) will kill all of the Philistines."  Then the soldiers said, ["Yes]. We(Israelites) should continue chasing the Philistines." But the priest said, ["Let us(Israelites) ask God first]."	1_Samuel
Matthew 23:4	(literal) Those people tie-A heavy loads. (dynamic) Those people teach many very hard-B laws to other _implicit people _differentNounIndex. (literal) And those people put those loads on other _implicit people. (dynamic) And those people tell [those other _implicit people to obey those laws]. (literal) But those people _Pharisees do not want [to move one of those people's _Pharisees fingers [in order to move those loads]]. (dynamic) (primary) But those people _Pharisees do not try [to obey those laws]. (dynamic) (meaning-1) But those people _Pharisees do not help [those other _implicit people to obey those laws]. (footnote) Some copies/manuscripts of this part of the Scriptures say, ["Those people _Pharisees tie heavy and hard-B loads to other _implicit people"].	Matthew
Joshua 13:23	The Jordan river was the border of the land [that Moses gave to the tribe named Reuben].  Moses gave those towns and villages to the families [that were in the tribe named Reuben].	Joshua
Genesis 19:27	Early the next morning Abraham went to the place [where Abraham had spoken to Yahweh].	Genesis
Matthew 12:14	But the Pharisees go-out. And the Pharisees planned/plotted [to kill Jesus].	Matthew
Genesis 21:25	Then Abraham complained about the servants of Abimelech to Abimelech . Abraham told Abimelech [that some servants of Abimelech had prevented [Abraham use a well [that Abraham dug]]].	Genesis
Matthew 25:20	(literalunits) The servant-B [who received 5 talents] brought the other 5 talents [that (implicit-situational) that servant-B earned]. (modernunits) The servant-B [who received 5 bags of _quantity gold] brought the other 5 bags [that (implicit-situational) that servant-B earned]. (literalunits) That servant-B said, ["Master, I(servant) used the 5 talents [that you(master) gave/entrust me(servant)]]. (modernunits) That servant-B said, ["Master, I(servant) used the 5 bags [that you(master) gave/entrust me(servant)]]. You(master) (imp) look. (literalunits) I(servant) earned 5 more talents. (modernunits) I(servant) earned 5 more bags."	Matthew
Genesis 21:6	And Sarah said, ["God has caused [me(Sarah) to laugh]]. All people [who hear [that I(Sarah) birthed Isaac]] will laugh with me(Sarah).	Genesis
Daniel 2:35	Then the statue [that was iron, clay, bronze, silver, and gold] broke into many pieces. The pieces were very small [just like sand is very small]. The wind blew the small pieces [so that people could not see the pieces]. Then the stone [that broke the statue] became a very big mountain. That stone became bigger than the whole earth.	Daniel
Genesis 38:6	[After Judah's oldest son named Er grew up] Judah chose a girl named Tamar [in order to marry Er].	Genesis
Esther 3:11	The king said to Haman, ["You(Haman) (imp) keep your(Haman's) money]. [If you(Haman) want [to kill these people]] you(Haman) may kill these people."	Esther
Acts 19:27	Paul might persuade people [to speak badly [about our(people) job].] And Paul’s words may cause [people to stop going to the temple of the great god named Artemis]. People [who live all over the region named Asia] and people [who live all over the world] worship Artemis. I(Demetrius) am afraid [that Paul's speech will cause those people [to not believe [that Artemis is great]]"].	Acts
Genesis 24:48	and I(servant) thanked Yahweh. I(servant) praised Yahweh [who is the God of my(servant's) master named Abraham] [because Yahweh caused [me(servant) to find the granddaughter of Abraham's brother for Abraham's son]].	Genesis
Genesis 36:5	and Oholibamah birthed Jeush, Jalam, and Korah. These children were Esau's sons [who were birthed by Esau's wives in the land of Canaan].	Genesis
Matthew 15:17	(norhetorical) Do you(followers) understand [that the things [that enter a person's mouth] go into that person's stomach] [and that those things later come-out from that person's body]? (statement) You(followers) should understand [that the things [that enter a person's mouth] go into that person's stomach] [and that those things later come-out from that person's body].	Matthew
1 Samuel 15:15	Then Saul said, ["The soldiers take away those animals from the Amalekites].  The soldiers kept the best sheep and the best cows.  The soldiers will give/sacrifice those animals to your(Samuel's) God named Yahweh. But we(Saul) completely destroyed all of the other animals."	1_Samuel
Genesis 7:20	The water became deeper.  The water was 6 meters above the tops of the mountains.	Genesis
Genesis 21:33	Abraham planted a tamarisk at Beersheba. and Abraham prayed to Yahweh [who is God-Eternal].	Genesis
Joshua 15:53	And the tribe named Judah owned the towns named Janim, Beth-Tappuah, and Aphekah.	Joshua
Genesis 21:29	Abimelech asked Abraham, ["Why did you(Abraham) put these 7 female lamb in-front-of me(Abimelech)?"]	Genesis
Genesis 49:13	Zebulun will live near the sea.  The shore of Zebulun's land will be safe.  Ships will stay in Zebulun's harbor. Zebulun will own much land [that is near the ocean].  Zebulun will even own land [that is near Sidon].	Genesis
1 Samuel 7:5	Then Samuel said, ["All of the Israelites must gather at Mizpah]. Then I(Samuel) will pray to Yahweh for you(Israelites)."	1_Samuel
Genesis 35:21	Then Israel started traveling again. One day Israel camped at a place [that was near Migdal-Eder].	Genesis
Ruth 1:5	Then Mahlon and Kilion also died. So Naomi was alone. Naomi did not have Naomi's husband or Naomi's sons.	Ruth
Genesis 28:22	Then This pillar will be the house of God. And I(Jacob) will give 0.1 things [that Yahweh gives to me(Jacob)] to Yahweh."	Genesis
Genesis 34:21	Shechem said to those men, ["These people want [to become the friends of us(Shechem)]]. Therefore you(men) (imp) allow [these people to live in our(Shechem) land]. There is much land. You(men) (imp) allow [these people to trade with us(Shechem)]. Then we(Shechem) will marry the women of these people. and these people will marry the women of us(Shechem).	Genesis
2 Samuel 11:18	Then Joab sent a messenger to David. That messenger told David about that battle.	2_Samuel
Mark 13:28	(paragraph) You(followers) learn-A (imp) the following lesson [by thinking _implicitNecessary the tree-fig]. [When the tree-fig's branches become soft ] [and when new _implicit leaves start to grow,] you(followers) know [summer will begin soon].	Mark
Genesis 39:13	Potiphar's wife saw [that Joseph left Joseph's coat in Potiphar's wife's hand].  And Potiphar's wife saw [that Joseph ran out of that house]. Then Potiphar's wife became angry.	Genesis
Joshua 13:20	Moses also gave the town named Beth-Peor, the hills [that were in Pisgah], and the town named Beth-Jeshimoth to those people.	Joshua
Mark 6:31	Then Jesus said to those men/apostles, ["You(men) leave _suggestiveLets these people]. You(men) (imp) come with me(Jesus) to a place [that no other people are at] [in-order-to rest ]". For [whenever people left Jesus and those men/apostles _implicit ,] many other people immediately _implicit came [so that Jesus and those men/apostles were not able [to eat food _implicit]] [(implicit-situational) and so that Jesus and those men/apostles were never alone].	Mark
Matthew 8:7	(paragraph) (primary) Jesus said to that officer, ["I(Jesus) will come to your(officer's) house _implicit [in order to heal that servant]]. (meaning-1) Jesus said to that officer, ["Do you(officer) want [me(Jesus) to come to your(officer's) house _implicit [in order to heal that servant ]]?"]	Matthew
Genesis 8:14	The ground was completely dry on the 27th day of the second month.	Genesis
1 Samuel 25:25	You(David) (imp) do not listen to Nabal. Nabal is wicked. Nabal's name means foolish. And Nabal is foolish. But I(Abigail) am your(David's) servant. I(Abigail) did not see the men [that you(David) sent to Nabal].	1_Samuel
Daniel 4:25	People will chase you(king) away from this city. You(king) will live with the animals. And you(king) will eat grass [like animals eat grass]. Dew [that comes from the sky] will be on you(king). These things will happen for 7 years. Then you(king) will know [that God rules the kingdoms of men]. God is able [to give kingdoms to any person [that God chooses]].	Daniel
Genesis 11:1	-Title God causes [the people [who live at Babel] to speak many languages]. At-that-time all the people [that lived on the earth] spoke the same language.	Genesis
Genesis 27:17	Then Rebekah told Jacob [to Jacob take the food and the bread [that Rebekah made] to Isaac].	Genesis
2 Samuel 17:8	You(Absalom) know [that your(Absalom's) father and the soldiers [that are with your(Absalom’s) father] fight very well]. Those men fight [like a bear [that is protecting that bear's children] fight]. Your(Absalom’s) father fought your(Absalom’s) father’s enemies for many years. And your(Absalom's) father will not sleep with the soldiers during the night.	2_Samuel
Matthew 16:24	_paragraph Then Jesus said to Jesus's followers/disciples, ["[If a person wants [to be my(Jesus's) follower/disciple],] a person must stop caring-B about only _implicit that person]. (literal) That person must carry that person's cross. (dynamic) That person must be ready [to suffer] [and to die] for me(Jesus) _implicit. And that person must follow-B _routinely me(Jesus).	Matthew
Genesis 21:23	Therefore you(Abraham) (imp) promise me(Abimelech) [that you(Abraham) will treat me(Abimelech), my(Abimelech's) children, and my(Abimelech's) descendants] kindly]. You(Abraham) are a foreigner in my(Abimelech) country. So you(Abraham) (imp) treat me(Abimelech) kindly [just-like I(Abimelech) treat you(Abraham) kindly]."	Genesis
2 Samuel 14:32	Absalom said to Joab, ["I(Absalom) asked [you(Joab) to come to my(Absalom's) house]]. I(Absalom) wanted [you(Joab) to go to the king] for me(Absalom). And I(Absalom) wanted you(Joab) to ask the king for me(Absalom), ["Why did I(Absalom) come from Geshur to Jerusalem]? I(Absalom) should have stayed in Geshur!" I(Absalom) want [to see the king now]. [If I(Absalom) sinned] then the king should kill me(Absalom)."	2_Samuel
Daniel 11:36	The king of the north region will do all the things [that that king wants [to do]]. That king will say [that the king is greater than all gods]. That king will say terrible things about God. That king will succeed [until God becomes angry with that king]. Then God will do all the things [that God has decided [to do]].	Daniel
Matthew 22:39	And the following command/commandment is also extremely important. You(person) (imp) love the person [who lives near you(person)] [just-like you(person) love yourself(person)]. (footnote) You(people) (imp) see Leviticus 19:18.	Matthew
Esther 4:7	Mordecai told Hathach about the new law. Mordecai also told Hathach [that Haman wanted [to kill all the Jews]]. Mordecai told Hathach about the 10000 silver coins [that Haman will give to the people [that killed the Jews]].	Esther
Matthew 26:63	But Jesus did not speak. _paragraph Then the chiefest priest said to Jesus, ["I(priest) command you(Jesus) [to answer the following question for us(priests) _excl in front of God [who is alive]]]. Are you(Jesus) the Christ, [_descriptive who is the Son-of-God]?"	Matthew
Genesis 45:23	Joseph also sent 10 donkeys [in order to carry the best things [that people made in Egypt]] to Joseph's father. and Joseph also sent 10 female donkeys [in order to carry grain, bread, and other food] to Joseph's father.	Genesis
Genesis 18:29	Abraham asked Yahweh, ["[If you(Yahweh) find only 40 righteous people [who live in the city]] will you(Yahweh) destroy the city?"]  Yahweh answered Abraham, ["[If I(Yahweh) find 40 righteous people] I(Yahweh) will not destroy the city."]	Genesis
Acts 2:1	The book named Acts. [When Luke started writing this book], Luke wrote about Jesus [who became alive again]. And Luke showed [us(people) that God made [Jesus become very important]]. Jesus is the king of the world. Jesus promised Jesus' disciples that [Jesus will send the Holy Spirit].	Acts
Philemon 1:14	But I(Paul) do not want [Onesimus to stay with me(Paul)] [unless you(Philemon) allow [Onesimus to stay with me(Paul)]]. I(Paul) do not want [to force [you(Philemon) to help me(Paul)]]. On-the-contrary I(Paul) want [you(Philemon) to do good things [because you(Philemon want [to do those good things]]].	Philemon
Matthew 18:14	Similarly, your(followers') Father [who is in heaven] does not want [one of these children [who (implicit-situational) believe in me(Jesus)] to die forever/eternally].	Matthew
Genesis 9:26	Noah also said, ["I(Noah) praise the Lord [who is the God of Shem]]! I(Noah) pray [that Canaan will be Shem's slave].	Genesis
2 John 1:11	[if a person greets that person [like that person greets other Christians]] that person is joining with that person [who teaches false things]. And that person is doing the same evil things [that that person is doing].	2_John
1 Samuel 30:13	Then David asked that Egyptian man, ["Who is your(man's) master]? Where did you(man) come from?" That man answered, ["I(man) am an Egyptian man]. I(man) am an Amalekite’s slave. My(man's) master left me(man) 3 days ago [because I(man) was sick].	1_Samuel
Genesis 33:19	Jacob bought the field [where Jacob stayed] from the sons of Hamor [who was the father of Shechem] for pieces of silver -quantity 100.	Genesis
Philemon 1:21	I(Paul) have asked [you(Philemon) to welcome Onesimus]. [While I(Paul) am writing this letter to you(Philemon)] I(Paul) know [that you(Philemon) will do this thing]. And I(Paul) know [that you(Philemon) will do more good things].	Philemon
Genesis 3:15	I(God) will cause [you(snake) to be the enemy of the woman].  The descendants of you(snake) will be enemies of the descendants of the woman.  A descendant of the woman will crush the head of you(snake). and you(snake) will hurt the heel of the descendant of the woman."	Genesis
Daniel 8:25	That king will encourage [people to cheat other people]. And that king will encourage [people to say false things to other people]. That king will think [that the king is very important]. People will think [that people are safe]. Then that king will destroy those people. That king will fight against the Prince-of-princes. Then the Prince-of-princes will defeat that king. But no man will defeat that king.	Daniel
2 Samuel 18:18	Previously Absalom made a pillar.  And Absalom put that pillar in the King's Valley. Absalom wanted [people to respect Absalom] [whenever people saw that pillar]. Absalom thought, ["I(Absalom) do not have a son]. So people will forget me(Absalom)."  Absalom named that pillar Absalom's pillar.  And people today still call that pillar Absalom's pillar.	2_Samuel
Mark 16:10	Mary-Magdalene went to the people [who were previously with Jesus]. Those people were very sad. And those people were much crying/weeping. And Mary-Magdalene talked to those people about Jesus _implicit.	Mark
Joshua 13:31	Moses also gave part of Gilead to those people.  And Moses gave the cities named Ashtaroth and Edrei to those people. Og [who was the king of Bashan] ruled the people [who were living in those cities]. Moses gave that land to half of the people [who were in the family named Makir]. Makir was the son of Manasseh.	Joshua
2 Samuel 17:11	I(Hushai) advise you(Absalom) [to do these things]. You(Absalom) (imp) call all of the Israelites. All of the Israelites must come to you(Absalom). So many people will be at this place. Then you(Absalom) lead those people. And you(Absalom) go [in order to fight David].	2_Samuel
Genesis 2:14	The third river is Tigris.  This river flows towards the eastern region.  The Tigris flows along the eastern border of Assyria.  The fourth river is Euphrates.	Genesis
Genesis 41:45	Then The king named Joseph Zaphenath-Paneah. The king also gave a wife named Asenath to Joseph. Asenath was the daughter of Potiphera [who was the priest of On]. Then Joseph traveled throughout Egypt.	Genesis
Daniel 2:26	The king spoke to Daniel [whom the chief officer had named Belteshazzar]. The king said to Daniel, ["You(Daniel) are able [to tell me(king) about my(king's) dream]]? And you(Daniel) are able [to explain the meaning of my(king's) dream to me(king)]?"	Daniel
Acts 3:26	God raised God's servant. And God first sent God's servant to you(people) [so that he(God) is able [to bless you(people)]]. He(God) will cause [you(people) to leave your(people's) evil thoughts and evil actions].	Acts
Mark 5:28	For that woman thought, ["[Even-if I(woman) touch only Jesus's clothes,] I(woman) will be healed by Jesus _implicitActiveAgent"].	Mark
1 Samuel 15:21	The soldiers took the best sheep and the best cows [so that the soldiers could give/sacrifice those animals to your(Samuel's) God named Yahweh at Gilgal]."	1_Samuel
2 Samuel 4:9	Rekab and Rekab's brother named Baanah were Rimmon's sons.  Rimmon was from Beeroth. David said to Rekab and Baanah, ["Yahweh certainly saved me(David) from all of my(David's) trouble].	2_Samuel
Matthew 9:24	Jesus said to those people _implicit, ["You(people) (imp) go-out from this house _implicit]. The girl _frameInferable is not dead. Instead, the girl is sleeping." But those people laughed/mocked Jesus.	Matthew
Nehemiah 3:11	Malkijah [who was the son of Harim] and Hasshub [who was the son of Pahath-Moab] repaired the next part of the wall. Malkijah and Hasshub also built the tower-Ovens.	Nehemiah
Daniel 5:26	Now I(Daniel) will tell you(Belshazzar) about the meaning of each word. Mene means [that God has counted the days of your(Belshazzar's) kingdom]. Soon God will take away this kingdom from you(king).	Daniel
1 Samuel 25:17	So you(Abigail) (imp) think about these things. What will you(Abigail) do? David will become angry at Nabal and at Nabal's family. Then David will certainly hurt us(servants). Nabal is very bad/wicked. And Nabal does not listen to people."	1_Samuel
Matthew 26:12	This woman poured this perfume on my(Jesus's) body [in order to prepare-C my(Jesus's) body [so that people could bury-A my(Jesus's) body [after (implicit-situational) I(Jesus) die]]].	Matthew
Genesis 34:30	Then Jacob said to Simeon and Levi, ["You(Simeon) caused [me(Jacob) to have trouble]]. The Canaanites and the Perizzites [who are living in this land] will hate me(Jacob) now [because (implicit-situational) you(Simeon) killed those people]. Our(Jacob's) family has only a few people.  [If the Canaanites and Perizzites attack me(Jacob)] the Canaanites and the Perizzites will destroy me(Jacob) and my(Jacob's) family."	Genesis
1 Samuel 17:57	[After David killed Goliath] David returned to the Israelites’ camp.  Then Abner brought David to Saul. David was still holding Goliath’s head.	1_Samuel
2 Samuel 12:20	Then David stood up. And David washed David. And David put on clean clothes. Then David went into Yahweh’s house [in order to worship Yahweh]. Then David returned to David's house. Then David asked [a servant to bring food to David]. And David ate that food.	2_Samuel
Mark 11:27	(title) Jesus talks about Jesus's authority. (paragraph) Jesus and Jesus's followers/disciples came to Jerusalem again. [While Jesus was walking in the temple of the courtyard _implicitType,] the chief priests , the scribes, and the older leaders came to Jesus.	Mark
Mark 15:35	(paragraph) [When some of the people [who were standing near Jesus] heard "Eloi" _implicit of the word _implicitType ,] those people said, ["You(people) (imp) look/behold]. Jesus is calling Elijah."	Mark
Mark 10:14	But [when Jesus saw [Jesus's followers/disciples telling those people [the thing [that those people were doing] was bad]],] Jesus became angry. Jesus said to those followers/disciples, ["You(followers) (imp) let [the children come to me(Jesus)]]. You(followers) (imp) do not prevent [those children coming]. (complex) For the kingdom-B of God belongs to people [who are like these children]. (simple) For the people [whom God leads] are like these children.	Mark
1 Samuel 30:26	[When David arrived at Ziklag] David gave things [that David took from the Amalekites] to the leaders of Judah.  Those leaders were David's friends.  And David said to those leaders, ["I(David) want [to give these things to you(friends)]]. We(David) took these things from Yahweh’s enemies."	1_Samuel
Mark 9:26	(paragraph) That spirit cry-out/scream. Then that spirit shook the boy much. And that spirit come-out from the boy _implicit. The boy looked dead. So many people said, ["The boy is dead"].	Mark
Daniel 2:36	This story was your(king's) dream. Now I(Daniel) will tell you(king) about the meaning of the dream.	Daniel
Esther 4:13	Then Mordecai told [Hathach to say to Esther, ["[when people kill all the Jews] you(Esther) will also be killed by people]]. You(Esther) (imp) do not think [that people will not kill you(Esther) [because you(Esther) live in the king's palace]].	Esther
Mark 3:2	Some Pharisees watched Jesus carefully. Those Pharisees made a plan. [If Jesus healed that man on the Sabbath,] those Pharisees would say/accuse about Jesus [ Jesus was doing bad _morally things].	Mark
Genesis 3:3	But God said to us(Eve), ["You(Eve) must not eat the fruit of the tree [that is in the middle of the garden]]. You(Eve) (imp) do not touch that tree.  [If you(Eve) touch that tree] you(Eve) will die."	Genesis
Mark 11:9	Some people walked in-front-of Jesus. And other people walked behind Jesus. All _implicitHyperbolic those people were shouting, ["You(people) (imp) praise God!] (literal) God did good things for the person [who came in the name of the Lord]! (dynamic) God did good things for the person [who came with God's authority]! (footnote) The people shouted, ["Hosanna"]. The word Hosanna means-A, ["You(God) (imp) save us(people)"]. But during the time [when Mark lived], Hosanna also meant-A, ["You(people) (imp) praise God"]. (footnote) You(people) (imp) see Psalms 118:26.	Mark
Genesis 24:54	Then the servant and the men [who came with the servant] ate food. and the men slept at that house. [After the men wake-up the next morning] the servant said, ["You(Laban) (imp) allow [me(servant) to return to my(servant's) master]".]	Genesis
Genesis 27:21	Then Isaac said to Jacob, ["Son of me(Isaac), you(Esau) (imp) come to me(Isaac) [so-that  I(Isaac) am able [to touch you(Jacob)]]]. Then I(Isaac) will know [that you(Esau) are the son of me(Isaac) named Esau]".	Genesis
2 Samuel 6:10	So David stopped moving Yahweh's Ark of the Covenant to Jerusalem. Instead David took the Ark of the Covenant to Obed-Edom's house. Obed-Edom was from Gath.	2_Samuel
Joshua 12:1	(title) The Israelites defeat/conquer the kings [that rule Canaan].  The Israelites defeated/conquered many kings [that lived on the eastern side of the Jordan River]. So the Israelites owned all of those kings' land.  That land was between the river-Arnon and mount-Hermon. And the Israelites owned the eastern side of the valley [that the Jordan river was in].  The Israelites defeated the following kings.	Joshua
Matthew 2:4	Herod called all of the the people's chief priests and all of the people's people [who taught the religious _implicit laws/Law to people _generic] . And Herod asked those priests and those people/scribes [to tell Herod the place [that the Christ will be born at]].	Matthew
Joshua 19:26	The tribe named Asher also owned the towns named Allammelek, Amad, and Mishal. The border of this region started at Carmel.  Then the border went to Shihor-Libnath.	Joshua
2 Samuel 23:8	(title) The following people were in David’s army.  These people were David’s strong soldiers.A man named Josheb-Basshebeth was from Hachmon. Josheb-Basshebeth was the leader of the 3 most powerful soldiers. One day Josheb-Basshebeth killed 800 men with Josheb-Basshebeth’s spear during a battle.	2_Samuel
Matthew 5:18	I(Jesus) am telling the truth to you(people): [Until heaven and earth stop being/exist ,] the smallest letter-B [that is written in the laws/Law by God _implicitActiveAgent] and the smallest part of a letter-B [that is written in the laws/Law by God _implicitActiveAgent] will always stay. Those things will only stop being/exist [after all of the things [(implicit-situational) that must happen] happen ].	Matthew
Matthew 12:12	A person is much more valuable than a sheep! Therefore the religious laws allow [people to do good things on the Sabbath]."	Matthew
Esther 8:9	Then the king called the king's secretaries. The date was June 25. The secretaries wrote down all the things [that Mordecai said]. The secretaries wrote letters to the Jews. And the secretaries wrote letters to the important people. The secretaries also wrote letters to all of the leaders [that lived in Xerxes' kingdom]. The secretaries wrote the letters with many languages.	Esther
Genesis 42:29	-Title The brothers return to Canaan. [after the brothers arrived at the brothers' house] the brothers told the brothers' father named Jacob about the things [that happened to the brothers [while the brothers were in Egypt]].	Genesis
1 Samuel 25:12	Then David’s men returned to David. And those men told David about the things [that Nabal said].	1_Samuel
Ruth 3:15	Then Boaz also said to Ruth, ["You(Ruth) (imp) bring the coat/shawl [that you(Ruth) are wearing] to me(Boaz)]. And you(Ruth) (imp) hold your(Ruth’s) coat/shawl for me(Boaz). Then Boaz poured six liters of grain/barley on Ruth’s coat/shawl.  Then Boaz put the coat/shawl on Ruth’s back. Then Boaz returned to the town.	Ruth
Mark 12:27	God is not the God of dead people. Instead, God is the God of alive people. You(Sadducees) made a very bad mistake!"	Mark
Nehemiah 11:19	The following people [who guarded the gates of the city _implicit] moved to Jerusalem. Akkub, Talmon, and the people [who worked with Akkub and Talmon]. 172 men [who guarded the gates of the city] lived in Jerusalem.	Nehemiah
Joshua 12:15	The Israelites defeated the king of Libnah and the king of Adullam.	Joshua
Joshua 3:4	Then you(people) will know the place [where you(people) should go]. You(people) did not go to this place before today. But you(people) (imp) do not walk near the ark-of-the-covenant. You(people) (imp) walk behind the ark-of-the-covenant  -distance 1000 meters.”	Joshua
2 Samuel 23:12	But Shammah stood in the middle of that field. Shammah protected that field.  And Shammah killed those Philistines. Yahweh caused [Shammah to defeat those Philistines].	2_Samuel
Genesis 44:17	But Joseph said, ["All of you(brothers) will not become my(Joseph's) slaves!] Only the man [who stole my(Joseph's) cup] will become my(Joseph's) slave. The other brothers may return to your(brothers') father."	Genesis
Matthew 7:15	(title) Jesus warns people _implicit about false prophets. (paragraph) You(people) (imp) watch-out for the false prophets _frameInferable. (literal) Those people try [to appear like sheep [when those people come among you(people)]]. (dynamic) Those people pretend [to be-U like you(people)] [when those people come among you(people)]. (literal) But those people actually be-X violent wild dogs. (dynamic) But those people actually want [those people to destroy you(people)].	Matthew
Genesis 31:17	So Jacob put Jacob's children and Jacob's wives on camels.	Genesis
Esther 9:9	The name of Haman's father was Hammedatha.	Esther
Mark 12:10	(yesrhetorical) Have you(priests) read the following words [that are in-G the Scriptures]? (statement) You(priests) have certainly read the following words [that are in-G the Scriptures]. The Scriptures say, ["(implicit-situational) Some people [who were building a building] were choosing stones [in-order-to build a building with those stones]]. The people [who were building a building] refused [to use a certain stone]. (literal) But that stone became the chief stone of the corner of the building_impllicit. (dynamic) But that stone became the most important stone of the building _implicit.	Mark
Esther 9:14	So the king allowed [the Jews to continue killing the Jews' enemies]. And the king ordered [the king's servants to hang the bodies of Haman's 10 sons].	Esther
1 Samuel 13:10	[After Saul finished giving/sacrificing those gifts/offerings to God,] Samuel arrived at Gilgal. So Saul walked to Samuel. And Saul greeted Samuel.	1_Samuel
Matthew 6:2	(paragraph) So [whenever you(person) give money or other things to poor people,] you(person) (imp) do not act [just-like the hypocrites act]. Those people/hypocrite play-B trumpets in the synagogues and on the streets [so that other people would honor those people/hypocrite]. I(Jesus) tell you(people) the truth. Those people/hypocrite already have those people's/hypocrite whole _implicit reward.	Matthew
Genesis 39:12	Then Potiphar's wife came to Joseph.  And Potiphar's wife grabbed Joseph's coat. and Potiphar's wife said to Joseph, ["You(Joseph) (imp) sex me(wife)."] But Joseph left Joseph's coat. and Joseph ran from the house.	Genesis
1 Samuel 18:18	But David said to Saul, ["I(David) am not important]. And my(David's) family is not important in Israel. So I(David) should not become the king’s son-in-law."	1_Samuel
Daniel 6:16	So the king ordered [some soldiers to put Daniel in the pit [that the king kept lions in]]. Then the soldiers took Daniel to the pit. And the soldiers threw Daniel into the pit [that the lions were in]. The king said to Daniel, ["You(Daniel) are faithful to God]. And you(Daniel) honor God. May God save you(Daniel)."	Daniel
Nehemiah 12:41	And priests named Eliakim, Maaseiah, Miniamin, Micaiah, Elioenai, Zechariah and Hananiah brought the priests’ instrument/trumpets.  Those priests also stood in the house of God.	Nehemiah
Acts 16:31	Paul and Silas said to the chief guard of the prison, ["You(guard) must (imp) believe in the Lord Jesus. Then God will save you(guard) and all the people [who live in your(guard’s) house]."]	Acts
Genesis 49:15	[When Issachar sees [that Issachar's land is good]] Issachar will become a slave [in-order-to Issachar stay in Issachar's house].	Genesis
Genesis 4:4	Abel also brought an offering to God.  Abel killed several of Abel's firstborn sheep.  Then Abel cut-off the best parts of the sheep. and Abel brought these parts of the sheep to God.  God was pleased with Abel.  God accepted Abel's offering.	Genesis
Joshua 1:2	Yahweh said to Joshua, [“Moses served me(Yahweh)]. But Moses died. Now you(Joshua) and all of these people must prepare [to go across the Jordan River]. And you(people) must prepare [to go into the land [that I(Yahweh) will give to the Israelites]].	Joshua
1 Samuel 30:22	But some evil men [who fought the Amalekites with David] said, ["These 200 men did not go with us(men)]. So we(men) will not share the things [that we(men) took from the Amalekites] with these men.  But these men may take these men's wives and children. Then these men must go."	1_Samuel
Matthew 9:12	_paragraph [When Jesus heard those words,] Jesus said, ["Healthy people do not need a doctor.] Instead, sick people _emphasized need a doctor.	Matthew
Mark 4:3	Jesus said, ["You(people) (imp) listen to me(Jesus) _implicit !] A farmer went from that farmer's house _implicit [in-order-to plant seeds].	Mark
Ruth 1:3	Elimelech [who was Naomi's husband] died later. So Naomi lived with only Naomi's two sons.	Ruth
Genesis 38:4	Later this girl birthed another son. and this girl named that son Onan.	Genesis
Daniel 6:21	Then Daniel shouted to the king, ["I(Daniel) hope [that you(king) live forever]].	Daniel
Genesis 28:16	Then Jacob wake-up. and Jacob said to Jacob, ["Yahweh certainly is in this place.] but I(Jacob) did not know [that Yahweh was in this place]."	Genesis
Matthew 26:54	The Scripture says [these events must happen/be-fulfilled]. (rhetorical) But how will these events happen/be-fulfilled [if (implicit-situational) my(Jesus's) Father saves me(Jesus) now]?" (statement) But [if (implicit-situational) my(Jesus's) Father saves me(Jesus) now] the Scriptures of the words _metonymy [that say [these events must happen]] will not happen/be-fulfilled.	Matthew
1 Samuel 12:14	You(Israelites) must fear Yahweh. And you(Israelites) must serve Yahweh. And you(Israelites) must obey Yahweh. And you(Israelites) must continue obeying Yahweh’s commands. Yahweh is your(Israelites’) God. [If you(Israelites) and your(Israelites’) king obey Yahweh] Yahweh will protect you(Israelites).	1_Samuel
Joshua 3:14	So the priests carried the ark-of-the-covenant to the Jordan River in front of the people. And the people left the place [where the people were camping].	Joshua
Joshua 22:5	But (imp) you(soldiers) continue obeying carefully the commands [that Moses gave to you(soldiers)]. You(soldiers) must love your(soldiers’) God named Yahweh. And you(soldiers) must obey Yahweh's laws and commandments. (imp) You(soldiers) continue following Yahweh. And (imp) you(soldiers) serve Yahweh faithfully.”	Joshua
Daniel 2:1	[When Nebuchadnezzar had been the king of Babylon for about two years] Nebuchadnezzar dreamed. [After Nebuchadnezzar woke up] Nebuchadnezzar worried about this dream. And Nebuchadnezzar was not able [to sleep again] because of this dream.	Daniel
Nehemiah 2:14	Then I(Nehemiah) went toward the gate-Fountain and the king's pool. But the animal [that I(Nehemiah) was riding] was not able [to go through that place].	Nehemiah
2 Samuel 20:23	Joab was the leader of Israel’s army. And Benaiah [who was Jehoiada’s son] was the leader of the Kerethites and the Pelethites.	2_Samuel
Acts 16:33	Even though it was late at night, the chief guard of the prison led Paul and Silas away from the prison.  And the chief guard of the prison washed Paul and Silas' wounds. Then immediately Paul and Silas baptized the chief guard of the prison and all the people [who were in the house of the chief guard of the prison].	Acts
1 Samuel 19:13	Then Michal put an idol on David’s bed. And Michal covered that idol with clothes.  Then Michal put goat’s hairs on that idol's head.	1_Samuel
Esther 2:2	Then the king's servants said to the king, ["You(king) should order [people to find some beautiful young women [that did not sex a man] for you(king)].]	Esther
Jonah 3:6	The king of Nineveh also heard Jonah’s message.  So the king left the king’s throne. And the king took off the king’s robes.  Then the king put on sackcloth clothes. And the king sat in ashes.	Jonah
Mark 8:21	(paragraph) (rhetorical) Jesus asked those followers/disciples, ["Do you(followers) still not understand the true things _implicit [that are about me(Jesus)]?"] (statement) Jesus said to those followers/disciples, ["You(followers) should understand now the true things _implicit [that are about me(Jesus)]"].	Mark
Joshua 14:1	Eleazar, Joshua, and the other leaders of the Israelites divided the land of Canaan among the other tribes of Israel. Eleazar was the priest. And Joshua was the son of a man named Nun.  Those leaders gave land to the other tribes of Israel.	Joshua
Esther 8:5	Esther said to the king, ["King Xerxes, I(Esther) hope [that you(king) will think [that my(Esther's) plan is good]]]. And I(Esther) hope [that I(Esther) please you(king)].  [If I(Esther) please you(king)] [and if my(Esther's) plan pleases you(king)] you(king) (imp) please write a new law. That law will change the law [that Haman wrote]. The name of Haman's father was Hammedatha. Hammedatha was an Agagite. Haman wrote a law [that ordered [people to kill all the Jews]].	Esther
Genesis 38:21	so Hirah asked some people [who lived in the town named Enaim], ["Where is the prostitute [who was sitting near the gate?]"]  Those people answered Hirah, ["There is not a prostitute in this town.]"	Genesis
Matthew 14:30	But [when Peter saw [there was much wind],] Peter became afraid. Peter began to sink. So Peter cry-out to Jesus _implicit, ["Lord-B, you(Jesus) (imp) save me(Peter)!"]	Matthew
Acts 3:2	And every day some people carried a man [who was not able [to walk]] to that building [where people meet with God]. That man was not able [to walk [since the time that man's mother birthed that man]]. Every day some people put that man beside the gate of that building [where people meet with God]. People called that gate Beautiful. That man asked the people [who walked into that building [where people meet with God] for money].	Acts
Jonah 4:11	Similarly I(Yahweh) should feel pity for the great  city named Nineveh. More than 120000 people are living in Nineveh.  Those people do not know about right things and wrong things. And many animals also are living in Nineveh.	Jonah
Acts 17:3	Paul explained to the people [that the Scripture said, [that the Christ  will suffer]. And then the Christ will live again. And Paul showed the people [that Paul's message was true]. Then Paul said, ["This Christ is the man [whom I(Paul) have just told you(Greeks) about] [and who is called Jesus]"]. Another (footnote) word for Christ is Messiah.	Acts
1 Samuel 31:10	The Philistines put Saul's armor in the temple [that the Philistines worshiped Ashtoreth in]. And the Philistines hung Saul's body on the wall [that was in the city named Beth-Shan].	1_Samuel
Genesis 24:25	Then Rebekah said, ["Yes.] We(Rebekah) have straw [that your(servant's) camels may eat]. and we(Rebekah) have a room [where you(servant) may sleep tonight]."	Genesis
Genesis 15:13	Then Yahweh said to Abram, ["Your(Abram's) descendants will live in a place [that your(Abram's) descendants do not own]]. The people [who live in that place] will force [your(Abram's) descendants to become slaves]. and those people will be cruel to your(Abram's) descendants for 400 years.	Genesis
Matthew 27:12	_paragraph [When the chief priests and the old leaders said about Jesus [Jesus did bad things],] Jesus did not speak.	Matthew
2 Samuel 7:24	You(Yahweh) chose us(Israelites). Now we(Israelites) are your(Yahweh's) people forever. Yahweh, you(Yahweh) became our(Israelites') God.	2_Samuel
2 Samuel 23:1	(title) David speaks to the Israelites [before David dies].  [Before David died] David said, ["[While God was leading David] David [who was the son of Jesse] said these words].   The man [that God-Almighty caused [to become great]] said these things. Jacob's God chose/appointed David [to become the king]. [When Israelites sing songs]Israelites sing about David.	2_Samuel
Matthew 15:14	You(followers) (imp) ignore those Pharisees. Those Pharisees are _be-U like blind people [who lead other people]. [If blind people [who lead other people] lead-A blind people,] those blind people [who lead other people] and those people will fall into a hole."	Matthew
Mark 4:39	(paragraph) Then Jesus get-up. Jesus spoke/rebuke to the wind. And Jesus said to the waves, ["You(waves) (imp) become quiet!] You(waves) (imp) become calm!" Then the wind stopped blowing. And the wind and the waves became completely calm.	Mark
Matthew 27:43	This man trusts-A in God. Let _jussive God save-A this man now [if this man pleases God]. For this man said earlier _implicit, ["I(Jesus) am the Son-of-God"]."	Matthew
1 Samuel 26:13	Then David climbed a hill. And David stood on the top of that hill. The hill was far from Saul’s camp.  So David was far from Saul and Saul’s soldiers.	1_Samuel
Daniel 4:34	[After I(Nebuchadnezzar) lived with animals for 7 years] I(Nebuchadnezzar) prayed to God. Then I(Nebuchadnezzar) was able [to think correctly] again. I(Nebuchadnezzar) thanked the true God. I(Nebuchadnezzar) honored God [who lives forever]. The kingdom of God will exist forever. God always rules all people.	Daniel
1 Samuel 10:10	[When Saul and Saul's servant arrived at Gibeah] Saul met a group of prophets. Then the Spirit of God entered Saul. And Saul spoke the words of Yahweh with those prophets.	1_Samuel
Matthew 5:15	Similarly, [after people light a lamp,] those people do not put that lamp under a bowl . (literal) Instead, those people put that lamp on that lamp's table [so that that lamp would give light to all the people [who are in the house]] (dynamic) Instead, those people put that lamp on that lamp's table [so that all the people [who are in the house] would be able [to see the things _implicit [that are in the house]]].	Matthew
Matthew 10:11	[Whenever you(disciples) enter a town or a village,] you(disciples) (imp) search there a kind/worthy person [who (implicit-situational) will let [you(disciples) stay at that person’s house]]. And you(disciples) (imp) stay at that person’s house [until you(disciples) leave that town _implicit or that village _implicit].	Matthew
1 Samuel 15:18	And Yahweh told [you(Saul) to do certain things]. Yahweh said to you(Saul), ["You(Saul) (imp) go].  And you(Saul) (imp) completely destroy the Amalekites [who are evil].  You(Saul) (imp) fight those people [until all of those people are dead]."	1_Samuel
Genesis 18:10	Then Yahweh said, ["I(Yahweh) will return to you(Abraham) after 1 year]. At that time your(Abraham's) wife named Sarah will have a son." Sarah was sitting at the door of the tent.  And Sarah was listening to the men.	Genesis
Titus 1:6	[When you(Titus) choose a person] other people must not think [that that person does bad things]. That person must sex only the one woman [that that man is married to]. That (alt) person must be a husband of only one woman. The children of that person must believe in Christ Jesus. People must know [that those children are able [to control the actions of those children]]. And people must know [that  those children obey the parents of those children and other people [who have authority]].	Titus
Joshua 13:8	(title) Joshua divides the land. The people [that were in the tribes named Reuben and Gad] and half of the people [that were in the tribe named Manasseh] already received the land [that Moses gave to those tribes]. Moses gave the land [that was on the eastern side of the Jordan River] to those tribes.	Joshua
Daniel 3:10	You(king) made a command. You(king) said [that all people must listen to the sound of instruments]. Then the people must bow to the gold statue. And the people must worship the gold statue.	Daniel
Genesis 15:14	But I(Yahweh) will punish that nation.  I(Yahweh) will punish those people [who force [your(Abram's) descendants to be slaves]]. Then your(Abram's) descendants will leave that land. Your(Abram's) descendants will be rich [when your(Abram's) descendants leave that place].	Genesis
1 Samuel 22:16	But the king said, ["Ahimelek, I(Saul) will certainly kill you(Ahimelek) and your(Ahimelek's) family."]	1_Samuel
Genesis 29:10	[After Jacob saw Laban's daughter named Rachel and Laban's sheep] Jacob went to the well. and Jacob moved the stone from the top of the well.  and Jacob gave water to Laban's sheep. Laban was the brother of Jacob's mother named Rebekah.	Genesis
1 Samuel 14:7	The young soldier [who carried Jonathan’s shield] said to Jonathan, ["You(Jonathan) (imp) go]. I(soldier) will follow you(Jonathan). And I(soldier) will help you(Jonathan)."	1_Samuel
Daniel 11:20	The person [who comes after that king] will send a man [in order to collect taxes from people]. But that man will die after a few years. That man will not be killed by a man. And that man will not die in a battle.	Daniel
Matthew 6:29	But I(Jesus) tell you(people) [even king _implicit Solomon of the clothes _implicitType [who wore very wonderful/glorious clothes] were not beautiful more-B than one of these flowers/lilies].	Matthew
2 Samuel 15:18	All of the king's servants walked/marched past David.  And all of the Kerethites and Pelethites also walked/marched past David. And the 600 Gittites [that came from Gath] walked/marched past the king.	2_Samuel
Joshua 4:2	Yahweh said to Joshua, ["You(Joshua) (imp) choose 12 men]. You(Joshua) (imp) choose 1 man from each tribe.	Joshua
1 Samuel 10:9	(title) Saul becomes the king of the Israelites.  [When Saul turned around [in order to leave Samuel]] God changed Saul’s heart. And all of the things [that Samuel talked about] happened to Saul.	1_Samuel
Genesis 21:13	But I(Yahweh) will also cause [the descendants of Ishmael to become a great nation] [because Ishmael is also your(Abraham's) son]".	Genesis
1 Samuel 9:11	Saul and the servant were walking up a hill [that was near that town]. [While Saul and the servant were walking] Saul met some young women.  Those women were leaving the town [in order to get water]. So Saul and the servant asked those women, ["Is the man [who sees] in this town]?"	1_Samuel
Matthew 13:15	For the heart-A of these people does not understand quickly the things _implicit [that are about God]. These people's ears do not hear those things _implicit well. And these people closed these people's eyes. [If-B these people opened these people's eyes,] these people would see. [If-B these people's ears heard well,] these people would hear. Then-D these people might understand in these people's hearts-A. And these people might turn to me(God) _implicit. [If-B these people turned to me(God),] I(God) would heal these people." (footnote) You(people) (imp) see Isaiah 6:9-10.	Matthew
Daniel 2:8	The king said to the astrologers, ["I(king) know [that you(astrologers) want more time]]. But I(king) will not tell you(astrologers) about my(king's) dream.	Daniel
Genesis 45:7	But [before you(brothers) came to Egypt] God sent me(Joseph) to this place [to save our(Joseph's) family on earth]. And God sent me(Joseph) to this place [to save your(brothers') lives [by doing wonderful things]].	Genesis
Genesis 8:18	So Noah, Noah's sons, Noah's wife, and Noah's son's wives left the boat.	Genesis
Matthew 24:47	I(Jesus) am telling you(followers) the truth Then that master will appoint that servant [so-B that that servant will care for all the things-A [that the master owns]].	Matthew
Genesis 2:23	Then Adam said, ["God created the bones of this person with the bones of me(Adam)].  And God created the body of this person with the body of me(Adam).  I(Adam) will call this person woman [because God took this person from a man]."	Genesis
Mark 10:45	For the Son-of-man _1stas3rd also did not come to this earth _implicit [so that people _implicitNecessary would serve the Son-of-man _1stas3rd]. But the Son-of-man _1stas3rd came [in-order-to serve people _implicit] [and in-order-to let [people kill the Son-of-man _1stas3rd ]]. And [by dying for many people] the Son-of-man _1stas3rd will free many people."	Mark
